cell_id,hpf,official_fine_cell_type,zf_proliferation_score,zf_apoptosis_score,moscot_prior_growth_rate,moscot_posterior_growth_rate
TDR74_TCACACCAGAGTTCGG-1,240.0,erythroblast,-0.07724099341720338,0.018918320624596703,,
TDR46_GTGTCCTAGGATATAC-1,24.0,erythroblast,0.163331503249419,-0.07275207728643412,1.048349178616063,0.21680345
TDR44_AAACGCTAGACAACAT-1,24.0,erythroblast,0.1479086232226732,-0.014810540633884997,1.0330791748747725,0.11659453
TDR74_GCCAGCACAGCGTACC-1,240.0,macrophage,0.12174472459506636,0.03740977319542338,,
TDR43_CTGTACCCATCTCATT-1,24.0,erythroblast,0.16398958133001057,-0.051066409178594084,1.0439495850388032,0.087421924
TDR45_AAGATAGAGGCGTCCT-1,24.0,neutrophil,0.16499630920869066,-0.011347436930502358,1.035898068199459,2.5730095
TDR72_CCTTCAGGTGCCGAAA-1,240.0,non_specific_hematopoietic,-0.0759420692564459,0.012319809252769154,,
TDR27_GTCTACCTCATTGCTT-1,19.0,macrophage,0.10099220974541412,-0.03211642668187073,1.0269792510497928,0.7482704
TDR51_TCATCCGCAACCTATG-1,120.0,erythroblast,0.18740718658429617,-0.033253846025185385,1.0451205175038247,1.0317781
TDR74_GCCATGGCAGTTTCGA-1,240.0,erythroblast,-0.005115403204219798,0.021209513699566876,,
TDR54_TCATACTCAACGGTAG-1,120.0,neutrophil,-0.059643435547157425,0.014934812510966983,0.9851950376823895,1.0605106
TDR46_GAACGTTAGGCTAGCA-1,24.0,erythroblast,0.4416048660704872,-0.041740195314793324,1.10149573171427,0.09665086
TDR74_AGACTCAGTGGCCCAT-1,240.0,macrophage_immature,-0.1066047030467851,-0.015596545772787962,,
TDR44_TACGCTCCACAGTCGC-1,24.0,erythroblast,0.44224746245190605,-0.05166093297242734,1.1038252851041999,0.3023338
TDR46_CCTCAGTTCGCGAAGA-1,24.0,neutrophil,0.205275072076083,-0.01944061766628033,1.045968382309673,1.7936789
TDR71_TCGGGCACAATTTCCT-1,240.0,innate-lymphoid-cell,-0.12549289842550065,-0.023997870940261158,,
TDR44_GGGATGACATGGCCCA-1,24.0,erythroblast,0.3987777729082227,-0.07019437927106857,1.098333938679365,0.8332123
TDR48_TATCCTAAGCGTATGG-1,48.0,macrophage,0.004961173162539412,-0.025393337315279374,1.006089367369736,1.4436815
TDR53_ATGGATCGTCGCGTTG-1,120.0,macrophage_immature,0.17661917756144796,0.003516029300577081,1.0352268999052152,1.1423309
TDR44_AAAGGTAGTCGCGTCA-1,24.0,macrophage,-0.10351927823268406,-0.014000964049555836,0.9822556555239255,3.04017
TDR46_TAGGGTTTCGAAGAAT-1,24.0,erythroblast,0.19252032031207642,-0.06946215985349857,1.0537934846277237,0.60378397
TDR71_ATCCCTGAGACCCTTA-1,240.0,erythroblast,-0.039627431972835345,0.015235776422616303,,
TDR52_TAGATCGTCGATACTG-1,120.0,erythroblast,0.46071544622947463,-0.00801323615794404,1.098280457754383,1.027567
TDR42_GAGTTTGCAACTCGAT-1,16.0,erythroblast,0.16622989052220394,-0.08132173985610774,1.0507564423493303,1.1783979
TDR53_TTGCCTGCAGAGGACT-1,120.0,erythroblast,-0.0709112816746809,0.05482202285217841,0.9751668826822795,1.056576
TDR40_CGAGTTAGTGCCGGTT-1,16.0,hematopoietic_stem_and_progenitor_HSPC,0.30296334111669837,-0.05103480681513051,1.0733661335038533,0.00022855493
TDR54_ACTATTCAGTACAGAT-1,120.0,erythroblast,0.268905274946611,-0.01786822243781097,1.059031381661176,1.1523076
TDR46_AGAACAAAGGGACACT-1,24.0,non_specific_hematopoietic,0.152696365259368,-0.036836883744051946,1.0386342716366188,0.07883615
TDR46_CGTTCTGCAAGTGGTG-1,24.0,erythroblast,0.3154274304523986,-0.06429325740822399,1.0789023023717845,0.14203817
TDR51_ACTATGGGTCAAAGTA-1,120.0,neutrophil,-0.09447231597929807,0.028758732145087285,0.975655028333784,0.96258146
TDR47_TTATTGCGTCTCGGGT-1,48.0,macrophage,-0.1329977300278778,-0.04510536017241301,0.9825751260675248,1.5353978
TDR46_GCGAGAAAGGAGTACC-1,24.0,erythroblast,0.1560684419583787,-0.04974542288644558,1.0420217047086267,0.03923608
TDR74_GGGTGAACAACGTTAC-1,240.0,erythroblast,-0.04820284945486321,-0.024962723927029473,,
TDR71_GTAATGCTCGTAATGC-1,240.0,erythroblast,-0.06669345737445877,0.022771205751088375,,
TDR68_CTGTGAAAGTGCTACT-1,72.0,erythroblast,-0.0563161540357782,0.10393412677562178,0.9684581035698899,1.2082665
TDR46_ACTTAGGCACCGTGAC-1,24.0,erythroblast,0.12277670632857499,-0.04428406754809555,1.0339766098290852,3.2686946
TDR43_GTAGGTTAGCGTCGAA-1,24.0,macrophage,-0.022809235907621378,-0.05774378149469757,1.0070113745128966,3.361875
TDR73_ATCCCTGCAGGACATG-1,240.0,hematopoietic_stem_and_progenitor_HSPC,-0.11500571107321998,0.06240145365397136,,
TDR74_GCAGGCTGTCGGATTT-1,240.0,erythroblast,-0.06342139625586088,0.04087507743958305,,
TDR48_TAGTGCAGTTGCCTAA-1,48.0,erythroblast,-0.05018926721237886,-0.04124297703137912,0.9982123417316854,2.1422064
TDR69_TACCGGGGTCGGCCTA-1,72.0,erythroblast,-0.046905416713322615,0.02182300117664676,0.9863483569536091,0.2283222
TDR72_TTGACCCCACGTATAC-1,240.0,erythroblast,-0.08338928670811474,-0.01590210138567659,,
TDR71_TCAGCCTGTCAGGCAA-1,240.0,macrophage_immature,0.13197167423940337,-0.012535972359739703,,
TDR47_TCTCAGCTCGATCCCT-1,48.0,erythroblast,0.09127356104706441,-0.05301340280267672,1.0292778015522803,1.4172509
TDR45_TAGAGTCTCCTACCAC-1,24.0,erythroblast,0.3191283417777655,-0.044456872323221,1.0754261942957457,0.43127143
TDR51_GTTGTGAAGATTACCC-1,120.0,macrophage,-0.1106194796395803,-0.06833956616576231,0.991579668567314,1.071648
TDR74_GAATCACCACCCAAGC-1,240.0,erythroblast,-0.09651671913930945,0.012042224247226521,,
TDR53_CATGCAACAGGCACAA-1,120.0,microglia,-0.09911203371529315,-0.028657032223843276,0.9860078131750307,1.0516129
TDR48_GTCATGAAGTTACTCG-1,48.0,non_specific_hematopoietic,-0.012348280657181188,-0.027163832659882634,1.0029675047514068,1.6173639
TDR71_AGGGTGACAATAAGGT-1,240.0,hematopoietic_stem_and_progenitor_HSPC,-0.09899354783560652,-0.028865560945233418,,
TDR74_GACACGCCAGAACTCT-1,240.0,macrophage_immature,0.33286154713730876,-0.006326900524153745,,
TDR51_ACCCTTGAGCCTCCAG-1,120.0,erythroblast,0.2048099271451804,0.13202320678350557,1.0146638182385381,0.9981545
TDR74_TCTTGCGAGTTCATCG-1,240.0,erythroblast,-0.1016972862596293,-0.022352619255606485,,
TDR54_TTTGACTGTAGCTAAA-1,120.0,macrophage_immature,0.3762441825977015,0.009033105351626713,1.076206346774801,1.144279
TDR74_GTGAGCCTCGCAACAT-1,240.0,neutrophil,-0.09337271415867833,-0.031502076009237434,,
TDR46_ACTACGACACTTCTCG-1,24.0,neutrophil,0.27472829000555027,-0.018709087525396906,1.0604437742933897,1.8922662
TDR48_AACCTTTGTGGACCAA-1,48.0,macrophage,0.02418825036646982,-0.01739698856413141,1.0083517305140146,1.5709118
TDR74_TTACGTTGTACCACGC-1,240.0,macrophage,0.06981373763576232,-0.04980000436018055,,
TDR54_CGCATAACAACAGCTT-1,120.0,microglia,0.11725072770627085,0.0468740765279298,1.0141748540917912,1.0954645
TDR69_GTCATCCAGAGTCCGA-1,72.0,erythroblast,-0.08418478100704782,-0.001394076047888132,0.9835781915166096,0.535574
TDR70_TGCTTCGAGACCAGAC-1,72.0,erythroblast,-0.10094612592995361,0.07186727989634967,0.9660277860414217,1.1301502
TDR47_TGTTGGATCATACGAC-1,48.0,erythroblast,0.2610769596544791,-0.05081290928062033,1.0643645706153493,1.5262289
TDR74_CGTTCTGTCGGAACTT-1,240.0,hematopoietic_stem_and_progenitor_HSPC,-0.022157027805520327,0.02762423813247067,,
TDR71_TGAGCATCATCCGTTC-1,240.0,neutrophil,-0.10290893805102849,0.007825497459866187,,
TDR44_ATTATCCTCTAATTCC-1,24.0,erythroblast,0.23923246046470406,-0.08549782744160404,1.0671014607978124,0.09694876
TDR43_GCATCGGGTTACCCTC-1,24.0,hematopoietic_stem_and_progenitor_HSPC,0.253049252629395,-0.03732793841768961,1.0597949417275105,3.388669
TDR51_CTGTATTAGGTTACCT-1,120.0,erythroblast,0.16381846895469782,-0.02254814725375215,1.0379766852227603,1.1272651
TDR74_TGTGAGTTCCCTCATG-1,240.0,neutrophil,-0.10192893357182228,-0.02501400836487963,,
TDR69_TGAATCGCACAGGATG-1,72.0,macrophage,-0.11213724472078258,-0.006795745476944365,0.9791520863461813,1.3844893
TDR22_GGGTCACCAGCGCGTT-1,14.0,macrophage_immature,0.5303631584148358,-0.023700095221232287,1.117185583340159,9.317463e-14
TDR73_TACGCTCCACTGGAAG-1,240.0,innate-lymphoid-cell,-0.11490280409872312,0.0021054499007269606,,
TDR70_GATAGAATCCATCTCG-1,72.0,macrophage_immature,-0.1208090528164936,-0.014265067719415006,0.9789166313540455,1.370767
TDR69_TATTCCACATGACTGT-1,72.0,erythroblast,-0.056216960673114345,0.04478613433182656,0.9800020465523376,0.41127753
TDR67_TCCTCGAGTTAGCTAC-1,72.0,erythroblast,-0.06528207878398141,0.002532440299189226,0.9865286579480951,0.051809814
TDR44_TCATTCACACACCTGG-1,24.0,erythroblast,0.2624564336126242,-0.04750942774376943,1.063955080306574,0.13880238
TDR72_TCTACATAGGGTAGCT-1,240.0,erythroblast,-0.07323660513144457,-0.05519339479046104,,
TDR51_GAAGGGTTCTTAATCC-1,120.0,macrophage,-0.10506013760291842,-0.08982965662091635,0.996958538447567,1.0904806
TDR44_AGACAGGTCTCAAAGC-1,24.0,erythroblast,0.25439512798132086,-0.048088106172288286,1.0623640352779071,0.060338415
TDR44_GGCAGTCAGAATCCCT-1,24.0,erythroblast,0.3020151782913752,-0.03889855529695062,1.0705609320998444,0.5622255
TDR44_TTTATGCCAGTCACGC-1,24.0,erythroblast,0.18397667220913422,-0.049865263863654155,1.0478792787324602,0.050016437
TDR68_GAAACCTCAAGGTCTT-1,72.0,erythroblast,-0.035419977867283854,0.004273599920513425,0.9920927128228109,0.62438273
TDR47_ACAGCCGTCCGCGGAT-1,48.0,macrophage_immature,0.2444924215740015,0.011372348664591414,1.0477280045624513,1.6222167
TDR53_AATCGACTCGGCCTTT-1,120.0,macrophage,-0.028018732146304848,0.041748934513896746,0.9861433659946104,1.0756911
TDR44_TTGTTCACATATACCG-1,24.0,erythroblast,0.15210478183091067,-0.046807712850811284,1.0405844213588205,0.2966926
TDR48_TCGGATATCAGCTTGA-1,48.0,erythroblast,0.3252020699637277,0.04689758923254664,1.0572391090867834,1.7152989
TDR53_TTATTGCGTACGGCAA-1,120.0,macrophage,-0.06769475262128759,0.1245795954828677,0.9622751316014289,0.99184746
TDR74_AACAACCCAAGATCCT-1,240.0,non_specific_hematopoietic,-0.07333559266445791,-0.048246863895504304,,
TDR44_AACACACCATGACTGT-1,24.0,erythroblast,0.2007679184898375,-0.06663774996116092,1.0549370888099068,0.120080724
TDR51_TCTTAGTGTCGATTTG-1,120.0,hematopoietic_stem_and_progenitor_HSPC,-0.0463285001229293,-0.00629008923303806,0.9920242939006034,1.075384
TDR54_GCGAGAATCTTCCCAG-1,120.0,non_specific_hematopoietic,0.02539091145162617,0.02952774391338124,0.9991729756809312,1.0916828
TDR53_ATTTACCAGTTGAAAC-1,120.0,non_specific_hematopoietic,0.18960567038252743,0.0038410465498477236,1.0378517219354595,1.1431245
TDR71_TCAAGACAGATGCTAA-1,240.0,neutrophil,-0.1278017169091199,0.06708609949051533,,
TDR73_CTACCCACACGGCGTT-1,240.0,neutrophil,-0.04920462497470694,-0.0018713531862710464,,
TDR54_AGCTACACAGATACCT-1,120.0,erythroblast,0.012258190627913501,-0.08246676322278705,1.0191255857618315,1.0873429
TDR46_TTAGGGTTCTCGAGTA-1,24.0,erythroblast,0.3796549162929955,-0.06397455444402486,1.092781077581091,0.028311051
TDR74_TCATTCAGTGGCTTGC-1,240.0,macrophage,-0.07118139143782543,-0.012701781923516231,,
TDR69_TAATCTCGTGGCGTAA-1,72.0,hematopoietic_stem_and_progenitor_HSPC,-0.11165562244148322,0.021625648438130668,0.9736958878997812,1.4793209
TDR43_CTACATTAGCTTAAGA-1,24.0,erythroblast,0.2061097760822862,-0.07324125494166081,1.05746042302742,0.21711257
TDR74_CGTGCTTCATTGCCGG-1,240.0,hematopoietic_stem_and_progenitor_HSPC,-0.04914385444607282,-0.05608609454707312,,
TDR50_CTACCCAAGGGCCCTT-1,48.0,erythroblast,-0.014927920887000026,0.03454373117038402,0.9901544574353913,0.42648757
TDR41_TGCTGAAAGGAAACGA-1,16.0,macrophage_immature,0.2812943824251791,-0.05984240428005183,1.0706086915556738,0.016266325
TDR74_GACCAATAGATTTGCC-1,240.0,erythroblast,-0.09531378261565426,0.04966100735236929,,
TDR71_TCCTTCTCATTCACAG-1,240.0,erythroblast,-0.06583334150768462,0.024342585620992743,,
TDR70_AAGAACATCTCTATAC-1,72.0,hematopoietic_stem_and_progenitor_HSPC,-0.13313580677186176,-0.050243026520447,0.9835581119153025,1.527679
TDR52_ACCATTTGTATCTCTT-1,120.0,neutrophil,-0.12416529389780934,0.06251882470172385,0.9633516010268569,1.0563598
TDR73_AAGAACATCGAACCTA-1,240.0,non_specific_hematopoietic,-0.05099365421175289,-0.025326207000212334,,
TDR51_AGGATCTAGTGCAAAT-1,120.0,macrophage,-0.09870335204030867,0.0395416606835505,0.9727297325492373,1.0589935
TDR46_GAGCTGCGTAGCACGA-1,24.0,macrophage,-0.020505572220298723,-0.050367833975496545,1.0059903230040763,2.8683045
TDR54_CATCCACTCGTTCTCG-1,120.0,macrophage,0.038797225349092385,0.023986133144417582,1.002966610145306,1.0807903
TDR67_GTAGAAACAAGACTGG-1,72.0,macrophage_immature,-0.1351886154117441,-0.045348938600516614,0.9821925255009253,1.2733876
TDR51_TGCAGATGTGATACCT-1,120.0,hematopoietic_stem_and_progenitor_HSPC,0.2071709923553908,0.0015216398418301802,1.0419874201886785,1.1457918
TDR74_ACCACAACAAGATTGA-1,240.0,erythroblast,-0.08414574662269783,0.006334881211760471,,
TDR43_GAATCACCACCACTGG-1,24.0,erythroblast,0.34614183033549173,-0.046903527813193235,1.0817813403815542,0.121657245
TDR44_GCACGGTTCTCTAAGG-1,24.0,non_specific_hematopoietic,0.2916998007726366,-0.03183550407217192,1.0668464576373609,0.13176018
TDR43_GGGTTATCAAATAGCA-1,24.0,erythroblast,0.42605882964199493,-0.05138090408046721,1.100195561015811,0.24812941
TDR52_CAGTTAGCACCAGCGT-1,120.0,macrophage,-0.11373443230282762,0.02539618349305675,0.9725574573185559,1.0566348
TDR53_TATACCTTCTGGAGAG-1,120.0,macrophage,0.012823868092025237,-0.026921089528647413,1.0079806686353276,1.1052645
TDR36_GGAGATGAGAAGGCTC-1,12.0,macrophage_immature,0.47963615257155806,-0.023864985152207197,1.1059450602003333,9.208222e-06
TDR45_AGACTCAGTGATATAG-1,24.0,erythroblast,0.20255417434930667,-0.05432112320609715,1.0527176510172516,1.233939
TDR44_GCTGAATAGATTACCC-1,24.0,erythroblast,0.40472472385563135,-0.06132741609185344,1.0976926962340579,1.3288606
TDR44_GTCGCGACATTCACCC-1,24.0,erythroblast,0.3215426709579783,-0.04638361777276426,1.0763603008133253,0.1548962
TDR69_TGGGCTGAGCGTGAAC-1,72.0,erythroblast,-0.08998179905488583,0.008069230866444996,0.9805808233589036,0.7135176
TDR71_GGTGGCTAGGAACGCT-1,240.0,hematopoietic_stem_and_progenitor_HSPC,-0.09527686563833429,-0.0024966535808831486,,
TDR51_CCTTTGGAGATAACAC-1,120.0,erythroblast,-0.05405246347780743,0.10773211400865931,0.9681609687518682,1.0043337
TDR52_CTCAACCGTACGTGAG-1,120.0,erythroblast,0.02103185368705765,0.027218614799388932,0.9987634129821532,1.0699917
TDR71_CTGCATCTCACGGTCG-1,240.0,erythroblast,-0.05872195347991319,0.044663628134366584,,
TDR70_ACAGGGACACTGCACG-1,72.0,microglia,-0.1228942177395428,-0.062412729457828595,0.9879765684528486,1.5368394
TDR18_CGGAACCAGGCTATCT-1,14.0,non_specific_hematopoietic,0.2903888438371695,-0.04415809999405537,1.0691985923816119,0.02483997
TDR74_GAAGGACAGAATTGCA-1,240.0,microglia,-0.09918797009249102,-0.030258750122078508,,
TDR28_TGAGGGACAAGTGATA-1,19.0,hematopoietic_stem_and_progenitor_HSPC,-0.013279038843493574,-0.07942574394049981,1.0133172359208324,0.14392376
TDR47_CAGAGCCGTTCCACAA-1,48.0,erythroblast,0.3331216833093664,-0.08833492330115006,1.0879457894531162,1.7362882
TDR44_GTTCTATTCCACAGGC-1,24.0,erythroblast,0.1793946008220766,-0.019168131721320494,1.0405116324982646,0.122786
TDR44_TTCGGTCAGAGCGACT-1,24.0,non_specific_hematopoietic,0.25603843646309654,-0.05596854260578247,1.0643895004827533,0.09458398
TDR53_CGGGTCAGTTTGTGGT-1,120.0,hematopoietic_stem_and_progenitor_HSPC,0.19078762494968454,-0.045140450831324716,1.0483165744666734,1.1579347
TDR54_AATGCCAAGCGCCTAC-1,120.0,hematopoietic_stem_and_progenitor_HSPC,-0.04430621301413089,-0.02393009773966963,0.9959330693982249,1.0995146
TDR50_TTTCCTCCACACGCCA-1,48.0,non_specific_hematopoietic,0.17109176366573264,-0.10625477740666078,1.0570365742347365,1.6938549
TDR40_TTTACGTAGAGAGCGG-1,16.0,erythroblast,0.2117301215779834,-0.08158069327513634,1.0604169321123604,0.0009850938
TDR43_AGGATAAGTCGGTAAG-1,24.0,erythroblast,0.24853313615930228,-0.06801679859990659,1.065357034830348,0.11250308
TDR54_ATTACTCCAGTTCTAG-1,120.0,neutrophil,-0.11994089465254368,0.20555889612874614,0.936973800522736,1.0158714
TDR52_TACGCTCTCCATAAGC-1,120.0,erythroblast,0.21340504843581498,0.021354069200434866,1.03915740351719,1.0762981
TDR73_CGAGGAAGTCAAATCC-1,240.0,erythroblast,-0.08882656833765615,-0.010763647987582774,,
TDR48_GCACATATCGGAGATG-1,48.0,hematopoietic_stem_and_progenitor_HSPC,0.09689359052668012,0.005221056797398205,1.018503615743682,1.6984869
TDR71_GTAGGTTCATGTTACG-1,240.0,hematopoietic_stem_and_progenitor_HSPC,-0.11990093187442837,0.0061958294303840755,,
TDR51_GTCATCCTCGGAATTC-1,120.0,hematopoietic_stem_and_progenitor_HSPC,0.07171200321477711,-0.018902927333158126,1.0182882039936556,1.125002
TDR69_CCACTTGCAACACACT-1,72.0,macrophage,-0.06932265857338377,0.008323681719253212,0.9845906892721,1.5520221
TDR73_GCCCGAACACGCCACA-1,240.0,hematopoietic_stem_and_progenitor_HSPC,-0.10887467410262434,-0.010403158712054342,,
TDR52_TTTACTGCATCCGTGG-1,120.0,microglia,0.12912341482450396,-0.07668847328734796,1.0420212927489758,1.1129769
TDR48_ACAACCATCCCTCTAG-1,48.0,erythroblast,-0.05733483641598526,0.05035915338922686,0.978691505497632,0.7059354
TDR47_ACAACCAGTGGATACG-1,48.0,macrophage,0.06688491280009481,0.02549767711760212,1.0083117999210829,1.6044592
TDR73_CCGAACGAGTTGGCTT-1,240.0,neutrophil,0.18552380369328708,-0.05353913918913403,,
TDR72_ATCATTCAGTCGCTAT-1,240.0,hematopoietic_stem_and_progenitor_HSPC,-0.12774390970233412,-0.014963882172933124,,
TDR27_GCCAGGTAGCTCTTCC-1,19.0,hematopoietic_stem_and_progenitor_HSPC,-0.07149510755919528,-0.04940711626492067,0.9955921449758209,0.2006755
TDR43_ATGTCTTAGAACAAGG-1,24.0,erythroblast,0.15734181268977734,-0.07366768467893411,1.04728583607207,0.3426564
TDR67_TTCAGGATCGCACGAC-1,72.0,non_specific_hematopoietic,-0.06354343685681865,-0.005663799778850759,0.9884908158455447,1.2452872
TDR44_GCCGATGCAAGTGGCA-1,24.0,erythroblast,0.36960381176376567,-0.08104830599573434,1.0943169991082113,0.34665352
TDR51_TGAACGTTCTCTTCAA-1,120.0,erythroblast,-0.04821404680848143,-0.05013213628604088,1.0003836914862667,1.1116416
TDR73_TCATCCGTCAATCTCT-1,240.0,non_specific_hematopoietic,-0.07513003603948297,-0.03188990727586895,,
TDR53_GCCATTCGTTTGACAC-1,120.0,innate-lymphoid-cell,0.19697754497539105,-0.05979463322087122,1.0526959401272278,1.1263907
TDR51_ACTGATGAGGGCGAGA-1,120.0,macrophage,-0.12354141830685558,-0.03998083180147541,0.9834267554359105,1.0730742
TDR71_GGAGCAATCTCTTGCG-1,240.0,innate-lymphoid-cell,-0.07718167456675981,0.11624323521899206,,
TDR69_CCACTTGTCCTAAACG-1,72.0,erythroblast,-0.09173643749436364,0.042578588809240134,0.9734945960280681,0.30348518
TDR51_CTCACTGCACATTCTT-1,120.0,hematopoietic_stem_and_progenitor_HSPC,0.10480167630873874,0.06761761013692386,1.0074645350078455,1.1023884
TDR74_CACGAATGTACAGGTG-1,240.0,neutrophil,-0.11089501709107927,-0.04404528039920991,,
TDR43_CCTTCAGTCGAGCCAC-1,24.0,non_specific_hematopoietic,0.17532203649311642,-0.03572840583113274,1.043113601867618,0.04026768
TDR67_AGGTAGGAGGATCACG-1,72.0,macrophage_immature,-0.03012925929960683,-0.08296496242332767,1.0106231700382189,1.5911111
TDR52_TAGGAGGAGCGAGTCA-1,120.0,macrophage,-0.041420147279702973,-0.019189890008169813,0.9955638176009339,1.0993574
TDR67_GTGCTTCTCGAATCCA-1,72.0,erythroblast,-0.07359122821814482,-0.026770161801746177,0.9906794944260937,0.08389994
TDR43_TCTTAGTCATGGCTGC-1,24.0,macrophage_immature,0.26957053557190563,-0.059036948062755445,1.067929253953046,0.3054076
TDR71_AGACACTGTCGAAACG-1,240.0,hematopoietic_stem_and_progenitor_HSPC,0.0673889935303911,0.012577511326190421,,
TDR53_ATTACTCAGTAAATGC-1,120.0,macrophage,-0.15870981248605912,0.02493156007202607,0.9639380262971857,1.0573715
TDR51_TTTCATGCATTGTAGC-1,120.0,macrophage,-0.08619341352943376,-0.019468178879619602,0.9867436034229535,1.0911626
TDR69_TGGAGAGTCATGAAAG-1,72.0,macrophage,-0.129354265050114,-0.014447029470053663,0.9772806149789568,1.5123903
TDR46_AGCGTATAGGATATAC-1,24.0,erythroblast,0.3379869164311865,-0.05483601314690058,1.0817332176365013,3.545043
TDR53_GGCTTTCGTAAGCTCT-1,120.0,neutrophil,-0.09699308670438139,0.009234352516219346,0.9789786077204753,1.0592406
TDR44_TGTGATGGTGAGATAT-1,24.0,erythroblast,0.20871522887630545,-0.012817581558637062,1.0453027559689272,0.08773329
TDR44_AAGACAATCGTTACCC-1,24.0,erythroblast,0.18191465264183032,-0.05927715606095645,1.049420767275391,0.12459026
TDR67_GCCGTGACACGGCTAC-1,72.0,macrophage_immature,-0.07207099147125179,-0.03516622480370955,0.9926462190088509,1.4262614
TDR67_GTACAGTTCTACTTCA-1,72.0,hematopoietic_stem_and_progenitor_HSPC,-0.04182690520587169,-0.017580318758069216,0.9951624216665537,1.5418357
TDR51_TACCTCGAGGCCTTGC-1,120.0,hematopoietic_stem_and_progenitor_HSPC,-0.09932436625898194,-0.024052323670522915,0.9850583425807489,1.0888314
TDR43_TGCATGATCGTTGTAG-1,24.0,erythroblast,0.1644166853378705,-0.02349475680406031,1.03829743343056,0.28015062
TDR74_CCGGTAGTCCATTTAC-1,240.0,hematopoietic_stem_and_progenitor_HSPC,-0.08676178632316642,-0.011537990836257658,,
TDR74_CGCATAAAGCGTTACT-1,240.0,erythroblast,-0.07664026840357784,-0.023921574083503316,,
TDR48_CTTCTAAGTATTTCTC-1,48.0,macrophage,-0.11705746096362266,0.0429918362898527,0.9684970331833772,1.4389269
TDR51_GCAACCGTCCGCAACG-1,120.0,hematopoietic_stem_and_progenitor_HSPC,-0.06848093663104036,-0.024433944664267654,0.9912292906642114,1.1032093
TDR52_TCCTTTCTCTCGTGGG-1,120.0,macrophage,-0.12559963726045908,0.052841990722230336,0.9649409940290473,1.0519224
TDR74_TCCTGCACATCTAACG-1,240.0,microglia,-0.1363304551865339,0.013891908857557506,,
TDR46_AACGTCATCGATTGAC-1,24.0,erythroblast,0.18145214909644908,-0.039685829250132976,1.0452202154139145,0.08019869
TDR54_GGGCTCAAGTGAGTTA-1,120.0,innate-lymphoid-cell,-0.09574255556276084,-0.046744889171291146,0.9902483256885148,1.0709844
TDR53_TTGGGTATCCTACGAA-1,120.0,non_specific_hematopoietic,-0.02115678108793384,-0.020091532381132468,0.9997869729521243,1.1083953
TDR44_TTGTTGTGTGATAGTA-1,24.0,erythroblast,0.18069980305836614,-0.033459645410538745,1.0437624128820127,0.10728711
TDR74_TCCGATCCAGACTGCC-1,240.0,erythroblast,-0.0773406590067722,0.032163713673270644,,
TDR44_GGGCTCACACGACGTC-1,24.0,erythroblast,0.21449234438282647,-0.0523961091387099,1.0548279686114685,0.11006299
TDR43_TCAAGTGCACTTCAAG-1,24.0,macrophage,0.00012561186949872072,0.027220517668875066,0.9945956750327023,3.331041
TDR51_TGCTCGTGTATGAGAT-1,120.0,macrophage,-0.06626901148554677,-0.026793468273652213,0.9921359758688674,1.0963966
TDR43_TATCTTGAGCGCCTCA-1,24.0,erythroblast,0.19452482877679472,-0.056268850450418476,1.0514379840274726,0.42739588
TDR43_TTCGCTGCAGTTAGAA-1,24.0,erythroblast,0.19978490505509,-0.03154843063426158,1.0473536685259979,0.23163192
TDR71_AGAACAACATGGGTTT-1,240.0,non_specific_hematopoietic,-0.0704250427254919,-0.008546821161168783,,
TDR73_TTGTTCAAGATAACGT-1,240.0,neutrophil,-0.1615901225560521,-0.034707128265757614,,
TDR46_TCACTATAGCTTCGTA-1,24.0,non_specific_hematopoietic,0.2857118118606782,-0.04581561033532495,1.068553093654557,0.060804524
TDR54_GTCTTTAGTGCAGGAT-1,120.0,macrophage,0.002129597955295215,-0.023099823530425473,1.005058636210519,1.1028256
TDR43_GGTGGCTGTTGCATTG-1,24.0,erythroblast,0.1726866590280351,-0.04584104363405121,1.0446746952394612,0.112629436
TDR18_GGTAATCAGAAGTGTT-1,14.0,non_specific_hematopoietic,0.10285000070248679,-0.08595997623007462,1.0384840394706518,0.0016342079
TDR44_GCCAACGCATGGACAG-1,24.0,erythroblast,0.2545970495344243,-0.056972875111344926,1.0642964653211358,0.17588566
TDR67_TTTCATGCATGTGTCA-1,72.0,erythroblast,-0.06955880891709101,0.015396650414663933,0.9831524426492573,0.03462475
TDR69_GTCACGGTCATGACAC-1,72.0,erythroblast,-0.12916002058445064,-0.027778325257477948,0.979927843543618,1.2958138
TDR74_AAGTACCAGCGCTGAA-1,240.0,erythroblast,-0.03152202316072374,-0.02873529641780557,,
TDR44_TACAACGTCTAGAGCT-1,24.0,erythroblast,0.11873996661811154,-0.06383947102663917,1.0371907822854303,0.036430303
TDR68_GAAACCTAGGGTAATT-1,72.0,erythroblast,-0.050373859140761264,0.0736326037461695,0.9755037326033573,0.78725123
TDR40_CTTCCGAAGTGCTAGG-1,16.0,macrophage,-0.09330307456921677,-0.03754792684390221,0.9889109127310525,168.3645
TDR72_TGCGGGTTCGACGACC-1,240.0,erythroblast,-0.04820450984468712,0.053653717552918104,,
TDR73_TCATTGTCAAATGATG-1,240.0,hematopoietic_stem_and_progenitor_HSPC,-0.11177845872710244,-0.09482901520583173,,
TDR52_GATCCCTGTCATCCGG-1,120.0,macrophage,-0.0999776585749723,0.05442039619769323,0.9695922943407118,0.9784447
TDR47_AATTCCTTCAAATGAG-1,48.0,neutrophil,-0.04014934718505436,0.048681032638426935,0.9823908103045524,0.0018966085
TDR46_CTTCGGTTCATGCCGG-1,24.0,erythroblast,0.41980742437429963,-0.07940557882213745,1.104996978569007,3.5844972
TDR22_GTAATGCGTAGGTAGC-1,14.0,erythroblast,0.29881764844545444,-0.04563997486747215,1.0713199910475526,0.03035322
TDR71_AAAGGGCAGAAAGTCT-1,240.0,erythroblast,-0.07785064023607885,-0.014402859452841942,,
TDR47_CGAAGTTAGGGAGGGT-1,48.0,erythroblast,-0.012157015766462248,-0.050510891585726275,1.0077002709298888,0.7846357
TDR54_CTACTATTCAAGGACG-1,120.0,erythroblast,-0.08966835247015525,0.057274881384414944,0.9710389999494112,1.0338786
TDR50_GGGTTATCAGCCTACG-1,48.0,non_specific_hematopoietic,0.10936901157982945,-0.03989178956482785,1.0303022030516809,1.5979648
TDR52_TAGTGCACAGGTGTTT-1,120.0,erythroblast,0.3596061035826966,-0.02743086607559868,1.0804821686198236,1.1705064
TDR67_TATCTGTCACTGTGTA-1,72.0,erythroblast,-0.05078194099560119,-0.03295549246424062,0.9964410583925613,0.027784847
TDR68_GAGCCTGAGCCTATTG-1,72.0,erythroblast,-0.0434334781603338,0.024801411298546037,0.9864457199500938,0.6165458
TDR46_CTGCCTAGTTGGAGGT-1,24.0,hematopoietic_stem_and_progenitor_HSPC,0.09452768270280379,-0.03409818622673062,1.0260589218321365,0.27931055
TDR48_CTCCCAAAGCTGACCC-1,48.0,microglia,0.1464452451930608,-0.002544842928376062,1.030246421316935,1.4430544
TDR71_CTGCTCAAGCAGTAAT-1,240.0,neutrophil,-0.09562698832729408,0.003830552037147439,,
TDR70_ACCTACCTCATTGCCC-1,72.0,hematopoietic_stem_and_progenitor_HSPC,0.2028551079989261,0.03411549467331479,1.0343238442652825,1.5796142
TDR74_GAGGGATTCCGCTGTT-1,240.0,erythroblast,0.012460413083925356,0.004773165036834698,,
TDR71_CCTCAACAGACGCAGT-1,240.0,neutrophil,-0.12650358888807384,-0.00032888480046713853,,
TDR74_GACAGCCAGACTGGGT-1,240.0,erythroblast,0.060297267966034185,-0.012466428168537921,,
TDR69_ACCAACATCCACTTCG-1,72.0,hematopoietic_stem_and_progenitor_HSPC,-0.10818660262464351,0.05700401561079779,0.9675016741935494,1.4987737
TDR43_TCGACCTAGGCTTAGG-1,24.0,erythroblast,0.20650373142257875,-0.05889450435157238,1.0545136307851235,0.050225705
TDR53_AGAAATGCATCCTGTC-1,120.0,macrophage,-0.057923901074190515,0.022606828426457337,0.9840228645189173,1.0778774
TDR53_GAGGCAACAGCTGTTA-1,120.0,hematopoietic_stem_and_progenitor_HSPC,-0.03201871235429932,-0.10593133867266864,1.014892327172929,1.1030015
TDR44_TGGTACAGTAACTAAG-1,24.0,erythroblast,0.1834574991920814,-0.05688877113391429,1.0492433171734745,0.08402579
TDR74_TACTTCACACGAGGTA-1,240.0,hematopoietic_stem_and_progenitor_HSPC,0.05856641310130514,-0.02659685254672875,,
TDR71_TTCGATTTCATTCCTA-1,240.0,erythroblast,-0.08798872980971269,0.008368778663876864,,
TDR51_ACGTACAAGTTTGGCT-1,120.0,erythroblast,-0.009370041187728356,0.05656271830593074,0.9869000097756825,1.0358505
TDR43_CCTCAGTCATCCGATA-1,24.0,erythroblast,0.47617442563293944,-0.023549749335485065,1.1051099529965576,0.26302987
TDR43_GGCTTGGTCTACGCAA-1,24.0,erythroblast,0.35075368048346345,0.0027864441331585804,1.0720722387480581,0.08820738
TDR73_GTTATGGGTCCAGAAG-1,240.0,macrophage,-0.1316393783930434,-0.011661244795262274,,
TDR18_TATCTTGTCCGTTGAA-1,14.0,erythroblast,0.28378222487394306,-0.076700194446361,1.0747590359661585,0.04310045
TDR18_TTACTGTGTTGTTGTG-1,14.0,macrophage_immature,0.1497020716287507,-0.11768332554074429,1.0549328118332362,1.8837796e-05
TDR52_CTGTCGTAGCCTGAGA-1,120.0,erythroblast,0.27064905249362325,-0.0343417775483779,1.0628969648413027,1.02817
TDR72_TGGTACAAGGTAAGTT-1,240.0,erythroblast,-0.03577877193235446,0.0870162791867955,,
TDR18_CGTTAGATCCGATAAC-1,14.0,macrophage_immature,0.2708396721879066,-0.05014163297283605,1.066301651689477,4.632404e-09
TDR74_GTGGAAGGTGTAAACA-1,240.0,neutrophil,-0.097806962974641,0.020595611453504248,,
TDR21_GAGTTTGTCAGGTGTT-1,14.0,non_specific_hematopoietic,0.10767451665616112,-0.01073863873607167,1.0239652915564323,1.1674144e-07
TDR71_CACTGTCAGCGTTCCG-1,240.0,hematopoietic_stem_and_progenitor_HSPC,-0.09090082530045016,-0.06288356449549004,,
TDR52_GTTCGCTTCGTGCGAC-1,120.0,erythroblast,0.25944917699792885,-0.004815167722942625,1.0542745171847239,1.1507438
TDR72_TACCGGGCAAGCCATT-1,240.0,innate-lymphoid-cell,-0.13154049941931292,-0.03200790713182777,,
TDR53_GTTGTAGCACATATGC-1,120.0,non_specific_hematopoietic,0.23312206867689428,-0.06285779154946966,1.0609831434045514,1.148283
TDR74_CGAGTGCAGCTTGTTG-1,240.0,erythroblast,-0.08978495423633377,-0.0036185859546057283,,
TDR48_GTTGTAGTCCTTGGAA-1,48.0,erythroblast,-0.07442194898394644,-0.03609895050301708,0.9923646984474326,0.8710852
TDR74_CTTCCGAAGACCAAGC-1,240.0,erythroblast,-0.07132554416461605,0.01210335781672791,,
TDR53_TACACCCCAGAGATTA-1,120.0,macrophage,-0.07713677174833117,-0.1413387604701666,1.012923189632239,1.089179
TDR74_ACATGCATCCCTCTAG-1,240.0,erythroblast,-0.11944375833335216,-0.029311009523245307,,
TDR51_GCAACATTCGTCTACC-1,120.0,innate-lymphoid-cell,0.27988533062674714,5.000301797225548e-05,1.0575628528822754,1.1294956
TDR47_GATCCCTGTGCACAAG-1,48.0,macrophage,-0.09658134770067021,0.02396879987056319,0.9761782954249805,1.569213
TDR42_AGTGATCAGGGCAATC-1,16.0,hematopoietic_stem_and_progenitor_HSPC,0.08080839778914117,-0.0512737452311984,1.0267684352045858,1.1452712
TDR72_ACTTTGTAGGCCTGCT-1,240.0,erythroblast,-0.06197451602890929,0.036314047093168746,,
TDR69_CGCGTGAAGGTTGGTG-1,72.0,macrophage,-0.10954978107050112,0.010851595008878778,0.9762073413573641,1.5275555
TDR44_GGGTCACTCTTTCCGG-1,24.0,macrophage,0.05462105256274233,-0.014642376830612397,1.013949078918236,3.293042
TDR74_CATAGACCAGTTTCGA-1,240.0,macrophage_immature,0.3655796250328062,0.014307696782192486,,
TDR71_CCCTGATCAGGTGACA-1,240.0,erythroblast,-0.03396306222680678,0.010995034690320461,,
TDR47_AAGGAATAGCAAATGT-1,48.0,neutrophil,0.02402168665176782,-0.04086421512495238,1.0130617493869027,0.15550055
TDR43_AGCGCTGTCAACCGAT-1,24.0,erythroblast,0.1844633358715816,-0.050344799515769735,1.0480817903466595,0.37510327
TDR74_CAGCAGCGTTAGTCGT-1,240.0,erythroblast,-0.05758095089125684,0.05764885532299295,,
TDR53_CTTCGGTTCGCGTGAC-1,120.0,erythroblast,0.16715189159916205,-0.02380280589391899,1.0389295866354813,1.1626189
TDR73_CCGGGTAAGCAGGCTA-1,240.0,hematopoietic_stem_and_progenitor_HSPC,-0.017681326828458896,0.021018579194319237,,
TDR44_AAAGTCCCACATACGT-1,24.0,macrophage,0.11174521415891367,-0.005418117111623766,1.0237093682394445,3.376216
TDR19_GTTCATTGTTGTTTGG-1,14.0,erythroblast,0.32646650656675674,-0.08336261223543733,1.0854187136656652,0.02576414
TDR44_CTCAGAATCTTAGGAC-1,24.0,hematopoietic_stem_and_progenitor_HSPC,0.16320448684765926,-0.036733691819048175,1.0407979054099918,0.3924044
TDR74_GCGATCGGTGATAGAT-1,240.0,erythroblast,-0.051493461058046495,0.001224808582873091,,
TDR54_TTGAGTGTCACAGTGT-1,120.0,macrophage,-0.07602392082295253,-0.045372628167439574,0.9938884931665749,1.0879441
TDR46_ATTACTCAGACCGTTT-1,24.0,erythroblast,0.36132903929181426,0.005941851703441081,1.073664364552496,0.07701579
TDR46_CATCCGTGTCATCCGG-1,24.0,erythroblast,0.15353036641109324,-0.0355529272613894,1.038540808036643,0.050565444
TDR74_TAAGCGTAGCGAGAAA-1,240.0,erythroblast,-0.051770016543548514,0.01801011348628128,,
TDR52_CAACCAATCCATTCGC-1,120.0,hematopoietic_stem_and_progenitor_HSPC,0.28309792554835855,0.06764768799082028,1.044031903092753,1.1393034
TDR43_GGGACTCTCGCTACAA-1,24.0,erythroblast,0.3068860779338106,-0.07054047820008832,1.0784073871201638,0.2246195
TDR44_AGGTGTTTCGGCCCAA-1,24.0,non_specific_hematopoietic,0.29338980241389045,-0.04098702385677679,1.0691622151091984,0.05840603
TDR73_AATGGAAAGCACCAGA-1,240.0,erythroblast,-0.08257232963498763,0.08994775284251666,,
TDR54_ACACGCGCACATGTTG-1,120.0,macrophage,-0.11950443171112668,-0.01368515144671667,0.9790585267597302,1.0740969
TDR46_AACCCAAAGAATTGTG-1,24.0,erythroblast,0.2773675773330844,-0.04948643126669458,1.0675548021589056,0.12589718
TDR28_ATGACCATCACTTGTT-1,19.0,macrophage,-0.12879390510631156,-0.01664935755460928,0.9778207484783202,0.8674084
TDR52_TCCCAGTCAATTGCAC-1,120.0,erythroblast,0.3154753125148264,-0.10993098035270785,1.0888055378886639,1.1502422
TDR73_CGTGATACAGAGGTTG-1,240.0,hematopoietic_stem_and_progenitor_HSPC,-0.10431714650866197,-0.030940401509316207,,
TDR45_CTTTCGGAGTGCGCTC-1,24.0,erythroblast,0.18196859453509073,-0.0716631843144063,1.0520349705912426,0.3843437
TDR27_GAAGCCCCATTCGATG-1,19.0,non_specific_hematopoietic,0.13980647473751706,-0.012332747587899137,1.0308955025486486,0.0030677717
TDR41_ACACAGTTCGAGTCTA-1,16.0,erythroblast,0.27771695756443393,-0.052959743521255764,1.0683713009856295,0.08055273
TDR53_GTAGGAGCAGGTCCGT-1,120.0,hematopoietic_stem_and_progenitor_HSPC,0.07634150731395797,0.02017899155936699,1.0112958245783918,1.1098888
TDR53_GAATAGACACTGCACG-1,120.0,macrophage,0.04783148191005987,-0.12964346046672992,1.0361324555117202,1.116035
TDR69_ACCTGAAGTTCTCCCA-1,72.0,microglia,-0.1353076885908078,0.014300177702645217,0.9705216454138864,1.3223703
TDR18_GTCGCGATCCGTATGA-1,14.0,erythroblast,0.2626577896168173,-0.06839940103867717,1.0684526049064595,2.981455e-06
TDR52_TTCTTCCAGGCCACTC-1,120.0,hematopoietic_stem_and_progenitor_HSPC,-0.10945662749808763,-0.043887421384781716,0.986971770551463,1.0964481
TDR73_GCACGGTTCCGTGCGA-1,240.0,hematopoietic_stem_and_progenitor_HSPC,-0.10010786117191878,-0.00019454661710763266,,
TDR52_ATGGATCGTAGTTAGA-1,120.0,erythroblast,0.1618462717921513,-0.06625755314409765,1.0466773989645297,1.1245704
TDR44_CTTGATTAGTCTGGTT-1,24.0,macrophage,0.20102300178758756,-0.10353379024335663,1.0628047013090332,2.7885346
TDR46_CATGGTAGTACAGTTC-1,24.0,erythroblast,0.27454598851348244,-0.03442543473092702,1.0637434938519756,0.06433192
TDR45_CAGGGCTAGCACCTGC-1,24.0,erythroblast,0.1667933190284907,-0.0554221057149587,1.0454454734343932,0.100758374
TDR47_TATACCTGTACTAACC-1,48.0,erythroblast,-0.022774596294272906,-0.05444553752004364,1.0063542916393298,0.53307796
TDR74_GACTTCCGTAGCTCGC-1,240.0,hematopoietic_stem_and_progenitor_HSPC,-0.14051092176141367,0.0033644945213248123,,
TDR46_CAGTGCGCAACAAGTA-1,24.0,neutrophil,0.16229293482000712,-0.010183236577212651,1.0350970953808547,3.1296847
TDR51_TTTGGTTCAGAACTAA-1,120.0,non_specific_hematopoietic,0.1127036184940077,-0.03528864794499248,1.0300408413873399,1.1573142
TDR44_TTTGGTTCAGATACTC-1,24.0,erythroblast,0.11585705096905047,-0.026275049149190238,1.0288343064454561,0.12775373
TDR51_GACACGCCATATAGCC-1,120.0,macrophage,-0.13250541521539022,0.05743520028221308,0.9627243750048894,1.0483738
TDR29_CCTTGTGGTCCCTCAT-1,19.0,macrophage_immature,0.2848471662684261,-0.0630550389000631,1.0720582952137998,0.041557223
TDR74_GATGGAGGTCGAAACG-1,240.0,neutrophil,-0.10636571785239372,-0.08042554489336409,,
TDR69_TCAGTCCTCCAGCACG-1,72.0,erythroblast,-0.057460951579888016,0.0007417708779302729,0.9884269445230126,0.49126285
TDR46_GCACATACACCACTGG-1,24.0,macrophage_immature,0.22493090566146434,-0.08155475312896909,1.0632147821351114,3.4661157
TDR53_TAACGACCATAACCCA-1,120.0,microglia,-0.1099134539693726,-0.11150801668100566,1.0003189634003378,1.0504156
TDR67_CACAGGCTCCCTCTCC-1,72.0,erythroblast,-0.06511954911899218,0.017134714049801547,0.9836837236668984,0.03816111
TDR74_CGTAATGGTCTACTGA-1,240.0,erythroblast,-0.05641580268737781,0.022459578782847926,,
TDR74_TCCAGAACAAGGTCAG-1,240.0,erythroblast,-0.06814161942877107,0.06381406261917089,,
TDR44_GGGTAGATCACTCACC-1,24.0,erythroblast,0.2879430010067329,-0.019555534653553586,1.0634301850841434,0.16306607
TDR53_AAGACTCAGATCCAAA-1,120.0,neutrophil,0.22574880764345132,0.10914685914289932,1.0235944361314953,1.0185672
TDR46_TTACGTTAGTGGAAAG-1,24.0,erythroblast,0.1179816698876332,-0.0223324137609362,1.0284602869042094,0.15580483
TDR70_GAATCACCATTGACTG-1,72.0,erythroblast,-0.02188209543252051,0.0353412817577745,0.9886205657346776,0.5377287
TDR71_CGGTCAGAGTGAGTTA-1,240.0,erythroblast,-0.07715007777569818,-0.006932415696029953,,
TDR69_GTCTACCTCCCTCTCC-1,72.0,non_specific_hematopoietic,-0.07809505845072275,0.01010913485426193,0.9825138499852321,1.2974415
TDR44_CATTCTAGTCCTGGGT-1,24.0,erythroblast,0.20424746088101867,-0.06866628632261366,1.0560998644711548,0.29040575
TDR70_TGTTCATTCGCGCTGA-1,72.0,macrophage,-0.0563340960933405,-0.05526764752464275,0.9997867330308944,1.5368265
TDR74_GTAGTACAGACATAGT-1,240.0,erythroblast,-0.10100959487243588,-0.029660761836262324,,
TDR73_CTTTCAACAACTCGTA-1,240.0,innate-lymphoid-cell,-0.11845688379544018,0.07679337387883528,,
TDR74_GTGCTGGCACGACTAT-1,240.0,microglia,-0.08718442834133769,0.065913089039629,,
TDR47_AGGCCACAGGTAGTAT-1,48.0,hematopoietic_stem_and_progenitor_HSPC,0.1360731450307569,-0.09742405973834756,1.0478070338650234,1.6032195
TDR68_TCCTCCCGTCCGCAGT-1,72.0,erythroblast,-0.07280248649689833,0.05083417969241426,0.9755758828831841,1.1270813
TDR22_TCGGGTGAGATCCCGC-1,14.0,erythroblast,0.276381453599961,-0.054407758093366565,1.0683953418769643,0.004950704
TDR27_TAACTTCCATCCGATA-1,19.0,erythroblast,0.20130359965159483,-0.0007039339902000508,1.0412287506257352,0.011533857
TDR74_TTTCACACACCTCTAC-1,240.0,erythroblast,-0.06909372178212467,-0.035931785709424104,,
TDR71_GAAGAATTCTGGGTCG-1,240.0,innate-lymphoid-cell,-0.008748037920353016,-0.043558130869606915,,
TDR53_ACCTGAATCTCTGCCA-1,120.0,erythroblast,0.27020306459437543,-0.03583325715200657,1.0631192380708452,1.0312103
TDR71_TACGTCCGTGCATCTA-1,240.0,hematopoietic_stem_and_progenitor_HSPC,-0.13448370738091073,-0.02553178364399998,,
TDR74_GGCTGTGTCGGCTGTG-1,240.0,hematopoietic_stem_and_progenitor_HSPC,-0.13305550550067727,-0.034906144303400166,,
TDR43_GATGACTAGGTGCCTC-1,24.0,erythroblast,0.23332455077795528,-0.040195673688150385,1.05622797235139,0.17730643
TDR70_GCACATATCAACCGAT-1,72.0,erythroblast,-0.1332977447156757,-0.04518051910195631,0.9825309395260894,0.77248067
TDR54_TATTCCACACGTACTA-1,120.0,macrophage,-0.032003066028177984,-0.006682899903048128,0.9949487673745568,1.0302978
TDR52_ATGGTTGGTAGCACGA-1,120.0,erythroblast,0.26544284324138545,-0.01167976440310925,1.056989234130151,0.99496853
TDR71_TTGGATGGTATAGCTC-1,240.0,neutrophil,-0.10916197903472975,-0.030190011729364807,,
TDR47_CAAGCTACAAGTGGTG-1,48.0,macrophage_immature,0.18925937632731163,-0.10664186359923562,1.0609664605731457,1.7399182
TDR54_GAAGTAAGTGATAGTA-1,120.0,innate-lymphoid-cell,-0.09662152879243184,-0.006377326885475237,0.9821130644102887,1.0951041
TDR50_TTGATGGCACAAGCCC-1,48.0,non_specific_hematopoietic,0.048685665509363873,-0.0024555841569803283,1.010280737280218,1.5946429
TDR72_TCATGCCTCAACACGT-1,240.0,erythroblast,-0.07874703164134661,0.01950441044117901,,
TDR53_TTCCGTGCACAGTATC-1,120.0,erythroblast,0.22088101741687077,-0.038865463617215275,1.0533223337215982,0.9901038
TDR71_CTGCAGGAGCACCGAA-1,240.0,erythroblast,-0.05272314375205745,0.06904355249799071,,
TDR46_CAATTTCGTACAGGTG-1,24.0,macrophage_immature,0.18748379941388363,-0.1086361266180705,1.0610128653125914,3.479854
TDR74_GACCGTGTCTCATGCC-1,240.0,hematopoietic_stem_and_progenitor_HSPC,-0.1044235389449129,0.008058310194931806,,
TDR74_CATGCAAGTCGCTTGG-1,240.0,erythroblast,-0.06687483762715717,0.010075359080852643,,
TDR73_AGTACCAGTCGAAGCA-1,240.0,erythroblast,0.5382681479453121,-0.01179735352131736,,
TDR72_TGTTGAGCATCTTCGC-1,240.0,erythroblast,-0.08678924106600107,0.011390858482303506,,
TDR51_ACCTACCAGTGAACAT-1,120.0,erythroblast,0.09357112371923837,0.004175947100260022,1.018039822083842,1.0247122
TDR74_GTCCCATGTGCAGGAT-1,240.0,erythroblast,-0.04868140089183224,-0.020854090594887027,,
TDR73_ATGGATCAGAGCCTGA-1,240.0,macrophage,-0.16284611220072065,0.042342512055999565,,
TDR53_TACGGGCAGTAAAGCT-1,120.0,macrophage,-0.10697722676771557,0.030267078647418982,0.9729244355832175,1.0558404
TDR45_CACGTGGCAGCGTTTA-1,24.0,erythroblast,0.12607907040950672,-0.05796065595414904,1.037493746124489,0.06600854
TDR47_GGGTGTCGTGCTTATG-1,48.0,microglia,-0.17467702113986822,-0.014292915982068749,0.9684321832622232,1.5126657
TDR48_GCGTGCAAGGGCAAGG-1,48.0,macrophage,-0.09104835899298606,-0.07098205449180583,0.9959947814689848,1.5550404
TDR70_CCTAACCAGTGTTCAC-1,72.0,macrophage,-0.09607952420183383,0.041374177364527503,0.9728836911099479,1.5278535
TDR43_TATACCTAGCCTGAAG-1,24.0,erythroblast,0.38365242029399294,-0.06109423485099148,1.0930252724573843,0.5114991
TDR44_ATGATCGCACCATATG-1,24.0,non_specific_hematopoietic,0.228152559808805,-0.018148880905831166,1.0504937462240445,0.1917699
TDR74_AATTTCCGTGGTCTTA-1,240.0,hematopoietic_stem_and_progenitor_HSPC,-0.12660594156580393,0.027889213316298525,,
TDR41_TATCCTACAGTATACC-1,16.0,non_specific_hematopoietic,0.30982121088290143,-0.04670377105266513,1.0739087142023602,0.00095758715
TDR52_AGCTTCCTCCTGGTCT-1,120.0,macrophage,-0.1688206829775591,0.07750989567894356,0.9519277730334368,1.0092329
TDR51_TGGATGTTCCCTGTTG-1,120.0,macrophage,-0.1489268210804345,0.056603236410864816,0.9597273824169591,1.041151
TDR44_TCGGGACCAAGTTCCA-1,24.0,erythroblast,0.24255202517519572,-0.0477032161053316,1.0597690936935795,0.13908488
TDR70_TTGGGTATCGCCGATG-1,72.0,erythroblast,0.4016354781666174,-0.020934091609969174,1.0881879851256708,1.5852995
TDR29_ACTATGGCAGGTAGTG-1,19.0,erythroblast,0.20838469046950686,-0.026554984938887194,1.0481093636495087,0.096915774
TDR72_GGCACGTAGGTAAAGG-1,240.0,microglia,-0.07465314786053126,0.03765335431101499,,
TDR71_GGAATGGCACCGGTCA-1,240.0,hematopoietic_stem_and_progenitor_HSPC,0.233464302546904,-0.0505565530947953,,
TDR52_ATTCACTAGCAGTCTT-1,120.0,microglia,-0.14503244166891768,-0.06718694210308442,0.9845514719799398,1.0524454
TDR44_TGTACAGAGGGTGAGG-1,24.0,non_specific_hematopoietic,0.17485388040036992,-0.011875400476665549,1.038051975447347,1.5918112
TDR51_TTCACGCGTCACAGAG-1,120.0,macrophage,-0.007144085685710844,0.005653477073419622,0.9974437602076069,1.0645784
TDR45_ACTTCCGGTCTACAGT-1,24.0,erythroblast,0.26405715780587286,-0.06107592877046561,1.06718742967042,0.1491749
TDR71_CAAGAGGTCTTTCCAA-1,240.0,hematopoietic_stem_and_progenitor_HSPC,0.025057190747442143,-0.004322894849383058,,
TDR53_TGAATCGAGCAACAAT-1,120.0,macrophage,-0.03969913818759452,0.053988916670450665,0.981436846721416,1.0500495
TDR47_ATTCTACGTGAGACGT-1,48.0,microglia,0.15251528973613424,-0.13571307989326267,1.0593395775703163,1.6678884
TDR74_AGTCAACCATTGACAC-1,240.0,erythroblast,-0.05356000903394151,0.015647188284930787,,
TDR53_TATACCTTCCGAAGGA-1,120.0,hematopoietic_stem_and_progenitor_HSPC,0.24003532208158992,-0.022835973892170958,1.0539808269400515,1.1471095
TDR47_AGTTAGCAGGGATCAC-1,48.0,erythroblast,-0.019554469607022076,-0.08726651580245406,1.0136345230075186,0.21008795
TDR52_CCCTTAGCAATGGCAG-1,120.0,erythroblast,0.22237340464903618,-0.06889469036157579,1.059983793654726,1.1483579
TDR44_GGAATGGAGGTGCCTC-1,24.0,non_specific_hematopoietic,0.22391876256003967,-0.03637392061472067,1.0534374053894227,0.04249336
TDR47_GTAGGAGGTCCTACGG-1,48.0,neutrophil,0.005043322193799549,0.0032605510594956033,1.0003566177998746,0.0026629772
TDR47_GAGGGATCACCGTCGA-1,48.0,erythroblast,-0.02507305408181404,-0.013269748536732913,0.9976421230601621,0.67967343
TDR53_CATAGACAGAACAAGG-1,120.0,neutrophil,-0.08128448890449225,0.053211672358530804,0.9734593298860358,0.99829274
TDR51_TACTTCACACACCAGC-1,120.0,macrophage_immature,0.3294928089419104,0.01857707926616578,1.0641572229516547,1.1457598
TDR67_TGGGCGTGTAAGTAGT-1,72.0,microglia,-0.15504301880880061,0.013700701508289115,0.9668143919783433,1.2466897
TDR47_ACGTAGTCAATGAGCG-1,48.0,macrophage_immature,0.2269725662034349,-0.10701948330726152,1.0690799405203713,1.7170346
TDR74_AGGCTGCGTTGTTTGG-1,240.0,erythroblast,0.1964157570757479,-0.0012780941754851616,,
TDR74_TACTGCCGTGCCAAGA-1,240.0,erythroblast,-0.08740317554677961,0.06738319617090721,,
TDR71_ACGTAGTTCCCAGCGA-1,240.0,erythroblast,-0.08428363053583102,-0.021335905876712524,,
TDR71_TCACTCGGTCGTATGT-1,240.0,hematopoietic_stem_and_progenitor_HSPC,-0.09194625128618618,-0.009734108956091767,,
TDR67_AACCCAAGTAGCTTTG-1,72.0,erythroblast,-0.026029457925532115,0.03409358447940517,0.9880473982171448,0.018572733
TDR53_ACACGCGAGCAGCCCT-1,120.0,microglia,-0.1114332888933972,-0.002086916599488689,0.9783681243943984,1.0459005
TDR71_TGCGACGGTGACATCT-1,240.0,erythroblast,-0.05281882300780461,0.0015516821185043925,,
TDR74_TCCGTGTGTCATTGCA-1,240.0,hematopoietic_stem_and_progenitor_HSPC,-0.134341848491818,-0.06243127427687263,,
TDR48_TTACAGGGTCGAGCTC-1,48.0,erythroblast,0.01929835298743028,-0.08115726635779863,1.0202943089558447,1.3999281
TDR46_TATTGCTAGAATACAC-1,24.0,macrophage,0.18139592956342931,-0.017265900321628724,1.0405322550899778,3.2746103
TDR73_CACAGGCCAAACTAAG-1,240.0,erythroblast,-0.09762122259219073,0.1258513795644829,,
TDR70_GCATCGGCAGAGGCAT-1,72.0,microglia,-0.1443887987370341,0.008362217225890228,0.9699117381791443,1.4441507
TDR43_TGATCAGAGATCCCGC-1,24.0,neutrophil,-0.011026112027128776,-0.02836232228875482,1.0034732598891387,2.99785
TDR53_TCATACTCAAGAGAGA-1,120.0,macrophage,-0.17880768108073747,-0.0024628713447050754,0.965345740067649,1.0515159
TDR54_ATTTCACTCTTAGTTC-1,120.0,hematopoietic_stem_and_progenitor_HSPC,-0.10877153690044696,-0.013071296935560112,0.9810419596640754,1.0789227
TDR48_AGCTACACAAAGCTAA-1,48.0,non_specific_hematopoietic,0.0907977943869025,-0.037689138341833045,1.0260304108825797,1.5643487
TDR72_AGGAAATTCCGTCACT-1,240.0,erythroblast,0.033412942101276516,0.022678704077494893,,
TDR44_TCAAGTGAGGAACGCT-1,24.0,erythroblast,0.19069556770743906,-0.049039037011351816,1.0491149678141827,0.06749042
TDR51_GTGAGCCCACACGTGC-1,120.0,macrophage_immature,0.267623945787414,-0.07582756389038446,1.07110443880517,1.1525418
TDR72_TTGGTTTTCGTCCATC-1,240.0,erythroblast,-0.06664792857511162,0.03233892534985955,,
TDR51_AGAACCTCACTGTGTA-1,120.0,microglia,-0.03630074456359969,0.034084528668619135,0.9860215637925914,1.0579695
TDR54_AGACACTGTACGTTCA-1,120.0,macrophage,-0.12906122540425582,-0.043872093296921266,0.983106496530883,1.0750271
TDR53_AGATCCAGTCGAGCAA-1,120.0,macrophage,-0.13611087256689533,0.13054656547304772,0.9480656883606501,0.96856016
TDR52_TCCTGCATCTGACGCG-1,120.0,non_specific_hematopoietic,0.04027666445295085,-0.06965480094562598,1.022229772752402,1.1175003
TDR71_CCGGTAGTCTTGCAAG-1,240.0,hematopoietic_stem_and_progenitor_HSPC,-0.0886186324127474,-0.017743906089201192,,
TDR51_CCCTTAGTCAAAGACA-1,120.0,microglia,-0.0884717205114532,-0.021673998267050396,0.9867292981925914,1.058618
TDR43_GATTGGTTCCATCTCG-1,24.0,erythroblast,0.40439171997917533,-0.04886753944319164,1.0948877557877832,0.12622418
TDR53_CTGTCGTTCCTAGCTC-1,120.0,hematopoietic_stem_and_progenitor_HSPC,0.30114526346007,-0.05309813418058189,1.0734187833414184,1.1660764
TDR53_TGTGCGGGTGTGTACT-1,120.0,erythroblast,0.049011137215691725,-0.04171138569928598,1.0183101162370536,0.97053224
TDR46_ACCAACAGTACAAGCG-1,24.0,macrophage_immature,0.24941400631282612,-0.039384118088841485,1.0594602972041995,3.2090464
TDR46_TAGACTGTCTCTATGT-1,24.0,erythroblast,0.41940711297027305,-0.06844463357346965,1.1024889981741917,0.19612204
TDR71_ACGTACATCAGCTGAT-1,240.0,hematopoietic_stem_and_progenitor_HSPC,-0.05674903815206775,0.025467594912534613,,
TDR47_TAGGGTTGTGCAGGAT-1,48.0,macrophage_immature,0.20214917933249119,-0.11193459122269242,1.0648316953215864,1.7192498
TDR51_GCAGCCATCCGATGCG-1,120.0,neutrophil,-0.1104623388228261,-0.06308126449584961,0.9905685429688339,0.8442913
TDR51_CCACACTGTCCGGTCA-1,120.0,innate-lymphoid-cell,0.2999616941735536,-0.05964533257599615,1.0745708852221296,0.97411096
TDR47_TATGTTCGTATTCCTT-1,48.0,non_specific_hematopoietic,0.09086866148960987,0.06883607266477788,1.0044162407406154,1.5545481
TDR51_TGGTGATTCCATCGTC-1,120.0,erythroblast,0.14857270788866037,0.0063503140476654785,1.0288528860691433,0.9911659
TDR73_TCTAACTGTCACAGAG-1,240.0,neutrophil,0.20126937886803095,-0.06463014708368994,,
TDR47_CAATCGACAGGGCTTC-1,48.0,erythroblast,0.16315139798454312,-0.0036800738246096643,1.033929192321507,1.6401153
TDR45_ATGAAAGTCTCGGTCT-1,24.0,erythroblast,0.21620200050343708,-0.04412963648861093,1.0534456125030351,0.079389565
TDR74_AAACCCAAGGGTATAT-1,240.0,erythroblast,-0.1007172316927567,-0.01783589413264588,,
TDR69_CAATCGACATACAGAA-1,72.0,erythroblast,-0.05542719971359132,0.06732726826567965,0.9757480283289057,0.4603408
TDR74_GTAGAGGGTGCGAGTA-1,240.0,erythroblast,-0.07665377737401606,0.04895850668910749,,
TDR67_CGAGTGCTCAATCTCT-1,72.0,erythroblast,-0.046088447041288144,0.05149791014175293,0.9806719574288507,0.040506657
TDR74_TGATTTCAGTAACGAT-1,240.0,non_specific_hematopoietic,0.09174154835765888,-0.05456462622456697,,
TDR40_CACTGGGAGTACGAGC-1,16.0,non_specific_hematopoietic,0.29594994039923467,-0.04280863906258353,1.0700995867719167,0.0042187897
TDR53_CCCTAACTCCTCGCAT-1,120.0,macrophage,-0.07292920644512658,-0.030145725766241832,0.991479808195579,1.0819092
TDR67_CATCGGGGTCTTCTAT-1,72.0,macrophage_immature,0.41149304582821233,-0.040113172669341585,1.0945258367640966,1.6635766
TDR48_TAAGTCGGTCATCGCG-1,48.0,macrophage,0.10542052831405249,0.07873252150965071,1.0053518717335803,1.5165361
TDR43_CGAAGGATCCTGGGAC-1,24.0,macrophage_immature,0.2044479086239581,-0.05734820527155042,1.0537542070475,0.08736034
TDR39_GGGAGTAGTAGGCTCC-1,16.0,erythroblast,0.28440767269454437,-0.025581063727697778,1.0639599479262132,1.09105
TDR70_TAGAGTCAGCACCGAA-1,72.0,macrophage,-0.12664753331231637,0.1642826441725415,0.9434744113783351,1.4860582
TDR19_GATTCGAAGTCTGCGC-1,14.0,macrophage_immature,0.35254547519216833,-0.024668785684926475,1.0783615999375746,4.1640116e-12
TDR52_TGGCGTGAGTGCGCTC-1,120.0,hematopoietic_stem_and_progenitor_HSPC,-0.0793138193675082,-0.053064948246802815,0.9947639817581001,0.990369
TDR51_CGATGGCCATCGAAGG-1,120.0,macrophage,-0.1155423688364553,-0.03519243331475086,0.9840584462440191,1.0513622
TDR47_AGTCTCCTCGCTTTAT-1,48.0,non_specific_hematopoietic,0.060829240038878934,-0.045659025510152176,1.021526066800286,1.6353555
TDR27_GGAGATGGTGATTCTG-1,19.0,erythroblast,0.193864160129186,-0.04309044879927665,1.048531822904426,0.9672813
TDR43_CACAACACAGATTAAG-1,24.0,erythroblast,0.19481807949227223,-0.05467472662544353,1.0511644621307983,0.056376163
TDR52_ATGGGTTAGATAACAC-1,120.0,macrophage,-0.09857673683629828,-0.03579144905282809,0.9875214533250711,1.0735413
TDR40_GCCTGTTCACTTGTCC-1,16.0,erythroblast,0.3225431894920501,-0.05185403775221803,1.0777542148769794,0.0014234029
TDR52_ATTTACCTCGTAGTGT-1,120.0,macrophage,-0.12291484131894866,-0.06189384770150218,0.9878699704779179,1.027621
TDR43_AGCCAATCAGCGTACC-1,24.0,erythroblast,0.2802141672387757,-0.01898652011197674,1.0616668122361816,0.14899717
TDR53_CATTCCGCAGAGGGTT-1,120.0,macrophage,0.09762754070751928,0.004977221138299459,1.0187028109027476,1.1062443
TDR74_TGTTTGTCACCCTGTT-1,240.0,innate-lymphoid-cell,-0.08203378879244855,-0.02043894510786186,,
TDR71_GACTGATGTATATGGA-1,240.0,macrophage,-0.1592611212847158,0.10109866260522424,,
TDR73_CTATCCGCAAGTGGCA-1,240.0,macrophage_immature,-0.04351659322120516,-0.040294582589109035,,
TDR73_CGGTCAGAGCCGGAAT-1,240.0,non_specific_hematopoietic,-0.07388339967472099,-0.016058657416334977,,
TDR71_TGAATCGTCTTACCGC-1,240.0,innate-lymphoid-cell,-0.09395020808331511,-0.05766010636356782,,
TDR52_GTTCATTGTATCGTTG-1,120.0,macrophage,0.3021190957340957,0.016463900149924382,1.0587945448075446,1.122403
TDR69_GGAATCTTCCAAGCTA-1,72.0,hematopoietic_stem_and_progenitor_HSPC,-0.0884654555312466,0.008396120527004336,0.9808141222373098,1.5019573
TDR41_CATGCAACAGCTTTCC-1,16.0,non_specific_hematopoietic,0.3946486704561415,-0.06301155566401336,1.0958518929492977,0.0022815436
TDR71_ATGTCCCCAGAGAATT-1,240.0,macrophage,-0.1209845583172738,0.012870918341496895,,
TDR44_GGGTGTCCACGCGTCA-1,24.0,erythroblast,0.2575566044887045,-0.09118359932257038,1.0722379869507972,0.12139972
TDR47_GAGTTGTTCTAGGCCG-1,48.0,erythroblast,0.1475286703291761,-0.05129383817131136,1.0405656938836765,0.01110282
TDR74_ACTACGAAGCTCGCAC-1,240.0,erythroblast,-0.05673238542099691,-0.006779098312379973,,
TDR74_TGCGGGTCAAAGGTTA-1,240.0,erythroblast,-0.07199980438111811,0.04143515429187064,,
TDR51_GTTCTATTCGGTCATA-1,120.0,neutrophil,-0.04382632983450213,0.033539907559872434,0.9846458481582355,0.9805575
TDR73_ACACAGTAGTAGGATT-1,240.0,neutrophil,-0.11416029607442985,-0.03732183206100585,,
TDR29_GAACACTTCTTGGGCG-1,19.0,erythroblast,0.2007070289495618,-0.015644214899387665,1.0442200559075554,0.046909396
TDR51_GTCTGTCAGTTTGAGA-1,120.0,hematopoietic_stem_and_progenitor_HSPC,-0.08585791660453719,-0.07452867463655005,0.9977367167031348,1.1058657
TDR54_CGGTCAGGTATCCTTT-1,120.0,macrophage,-0.11555538442246552,-0.017213130342787583,0.9805237112571673,1.043883
TDR47_TAGAGTCAGGTACTGG-1,48.0,macrophage_immature,0.3570907764865044,-0.008412539031130623,1.0758388287395122,1.7109776
TDR40_AGTGTTGAGACCGTTT-1,16.0,erythroblast,0.3283473163205395,-0.05860768411342521,1.0804644555079643,0.00028821593
TDR41_CCCTCTCAGCAAGTGC-1,16.0,erythroblast,0.2904655387412152,-0.07293629223981724,1.0753867520168967,0.038677964
TDR46_GCGGATCAGGTGAGAA-1,24.0,erythroblast,0.2590344210040576,-0.07263493486712586,1.0685834268186263,0.12879218
TDR74_CCCGAAGCAATGAACA-1,240.0,hematopoietic_stem_and_progenitor_HSPC,-0.07357644646848491,0.013436802727396752,,
TDR46_TAAGCACTCTCTAGGA-1,24.0,erythroblast,0.3465601070735733,-0.05369268728083203,1.0833418388305125,0.040280506
TDR70_ACTTTCACACCCTGAG-1,72.0,macrophage,-0.12708817562524674,0.04109789028771768,0.9669222276524669,1.490634
TDR73_GTTCCGTAGACGTCGA-1,240.0,neutrophil,-0.10952136861765477,-0.01718534926733406,,
TDR67_TTCCTTCAGTCGCGAA-1,72.0,macrophage,-0.174596563754386,0.01365137279385592,0.9630503468350633,1.5076698
TDR47_CTGGACGAGTTGTAAG-1,48.0,erythroblast,0.22401927229478819,0.043971929381243086,1.0366656621990173,1.659352
TDR51_TGTAGACAGACCGCCT-1,120.0,neutrophil,-0.09045943160357678,0.00036656824542960487,0.9819987927867703,1.060317
TDR71_GTCTTTAAGTGTTGAA-1,240.0,hematopoietic_stem_and_progenitor_HSPC,-0.07090292583661936,0.05871829868834695,,
TDR44_CACTTCGGTCGCATGC-1,24.0,erythroblast,0.32663179437664175,-0.0713811879252722,1.0828566510900448,0.3247465
TDR74_ATGTCCCCATAACTCG-1,240.0,erythroblast,-0.09954017891414092,0.006886384081469382,,
TDR71_TCATTGTTCCGGTAAT-1,240.0,neutrophil,-0.06036876802019746,0.085349230374691,,
TDR68_TAGACTGTCATCGGGC-1,72.0,erythroblast,-0.07670673539878914,0.0875490509049584,0.967682581396606,0.79178977
TDR52_GTTCTATAGCACCTGC-1,120.0,neutrophil,0.027939750814060943,-0.016140584720441623,1.0088550430805863,1.0749724
TDR71_GCCAACGTCCTTTGAT-1,240.0,hematopoietic_stem_and_progenitor_HSPC,-0.03081671415277132,0.02327730549450399,,
TDR46_TCGATTTAGAGAGGGC-1,24.0,non_specific_hematopoietic,0.1365718892297695,-0.04115185274338121,1.0361840146618406,0.3031818
TDR46_TACCCGTAGATTAGCA-1,24.0,erythroblast,0.1724140487885645,-0.057692506207104206,1.0470967253965726,0.0880236
TDR53_ACTATTCGTTGTGCCG-1,120.0,microglia,0.022750031394215692,-0.0069728060173079726,1.005962271487079,1.085801
TDR54_TGTTCATAGAAGTCAT-1,120.0,macrophage,0.09941011821922596,-0.08910636599833006,1.038423083759628,1.1398721
TDR45_CAGTGCGAGATTACCC-1,24.0,non_specific_hematopoietic,0.1434442543307779,-0.03247650816308768,1.035810438317897,0.07908917
TDR43_TATTCCATCTAAGCGT-1,24.0,erythroblast,0.27742802840748204,-0.04122583224961532,1.065805415610941,0.117562346
TDR51_CAGCAATCAGCTGTTA-1,120.0,neutrophil,-0.06872777905748234,0.030868010052544304,0.9802779179054827,1.070262
TDR48_GTGGCGTGTCTGTGCG-1,48.0,microglia,0.09618561926526051,0.06604758552882983,1.0060458093231146,1.5278949
TDR74_GCCATTCGTATGCGTT-1,240.0,erythroblast,-0.0665551615974819,0.033522082987614873,,
TDR71_CCTCATGGTAACAGTA-1,240.0,hematopoietic_stem_and_progenitor_HSPC,0.04449514157744025,-0.006588093004620849,,
TDR53_GAGTTACCATCCGAAT-1,120.0,macrophage,-0.014000189086019799,0.11925013271378881,0.9737019149167824,1.0106766
TDR44_GTTACAGTCACCGACG-1,24.0,macrophage,-0.006400351508725061,-0.019808508923664175,1.0026852302728502,3.0954905
TDR74_CATAGACGTTTCCATT-1,240.0,erythroblast,-0.09110754916542455,-0.035708123487102936,,
TDR43_ATCCGTCGTACGACAG-1,24.0,erythroblast,0.30883393325349695,-0.06017896256265112,1.0765942423785235,0.23329727
TDR43_GCCTGTTGTGTATTCG-1,24.0,erythroblast,0.1353301734255071,-0.023927390287463796,1.032364200994682,0.12790684
TDR28_TTCCGTGCAAACCATC-1,19.0,non_specific_hematopoietic,0.06492134860560733,-0.06112734105595964,1.0255301905511598,0.0010484349
TDR71_TTTGATCAGTCATTGC-1,240.0,neutrophil,-0.09738206604162761,0.07547347160417164,,
TDR44_CAGATCAGTCGGTAAG-1,24.0,erythroblast,0.26531342549983167,-0.0509345097626273,1.0652926893159234,0.3027747
TDR74_TAACACGTCTCATTGT-1,240.0,erythroblast,-0.036568841112356365,0.021622353065928912,,
TDR67_TTTCATGCATGTAACC-1,72.0,erythroblast,-0.0845263101104507,0.00201642238127564,0.9828403858869348,0.2563433
TDR51_GCCCAGAAGATGTTGA-1,120.0,hematopoietic_stem_and_progenitor_HSPC,0.09799706698245389,-0.08829729466174666,1.0379616856205212,1.1304897
TDR45_AGGATAAGTCCTTGTC-1,24.0,erythroblast,0.4114889631387193,-0.03509932017364749,1.0934279358343375,0.36894318
TDR50_GACCCTTCAGACCAAG-1,48.0,non_specific_hematopoietic,-0.019732608063408985,-0.08170000984025014,1.012470597788188,1.621002
TDR47_AGGGTCCAGGGTGAAA-1,48.0,macrophage,-0.017929255601549426,0.010293074980002204,0.9943714339526922,1.5626884
TDR72_TGCTCGTCACTACTTT-1,240.0,microglia,-0.06864742917409633,-0.02082666708331432,,
TDR53_AGGGCCTGTCACTCAA-1,120.0,neutrophil,0.05242497664966955,-0.039509467776590826,1.0185569685394114,1.109783
TDR73_CCTGCATCACCCTCTA-1,240.0,neutrophil,-0.1194743527091949,-0.03495521668266749,,
TDR74_GGGCTACGTCGACTGC-1,240.0,neutrophil,-0.09349801773415473,-0.031469465901758226,,
TDR74_CCTCACATCGATAACC-1,240.0,erythroblast,-0.10011872835234685,0.02435530556572807,,
TDR19_GGCTTGGGTGAAAGTT-1,14.0,erythroblast,0.19317254382152427,-0.0414677510898854,1.048046608827847,1.0847793e-08
TDR53_CCTCAACCAAAGACTA-1,120.0,hematopoietic_stem_and_progenitor_HSPC,0.23109995524088542,0.00875853980285024,1.0454718170465667,1.1398488
TDR52_GGTGATTAGCCATGCC-1,120.0,erythroblast,0.4156061284639069,0.03586295453438629,1.078907154436996,1.0200697
TDR51_TGACCCTAGAAGAGCA-1,120.0,erythroblast,0.2134792788998111,-0.02872841612856298,1.0496340073788806,1.1601179
TDR50_CCCATTGAGGTCACAG-1,48.0,non_specific_hematopoietic,0.2070123831706859,-0.01035202259794718,1.0444316701460628,1.6364875
TDR39_AAGGAATGTTAAAGTG-1,16.0,erythroblast,0.23939069678426272,-0.08490328467538519,1.067008348211117,0.02859866
TDR53_CATTGTTAGTGATAAC-1,120.0,macrophage,-0.09586601444859945,0.034587539528495054,0.9742467109062781,1.0536311
TDR53_TTCCGTGGTGCCCTTT-1,120.0,macrophage,-0.048646842562350245,0.056477776024204646,0.9791945590969399,1.0721197
TDR73_TCGACGGGTCGGAAAC-1,240.0,erythroblast,-0.015284832111782984,-0.0017091431287559744,,
TDR74_CCCTCTCTCACTGATG-1,240.0,erythroblast,-0.044191327903090084,-0.05601306602766741,,
TDR74_AGCTCAAGTCCTCCTA-1,240.0,macrophage,-0.08060170869181926,-0.003596609149386143,,
TDR68_CTTCCGAAGTAACGAT-1,72.0,macrophage,-0.13807698719207784,0.02032915085666101,0.9688153644503745,1.5233878
TDR43_GGGTTATAGTTCCAGT-1,24.0,neutrophil,0.16406442713181318,-0.0052383231400035535,1.0344403440199004,1.8341075
TDR71_CAGCAGCTCCCGGTAG-1,240.0,hematopoietic_stem_and_progenitor_HSPC,-0.12197733578112903,0.020574618332883834,,
TDR44_TCTTCCTGTTGGCCGT-1,24.0,erythroblast,0.2603548231211291,-0.05498680605148666,1.0650996105649382,0.13047735
TDR74_GTTTACTTCGTAGCCG-1,240.0,hematopoietic_stem_and_progenitor_HSPC,-0.056669288401385826,-0.07293826683963811,,
TDR18_TTTACGTAGTCAGCCC-1,14.0,erythroblast,0.4323554885302386,-0.0736365995289367,1.106496168310957,0.002781302
TDR45_ATGCGATGTTCCTTGC-1,24.0,neutrophil,0.0658410517448218,-0.010771983039679855,1.0154405999821576,1.9327646
TDR73_TCCATGCTCTGGTTGA-1,240.0,macrophage_immature,0.024225957034662404,-0.02248638967513015,,
TDR51_AGCATCAGTAGGTCAG-1,120.0,hematopoietic_stem_and_progenitor_HSPC,-0.08897404502484756,-0.06923630822427926,0.9960602339625525,1.0913703
TDR74_GAGGCAAAGGTGCTAG-1,240.0,microglia,-0.14269602885245355,-0.011833527621823617,,
TDR50_GGGAGATAGGGACACT-1,48.0,macrophage,0.0017669443130860774,-0.09592995986590383,1.019731523949646,1.6175113
TDR54_GATTGGTGTATCAAGA-1,120.0,macrophage,-0.06850239937765555,-0.04623260283047832,0.9955559448576212,1.096787
TDR53_AGGTGTTAGTTCCGTA-1,120.0,macrophage,0.015294353705002262,-0.029758330256594676,1.0090512538813554,1.1082376
TDR70_GCTGCAGTCTTTCGAT-1,72.0,macrophage,-0.1330205374607949,-0.024197744030627397,0.9784705803328592,1.5312229
TDR74_GTCCCATGTCACAGTT-1,240.0,erythroblast,-0.09396924736735585,0.01151196161905925,,
TDR74_GCCAGGTCAAATTGCC-1,240.0,hematopoietic_stem_and_progenitor_HSPC,-0.009365109329120658,0.0006230782259553369,,
TDR54_CTTCCGACAAATACGA-1,120.0,innate-lymphoid-cell,0.29040910960944466,0.01785434437770711,1.0560240430306673,1.1685976
TDR51_GGGTTATGTTCGTGCG-1,120.0,hematopoietic_stem_and_progenitor_HSPC,-0.030406134653027078,-1.3849009638244869e-05,0.9939399793178907,1.104165
TDR44_GGTCACGAGCGTTCCG-1,24.0,erythroblast,0.1555665099462241,-0.04878200092305435,1.0417163633246134,0.79381835
TDR50_ACGTACACATTCGATG-1,48.0,neutrophil,-0.0668662771545257,0.0175583214127627,0.9832568316022176,0.0001374554
TDR71_ACGTAACTCGGAACTT-1,240.0,hematopoietic_stem_and_progenitor_HSPC,-0.1078167643785155,-0.029841785781561395,,
TDR68_AGACTCACATGGAATA-1,72.0,erythroblast,-0.009104545906556696,0.00835159096228967,0.9965148598744686,0.97681534
TDR43_GCAACATTCCCTCGTA-1,24.0,erythroblast,0.2030225678402173,-0.002808250410865215,1.0420252378780746,0.11839483
TDR46_AGCATCAAGGTCCAGA-1,24.0,neutrophil,0.14471874042170482,-0.010889142927660217,1.0316109160825517,3.044204
TDR51_CACAGGCGTCACTTCC-1,120.0,neutrophil,-0.05499346023215387,0.04070501025492185,0.9810423068505326,1.0648777
TDR45_GCAACCGGTGGCGCTT-1,24.0,macrophage_immature,0.16913615061824483,-0.040972367320979586,1.042917113548323,3.2270398
TDR71_TGAGCATTCTAGGCCG-1,240.0,hematopoietic_stem_and_progenitor_HSPC,-0.03167147260422834,0.018895248795988986,,
TDR68_CATTTCACATTAGGCT-1,72.0,hematopoietic_stem_and_progenitor_HSPC,-0.1407298658954539,-0.022918712049802642,0.9767131911644555,1.5265427
TDR44_GATTCTTGTTGTGTAC-1,24.0,non_specific_hematopoietic,0.19036401660772836,-0.04822365698863022,1.0488743428917398,0.12520248
TDR44_ACGGTTAGTCTTCAAG-1,24.0,erythroblast,0.2330795466061017,-0.04746180251280724,1.0577121958504527,0.101402596
TDR51_CTACAGACATCGGTTA-1,120.0,macrophage,-0.15424024518661839,0.05511685206054426,0.9589930805036097,1.0089267
TDR53_AGAACCTCACAACATC-1,120.0,hematopoietic_stem_and_progenitor_HSPC,0.16069389675677984,-0.0027711102224074607,1.0332332893685527,1.133803
TDR51_GCTGAATAGGGTACGT-1,120.0,neutrophil,-0.09648334090595234,0.02939752833662787,0.9751381030622025,1.0591143
TDR51_CTGGCAGAGATTGATG-1,120.0,hematopoietic_stem_and_progenitor_HSPC,-0.0738717921234772,0.014288572361567817,0.9825224625075035,1.0861534
TDR47_AAACCCATCACCCATC-1,48.0,macrophage,0.08274374778546051,-0.0052244116782630134,1.0177493114840057,1.5999792
TDR43_GAAGGGTGTCATGACT-1,24.0,non_specific_hematopoietic,0.25399204649078566,-0.037691541851942595,1.0600718805543103,0.14669473
TDR67_GTTACCCCACCTCTAC-1,72.0,non_specific_hematopoietic,-0.10911485469017226,-0.006821854422953716,0.9797492572017927,1.3103176
TDR52_TATTGCTCACGCGTGT-1,120.0,macrophage,-0.09095125122982252,-0.028581469531220524,0.9876035209695434,1.0714809
TDR53_TTACTGTAGGATTACA-1,120.0,neutrophil,0.20584278551627155,0.04796175718691423,1.0320800229443021,0.88858557
TDR47_TCACGCTAGACGATAT-1,48.0,macrophage_immature,0.4673361774398248,-0.03623000601575507,1.1059594476950743,1.7347571
TDR52_GCGGATCAGCGCTTCG-1,120.0,erythroblast,0.26315545030060317,-0.046363382459774616,1.0638599608895927,1.044283
TDR73_CGGGCATCATCCTATT-1,240.0,erythroblast,-0.05560599083107102,-0.05163003777024315,,
TDR71_AGACTCACACAGTACT-1,240.0,erythroblast,-0.10568062550809679,0.01921792242774001,,
TDR74_AGTTAGCCAGAGCCCT-1,240.0,non_specific_hematopoietic,-0.09733760827121327,0.012683868408203125,,
TDR28_GAGGGTACACGTCTCT-1,19.0,non_specific_hematopoietic,0.15846159431041268,-0.021094519223056052,1.0365638190758146,0.026145617
TDR52_ATGACCATCCGTGTAA-1,120.0,neutrophil,-0.08021507770633202,0.1187883337146802,0.9609809605948716,1.0437548
TDR74_ATCACTTGTTATTCCT-1,240.0,hematopoietic_stem_and_progenitor_HSPC,-0.016435331863453334,-0.04293741388981279,,
TDR46_AGTCATGCAACCTATG-1,24.0,macrophage,-0.0032529103955896976,0.019885476020735204,0.9953830139170877,3.1149082
TDR71_GTTCATTCATCGATAC-1,240.0,hematopoietic_stem_and_progenitor_HSPC,-0.06017885632843141,-0.058570524888594044,,
TDR51_AAGACAATCTTGAGCA-1,120.0,neutrophil,-0.007591380157382449,-0.04509375278372567,1.007528673542235,0.9739299
TDR53_TCCTCGAAGAGGGCGA-1,120.0,erythroblast,0.21647839712595607,-0.036530884759629595,1.051904001029203,1.1408432
TDR44_TGATTTCAGCAAATCA-1,24.0,erythroblast,0.21147015440870806,-0.029888301399914857,1.0494557444450066,0.09390513
TDR74_ACTTAGGCACGGCACT-1,240.0,macrophage_immature,0.4790315338658394,0.05100647659629373,,
TDR53_AGTTCCCAGGTAGCAC-1,120.0,macrophage,-0.005988046790630974,0.012152483561828575,0.9963784675539988,1.0663248
TDR43_CATAGACAGTGACCTT-1,24.0,macrophage_immature,0.24971186452365135,-0.026006796381771724,1.0566924844764736,3.3533685
TDR71_CAATCGATCCTTCTAA-1,240.0,hematopoietic_stem_and_progenitor_HSPC,-0.08740376948115224,-0.0033772298871223155,,
TDR67_GCATCTCTCGGCCCAA-1,72.0,erythroblast,-0.08232056499331908,0.01906852164194267,0.9799263949549302,0.08966707
TDR67_CGGGTCACAGAACTTC-1,72.0,macrophage,-0.15899310054084065,0.008045132161466517,0.9671442262222296,1.2946855
TDR43_TTGATGGTCATCGCAA-1,24.0,erythroblast,0.49809253987536073,-0.04661074135166564,1.11509617438418,0.070283756
TDR52_AGGATCTGTAGGCTGA-1,120.0,erythroblast,0.1080355249114043,0.07280247491722905,1.007071495774183,1.1224529
TDR52_GATGATCAGAGCATTA-1,120.0,erythroblast,0.2700821653873171,-0.044287560514653816,1.0648925959263964,1.085947
TDR44_TTTATGCCAAATCAAG-1,24.0,erythroblast,0.23143476607920416,-0.04971279268679411,1.0578404426921366,0.13809626
TDR73_AAAGGATAGTGCGTCC-1,240.0,hematopoietic_stem_and_progenitor_HSPC,-0.10934934821091154,0.03937132820543013,,
TDR74_GGAGAACTCCATCTCG-1,240.0,erythroblast,-0.0795422927203012,-0.016205020156907446,,
TDR74_GTGCTTCAGCAACAAT-1,240.0,microglia,-0.11425605176017764,0.004142653986899614,,
TDR51_ATGGGTTAGATTACCC-1,120.0,erythroblast,0.10929246001191192,-0.07219687265794378,1.0369646775677768,1.1272681
TDR70_GGTTCTCAGATAGTGT-1,72.0,microglia,-0.1316724668009699,0.03916141082059296,0.9664103176094343,1.3357497
TDR74_GTGTTAGCATGCCGGT-1,240.0,neutrophil,-0.10042485151995073,-0.013419252790818598,,
TDR44_AAAGGTAAGTCAGCCC-1,24.0,non_specific_hematopoietic,0.17064229355902713,-0.010650094708510777,1.0369238334944535,0.07697893
TDR74_CCTGCATAGGGTACGT-1,240.0,hematopoietic_stem_and_progenitor_HSPC,0.35188957171700286,0.0218342762126503,,
TDR47_GTTACGAGTCAGTCCG-1,48.0,macrophage_immature,0.07420247204620438,-0.05876926625856326,1.026951133128457,1.6849189
TDR43_GGTAGAGAGAGAGCAA-1,24.0,erythroblast,0.20243123695986887,-0.013171467036248788,1.0440637395433552,0.094913885
TDR44_GAGGGTAGTCGAACGA-1,24.0,non_specific_hematopoietic,0.12458960314534268,-0.0749359052794247,1.0407120076900966,0.085558206
TDR70_CTAACTTTCTATCACT-1,72.0,erythroblast,-0.023972129748233928,0.03157760171690617,0.98895154124189,1.4121578
TDR43_TAGACCAAGAATCGAT-1,24.0,erythroblast,0.2695749758295133,-0.027818730615891255,1.0612831992269847,0.16691348
TDR44_TTAGTCTCACGCTTAA-1,24.0,erythroblast,0.2660864936471192,-0.0348870470136068,1.0620433148850663,0.14688554
TDR74_TACCGGGAGGCAGCTA-1,240.0,macrophage,-0.11582627734950404,-0.022521824460482648,,
TDR52_CACGGGTTCACCTGTC-1,120.0,macrophage,-0.11811079272006733,-0.002814623084813131,0.9772045983930099,1.0437945
TDR74_GCACGGTTCGTTCTCG-1,240.0,microglia,0.23398264496455606,-0.002354085285434515,,
TDR51_CATAGACCAACGGTAG-1,120.0,non_specific_hematopoietic,-0.13202277253031247,-0.0602388954648905,0.985745791656238,1.1030219
TDR54_AGACCATGTTACAGCT-1,120.0,innate-lymphoid-cell,-0.06708770165076622,-0.02991559962335609,0.9925931465408422,1.0991561
TDR46_CTATCTAAGTGCACTT-1,24.0,erythroblast,0.2724946940774883,-0.06547418782228562,1.069930589111009,0.58988225
TDR43_TCTTCCTTCCTAAGTG-1,24.0,erythroblast,0.16508778082467193,-0.043702226650055805,1.0426421303811717,0.29704198
TDR71_GAAACCTAGTGGATTA-1,240.0,non_specific_hematopoietic,-0.0037007376158055966,-0.05239464455372661,,
TDR43_CACAACAGTCAAAGCG-1,24.0,erythroblast,0.213260959811309,-0.02699802898298459,1.0492250014205675,0.26587266
TDR72_ATCGTGACAAACTAGA-1,240.0,neutrophil,-0.11987666638802534,0.03377651886727562,,
TDR43_ACATTTCCACACAGAG-1,24.0,erythroblast,0.2735279676747363,-0.03012748501726971,1.0626131290393346,0.10841677
TDR44_CCTATCGCAAATTGGA-1,24.0,erythroblast,0.168669116945195,-0.039181941117385474,1.0424463511213489,0.06847862
TDR46_AACGGGACAGTAACAA-1,24.0,erythroblast,0.1342840503952235,-0.01769047300468768,1.0308615456316028,0.054833125
TDR71_TTGAACGAGTTGGAAT-1,240.0,hematopoietic_stem_and_progenitor_HSPC,-0.08532629767800887,-0.01348063194553377,,
TDR74_GATCCCTAGCGCCGTT-1,240.0,macrophage,-0.12923625321293558,-0.055022593025744,,
TDR46_TACGCTCAGGTTGGAC-1,24.0,neutrophil,0.08994565801581872,-0.035737643111347195,1.0254552498947773,2.8079782
TDR51_GTGCTTCGTAAGGCTG-1,120.0,macrophage,-0.0756329719377249,-0.020629220154742292,0.9890595366277426,1.0762119
TDR74_AGGCTGCCATCGCTCT-1,240.0,hematopoietic_stem_and_progenitor_HSPC,-0.1310814527824524,0.009322481646821895,,
TDR40_TCGAAGTGTACTAACC-1,16.0,erythroblast,0.2574987037530726,-0.02258178999650498,1.057614709874283,0.010966993
TDR51_TGTACAGCAGGCGATA-1,120.0,neutrophil,-0.07130391985229703,-0.057855526542254065,0.997313935282801,1.098393
TDR48_CCTCATGAGAGCTGAC-1,48.0,erythroblast,0.1457756890436117,-0.02024916814209246,1.0337624092936042,1.4514571
TDR71_CAATGACAGTAAACGT-1,240.0,non_specific_hematopoietic,0.17101635180021585,-0.04363919945730679,,
TDR52_GTGATGTAGCCAGTAG-1,120.0,erythroblast,0.1449405495868107,-0.04421584790455547,1.038555992407473,1.1250869
TDR53_TTGTTCATCTAGACCA-1,120.0,macrophage,-0.10266136815144834,-0.023320679119435694,0.9842570977986878,1.020399
TDR51_GCCAGGTTCTCTTCAA-1,120.0,hematopoietic_stem_and_progenitor_HSPC,-0.06032099163966621,-0.09438913103974897,1.00683689345343,1.1122034
TDR54_ATCATTCGTCCACAGC-1,120.0,macrophage,-0.10258918911684037,0.08642283729884936,0.9629031866773365,1.0025812
TDR71_CATACCCAGATGTTCC-1,240.0,innate-lymphoid-cell,-0.10913938384812669,-0.04697560688147798,,
TDR68_TTGCCTGGTTAAACAG-1,72.0,erythroblast,-0.07176306391580499,0.019876860574055792,0.9818389511940767,0.724042
TDR72_TTGTGTTGTTAGGAGC-1,240.0,hematopoietic_stem_and_progenitor_HSPC,-0.06190350081894422,0.0558789668387773,,
TDR47_CATACCCGTACGAGTG-1,48.0,erythroblast,0.029645687108419513,-0.05692289410517924,1.0174644673919386,0.45282143
TDR45_AAGAACACATGAGATA-1,24.0,erythroblast,0.21031877478354463,-0.0705968521003498,1.0577913744452268,0.32360882
TDR44_ACACCAACAAATGGAT-1,24.0,erythroblast,0.30038299972390037,-0.014184509754436858,1.0649347204127577,0.26250613
TDR46_TGATGCATCCGATTAG-1,24.0,macrophage,0.046889030319752195,-0.045043870702713845,1.018556654130522,3.1413498
TDR43_GTCGCGAGTAGCCCTG-1,24.0,erythroblast,0.19312670656038383,-0.04891066313173845,1.0495982521348368,0.054890677
TDR44_TACTGCCGTCCAGGTC-1,24.0,erythroblast,0.12547064561110277,-0.045355872063629094,1.034755641356736,0.101052076
TDR69_TCCTTCTTCCCTATTA-1,72.0,erythroblast,-0.07979617226392703,0.04245802029063481,0.9758456617650414,0.5406821
TDR71_TGCATCCTCTAAGGAA-1,240.0,hematopoietic_stem_and_progenitor_HSPC,-0.030364415124820007,0.03348416214787825,,
TDR54_TACAGGTTCCTGTTGC-1,120.0,neutrophil,0.1604806428243366,-0.015293914274828957,1.035780150545929,1.1040556
TDR70_GTAATGCAGGCGACAT-1,72.0,hematopoietic_stem_and_progenitor_HSPC,-0.12245152191962261,-0.031798000304979215,0.9820326680546269,1.5257556
TDR72_TATCGCCCACCAGTTA-1,240.0,non_specific_hematopoietic,0.02698134478746822,0.057604382771416746,,
TDR46_GCCATTCCATCATTGG-1,24.0,macrophage,0.008307525402368426,-0.08299706152415826,1.0184286674716119,3.2703707
TDR44_GAGCTGCCAGCAGTAG-1,24.0,erythroblast,0.11178522398643284,-0.059185541642332876,1.0347854940641914,0.040158838
TDR44_CTGTGGGTCCAAACCA-1,24.0,erythroblast,0.1926354971055192,-0.08120790266312392,1.0562962439166372,0.13719575
TDR44_AACAAAGTCATTTGTC-1,24.0,erythroblast,0.2471579156584746,-0.05491612793230845,1.062277096967885,0.118508585
TDR43_TCGGGCAGTTGCATCA-1,24.0,macrophage_immature,0.29572328545809573,0.015566987883833483,1.0576307442438388,3.4021819
TDR74_GTAAGTCGTCATAAAG-1,240.0,hematopoietic_stem_and_progenitor_HSPC,-0.07437567643768092,-0.018515534255047747,,
TDR74_GAGATGGCAGCAGTGA-1,240.0,innate-lymphoid-cell,0.027031724090311432,-0.0020296697775266936,,
TDR44_CTACTATGTCGATTTG-1,24.0,erythroblast,0.22789622274280769,-0.030211597505079055,1.0529771826825354,0.10186115
TDR52_AGGACGATCCCTAGGG-1,120.0,neutrophil,-0.0849000217231087,0.008418949329910663,0.9815092958845204,1.0772197
TDR54_ACATCCCCAATGTGGG-1,120.0,macrophage,-0.05860114001069475,0.025200944527847685,0.9833792574575472,1.0364958
TDR69_ACCTGTCCATCAGCTA-1,72.0,erythroblast,-0.03134800716243499,-0.016412845620274605,0.9970174244339914,0.47563565
TDR71_GCCATGGGTTGGTACT-1,240.0,hematopoietic_stem_and_progenitor_HSPC,-0.08121700294219576,0.0003076439190473901,,
TDR52_TCTAACTAGCATCTTG-1,120.0,neutrophil,-0.0582416995908797,-0.02389787872568358,0.9931547718689214,1.0894867
TDR51_ATTGGGTCACACACTA-1,120.0,neutrophil,-0.04549947844917704,0.011849639112438748,0.9885957041438833,1.0774198
TDR50_ATTGGGTCACAAGTTC-1,48.0,macrophage,0.01207370305764599,-0.04914952495439809,1.0123199181903462,1.5247638
TDR47_TATCAGGAGACGAGCT-1,48.0,macrophage_immature,0.14418858531262801,-0.00032694238651459484,1.029324853767001,1.6484222
TDR74_GCACGTGTCGCCGTGA-1,240.0,hematopoietic_stem_and_progenitor_HSPC,-0.0868936676222487,-0.01888003543827141,,
TDR44_TTTCACAAGCTGAAAT-1,24.0,erythroblast,0.255535964421599,-0.06323950212614804,1.0658313375695312,0.07269372
TDR40_TGTGAGTAGCGATCGA-1,16.0,macrophage,-0.09988035198716913,0.0034852713842387084,0.9795390994066924,3.5326252
TDR43_CGAAGTTCAGCTGTAT-1,24.0,non_specific_hematopoietic,0.14904004242784696,-0.060385007917145156,1.0427745632812777,0.13626732
TDR51_TTGTGTTAGATTGTGA-1,120.0,neutrophil,-0.07552867046964404,-0.006345747109708519,0.9862587008838828,1.0730293
TDR71_CCGCAAGAGTATGGCG-1,240.0,macrophage,-0.1517991433512252,0.05375889815506088,,
TDR53_GACACGCCATTATGCG-1,120.0,erythroblast,-0.027040903485991127,-0.048116098343526176,1.0042239347425552,1.1360958
TDR46_CAATGACCACTGCATA-1,24.0,erythroblast,0.31162322842134815,-0.03934054379813849,1.072714931897682,0.04531983
TDR67_ATTTCTGGTGCAGGAT-1,72.0,hematopoietic_stem_and_progenitor_HSPC,-0.135597000136779,-0.055301936224334935,0.9840692456773875,1.5262399
TDR52_ATACTTCTCCAACACA-1,120.0,erythroblast,0.23270020860915058,-0.006292856833785054,1.048959387360665,1.1327308
TDR51_TGTTGAGGTCACCTTC-1,120.0,erythroblast,-0.04344063930390128,-0.026792042241324296,0.9966758179555021,1.0343267
TDR44_CGCATGGTCAGCCTTC-1,24.0,non_specific_hematopoietic,0.21034569417623647,-0.026658220439589417,1.0485421626718567,0.1698825
TDR46_ACACAGTGTACGATTC-1,24.0,erythroblast,0.34379295229980744,-0.030757730645769976,1.0777872928903547,0.09653755
TDR51_GTTGCTCTCGCTTGCT-1,120.0,macrophage,-0.13367119002760502,-0.03736857541197422,0.9809237758217498,1.0783117
TDR73_GTGCTGGAGTAAAGCT-1,240.0,innate-lymphoid-cell,-0.07332328846396245,-0.04588255022267021,,
TDR51_TTGATGGCAGAGTGTG-1,120.0,macrophage,-0.05477173597292792,-0.07063604258620731,1.0031779001749261,1.105835
TDR47_TTAGGCATCCATTCAT-1,48.0,non_specific_hematopoietic,0.06699674513290815,0.0082109984184425,1.0118265362874823,1.5659585
TDR52_TTCCGTGTCTACGCAA-1,120.0,erythroblast,0.0994287427229667,-0.07946223260507876,1.0364259366074227,1.0241407
TDR74_TGCACGGAGCTCCCTT-1,240.0,erythroblast,-0.05914685095071287,0.05077094489121655,,
TDR74_TAACACGCATTGAAAG-1,240.0,erythroblast,-0.026059949101568856,0.03238162351947156,,
TDR43_GAATCGTTCTCGGTAA-1,24.0,neutrophil,0.18235185416144212,-0.008760625037594116,1.0389623719692807,3.3697536
TDR51_GATGATCCAGTTGCGC-1,120.0,macrophage,-0.09104575967430173,-0.07495013629628712,0.9967860511508692,1.0723107
TDR45_CCTCCTCCACCTATCC-1,24.0,erythroblast,0.23340475046728903,-0.02158742224856594,1.0523212459184337,0.12774472
TDR46_CTCATTAGTATGGAGC-1,24.0,erythroblast,0.23923747391973774,-0.07375460875910965,1.064599227930269,0.022697276
TDR52_GGAGATGCATACCAGT-1,120.0,macrophage_immature,0.21806785593792175,-0.008034508009463676,1.0462585060135225,1.1388148
TDR45_CAGGTATCATATCTCT-1,24.0,erythroblast,0.42448421527545577,-0.05967372345527654,1.1016748224570405,0.058681503
TDR46_CCTTTGGGTCACCGCA-1,24.0,erythroblast,0.29493812265390607,-0.06887243245790803,1.0754746629130727,0.104679555
TDR72_GTGCGTGCAGGCCTGT-1,240.0,microglia,-0.12645553785963556,0.0047897406950217075,,
TDR73_CATCCGTTCCTGCTAC-1,240.0,non_specific_hematopoietic,-0.03160439839316215,-0.0616580409768187,,
TDR43_CATAAGCAGTCAACAA-1,24.0,neutrophil,0.1912155986820454,-0.011145661866479334,1.0413024153564554,1.6134844
TDR73_GTAGAGGTCGAGGCAA-1,240.0,hematopoietic_stem_and_progenitor_HSPC,-0.08390410651079556,-0.02980278553146222,,
TDR74_TGCTCCATCGCCAGAC-1,240.0,erythroblast,-0.08821068115723439,0.045373866331558106,,
TDR52_GGGTTTAAGAAATTCG-1,120.0,erythroblast,0.20770166447471972,-0.052947284198869515,1.0535124687441826,1.1932341
TDR47_CTTTCAAGTCGTGCCA-1,48.0,non_specific_hematopoietic,0.14760907505756862,0.029362460457376435,1.0239311857263005,1.6243756
TDR71_AGCTTCCCACTTTATC-1,240.0,erythroblast,-0.024576907307742667,0.008781838148304424,,
TDR74_TTGCGTCGTACAGTAA-1,240.0,hematopoietic_stem_and_progenitor_HSPC,-0.10057126343629484,-0.09087269578450992,,
TDR54_GTCGTAACAACGAGGT-1,120.0,macrophage_immature,0.16100349845467032,0.024507798754394683,1.0276751754778581,1.1090947
TDR71_AGGTTGTGTGAGTGAC-1,240.0,neutrophil,-0.12487198690102239,-0.04474864963300114,,
TDR43_GTATTGGGTGCAACAG-1,24.0,non_specific_hematopoietic,0.1935543624380776,-0.07353489768805839,1.0548703327467255,0.08170907
TDR51_ATGGATCTCCTTCGAC-1,120.0,erythroblast,-0.04433302286389662,0.10216019298207421,0.9711264008899578,1.0235949
TDR72_TTCCACGCATCGTTCC-1,240.0,erythroblast,-0.05539957299865876,0.08607509746643655,,
TDR71_ACAAGCTAGAGATGCC-1,240.0,hematopoietic_stem_and_progenitor_HSPC,-0.058133587525579,0.050616335241754906,,
TDR52_CGGGACTTCCGCGATG-1,120.0,microglia,-0.08663961904366535,-0.026552033949077486,0.9880544049426364,1.0391622
TDR48_CCCAACTTCCGGCAGT-1,48.0,erythroblast,0.03518521301728442,-0.024598600079919847,1.012028530457377,0.6069125
TDR72_CAGTTAGAGTGTACCT-1,240.0,erythroblast,-0.06554967025490607,0.021700554359874225,,
TDR71_TTTATGCGTTCGGCGT-1,240.0,hematopoietic_stem_and_progenitor_HSPC,-0.09064949216561347,-0.03171129375136289,,
TDR74_TCTAACTCATGTCAGT-1,240.0,erythroblast,-0.0911195158383877,-0.08282755039356372,,
TDR29_TGATTTCGTGGTGATG-1,19.0,hematopoietic_stem_and_progenitor_HSPC,0.30902047525924,-0.05827917632913307,1.076225411797536,0.04031186
TDR74_TCAGCAAAGACAGCGT-1,240.0,neutrophil,-0.09502061430558041,-0.040173693235625654,,
TDR72_TATTCCAAGAACTTCC-1,240.0,macrophage,-0.1650352896121694,0.015624481442789856,,
TDR44_TCCATGCCATCCGGCA-1,24.0,non_specific_hematopoietic,0.20159016880015543,-0.021986229024263587,1.0457300767957804,0.093543224
TDR51_CCACTTGCAGCTACAT-1,120.0,neutrophil,-0.08602621925343708,0.004061166790948395,0.9821438670747883,1.0583204
TDR47_GCATGATAGTGACACG-1,48.0,macrophage_immature,0.2870069088631566,0.015753948234193627,1.0557491314283676,1.6749378
TDR70_GTGGAGACACTCAAGT-1,72.0,non_specific_hematopoietic,-0.10648941473393672,-0.032303853183424866,0.9852724152805966,1.2761856
TDR74_TGTAACGCAATCTCTT-1,240.0,erythroblast,-0.08029391089454653,0.025706138331852993,,
TDR43_AAACGAAGTACTCCCT-1,24.0,non_specific_hematopoietic,0.27069770793866993,-0.0269770116749721,1.0613428478140152,0.3219324
TDR19_TCATACTGTGTTTACG-1,14.0,macrophage_immature,0.18090063330064005,0.018623553740357568,1.0329878372967194,8.5477296e-13
TDR44_GTCATTTTCATCCTAT-1,24.0,erythroblast,0.32993077722523334,-0.09004059070806253,1.0876226656140513,0.156173
TDR71_CACTTCGTCATCACCC-1,240.0,erythroblast,-0.028644293775350715,0.03348719964920675,,
TDR51_GATGATCTCATGGTAC-1,120.0,macrophage,0.09631594342948249,0.03360931475317358,1.0126202979543155,1.0972496
TDR39_GACTCAACACACACGC-1,16.0,erythroblast,0.2834329177447544,-0.07697629237520522,1.074743299631447,0.0016517488
TDR74_GTGACGCAGTAACGTA-1,240.0,non_specific_hematopoietic,0.15395569868438938,-0.014545396394263777,,
TDR53_CAAAGAAAGCTATCCA-1,120.0,macrophage_immature,0.3689789361109824,-0.04407251156342651,1.0861184543328004,1.1726665
TDR52_CAGGTATTCGGCCTTT-1,120.0,innate-lymphoid-cell,-0.011962325076089797,0.026421616938699016,0.9923526028788273,1.0832678
TDR29_TTACGTTAGGTTGAGC-1,19.0,erythroblast,0.2291651303445946,-0.07531846881360696,1.0627891434770549,0.08717643
TDR73_CTCAATTAGGGCTAAC-1,240.0,non_specific_hematopoietic,-0.10745837925163933,0.0022933454969143036,,
TDR42_TGCACGGTCGATGCAT-1,16.0,macrophage,-0.05885731461927432,-0.020980127255761732,0.9924531838351708,13111.355
TDR71_ACATCGATCGTGGGAA-1,240.0,hematopoietic_stem_and_progenitor_HSPC,0.08999969007331374,0.01911946681642558,,
TDR53_CCTACGTTCCACGTGG-1,120.0,macrophage_immature,0.1272315399481746,-0.056234290634376405,1.0373746703015665,1.1404104
TDR47_ATGAGTCAGAGTTGTA-1,48.0,microglia,0.13181593913160494,-0.06280854128409125,1.03969239574659,1.6329236
TDR48_GAACGTTAGGCGTTAG-1,48.0,macrophage,0.03361669260572553,0.02166548456098852,1.0023931005137927,1.5136688
TDR74_GTTACGAGTTTGGCTA-1,240.0,neutrophil,-0.13815283244897664,0.005204497648066131,,
TDR74_CTCTCGAGTGAGACCA-1,240.0,erythroblast,-0.09410246352090389,0.001401792593816245,,
TDR46_GTCTCACAGAAGATCT-1,24.0,erythroblast,0.22245293980001463,-0.06019434894340625,1.0581577852872248,0.067302614
TDR72_ATCCTATTCCTAAGTG-1,240.0,non_specific_hematopoietic,0.1068252839999827,-0.022835671869708973,,
TDR48_CTCATCGCAAAGACTA-1,48.0,erythroblast,-0.017861787712548732,-0.037805845580047265,1.0039967774703498,1.4359803
TDR52_AGCGATTAGAATAACC-1,120.0,erythroblast,0.130413521464583,-0.02374508428240872,1.0313119412953826,0.98653156
TDR52_TATCGCCTCCGTACGG-1,120.0,macrophage,-0.1049594780969923,-0.0010133481959917756,0.9794253802396523,1.0677172
TDR47_TGCACGGTCGTACCTC-1,48.0,erythroblast,0.0033760025939294225,0.005213647264981233,0.999632538596275,1.1104716
TDR51_CTCATCGCAGAGATGC-1,120.0,hematopoietic_stem_and_progenitor_HSPC,-0.08873481369901076,-0.03790831290709351,0.9898861918802279,1.0696199
TDR74_CAGTGCGTCTGTTCAT-1,240.0,neutrophil,-0.09967475771237505,-0.0761257847086179,,
TDR44_CACTGGGTCTGATTCT-1,24.0,erythroblast,0.18266807542914532,-0.03799863010085018,1.045121703281622,0.19207759
TDR67_ATCACGAGTGGAATGC-1,72.0,macrophage,-0.13051411058945486,0.01794401267108517,0.9707448411747012,1.4931395
TDR72_TGCAGATTCTTCTAAC-1,240.0,erythroblast,-0.04872185881941769,0.02293354276041798,,
TDR45_TATTGGGTCTATTCGT-1,24.0,neutrophil,0.1591759695858769,-0.017970106132044555,1.0360643078691356,2.4893303
TDR71_GCTTTCGAGTTACGAA-1,240.0,erythroblast,-0.05486392721128712,0.038964070111785085,,
TDR53_ACGTACAAGTAGGTTA-1,120.0,macrophage,-0.07664426925303228,-0.014737198830162793,0.9876949202556473,1.0595102
TDR43_GATTGGTGTAGGTTTC-1,24.0,erythroblast,0.3421048910281827,-0.03425169509390126,1.0781766390974432,0.09510008
TDR52_GATGATCAGTTCCGGC-1,120.0,innate-lymphoid-cell,-0.11395676005936918,0.024177858283042405,0.9727512095657588,1.0818728
TDR40_GGAGAACCAGACCATT-1,16.0,erythroblast,0.19970300974863353,-0.04515250728646081,1.0501900033884826,0.00077888096
TDR43_CTGAGGCGTGAGACGT-1,24.0,erythroblast,0.24582347395517978,-0.06686562386111936,1.0645347183946814,0.08890997
TDR44_TTGGTTTAGGTGGGTT-1,24.0,non_specific_hematopoietic,0.12038036704592009,-0.059942760841218114,1.0367228431384221,0.098027036
TDR74_GTCTAGACATCCAATG-1,240.0,erythroblast,-0.07090618214626543,0.05281087409023054,,
TDR74_TACTTGTTCCAACTAG-1,240.0,erythroblast,-0.07098555655430709,0.018736913776244132,,
TDR22_CAACAGTGTTCCAGGC-1,14.0,non_specific_hematopoietic,0.30460962545947573,-0.05847455555562109,1.0753184348739857,0.012130006
TDR74_CGATGGCAGAATTGCA-1,240.0,erythroblast,-0.08796302457294278,-0.027931861511431132,,
TDR43_AACAACCAGCCTGCCA-1,24.0,erythroblast,0.3809845812039865,-0.04017184360399721,1.0878804751081264,0.18316603
TDR74_ACCATTTGTACCATAC-1,240.0,erythroblast,-0.079866503009866,-0.032314071396762685,,
TDR71_TCAGGTAGTACGAGCA-1,240.0,erythroblast,-0.09594725762715292,0.012719262945223297,,
TDR47_GAGAGGTTCCCTTCCC-1,48.0,erythroblast,-0.03445747806452731,-0.016877796466927726,0.9964902373470559,0.48270398
TDR74_TAACGACAGCTAATCC-1,240.0,erythroblast,-0.0666249521210264,0.009521430369288583,,
TDR52_TCCATGCTCATGCCAA-1,120.0,neutrophil,0.24225656565660128,0.014334786661325177,1.0466392909838762,1.1257136
TDR46_AGGCTGCGTTCGGTTA-1,24.0,non_specific_hematopoietic,0.1644538724217912,-0.05272322861148795,1.0443925454793765,0.09519535
TDR28_CGTGCTTCATCTGGGC-1,19.0,erythroblast,0.2547212008315749,-0.006484449005741244,1.0536297735979063,0.016129825
TDR68_ACCATTTGTTTCAGAC-1,72.0,erythroblast,-0.04454523023668227,-0.001494842706927034,0.9914268830575383,0.758631
TDR53_CATAAGCCAATTGAAG-1,120.0,microglia,-0.15664297600851507,-0.058704975274577936,0.9806029904601832,1.0382112
TDR74_GAGACCCGTTGCTTGA-1,240.0,hematopoietic_stem_and_progenitor_HSPC,-0.08965652804855485,-0.01717049116993616,,
TDR51_TCTCTGGGTCACTACA-1,120.0,macrophage_immature,0.22784051919043213,-0.04821497422677498,1.0567636725510383,1.1700404
TDR52_GAAGCCCGTATTTCTC-1,120.0,erythroblast,0.1217654425858394,-0.02992597844609636,1.0308031794150552,0.9906625
TDR71_GGCTGTGGTGAACCGA-1,240.0,erythroblast,-0.053748648819814,0.006455177142296306,,
TDR52_TGCACGGAGACTCTAC-1,120.0,macrophage,-0.10042623751926956,-0.02401815098072979,0.9848345540909546,1.0458573
TDR43_CGTTGGGCAAGCTGCC-1,24.0,erythroblast,0.33397383578645945,-0.040977724380411265,1.0778737084295344,0.26329815
TDR47_ACTTTGTAGACGGTTG-1,48.0,erythroblast,0.2514485805048887,0.0259245820283506,1.0461374890541688,1.5639654
TDR74_CGAAGTTAGGTAAGAG-1,240.0,neutrophil,-0.13581247522763393,0.01112789910644596,,
TDR69_TCTACCGAGAAACACT-1,72.0,erythroblast,-0.0797664535236377,-0.013889687136815432,0.9869110617571027,0.5312512
TDR47_GGTTCTCTCAAGGTGG-1,48.0,macrophage,-0.14714221343935308,-0.03799292891497774,0.9784066900327587,1.5220776
TDR71_GATGTTGCATAGAAAC-1,240.0,hematopoietic_stem_and_progenitor_HSPC,-0.10238280609804516,-0.006138028473989712,,
TDR74_CATCCGTTCGAGCCAC-1,240.0,hematopoietic_stem_and_progenitor_HSPC,-0.12023933815868784,-0.047500056089154516,,
TDR46_TCGGGCAGTAAGTCAA-1,24.0,erythroblast,0.19795992755467018,-0.06179619328155354,1.0533243644873327,0.07754029
TDR46_TTTGTTGAGCCTGACC-1,24.0,non_specific_hematopoietic,0.13961785307090496,-0.03432519417965982,1.0354008117171087,0.06767953
TDR51_AGAGCCCCACCCAATA-1,120.0,neutrophil,-0.10185233776753684,-0.0580998448614017,0.9912876756026209,1.0937275
TDR29_ATCACAGGTTTAGAGA-1,19.0,erythroblast,0.305480769054265,-0.06009372779264671,1.0758541447761163,0.036870845
TDR44_TACCGAATCAACTCTT-1,24.0,erythroblast,0.20184344219430603,-0.041561049923612675,1.0498852772346077,0.06839886
TDR73_CATGCGGGTACAAAGT-1,240.0,neutrophil,-0.1208155206110704,-0.024859897308431522,,
TDR44_AAGTACCCATCCTTCG-1,24.0,hematopoietic_stem_and_progenitor_HSPC,0.05755249723570874,-0.03352903155185047,1.0183832347243864,1.3015616
TDR44_GAATCACAGAGTACCG-1,24.0,erythroblast,0.20154051345875204,-0.05703788455045805,1.0530762888752494,0.098571226
TDR70_CCTGTTGTCCACTGGG-1,72.0,hematopoietic_stem_and_progenitor_HSPC,0.1410493244342499,-0.06351937047269354,1.0417622381976932,1.539797
TDR44_TATCTTGGTACTAACC-1,24.0,neutrophil,0.11298693261073922,-0.0614214520651489,1.0354971783509197,3.369617
TDR74_TATCTGTTCATCACTT-1,240.0,hematopoietic_stem_and_progenitor_HSPC,-0.09114802352996466,-0.1094771373419114,,
TDR53_TCGCACTGTAGTCGGA-1,120.0,macrophage,-0.04092376529538426,-0.0540524320581941,1.0026291836095387,1.0801578
TDR46_TCGACGGCAAACTGCT-1,24.0,erythroblast,0.15935057534724734,-0.04309804715972017,1.0413206095590706,0.19540067
TDR74_ATGCGATCAAGAGGCT-1,240.0,hematopoietic_stem_and_progenitor_HSPC,-0.10695265651737446,-0.02018445547844093,,
TDR74_CTGTATTGTCGGTGAA-1,240.0,hematopoietic_stem_and_progenitor_HSPC,-0.0793347047247224,0.05678281947866411,,
TDR67_CCAATTTTCTCACTCG-1,72.0,erythroblast,-0.07022840525801985,0.04855230183481081,0.9765238144369197,0.06192724
TDR50_GATCATGAGACGACTG-1,48.0,macrophage_immature,0.30837386458370986,-0.09345993122872778,1.083684445999249,1.656837
TDR54_TCTATCAAGACCATAA-1,120.0,macrophage_immature,-0.11608402001414198,-0.05902702496119615,0.9886534640425945,1.0552715
TDR51_TCTACCGCACACCTTC-1,120.0,hematopoietic_stem_and_progenitor_HSPC,-0.10582480517935841,-0.057923099652964535,0.990465404160929,1.0931079
TDR47_ACTGTCCGTTTGTTCT-1,48.0,erythroblast,0.014192300682148773,-0.07446416052707217,1.0178894248533268,0.5720854
TDR52_GACATCAAGAGGTATT-1,120.0,erythroblast,0.08483487252948232,-0.013846350688801232,1.0199322919417717,1.0780205
TDR43_ATCGGCGAGGACTATA-1,24.0,erythroblast,0.20308560455422286,-0.056992617910162975,1.053392222171573,0.12787428
TDR74_TACCGAACAAAGCAAT-1,240.0,macrophage_immature,-0.12200398513616707,-0.015427804415544644,,
TDR74_CATGCTCCACTGCACG-1,240.0,macrophage_immature,0.20940861419742454,0.026121972135747573,,
TDR74_AGGGTCCGTTGTTGTG-1,240.0,non_specific_hematopoietic,0.14669275506282328,-0.05383907382486971,,
TDR51_CTTGAGAAGGCACCAA-1,120.0,microglia,-0.13166838786219134,-0.05980939559250574,0.9857309828681763,1.0510793
TDR51_TAGTGCAGTGCCTATA-1,120.0,erythroblast,0.21660758982464046,-0.007599896342922005,1.0458620747381495,1.197001
TDR74_ACCAACATCTTGGAAC-1,240.0,macrophage,0.20457129889378456,-0.0022079961247426227,,
TDR46_CGGGCATGTTCGTACA-1,24.0,non_specific_hematopoietic,0.29066060692996953,-0.051175799666715455,1.070758505864052,0.08993022
TDR43_TCTCACGGTCGCTCGA-1,24.0,neutrophil,0.29515268587987964,0.00803214122835691,1.059104891001624,2.790571
TDR74_GAGAGGTGTCATTGCA-1,240.0,erythroblast,-0.07952708326048857,0.024004825967265532,,
TDR48_GCGATCGCACTATCGA-1,48.0,erythroblast,-0.01920698749460603,0.010000404336410251,0.9941755498956729,0.7201839
TDR72_AGTAACCGTTGCTCCT-1,240.0,erythroblast,-0.08104358280189974,-0.02529896991712332,,
TDR74_CATGCAAAGCCGATAG-1,240.0,innate-lymphoid-cell,-0.1214004049600837,0.025072362815828253,,
TDR53_ACTTCGCCATAGTCGT-1,120.0,neutrophil,-0.048655701088082565,-0.09836505557411918,1.0099914554806229,1.1007413
TDR67_CTCCTTTGTATCTCGA-1,72.0,erythroblast,-0.06447061072982573,-0.002022932501038875,0.9875881349118993,0.043366093
TDR46_AAGGAATAGGCGACAT-1,24.0,macrophage_immature,0.165846361138583,-0.08180346606690206,1.0507770787417272,3.160298
TDR51_CATGCTCGTTACGGAG-1,120.0,macrophage_immature,0.2060374652486742,-0.0683162730673085,1.0564040631571112,1.1717728
TDR72_AGGGAGTGTGACCGAA-1,240.0,erythroblast,-0.06913835037552096,0.03219612785007643,,
TDR44_TCTCCGATCGCAGTCG-1,24.0,erythroblast,0.16648260351548377,-0.04244044475893276,1.0426698735388302,0.0818781
TDR73_GTTATGGAGGCACAAC-1,240.0,innate-lymphoid-cell,-0.055976922741417995,0.05102293937998437,,
TDR71_GTATTTCAGCTGGCCT-1,240.0,erythroblast,-0.06250311173247261,0.03735577618634259,,
TDR67_ACCTGTCGTCGCATGC-1,72.0,erythroblast,-0.05411210868177971,0.0163523889778125,0.9860059405176124,0.00322405
TDR53_TATTCCAGTTCAAAGA-1,120.0,erythroblast,-0.07440157015704686,-0.024830134914437085,0.9901346974794375,1.0376507
TDR53_CACTAAGCACGGTAGA-1,120.0,macrophage,-0.08000420926507554,0.05282640661914309,0.9737836520380322,1.0750588
TDR74_CTGAATGTCTGCTGAA-1,240.0,hematopoietic_stem_and_progenitor_HSPC,-0.07783539047447133,0.002749915796137592,,
TDR53_CATCCACCAATTAGGA-1,120.0,macrophage,-0.15426946762832164,0.08822898306772392,0.9526576344970372,1.0267444
TDR70_CCCTAACCACCTTCCA-1,72.0,non_specific_hematopoietic,-0.12008225351072171,-0.03212802664797215,0.9825629703113707,1.4666249
TDR72_AGTAGTCGTGCGTGCT-1,240.0,hematopoietic_stem_and_progenitor_HSPC,-0.11343422353394074,0.06996452328471554,,
TDR52_ATCCACCCACGAAAGC-1,120.0,macrophage,-0.10664580694301201,0.03660020812889997,0.9717572942116475,1.0251391
TDR68_CGAGTTAAGGGATCAC-1,72.0,macrophage,-0.12355686108317246,-0.056538284688756074,0.9866857145030732,1.4746395
TDR53_GAGTTACCAGCCCAGT-1,120.0,microglia,-0.08737370351479191,-0.0016719916144558866,0.983005717591798,1.0478662
TDR52_TCACACCTCAGCGCAC-1,120.0,erythroblast,0.1098204171287547,-0.04388301064106833,1.0312180594720877,1.1009858
TDR47_CACGAATAGCACTCAT-1,48.0,macrophage,-0.12692933826288416,-0.004660292971985225,0.975842762973683,1.5635835
TDR74_AGCCACGGTGTCTTGA-1,240.0,erythroblast,-0.052125362295485755,-0.0028393979489771334,,
TDR48_GCTCAAAGTATCCCTC-1,48.0,erythroblast,0.146728935925653,0.0002709829992846302,1.0297248087628317,1.57893
TDR53_CAATTTCGTGCACGCT-1,120.0,macrophage,-0.1403153115944157,0.0025802939666322022,0.9718253991977117,1.0528297
TDR74_GAATAGACAATAGTAG-1,240.0,neutrophil,-0.044005438843420626,0.014611108675479129,,
TDR51_TGAGGGAAGATTAGAC-1,120.0,hematopoietic_stem_and_progenitor_HSPC,0.35597680428135203,-0.011595717566792715,1.0762841473817792,1.176771
TDR44_TATCTTGGTTGTAGCT-1,24.0,erythroblast,0.13540457524567506,-0.02045564874166836,1.0316629808676887,0.093975015
TDR74_GGGAAGTTCACGGACC-1,240.0,erythroblast,-0.06414533166129718,0.005566438806997594,,
TDR51_TTGAACGGTGAGGATC-1,120.0,macrophage,-0.03792089962743256,-0.03773327111813948,0.9999624750022217,1.1057358
TDR67_ACTCCCAAGTCCCGGT-1,72.0,erythroblast,-0.08197164183433331,0.010374843978267559,0.9817002151112478,0.016590102
TDR54_TCGTGCTGTCGCTCGA-1,120.0,neutrophil,-0.12124548546721395,0.05900473474368445,0.9645920201914931,0.8067605
TDR71_TGGGTTACAGTAACAA-1,240.0,macrophage,-0.1006455595561804,-0.0009431452502887128,,
TDR43_CGTAAGTGTCAGGTAG-1,24.0,erythroblast,0.2326616028726319,-0.02990853664891667,1.053917346226525,0.21403518
TDR52_ATACCTTTCAAGGACG-1,120.0,macrophage,-0.1260276867977015,-0.12270003803558266,0.9993346916633796,1.072564
TDR71_TATCAGGCAACTGCCG-1,240.0,erythroblast,-0.052612249805721815,0.007203848401641434,,
TDR47_ACTATGGAGCGAGGAG-1,48.0,macrophage,0.20698949086866053,-0.006328375571143935,1.0435867453284267,1.6293209
TDR48_TTCGATTTCTCTGCCA-1,48.0,macrophage_immature,0.056955735614953845,0.017782149363511107,1.007865488957531,1.6106306
TDR47_TTGCGTCTCCGTAGTA-1,48.0,non_specific_hematopoietic,0.05335687284688395,-0.01270292308211518,1.013299622762327,1.6315919
TDR46_ATTACTCGTAAGATCA-1,24.0,erythroblast,0.1178047178704913,-0.07113871507854534,1.0385117582291896,0.23823807
TDR52_CATGAGTAGGAGAGGC-1,120.0,neutrophil,0.0046121149410603135,0.013318412865737539,0.9982602555280063,1.0912421
TDR53_CAGTTAGTCTTCGCTG-1,120.0,non_specific_hematopoietic,0.03464720155867809,-0.0482012273416811,1.0167077243883706,1.1240531
TDR74_CCGTTCATCACCTTGC-1,240.0,erythroblast,-0.06600922028729285,-0.04421715181614849,,
TDR53_GAGTTTGGTTTACCTT-1,120.0,hematopoietic_stem_and_progenitor_HSPC,0.1283832653745052,-0.02445882658003737,1.0310404297628124,1.118458
TDR53_GCTGGGTGTCACATTG-1,120.0,macrophage,-0.17912864048907998,0.05780555059112531,0.9537183915009704,1.0407854
TDR70_ATAGAGAGTACGAAAT-1,72.0,erythroblast,0.24743145085355553,-0.029902688930959903,1.057033952515017,1.5693295
TDR71_AGTTCGAGTACTGAGG-1,240.0,erythroblast,-0.06455615212606147,0.0070321892642616485,,
TDR43_ACCAACATCCATAGGT-1,24.0,macrophage_immature,0.26964630809436074,-0.03604664805110781,1.063046232862417,0.06358152
TDR72_TATGTTCAGTCACACT-1,240.0,neutrophil,-0.14525382461312514,-0.008107000311023738,,
TDR46_GCGTGCAAGATCGCTT-1,24.0,erythroblast,0.14155951029812644,-0.09109150128408074,1.047629719435025,0.29236037
TDR52_CGGAATTTCATTGTGG-1,120.0,erythroblast,0.242205734797151,0.034914508661914104,1.0423296387054244,1.1260866
TDR54_TGCGGCACACCGGTCA-1,120.0,macrophage,-0.17590115023918734,0.040040900229895815,0.9577309268932357,1.0066881
TDR51_TGGGTTAGTGATACCT-1,120.0,erythroblast,0.08156682270580295,-0.06530007846369515,1.029809033037412,1.0995758
TDR51_GTGCACGGTGTATCCA-1,120.0,erythroblast,0.2166192757272068,0.047971133704602695,1.034304922248412,0.9907133
TDR74_CACACAACAACTCGAT-1,240.0,neutrophil,-0.08914936231881959,0.041285286778989044,,
TDR48_GGTGAAGAGTATAGAC-1,48.0,microglia,-0.06730206605210019,-0.02720920052889271,0.9920134898956033,1.6405095
TDR70_GGGACTCCAAGCGCTC-1,72.0,macrophage,-0.12243974456581189,0.025526653101414803,0.9708403138858583,1.5237435
TDR74_CAGCCAGGTCGATTCA-1,240.0,microglia,-0.15106831214688565,0.1447826238070133,,
TDR54_GAGTGAGAGATTACCC-1,120.0,macrophage,0.12419856703761731,-0.030936452821576976,1.0315133584681124,1.1383939
TDR47_ATCAGGTGTACCCAGC-1,48.0,macrophage,0.10675628578269875,-0.04251567625065229,1.0303045028718896,1.6278912
TDR74_CCGTGAGCATCGATAC-1,240.0,neutrophil,-0.1126258316723993,0.04082696538936431,,
TDR40_ATCGTAGTCCAAAGGG-1,16.0,hematopoietic_stem_and_progenitor_HSPC,0.22213654482275025,0.017378041261764093,1.0418017860459934,0.0031835763
TDR51_ATTCTTGCAGGCTACC-1,120.0,neutrophil,-0.11057716630340335,-0.08770729646974525,0.9954364707215471,1.0298666
TDR46_AGTTCGAAGCAGTACG-1,24.0,erythroblast,0.23159653777811415,-0.032115153004517824,1.05415799383177,0.024501454
TDR48_CTTACCGCATCGCCTT-1,48.0,hematopoietic_stem_and_progenitor_HSPC,0.15677860540210203,0.011053561140501683,1.0295738809777963,1.684294
TDR73_GCTCAAACAGTTACCA-1,240.0,macrophage,-0.1046816691558026,-0.013128838997276251,,
TDR51_TTCACGCGTGACATCT-1,120.0,erythroblast,0.07545163235683672,-0.0649091561379384,1.0284698937649837,1.0962443
TDR18_GATGATCGTAGCCCTG-1,14.0,erythroblast,0.2139303107010691,-0.06124225893906221,1.0565770806715136,0.004456041
TDR45_TACGGGCCATCACCAA-1,24.0,non_specific_hematopoietic,0.22625020521556297,-0.044589198089964074,1.0556618124825536,0.19057356
TDR45_ACCCAAAGTGCAACAG-1,24.0,erythroblast,0.3949237053486706,-0.0981191344883131,1.103634217214069,2.6996105
TDR74_GATCGTACAGGCATGA-1,240.0,erythroblast,-0.07654759636131214,0.04161240193258993,,
TDR44_CAGATACTCTCCTACG-1,24.0,erythroblast,0.33468311590014893,-0.06567076746008439,1.083363741841819,0.23640867
TDR44_CGATCGGGTTTACGAC-1,24.0,macrophage,0.040369026826851534,-0.03970830260075617,1.0161444008575449,3.033539
TDR28_GTAATGCTCCAATCTT-1,19.0,erythroblast,0.25118897869933055,-0.039889124472552065,1.0599435167659632,5.04483
TDR52_CTGTACCGTTGAATCC-1,120.0,erythroblast,0.2784808697028497,-0.040897112473709515,1.0659597813160249,1.0025136
TDR74_CTCCGATCAACACAGG-1,240.0,erythroblast,-0.08715065477531908,0.019065158058735737,,
TDR71_GGGCTACGTCACAATC-1,240.0,erythroblast,-0.09812916697209251,-0.011441192445227746,,
TDR71_GGGAGTACAGTCAGAG-1,240.0,innate-lymphoid-cell,-0.1276847899477216,0.038458947654187656,,
TDR68_CAATCGATCATTATCC-1,72.0,erythroblast,-0.0723595401513133,0.016117463749196023,0.9824602434099844,0.67008483
TDR70_TCATGCCGTCACCGCA-1,72.0,erythroblast,0.09521850613884,-0.099209713411152,1.0396515863615925,1.4553913
TDR53_ACTATTCCACATACGT-1,120.0,microglia,0.06282890743434325,0.05990873250792378,1.0005842055669227,1.0848007
TDR53_TGGGATTTCTGTCCGT-1,120.0,macrophage,-0.06597313653855098,0.03997425769390245,0.9790334408665549,1.0533236
TDR44_TTCCTAAAGCGTGAGT-1,24.0,erythroblast,0.10329809709162482,-0.018000751813764676,1.024556432124982,0.08347931
TDR44_AGGACGAGTAGACTGG-1,24.0,hematopoietic_stem_and_progenitor_HSPC,0.13554342993197008,-0.044263853543046586,1.0366158911184669,3.1110783
TDR72_CGGCAGTAGAGGTTAT-1,240.0,erythroblast,-0.05657947996528203,-0.011655062645017877,,
TDR54_ACGTTCCAGTAGAGTT-1,120.0,macrophage,-0.1159398142349658,0.05162728939783298,0.9670419327389616,1.0161496
TDR73_GGAGAACTCTCGAGTA-1,240.0,non_specific_hematopoietic,-0.046617009585961364,-0.03714291334664124,,
TDR28_GGTCTGGGTCGCTTAA-1,19.0,non_specific_hematopoietic,0.02649227004072352,-0.029063967754939392,1.0111732067389114,0.0063778204
TDR51_TCCTTTCCAGCGACAA-1,120.0,erythroblast,0.09304455789684074,-0.057277599906511864,1.0305209298863134,1.0909302
TDR71_TGCACGGTCCACTGAA-1,240.0,hematopoietic_stem_and_progenitor_HSPC,-0.11922158139598191,-0.0701541831527931,,
TDR41_GCTACAAAGGCATCGA-1,16.0,hematopoietic_stem_and_progenitor_HSPC,-0.016232250751225474,-0.04740634427810317,1.0062542956448763,0.17074111
TDR44_GAAGAATCACGTCTCT-1,24.0,non_specific_hematopoietic,0.14737259567140132,-0.059927149991226406,1.0423314147381189,0.05137599
TDR46_AGTCATGAGGATACCG-1,24.0,erythroblast,0.22987044646787302,-0.031651158775620344,1.0536963557061974,0.14891818
TDR51_GTCGTTCAGCGCCATC-1,120.0,erythroblast,0.1711089749590887,0.005792722993810784,1.0336159137866163,1.0194372
TDR54_TCCTCGAAGACTACGG-1,120.0,hematopoietic_stem_and_progenitor_HSPC,0.21774717558549508,-0.0579850896992993,1.0566953596094724,1.1655321
TDR48_ATTCACTGTACCCACG-1,48.0,erythroblast,0.03776475745679696,-0.016559959097824872,1.0109241811517067,0.66274834
TDR45_TCATTCAAGATGACAT-1,24.0,erythroblast,0.28727641829135264,-0.07752299903863485,1.0756873831996363,1.8497359
TDR44_TCTCACGTCCCTTTGG-1,24.0,erythroblast,0.21944322793819734,-0.0345781938529309,1.0521169573858866,0.081196465
TDR50_GACCCTTCAGACAAAT-1,48.0,erythroblast,0.21932870568120458,-0.034737588126878244,1.0521263995502455,1.2511424
TDR74_TAAGCACGTGGGTTGA-1,240.0,hematopoietic_stem_and_progenitor_HSPC,-0.1296629314043859,0.002202814519885271,,
TDR46_TGGTTAGTCTGAGAGG-1,24.0,macrophage,-0.0650306073599338,-0.041396200304957914,0.9952842727112833,2.917845
TDR27_GTGATGTTCAATCGGT-1,19.0,macrophage,-0.1369296829756087,-0.038824845563322385,0.9805702708969272,1.0184397
TDR42_GAGATGGGTATAGCTC-1,16.0,erythroblast,0.2228155540229499,-0.017982516311792957,1.0493381310850773,0.83940125
TDR44_CAGATACTCAGAGTTC-1,24.0,erythroblast,0.19780834529678876,-0.08336649706334243,1.0578462150457448,0.109175436
TDR43_CGTGAATCAGATGCGA-1,24.0,erythroblast,0.24780619885849317,-0.08725468317667642,1.0693084984308519,0.11450635
TDR43_CCTGTTGTCTTCGTGC-1,24.0,erythroblast,0.3013504291605761,-0.03937170035853159,1.0705199081196983,0.2303909
TDR44_AGAGAATGTGAAGCGT-1,24.0,erythroblast,0.3764858559880019,-0.04813191005125267,1.0886338409523029,0.06559031
TDR74_AAGTGAATCTTGCAGA-1,240.0,neutrophil,-0.14289096744391,9.070886314010984e-05,,
TDR74_TTTGTTGGTGTTCATG-1,240.0,non_specific_hematopoietic,0.022706928992285227,-0.043560939774485094,,
TDR51_TATTCCATCGACATTG-1,120.0,hematopoietic_stem_and_progenitor_HSPC,-0.11575068783985297,-0.012191899156800787,0.9795012575425893,1.0629052
TDR71_ACTACGATCGCACGAC-1,240.0,erythroblast,-0.038797046381176516,0.043199638877577884,,
TDR54_GACCGTGTCGCAATTG-1,120.0,erythroblast,-0.0547838517919496,-0.01962809503814321,0.9929935093623126,1.0914056
TDR46_ACCATTTCATGCCATA-1,24.0,erythroblast,0.13629457169652837,-0.01615019876087985,1.0309585021125853,0.041267794
TDR52_GGCTTGGAGATCCTAC-1,120.0,erythroblast,0.3196105512828985,-0.026706816173661996,1.0717185413789847,0.983304
TDR53_GGTGTCGTCATGCCCT-1,120.0,non_specific_hematopoietic,0.13531652950289072,-0.07194365459427805,1.0423231675182474,1.148428
TDR71_GAGTTACGTAGTATAG-1,240.0,neutrophil,-0.13280655497044802,0.042316703212817885,,
TDR54_GAGTTACAGTGGACTG-1,120.0,neutrophil,-0.09953490368129891,0.02468012611647158,0.9754630418920324,0.9349786
TDR48_GCCCAGAAGTCTTCCC-1,48.0,hematopoietic_stem_and_progenitor_HSPC,-0.05191447256340878,0.02804193417359216,0.9841359003569069,1.6451792
TDR54_AAGTCGTCAGTGACCC-1,120.0,macrophage,-0.0016278710557427467,-0.03223698892967074,1.0061406002329674,1.1039084
TDR68_GAGTTACTCCGATCTC-1,72.0,non_specific_hematopoietic,0.039811638588847426,-0.054185517680177875,1.0189772531303585,1.27742
TDR53_AACTTCTGTTAGAGTA-1,120.0,hematopoietic_stem_and_progenitor_HSPC,0.2716493305407072,-0.016537450425930703,1.0593307663036735,1.14952
TDR44_GTGTTCCGTGCGTGCT-1,24.0,non_specific_hematopoietic,0.21919696808596764,-0.052123179054362645,1.0557633179438857,0.07968098
TDR74_GTTACAGGTGCAGGAT-1,240.0,erythroblast,-0.04646351332376752,-0.01655553664434231,,
TDR53_GCGGAAATCTGCGATA-1,120.0,neutrophil,-0.07565287148214751,-0.009817750493621408,0.9869192818521856,1.0623133
TDR19_AGCGCCAAGGCACTAG-1,14.0,non_specific_hematopoietic,0.0987215360189555,-0.0056348857992257195,1.0210906128505792,0.112244256
TDR46_ACCAAACCAGTGTACT-1,24.0,non_specific_hematopoietic,0.18236229056127962,-0.07112546742634304,1.0520046680310273,0.09202633
TDR73_TTGTGGAAGAGTTGTA-1,240.0,macrophage,-0.18536872281397565,0.0483115427096045,,
TDR54_TTCTAACGTAACTTCG-1,120.0,neutrophil,-0.062266334090960024,0.05876794810968258,0.9760837796574313,1.0494622
TDR44_CAAGGGAAGTATGACA-1,24.0,erythroblast,0.204501776238363,-0.04656497170319815,1.0514954085592456,0.08986352
TDR72_TTGCATTTCTCAACCC-1,240.0,neutrophil,-0.08627532203693437,0.002261439767244744,,
TDR51_AAAGGGCTCGTTATCT-1,120.0,macrophage,-0.07750099079903551,0.04583197182631274,0.9756351418573919,1.0499411
TDR72_GGAAGTGCAGTAACGG-1,240.0,non_specific_hematopoietic,0.041149280681209294,-0.0792472697014586,,
TDR52_TGTCAGATCCGTTGAA-1,120.0,erythroblast,0.11591903218787275,0.009304314995733434,1.0215519018568981,1.1336792
TDR51_ACGTTCCTCTACCAGA-1,120.0,macrophage_immature,0.2992915110664376,-0.06252661150626707,1.0750461861471725,1.1626861
TDR50_GTAGCTACAATCACGT-1,48.0,macrophage_immature,0.2004255709216984,-0.018987167028733237,1.0448596264000642,1.664819
TDR68_TTCCTTCAGTTGAAGT-1,72.0,erythroblast,-0.06299256191838333,-0.011619563775873927,0.9897780037565378,0.662473
TDR70_CTTACCGGTCACTCGG-1,72.0,erythroblast,-0.07671508989468324,0.049126060944504474,0.9751458492786774,0.5539315
TDR53_TCAGCCTGTGCTCTTC-1,120.0,erythroblast,0.4247957812445873,0.02383030683074147,1.083496265061119,1.1675402
TDR51_TCAGTGATCTGCTCTG-1,120.0,hematopoietic_stem_and_progenitor_HSPC,-0.09492141803795141,-0.07754360138570118,0.9965304694486562,1.100935
TDR71_CGGGACTTCGGTGAAG-1,240.0,erythroblast,-0.06375932656709736,-0.024588661045395935,,
TDR47_TTGTTCAGTAACATGA-1,48.0,macrophage,0.011115175905038271,-0.0007143208754043506,1.0023687003044552,1.6018548
TDR51_ATTATCCGTTTGGGTT-1,120.0,hematopoietic_stem_and_progenitor_HSPC,0.00024593089250601885,-0.060826223893506004,1.012289331765264,1.108751
TDR71_AGAACAATCATGAAAG-1,240.0,neutrophil,-0.1215387769441327,-0.07858635671536769,,
TDR71_TCATGTTAGTAAGAGG-1,240.0,hematopoietic_stem_and_progenitor_HSPC,-0.08858371987976227,-0.01723069070937873,,
TDR53_CCATAAGCAGGCGATA-1,120.0,hematopoietic_stem_and_progenitor_HSPC,0.2597019665499103,-0.028327133600518584,1.0592973596024626,1.1583706
TDR41_ACTGTGACAGAGACTG-1,16.0,erythroblast,0.31273960520220506,-0.043577191910306026,1.0738640008341032,0.0056281225
TDR72_GCTGGGTTCGTAGTCA-1,240.0,erythroblast,-0.08822359640703556,-0.04292080105470831,,
TDR41_AACGTCAAGTAATCCC-1,16.0,erythroblast,0.250228746663129,-0.06811557146278172,1.065739435232115,0.554284
TDR51_GCCAGCAAGCCAAGTG-1,120.0,hematopoietic_stem_and_progenitor_HSPC,-0.11970207978471617,-0.05752302060764577,0.9876411933347942,1.0987171
TDR69_CAGCAATAGGCTTAAA-1,72.0,microglia,-0.03839739694148561,0.0847199105218221,0.975677222915807,1.455368
TDR53_GGTTGTAAGGGACCAT-1,120.0,macrophage,-0.07638276440113156,0.0992048827154433,0.9654919358786163,1.0602816
TDR73_GTAATGCTCGACCACG-1,240.0,neutrophil,-0.08809471176335733,0.03452430997429773,,
TDR67_GAATCACTCGATTCCC-1,72.0,erythroblast,-0.058475035069327566,0.029790012412856996,0.9825018920436156,0.02967327
TDR51_CCCTAACCACGACAGA-1,120.0,hematopoietic_stem_and_progenitor_HSPC,-0.06240979787217231,-0.09173539244098428,1.0058823523993723,1.0929263
TDR53_AGACAAACAGACTGCC-1,120.0,macrophage,-0.13270209847283498,0.00617048731428671,0.9726076484154725,1.0672972
TDR74_GACACGCTCCCAGTGG-1,240.0,erythroblast,-0.0694031044401276,-0.01856794564620308,,
TDR45_TTAATCCAGCAGGTCA-1,24.0,erythroblast,0.3166528109389968,-0.03656591091882906,1.0731988246344002,0.15794839
TDR53_GTGCACGCATGTACGT-1,120.0,hematopoietic_stem_and_progenitor_HSPC,-0.06147130175962462,0.008596678542886066,0.9860841373121302,1.0719208
TDR74_TTGTGGACACAACGTT-1,240.0,erythroblast,-0.09520148985046216,-0.006358568987024776,,
TDR54_AAACGCTGTTATCTTC-1,120.0,hematopoietic_stem_and_progenitor_HSPC,-0.08341741102243264,-0.02912913671566221,0.9892010767185938,1.1026103
TDR28_GTTCGCTCAAAGTGTA-1,19.0,erythroblast,0.1666738621550119,-0.05204100923645706,1.0447138020584796,0.031794496
TDR43_GACCCAGCAAAGCAAT-1,24.0,hematopoietic_stem_and_progenitor_HSPC,-0.13860873782568087,-0.006057377854663065,0.9738380405254506,3.2023406
TDR52_TCTCTGGAGCAACCAG-1,120.0,macrophage_immature,0.3577245892829373,-0.022168994397804787,1.0789396105565032,1.1620715
TDR48_CACGAATAGTCTGGTT-1,48.0,erythroblast,-0.01610152614307421,-0.02813856683619484,1.0024103082723987,0.64663094
TDR74_CAGCACGGTATCTCTT-1,240.0,innate-lymphoid-cell,-0.10010550897751605,-0.009642187779908273,,
TDR53_CTGCGAGCAACTGCTA-1,120.0,hematopoietic_stem_and_progenitor_HSPC,0.1308690727297134,-0.012015294977496274,1.0289891098311528,1.1313729
TDR74_CTGATCCAGCCAGTAG-1,240.0,erythroblast,-0.028656724672775316,0.09808252821413982,,
TDR54_GTGTCCTCAGAGGACT-1,120.0,microglia,-0.12152325255300399,0.025555100034016537,0.971012759192208,1.0553026
TDR53_AATCGTGTCGGAGTAG-1,120.0,macrophage,-0.06910070147568581,-0.001293534945878555,0.9865301086500821,1.0850415
TDR52_CTTGAGAGTAGCACAG-1,120.0,macrophage,-0.08297533929198607,0.02469094415153794,0.9786969287088242,1.0688729
TDR39_TCATCATGTACTTGTG-1,16.0,hematopoietic_stem_and_progenitor_HSPC,-0.014934281363339241,-0.02067472649337268,1.001148748332502,3.3423133
TDR29_GTATTTCAGTAGGCCA-1,19.0,erythroblast,0.22307041639626218,-0.054961155514146334,1.057181404685895,1.0382164
TDR67_CAACGGCCAAATGATG-1,72.0,macrophage,-0.1722158105106328,-0.01729982742620806,0.9694918636823693,1.4993252
TDR47_GCCGATGAGCGATGCA-1,48.0,non_specific_hematopoietic,0.12679685074537966,0.10501881485272016,1.00436510662242,1.55866
TDR47_CTCTGGTTCTCAATCT-1,48.0,erythroblast,0.3190146211440654,-0.04231003133187164,1.0749400907536475,1.6706449
TDR51_ACTCCCACAGAAGCGT-1,120.0,hematopoietic_stem_and_progenitor_HSPC,0.05220273710846188,-0.007396241253060931,1.011991119543679,1.1012794
TDR74_CGGAATTCAACCGTGC-1,240.0,macrophage,-0.14653095613446154,-0.032981335828845645,,
TDR50_CTTTCAAAGAGAGCGG-1,48.0,macrophage,-0.010974063288620828,0.1409708088082904,0.970068128465774,1.4971794
TDR70_TGAATCGTCTTCACAT-1,72.0,macrophage_immature,-0.1188286149389187,-0.00708570700464746,0.9778992979434025,1.4099499
TDR74_ACGTTCCGTAGGCAGT-1,240.0,neutrophil,-0.08763854514203459,-0.08848844966898665,,
TDR71_TGGTTAGGTATAGGAT-1,240.0,hematopoietic_stem_and_progenitor_HSPC,0.0074987066212660325,-0.033869386615128644,,
TDR70_ACTCCCAGTGACACAG-1,72.0,erythroblast,-0.058567197221263606,-0.008080947098396699,0.9899535560600867,0.25565776
TDR74_CACTAAGCAATCCAGT-1,240.0,macrophage_immature,0.3715297679117886,0.015171117828663983,,
TDR48_TGTTCATAGCGCTGCT-1,48.0,non_specific_hematopoietic,-0.05540922726421016,-0.06462541115392746,1.001844936583074,1.5883738
TDR45_GAATCGTGTTGGTAGG-1,24.0,erythroblast,0.22796397991485623,-0.045524812358972905,1.0562213324601177,0.20989598
TDR43_AGATAGACATTCTGTT-1,24.0,erythroblast,0.2772390881507687,-0.045399129358722645,1.0666550639183876,0.26228917
TDR72_ATCCGTCGTCTTAGTG-1,240.0,erythroblast,-0.09325451515349255,-0.00930180846525018,,
TDR71_TATCAGGAGCTACTGT-1,240.0,non_specific_hematopoietic,-0.07093845530698036,-0.09074261747760537,,
TDR73_TCGCTCATCAGACTGT-1,240.0,neutrophil,0.24516465992557077,0.03436100886063875,,
TDR35_GTGAGTTCAGCTTCGG-1,12.0,erythroblast,0.32852741518713774,-0.0639729481900308,1.0816634337726319,0.03720006
TDR46_GAAATGATCCACAGCG-1,24.0,erythroblast,0.18562872279740628,-0.03845750607282196,1.0458367113639868,0.09284129
TDR73_TAGATCGGTAGTATAG-1,240.0,hematopoietic_stem_and_progenitor_HSPC,-0.06515060646905821,-0.032224147919999356,,
TDR74_CACTAAGCATCCTGTC-1,240.0,macrophage_immature,0.3899108752869723,0.057146729158574494,,
TDR51_CTTCCGAGTCCGATCG-1,120.0,macrophage,-0.05602449520442765,-0.0510954385922279,0.9990146744299087,1.1065172
TDR71_ATGTCCCGTTCTGAGT-1,240.0,neutrophil,-0.14097609821486523,0.09775216491134078,,
TDR44_ACGATCATCTGCGAGC-1,24.0,erythroblast,0.4513768246299342,-0.015520147527345568,1.0978781851335633,0.12275182
TDR43_CTACCTGCAGAGAAAG-1,24.0,erythroblast,0.4359994265025168,-0.054294948608595,1.1030277239786115,0.3191129
TDR71_TGATGCAGTTCAAACC-1,240.0,erythroblast,-0.044204758402697726,-0.003271964757082857,,
TDR44_GATAGCTCATTCCTCG-1,24.0,erythroblast,0.0838478672313672,-0.062461997511818156,1.0296943111992451,0.068820305
TDR74_GAGCTGCAGTCACTGT-1,240.0,macrophage,-0.10271104333118963,-0.04277756344676978,,
TDR74_ATTTCACGTAATGCGG-1,240.0,erythroblast,-0.10312284030550267,-0.005531299389374869,,
TDR74_GATGGAGGTCGTTTCC-1,240.0,erythroblast,-0.061191018528163325,-0.03552317227398395,,
TDR70_CTGCAGGTCGCTACAA-1,72.0,hematopoietic_stem_and_progenitor_HSPC,-0.0820848154612582,0.013554364586797873,0.9810539402053212,1.510209
TDR74_TCGAAGTAGAAATTGC-1,240.0,macrophage,-0.17094462370628885,0.01490973863176806,,
TDR73_CTTTCAAGTCGGTGTC-1,240.0,hematopoietic_stem_and_progenitor_HSPC,-0.1274141107010938,0.09598833376914663,,
TDR69_GACTCAACAACAAGAT-1,72.0,erythroblast,-0.08975235762705526,-0.030522269455259106,0.9882238701961722,0.53861743
TDR40_TTACCGCTCACTTGTT-1,16.0,erythroblast,0.23990349020368673,-0.02913278158928076,1.0552811817032763,0.0049806708
TDR74_AGCATCATCCGATCGG-1,240.0,macrophage_immature,-0.06313953278311557,-0.07890090824645242,,
TDR52_CGATGCGAGAGTGGCT-1,120.0,erythroblast,0.2753250875154947,-0.05082119400630507,1.0674037053645442,1.0165005
TDR50_GATTCGACACCGGCTA-1,48.0,erythroblast,-0.06370494788107166,0.03851823914262215,0.9797629371919943,1.4407545
TDR51_GCGATCGGTTCGAAGG-1,120.0,erythroblast,0.26409912580052897,-0.029679295585415266,1.0605161083268277,1.1612036
TDR44_GGCTTGGCAGGGAATC-1,24.0,non_specific_hematopoietic,0.3202418377157211,-0.06285696277935787,1.079631479368047,0.085584395
TDR53_CTTCTCTGTAAGATCA-1,120.0,macrophage_immature,0.12854324768843026,-0.04924854436230418,1.0361981172383263,1.1292379
TDR53_AAGAACATCTTGAGCA-1,120.0,macrophage,-0.0918500326262151,-0.03832784200700072,0.9893526504918342,1.0382868
TDR71_CCGATCTTCAAATAGG-1,240.0,erythroblast,-0.05190454802578392,0.005551471994310955,,
TDR51_CTGCAGGCACACCTAA-1,120.0,hematopoietic_stem_and_progenitor_HSPC,-0.03554224853044946,-0.04087211531589445,1.0010665417086193,1.1085031
TDR74_TGGGAGACAAGGATGC-1,240.0,erythroblast,-0.08216624556880295,-0.030765009962994118,,
TDR74_CTTACCGCAGACATCT-1,240.0,erythroblast,-0.05602503098663806,0.06245622120425705,,
TDR21_CGTGCTTGTATTCCTT-1,14.0,non_specific_hematopoietic,0.2519645195235308,-0.08400581360375184,1.0695030128767924,1.693178
TDR28_CCCAACTGTAGACGTG-1,19.0,macrophage,-0.059803161415172196,-0.0018433843705837338,0.9884749724483163,2.2063625
TDR74_AACGTCAGTGTCATTG-1,240.0,hematopoietic_stem_and_progenitor_HSPC,-0.0707743011321639,-0.11195238069763633,,
TDR42_CACAGGCGTACAAGCG-1,16.0,erythroblast,0.2407187550656709,-0.016282206508208524,1.0527441090958034,0.005209872
TDR67_TGCAGATCAGGATGAC-1,72.0,microglia,-0.16258358311878363,0.020868897757988364,0.9639744429599556,1.3935224
TDR74_GTGCAGCGTCAATCTG-1,240.0,erythroblast,0.30327154924029764,0.021787777295115163,,
TDR51_TCATTGTAGGACAAGA-1,120.0,erythroblast,0.2878544325173097,-0.0496802213559276,1.0698376743760374,1.0639678
TDR44_TCGACCTAGGCGCTTC-1,24.0,erythroblast,0.19393679484802562,-0.04399837829448559,1.0487374736257067,0.062011413
TDR74_CGGTCAGTCTTCCCAG-1,240.0,macrophage,-0.17492177390353583,0.04008965970877354,,
TDR52_GGGTTTAAGAAGCCAC-1,120.0,erythroblast,0.4023564000568203,-0.027222431928191335,1.0897145338576686,1.1366518
TDR44_CGTCAAACAGTCCGTG-1,24.0,erythroblast,0.15153608430620102,-0.051408977388247845,1.0414240051634118,0.05491083
TDR46_AACGGGAGTAGGAGTC-1,24.0,macrophage_immature,0.26046901457981264,-0.03412518908244208,1.0606891524920632,3.1909754
TDR47_CATGGATCATAAGATG-1,48.0,non_specific_hematopoietic,0.00853502579867918,-0.1057890432532347,1.0231282173926064,1.5822394
TDR54_TCATGTTAGGTGCTTT-1,120.0,macrophage,-0.11748422097212918,0.07403787258678524,0.9624199176610567,0.99810445
TDR69_GATCATGTCCCAGGCA-1,72.0,erythroblast,-0.03402853468054173,0.08332289116266142,0.9768029997740132,0.3838791
TDR73_TGTACAGAGGCTGTAG-1,240.0,hematopoietic_stem_and_progenitor_HSPC,-0.14340641776651736,0.0023013975949167237,,
TDR53_CATGCTCCATGAGATA-1,120.0,microglia,-0.07904124420824965,0.10234161992259902,0.9643735370814036,1.0370027
TDR54_AGATGCTCAGATAAAC-1,120.0,erythroblast,0.2681227609558282,-0.06010821872799228,1.0678488410639948,1.0395132
TDR46_CCTTCAGGTACAAAGT-1,24.0,macrophage,0.1886553697970324,-0.016399084849825996,1.0418634523449652,3.1610339
TDR51_ATCGCCTGTTATCTGG-1,120.0,erythroblast,-0.0181033675556172,-0.06748352940851685,1.0099249613202506,1.063291
TDR53_AGATGCTGTGACAGCA-1,120.0,neutrophil,-0.06393348398938538,-0.04161768527806477,0.9955467853541591,1.0737076
TDR48_GCAGCTGTCTTTCTAG-1,48.0,neutrophil,0.012109286527264118,-0.028670253257116723,1.0081892579790914,6.8135255e-06
TDR41_GTGTTCCTCGAGTGAG-1,16.0,non_specific_hematopoietic,0.12891074012004733,-0.01865383405168404,1.0299527370549812,6113.4595
TDR51_TGTCCACGTAGATCCT-1,120.0,macrophage,-0.11691318780028662,-0.0688239303380011,0.9904282521169303,1.0385706
TDR46_GAATCACAGACACACG-1,24.0,erythroblast,0.30029546790254447,-0.01930522649952371,1.0660072628285284,0.5167251
TDR51_TTACTGTAGTGGAATT-1,120.0,neutrophil,-0.11493833426774663,-0.0004927057510924759,0.977370843070846,1.0635775
TDR51_ACATGCAAGGTCCCGT-1,120.0,hematopoietic_stem_and_progenitor_HSPC,-0.06716784066677738,-0.10856597806200569,1.0083139983885978,1.1163001
TDR43_TCTTTGACAGATCACT-1,24.0,erythroblast,0.22774328140249964,-0.033484075124457,1.0536343477707335,0.29481924
TDR47_TGTTGGAGTGTCCGTG-1,48.0,non_specific_hematopoietic,-0.011385349724502808,-0.061903793326770484,1.0101549033234765,1.5226525
TDR49_CTGTCGTCACGGTCTG-1,48.0,macrophage,-0.17441024028291954,0.04335857755831987,0.9573810804842171,1.4817475
TDR48_AATGGCTAGCCTGACC-1,48.0,erythroblast,0.14702647635535468,0.02657965735856782,1.0243818564551292,0.9529979
TDR52_TCATGTTAGCCGAATG-1,120.0,neutrophil,-0.05895121254304114,-0.07169062753422441,1.002551131610565,1.0800697
TDR47_CCACACTGTAGTTACC-1,48.0,erythroblast,0.03290284106973648,0.018871324393804262,1.0028102446904081,1.401072
TDR47_TCAGTGAGTTTGGAGG-1,48.0,macrophage_immature,0.3742245521346843,0.06329437052122186,1.0641602987828813,1.6805402
TDR54_ATCGGATGTCTAGATC-1,120.0,neutrophil,-0.0681050348952944,-0.05251090410122995,0.9968860323272546,1.0839309
TDR48_CCTAACCCATATGGCT-1,48.0,macrophage,-0.039469627665719556,-0.028314074200452552,0.9977713763844167,1.5912659
TDR51_GATTCGAAGTGAGGCT-1,120.0,hematopoietic_stem_and_progenitor_HSPC,-0.10602801267595588,0.05483539656036589,0.9683393530126441,1.0788605
TDR44_CCCTGATTCTCTCGCA-1,24.0,erythroblast,0.20381159593954648,-0.06065352553010818,1.054316852796696,0.1309201
TDR44_AGTTCGAGTCCAGTTA-1,24.0,non_specific_hematopoietic,0.21482929180462237,-0.05473228321239247,1.0553920560488437,0.076940395
TDR72_AAGTACCGTATGAAAC-1,240.0,microglia,-0.11914035413957916,0.002138691951815208,,
TDR74_GACTCAATCCACGTCT-1,240.0,hematopoietic_stem_and_progenitor_HSPC,-0.131639111798141,0.04196799524484368,,
TDR51_CTGTGGGTCGCTCTAC-1,120.0,macrophage,-0.11199670720472715,0.011116144033893743,0.97567809248358,1.0627627
TDR74_CTCCCTCGTGAATGAT-1,240.0,erythroblast,-0.05913102382728307,-0.024138734376500895,,
TDR40_AGACACTAGGAACGCT-1,16.0,non_specific_hematopoietic,0.23755280682409524,-0.03828275517245103,1.056717190466171,0.0241998
TDR44_TTTGGAGGTTAGGCCC-1,24.0,erythroblast,0.4168616935240181,-0.037057174000763096,1.0950322046825303,0.14598535
TDR44_TAACTTCTCAACGCTA-1,24.0,macrophage_immature,0.27468328569720013,-0.005887755641230841,1.057718477033645,3.3597803
TDR51_TTTGATCCATAATGCC-1,120.0,erythroblast,-0.007252081773036101,-0.09327916217886884,1.0173542817924124,1.1224747
TDR43_TAACGACCAGCCGTCA-1,24.0,erythroblast,0.2332581568067649,-0.03569248653008486,1.055263109438354,0.13522777
TDR41_TGCGGCAAGCGGATCA-1,16.0,erythroblast,0.30228397081829983,-0.07234467259671698,1.0778040979820298,0.54128486
TDR51_GATGTTGCACTCAAGT-1,120.0,hematopoietic_stem_and_progenitor_HSPC,-0.04040514679572843,-0.036218824018026896,0.999163085852626,1.0966836
TDR54_GAGAGGTAGGAGGGTG-1,120.0,macrophage,-0.12344215516987071,-0.012914517715421348,0.9781370092603927,1.0731347
TDR50_CTTTCAAAGCTGTTAC-1,48.0,non_specific_hematopoietic,0.07416134612372277,-0.04893673698043414,1.0249251818619658,1.6656741
TDR54_CATTGTTTCTCGGGAC-1,120.0,erythroblast,0.042165887574136474,-0.01616998020833496,1.0117355004947506,1.0972718
TDR74_CGGGACTTCGCTGATA-1,240.0,macrophage_immature,0.23006187719900714,0.061726244303467334,,
TDR44_GTAACCAAGGAGGGTG-1,24.0,erythroblast,0.2130883503125678,-0.0361787792949093,1.051117018575996,0.12481074
TDR69_ATAGAGAAGGTGATAT-1,72.0,microglia,-0.15526005361772857,0.0207776716173943,0.9654050304313042,1.4141625
TDR71_ATCGTAGCACTTGTCC-1,240.0,innate-lymphoid-cell,0.10150207290075777,-0.0058975332345107545,,
TDR70_CTGTCGTTCAGCCCAG-1,72.0,hematopoietic_stem_and_progenitor_HSPC,0.14600169253712428,-0.018844983300021184,1.0335188460730014,1.5610704
TDR53_GGGCGTTCAGATGCGA-1,120.0,non_specific_hematopoietic,0.10419997889480312,-0.04835220990613527,1.0309806511214146,1.1431965
TDR50_GCAGCCAAGGAGAGTA-1,48.0,macrophage,-0.03133461251524525,0.011260697359176203,0.9915171224083426,1.593847
TDR29_CAAAGAAAGAAGTCCG-1,19.0,erythroblast,0.2978211052274805,-0.06235528939268119,1.0746932574168246,0.10992698
TDR43_TTTGGAGGTCGTCTCT-1,24.0,non_specific_hematopoietic,0.2977350023548015,-0.045291451184389986,1.0710133867720868,0.34083387
TDR52_GTCATGAAGACAGCTG-1,120.0,macrophage,-0.1285198653298167,-0.01353122301147755,0.9772647036630363,1.0745915
TDR51_CCTCTCCAGTACGAGC-1,120.0,macrophage,-0.05601935382061249,-0.05873470029969145,1.0005432167846435,0.99103934
TDR67_CTAACTTGTATCGTAC-1,72.0,erythroblast,-0.04323845503531096,0.04396657795273867,0.9827102073737786,0.110095754
TDR74_TTGCGTCTCAAAGGAT-1,240.0,neutrophil,-0.14614421277462644,-0.04505258430669337,,
TDR53_TGTACAGCAGATACCT-1,120.0,macrophage,-0.12517236969203005,-0.007096049866238657,0.9766613943158137,1.0703455
TDR53_TCTATCAAGGTATTGA-1,120.0,macrophage_immature,0.28367711308605986,-0.03688531490147785,1.0662123255468698,1.1664928
TDR74_TATTGGGTCTTCCAGC-1,240.0,macrophage_immature,0.28979471507089916,-0.03695664211299812,,
TDR71_ACCTGTCGTTATTCTC-1,240.0,neutrophil,-0.12014757479595406,-0.018528982317070147,,
TDR51_TTTAGTCGTTTACGAC-1,120.0,hematopoietic_stem_and_progenitor_HSPC,-0.09963813992807902,-0.08153421784112738,0.9963857627182025,1.0964152
TDR51_TGTCCCACAAGTCCAT-1,120.0,neutrophil,-0.07934847067426068,0.004942527715710632,0.9832831046106338,1.0141617
TDR70_TCACTATGTACCAATC-1,72.0,macrophage,-0.1471491122903083,0.0021069870158925974,0.970589927310844,1.5340275
TDR67_ATAGACCAGGCCTGCT-1,72.0,erythroblast,-0.05844273329102881,0.07278297783160043,0.9740962682112494,0.03700716
TDR52_CACAGATTCAGTCTTT-1,120.0,erythroblast,0.1561765696884282,0.04558013858682547,1.0223657313408798,1.074258
TDR44_GTAACCAAGAAGTCTA-1,24.0,erythroblast,0.16884135806493866,-0.05019624477679283,1.0447812366348712,0.07341914
TDR19_GAGTCATTCGATTGGT-1,14.0,macrophage_immature,0.45342936209683615,-0.028194910214271063,1.1011167085758233,2.8050512e-15
TDR44_ATCGTGAAGCGACTTT-1,24.0,erythroblast,0.14238506778255927,-0.0748829457047033,1.0444115353098635,0.034369107
TDR45_TATCCTATCGAAGTGG-1,24.0,erythroblast,0.1809777474757309,-0.03057699278996827,1.0432188151818387,0.10802952
TDR74_GTAATCGCACGACTAT-1,240.0,erythroblast,0.11552941980724138,0.0023935254517256643,,
TDR74_TTTACTGTCATACAGC-1,240.0,erythroblast,-0.06660692815907503,-0.0010391748597784467,,
TDR39_TGCGACGGTGTTAACC-1,16.0,non_specific_hematopoietic,0.24449521901866295,-0.02093222572543707,1.054519791054507,3.470527
TDR53_GGGTGAATCCATCACC-1,120.0,macrophage,0.14001822661912253,-0.02424481346347418,1.0333982134033786,1.1351979
TDR74_ACCTGTCTCAGCACCG-1,240.0,erythroblast,-0.03172536930505633,0.10845566563752154,,
TDR71_ACGTTCCAGGCATCGA-1,240.0,erythroblast,0.10844045425394444,-0.006547072595380288,,
TDR50_AGACAAATCTCCCTAG-1,48.0,non_specific_hematopoietic,0.09150393368169615,-0.06986625074252478,1.0328004919584388,1.7202774
TDR52_ATGGGTTTCGGCTTGG-1,120.0,neutrophil,-0.07778807276587324,-0.018565033049079208,0.9882252632874504,1.0803361
TDR72_TTCCTAACAGTGCCTG-1,240.0,erythroblast,-0.04840321367086187,0.03584731898510001,,
TDR74_ATCCATTAGAGTCGAC-1,240.0,hematopoietic_stem_and_progenitor_HSPC,-0.07324496251391795,-0.045496148187757116,,
TDR74_TTTCACAAGAGGGTGG-1,240.0,microglia,-0.12363959571311808,0.03966479140203355,,
TDR72_GACCAATAGCGATTCT-1,240.0,erythroblast,-0.051408314268230955,0.025478304104336602,,
TDR54_GGCTGTGCAGAACGCA-1,120.0,erythroblast,0.17771019532038385,-0.00927485264057891,1.0381050767108357,1.1372557
TDR74_CCAATGACAGGTAGTG-1,240.0,hematopoietic_stem_and_progenitor_HSPC,0.17050828406041774,0.053432251904129785,,
TDR71_ACGGTTAAGCTTGTTG-1,240.0,innate-lymphoid-cell,-0.08667507190016716,-0.017974997040282256,,
TDR51_CAATACGTCTTTGCTA-1,120.0,neutrophil,-0.12328134190721368,0.004407126610469769,0.9747856349925,0.9081527
TDR29_TTCCGTGAGTCATGAA-1,19.0,erythroblast,0.21515612082833474,-0.0238387373526507,1.0489597634626135,0.024211438
TDR43_GTGGGAACAGAACGCA-1,24.0,erythroblast,0.3560907227468555,-0.024476714628202195,1.0790850298439187,0.28461176
TDR54_CCGTTCAAGGGCCCTT-1,120.0,erythroblast,0.09550127978496797,-0.05022498234202641,1.029574131754307,1.049728
TDR74_GTACAACTCCTTCGAC-1,240.0,erythroblast,-0.08509771572456484,-0.007309667026235159,,
TDR18_CCTAAGATCCTGTAAG-1,14.0,erythroblast,0.34774345411187035,-0.04939960320022754,1.0826682666663165,0.0051922486
TDR44_TGCTCCAAGAAACTGT-1,24.0,non_specific_hematopoietic,0.182426106394291,-0.050624663255192937,1.047713482469848,0.50826883
TDR48_GTGTAACGTACTCGCG-1,48.0,macrophage_immature,-0.002998893587764395,-0.08378067723026981,1.016287576384594,1.6352448
TDR70_TAGCACAAGGTTACAA-1,72.0,erythroblast,-0.05315251855094561,0.017797652586006824,0.9859101697822524,0.30936894
TDR44_CAATTTCTCCGTGTCT-1,24.0,macrophage_immature,0.25943628035001676,-0.02902680920198024,1.0593893083583188,0.08396483
TDR74_TCTCACGCAGGTGAGT-1,240.0,erythroblast,-0.07418212223218451,-0.015847678377752465,,
TDR72_TGAATCGGTGCTGTCG-1,240.0,erythroblast,-0.07127899563746896,-0.004617970154865161,,
TDR53_GGAGGTACAGTGACCC-1,120.0,macrophage_immature,0.25589690612004584,0.06343348821004233,1.0392431247930647,1.1230866
TDR71_CTGTACCTCGCAATGT-1,240.0,erythroblast,-0.045951402405679444,0.002084294123094188,,
TDR74_ACAACCACAATTCACG-1,240.0,microglia,-0.1201728299745641,-0.009542944350680316,,
TDR74_TTCACGCTCCTCTAAT-1,240.0,neutrophil,-0.05635313435236981,-0.02911662204382051,,
TDR52_TGGGTTAGTCCTTAAG-1,120.0,erythroblast,0.2265803823770759,-0.07543967682638286,1.0622656277541513,1.138512
TDR36_ATTCATCGTTCGAACT-1,12.0,non_specific_hematopoietic,0.46002692948284923,-0.03351789792890647,1.1037450249092102,0.003858216
TDR46_GACCCAGCAGGCGTTC-1,24.0,non_specific_hematopoietic,0.18365800076880529,-0.03981264803400618,1.0457079600431665,0.06688096
TDR47_CCAATTTGTGACTAAA-1,48.0,erythroblast,-0.05924673997898516,-0.025804701762626836,0.9933339099709755,0.9108633
TDR44_GTGGCGTTCCTCCACA-1,24.0,erythroblast,0.2858178202899545,-0.037899093991380445,1.06688520821791,0.20807238
TDR46_CCTACGTTCCCATTTA-1,24.0,macrophage_immature,0.20108075220046626,-0.08331122157782299,1.0585270801242994,3.4639673
TDR67_TAACCAGTCTCTTCAA-1,72.0,erythroblast,-0.016842540022447575,-0.008272882756915581,0.9982875364886363,0.19700406
TDR53_AGTTCCCGTTTCGTAG-1,120.0,macrophage,-0.1490887722298891,0.02488992870717807,0.9658026707838243,1.0350335
TDR53_AGTACTGTCGATACTG-1,120.0,innate-lymphoid-cell,-0.05051264059619451,0.129566538417077,0.964625017750755,1.0424945
TDR68_ATCAGGTTCGATCCAA-1,72.0,erythroblast,-0.04684082510753108,0.0004360811465924236,0.9905891803070384,0.65353507
TDR51_TGTGTGATCTCGAACA-1,120.0,non_specific_hematopoietic,0.20021952461226497,0.023892180739201588,1.0358946699898735,1.1171229
TDR52_GGAATCTTCCCTTGTG-1,120.0,erythroblast,0.08847189830267432,-0.013526305292347579,1.0206091355042246,1.097468
TDR74_GACTCTCGTCTAATCG-1,240.0,erythroblast,-0.08075310986741145,-0.019546934435972906,,
TDR27_ACCACAAGTCCAACGC-1,19.0,erythroblast,0.22019479213616788,-0.045742437267457026,1.0546273121382033,0.5661402
TDR74_CTACGGGGTGGCAGAT-1,240.0,hematopoietic_stem_and_progenitor_HSPC,-0.05431547420480383,-0.022766220652794752,,
TDR52_AGGTCATAGCCGGAAT-1,120.0,erythroblast,0.15554814159421995,-0.08042252655638461,1.0483255045621072,1.2087555
TDR74_CGTCCATGTCTTAGTG-1,240.0,macrophage,-0.10057415937398333,-0.051970867975002576,,
TDR73_TGGAGGAAGTAAACGT-1,240.0,microglia,0.18883689217009433,0.04584061018062803,,
TDR46_GTGACGCAGATTACCC-1,24.0,erythroblast,0.31595913776892653,-0.0344268834149396,1.072590986626205,0.059227936
TDR52_GCCGATGCACATGACT-1,120.0,macrophage,-0.09848326901284538,0.030039262848391826,0.9746230419609717,1.0571463
TDR18_CCCTCTCGTAGGGTAC-1,14.0,macrophage_immature,0.2395566170675713,-0.052452968642459546,1.0601409989359694,8.140827e-11
TDR53_CTCCTCCAGGACAGCT-1,120.0,neutrophil,-0.10299552938072626,0.016594183041853616,0.9763658246246231,1.069953
TDR44_GGGTTTATCGAACGCC-1,24.0,erythroblast,0.1498325122122087,-0.06482869402669926,1.043867161317899,0.21618013
TDR69_CGCCATTTCGCTAAAC-1,72.0,erythroblast,-0.05757048987275906,0.07872270641951426,0.9731095246479567,0.3467103
TDR44_CATCCGTAGCATGCAG-1,24.0,macrophage,0.19787256914870185,-0.0515283764016545,1.0511451501954234,3.2601783
TDR52_TCACGGGAGTCACGCC-1,120.0,hematopoietic_stem_and_progenitor_HSPC,-0.0006700929428815339,0.06034735537829479,0.9878706709365106,1.0912108
TDR54_TACAACGCAGGAGGAG-1,120.0,erythroblast,0.01804791235937557,-0.044262674023755694,1.0125400930378272,0.9871328
TDR51_TCTGGCTAGGATACGC-1,120.0,neutrophil,-0.06073926793648739,-0.05163816463800125,0.9981814349372582,1.0345263
TDR48_GAGCTGCGTCATGGCC-1,48.0,macrophage,-0.16191805116422886,0.03946626947825785,0.9605234678422393,1.509936
TDR45_ATCGGCGCAGGCTACC-1,24.0,erythroblast,0.3158413197370492,-0.06390415041662965,1.0789076499196442,0.17968838
TDR72_GTCACTCCAGCTCCTT-1,240.0,erythroblast,-0.0850541880945721,0.03176713924029152,,
TDR71_TCGGGCACACCGTGAC-1,240.0,microglia,-0.13053061831128465,0.13831510687155935,,
TDR44_CAGATACAGAGCCCAA-1,24.0,erythroblast,0.1870513048203253,-0.07081267255259915,1.0529258317380028,0.08754925
TDR51_CGCCATTCAATCTGCA-1,120.0,neutrophil,-0.07574757972571669,0.09496061890213578,0.9664346094099756,1.0071286
TDR54_GGGCTACCACCACTGG-1,120.0,erythroblast,-0.0548107061538711,-0.010068875899957322,0.9910915514225851,1.3678013
TDR47_ATCCTATAGTCACTAC-1,48.0,erythroblast,0.04755238469956535,0.0324055868262446,1.003033952721307,0.7089759
TDR41_GTTGTCCAGAGTTGCG-1,16.0,erythroblast,0.22807577179878785,-0.04298016350562381,1.0557075303849663,0.26452574
TDR18_GTAAGTCCAGAGCCCT-1,14.0,hematopoietic_stem_and_progenitor_HSPC,0.2514895253634669,-0.08929320451590048,1.070532882976747,8.1550235e-05
TDR52_TGTTCCGCATACTTTC-1,120.0,non_specific_hematopoietic,0.03331537211770977,-0.03495621527642635,1.0137479634100683,1.1160779
TDR51_ACAACCACAGACGCTC-1,120.0,neutrophil,-0.07657761743860665,0.006322177327965389,0.9835567320796135,1.0673807
TDR53_TTCTAGTCAACCCTAA-1,120.0,neutrophil,-0.010247010377553323,-0.01165741538080041,1.000282120789236,0.5762331
TDR45_CCTACGTAGTGTGTTC-1,24.0,erythroblast,0.20344414932548094,-0.04730998657111897,1.0514296685883902,0.03465205
TDR67_TAACCAGCAGCAGTAG-1,72.0,erythroblast,-0.04572324864961334,-0.001076306441875785,0.991110360149236,0.16336058
TDR46_TCTCACGCATATACCG-1,24.0,erythroblast,0.2124366480788905,-0.053719068111044974,1.0546733975715386,0.091935456
TDR52_CGACAGCAGGTATTGA-1,120.0,macrophage,-0.1339859739167166,0.011888980737502886,0.9712464902676561,1.0741524
TDR51_AGCCAGCAGATTAGCA-1,120.0,erythroblast,-0.06109869497139973,-0.021950579815760648,0.9922009486270585,1.18963
TDR44_ACTATCTGTATCGTAC-1,24.0,erythroblast,0.2057422906372941,-0.04692853642482625,1.0518327990425014,0.070265725
TDR74_TGACAGTAGAGGGTCT-1,240.0,hematopoietic_stem_and_progenitor_HSPC,-0.10524745902184096,-0.030429719470869254,,
TDR19_GCGTTTCAGTATGAGT-1,14.0,erythroblast,0.19677068395193587,-0.10650969473060203,1.0625334203156755,0.23184969
TDR70_ATTACTCGTAATGATG-1,72.0,innate-lymphoid-cell,-0.12685491430614643,-0.0016286896558711378,0.9752657851978461,1.4351808
TDR53_CCGAACGCACAAAGCG-1,120.0,macrophage,-0.16445472958875296,-0.021026400040377244,0.9717218617731672,1.0615438
TDR48_TTAGGCACAATACCCA-1,48.0,microglia,0.15097374181561743,-0.05708962963655055,1.0424906171248227,1.6517522
TDR73_CGATCGGTCCTCTTTC-1,240.0,erythroblast,0.1307305795828777,-0.01909152826697226,,
TDR74_CTACCTGTCAACCCGG-1,240.0,microglia,-0.010699249394072796,0.03750044724919499,,
TDR52_CACGGGTGTTCAAACC-1,120.0,erythroblast,-0.09081520896346806,0.02396059944881781,0.9773063035612426,1.3728127
TDR50_TGACCCTAGGACTTCT-1,48.0,erythroblast,0.33818576534014577,-0.05739404447476709,1.0823298238844279,1.3857048
TDR37_TAGACTGCAGGAACCA-1,12.0,erythroblast,0.5576736847329788,-0.021396291172766813,1.1227870089148744,0.0005740233
TDR43_TGCAGGCCATCGCTCT-1,24.0,erythroblast,0.17549079466996817,-0.05019385092884253,1.046171101389562,0.10519554
TDR51_GATCGTATCGGCATCG-1,120.0,erythroblast,0.2491390381977235,-0.05324424381737292,1.0623427983787341,1.1568664
TDR45_TTTCACAGTACTGCGC-1,24.0,erythroblast,0.2784408503146858,-0.0625486642650168,1.0705771578565573,0.13892952
TDR71_ACGATGTAGACCTTTG-1,240.0,erythroblast,-0.06884808396934566,0.0006906087847723466,,
TDR44_CGTAAGTCATTACGGT-1,24.0,erythroblast,0.16183874315210728,-0.07219150804795058,1.0479187457796273,0.1477507
TDR68_CCTTCAGTCGCATGAT-1,72.0,erythroblast,-0.03485967648243063,0.02181735258875389,0.9887285978342042,0.78303194
TDR67_TTTGGTTCAATCTGCA-1,72.0,hematopoietic_stem_and_progenitor_HSPC,-0.15439039312715314,0.01827966469433509,0.9660554820695818,1.5009296
TDR37_AGGCATTTCGCTGTTC-1,12.0,erythroblast,0.37179465381217086,-0.05551288118940878,1.0892196332061035,2.0695278e-25
TDR52_CGCATAATCGCATGAT-1,120.0,neutrophil,-0.09609331991807192,0.0028100912121758886,0.9804136718734558,1.0671458
TDR51_GTCATCCAGATTGCGG-1,120.0,macrophage,-0.08206368114117693,-0.007882945907416686,0.9852733663284081,1.0982547
TDR54_GGGTGAATCATTACCT-1,120.0,macrophage_immature,0.18387887858002314,-0.009135219785902232,1.0393575892718392,1.1703712
TDR71_GGGTTTAGTACTCAAC-1,240.0,erythroblast,-0.09890550746149196,0.03469272288211366,,
TDR54_GAAGGACGTGGTCTTA-1,120.0,innate-lymphoid-cell,0.2655343452307998,0.05459120909628917,1.0430912155986212,1.154854
TDR70_GGTGATTCAAAGGATT-1,72.0,macrophage,-0.158894151176863,0.022382787908204943,0.9643939675600258,1.4982799
TDR51_TTCTGTATCGGTGAAG-1,120.0,hematopoietic_stem_and_progenitor_HSPC,0.021412687888144516,-0.03010878509177485,1.0103575666593272,1.1042186
TDR48_TAATTCCGTCCACTCT-1,48.0,erythroblast,-0.022730470866579658,0.05488591570401154,0.9845965877209352,0.77929324
TDR54_GACCAATAGGCTTAAA-1,120.0,macrophage,-0.08135735655373315,0.13118154543161523,0.9583830088915852,1.0283955
TDR71_GCATCTCTCCTCACGT-1,240.0,macrophage,-0.15276027528311628,0.05490627432151052,,
TDR52_GTTAGACTCATGCATG-1,120.0,erythroblast,0.21713062696013807,-0.001733826234400812,1.044745056560828,1.1451318
TDR74_GTAGAGGCAACCCGCA-1,240.0,non_specific_hematopoietic,0.030857116113813116,-0.04060234891683648,,
TDR71_GAGGGTATCAACTGAC-1,240.0,hematopoietic_stem_and_progenitor_HSPC,-0.12547852306759422,0.0007029769885175258,,
TDR51_TCGGGCAAGGCGAAGG-1,120.0,macrophage,-0.04614626202529076,-0.07836598525812596,1.0064647515266554,1.1187073
TDR71_CCCTGATCAGCTCCTT-1,240.0,erythroblast,-0.027994596096323432,0.030752896366743915,,
TDR74_TGGGATTGTAGTAAGT-1,240.0,non_specific_hematopoietic,-0.13043604141626602,-0.06484686778043458,,
TDR72_GCTACCTAGACTTGTC-1,240.0,erythroblast,-0.05204708913123191,0.013240860344195207,,
TDR71_AGATCGTAGGCCTAAG-1,240.0,macrophage,-0.07979429276067213,-0.04088929674667629,,
TDR43_GATCACATCATGAGAA-1,24.0,hematopoietic_stem_and_progenitor_HSPC,0.29162926866021355,-0.04315996861112292,1.0692504055980232,3.2757552
TDR51_GGGAGTAAGCACACCC-1,120.0,microglia,0.068413757712528,0.067117936241326,1.0002591978802076,1.0774192
TDR51_CTTACCGCAGAACCGA-1,120.0,macrophage,-0.1479338786954569,-0.04874895397079804,0.9803584734720246,1.0701773
TDR51_TCACACCCATCACGGC-1,120.0,erythroblast,-0.0885432874349723,-0.05082464256532334,0.9924846535346583,1.0867596
TDR71_CATTGCCCAACCCTAA-1,240.0,neutrophil,-0.13499443673067107,0.07677568982380792,,
TDR72_GCGATCGTCATCTATC-1,240.0,erythroblast,0.28449563665704414,0.008666071530893424,,
TDR40_TCCACCACAAGAAACT-1,16.0,erythroblast,0.3979016786644816,-0.05263978105300357,1.0942927803809186,0.0026712937
TDR67_CAGGGCTTCAAACTGC-1,72.0,non_specific_hematopoietic,0.009067748382138863,-0.04059511464703039,1.009982064329446,1.3027278
TDR45_GACCCTTTCAAGGCTT-1,24.0,erythroblast,0.28255897832325894,-0.05466766249922356,1.06977177161277,0.16044627
TDR44_CATGCAACATGACTTG-1,24.0,erythroblast,0.15266673211442816,-0.03585643436853693,1.0384244715642859,0.07866004
TDR46_CTTGATTCATGGGTTT-1,24.0,erythroblast,0.15279871519760563,-0.035334383999859845,1.038343463641217,0.052475747
TDR54_GGATCTACAAAGGCTG-1,120.0,neutrophil,0.28162834707289186,-0.023867128103955484,1.0630042474116044,0.9766312
TDR51_CCGGTGACAGTCGTTA-1,120.0,hematopoietic_stem_and_progenitor_HSPC,0.10178412626261699,-0.036268215184562386,1.0279951697029917,1.1335417
TDR51_GGCGTCAAGGCCCACT-1,120.0,macrophage,-0.08598874147075758,-0.047999294867646106,0.9924309016773587,1.1086082
TDR71_AGCGATTAGTCACACT-1,240.0,macrophage_immature,0.584878598432539,-0.00895042235148702,,
TDR72_CCCTCTCCATCTCATT-1,240.0,erythroblast,-0.03991509101651458,-0.024058028311737107,,
TDR74_TAAGCACGTCCTCAGG-1,240.0,erythroblast,-0.0692327390913102,-0.05797856531025451,,
TDR48_ACCACAAGTAATTAGG-1,48.0,neutrophil,0.12124058833948698,-0.052444440091225786,1.0353473825165918,0.0009519055
TDR46_ATTTCTGAGTCAACAA-1,24.0,erythroblast,0.30036681796489983,-0.06927338909603739,1.076729322786956,0.029646507
TDR68_GTTGAACTCGCTCTCA-1,72.0,erythroblast,-0.08438255858600588,0.008113899156731177,0.9816707700576282,0.7224795
TDR46_CTCCATGGTACAGTCT-1,24.0,erythroblast,0.25504625745883264,-0.024437081090750018,1.0574884053920517,0.24595791
TDR51_TCGAACAGTACCCACG-1,120.0,macrophage,-0.07467183226538872,-0.07161517841996394,0.9993888560554972,1.092609
TDR73_GGGATGAGTCACGCTG-1,240.0,neutrophil,-0.11472651869753824,0.06900773148221864,,
TDR74_TCTCCGATCAAATGCC-1,240.0,hematopoietic_stem_and_progenitor_HSPC,-0.010489048322593425,-0.02775223525186027,,
TDR43_TCAGTGACACACGCCA-1,24.0,erythroblast,0.2872430923841398,-0.07339539424872693,1.0747925834406027,0.05812559
TDR41_CGTAAGTTCAGTGTTG-1,16.0,erythroblast,0.2282108032567804,-0.08208477727456946,1.064025243898231,0.010312559
TDR51_AACCAACAGACATCAA-1,120.0,microglia,-0.1353654598164747,0.012339174523509688,0.9708911412944786,1.0401803
TDR28_TACGGTATCAGCCTCT-1,19.0,erythroblast,0.3107417746272325,-0.01891385696296466,1.068153146992367,0.02418076
TDR44_CTCCTCCCACCTTCCA-1,24.0,erythroblast,0.3329585641478904,-0.032273968380750404,1.075780566546423,0.057044294
TDR53_CCGTGAGGTGCGAACA-1,120.0,non_specific_hematopoietic,0.012164813060624446,-0.04872564314772093,1.012252546127304,1.1220878
TDR51_GGTAATCTCAGTGTCA-1,120.0,macrophage,-0.014359095396737243,-0.04973017049616406,1.0070992963877394,1.1126261
TDR43_TCGGGCATCCTAGCCT-1,24.0,erythroblast,0.2275216849249683,-0.04273416057940907,1.0555386117349592,0.19419111
TDR27_TCGTAGAGTTGCGTAT-1,19.0,hematopoietic_stem_and_progenitor_HSPC,0.212566269976982,-0.02377026911646976,1.0484022177369383,0.04768984
TDR46_TTCCTTCGTAGCGCTC-1,24.0,erythroblast,0.1471550678365695,-0.048379079347263404,1.0398815676787092,0.052398533
TDR54_TCGATTTTCGCTGTTC-1,120.0,erythroblast,0.015330368948047152,0.043749926746755416,0.994332211304127,0.9727133
TDR44_CAGAGCCAGGCCCGTT-1,24.0,erythroblast,0.11013759210754595,-0.03153801105128651,1.028740378786765,0.23151
TDR43_CGCCAGAGTTGCTTGA-1,24.0,erythroblast,0.3673398735850951,-0.05443335411309301,1.0880146849503067,0.26646408
TDR44_CTCAGTCCAGTCGAGA-1,24.0,erythroblast,0.3349613572858491,-0.07567548348707855,1.085594071137788,0.07656979
TDR71_AGCATCACATCCGATA-1,240.0,erythroblast,-0.08990317407729012,0.0030625991391290963,,
TDR44_CAGCCAGAGAAAGCGA-1,24.0,macrophage,-0.01297371068027453,0.008898000722282112,0.9956352112195127,2.9302528
TDR54_GTTGTCCGTGATACAA-1,120.0,erythroblast,0.10845519382645222,-0.02124520968315874,1.0262794526866317,0.9822437
TDR22_GTACAACAGGCCTAAG-1,14.0,erythroblast,0.2818251152913741,-0.048968967160293,1.0683963826565754,2724.667
TDR70_ATCCCTGCAGGTCAAG-1,72.0,erythroblast,0.2307594836183382,-0.04379404979691477,1.0564462768714484,1.4669547
TDR43_CAGCCAGCAAGGTACG-1,24.0,erythroblast,0.11560548738590298,-0.015720358985249747,1.026613138644502,0.14208056
TDR51_AGTCACACAGAGTCAG-1,120.0,macrophage,-0.1362644211920052,0.044804286905596874,0.9644341317379969,1.0615525
TDR51_TCTATACTCCTTCGAC-1,120.0,neutrophil,-0.13333779613199964,0.013018081089660682,0.9711530758890929,1.0659863
TDR53_CTTCTCTGTCCCGGTA-1,120.0,macrophage,-0.14734299569454454,-0.08546203256485223,0.987700077477282,1.0758257
TDR53_CACTGTCCATTGAGCT-1,120.0,macrophage_immature,0.35410199317027546,-0.081927573175374,1.0911213329486282,1.1827449
TDR46_AAGCGAGGTTACGGAG-1,24.0,erythroblast,0.2267447145637437,-0.03356531865482873,1.0534410608327922,0.023845822
TDR74_GTTGCTCGTTCGGACC-1,240.0,non_specific_hematopoietic,0.32378434724883126,-0.008597462649506643,,
TDR73_CCCTCAAGTAGTCACT-1,240.0,hematopoietic_stem_and_progenitor_HSPC,-0.09230476086691713,-0.017084286408723837,,
TDR72_CACAACATCTCTAAGG-1,240.0,erythroblast,-0.051550846989728914,0.0724425114935211,,
TDR74_TGAGTCATCGAATCCA-1,240.0,erythroblast,-0.0718285389803314,-0.027957095168191008,,
TDR52_CAACGATAGATGAATC-1,120.0,macrophage,-0.09592362906355056,-0.007130978380040481,0.9823982232845987,1.0705516
TDR74_AGGTGTTCACCCTAAA-1,240.0,hematopoietic_stem_and_progenitor_HSPC,-0.08401847511719526,-0.02773280688913933,,
TDR54_GTTACGACATGTGCCG-1,120.0,neutrophil,-0.09534494454446546,-0.006992862228418134,0.9824847898146762,1.0462754
TDR44_CGTTAGACACCGTGCA-1,24.0,erythroblast,0.21401858737019644,-0.05051102256877284,1.0543304511403913,0.12064755
TDR71_AGACAGGCAGGCTCTG-1,240.0,erythroblast,-0.0374779678618308,-0.0007281840903363562,,
TDR51_GGAACCCGTTAATGAG-1,120.0,neutrophil,-0.08686637797520205,0.016011101420182916,0.9796347352971553,1.0602586
TDR46_TAACTTCCACAGAAGC-1,24.0,erythroblast,0.14626424306616148,-0.0039753916438906856,1.0305039216717018,0.17052205
TDR53_ACCACAACAGGTCAAG-1,120.0,non_specific_hematopoietic,0.10497250186470813,-0.04545376938130352,1.0305423883260723,1.1458585
TDR46_TTACTGTGTATCATGC-1,24.0,non_specific_hematopoietic,0.32541777914329284,-0.044629871301348975,1.0768170676097344,0.049132362
TDR44_TATTCCATCTCAGGCG-1,24.0,macrophage,0.018374097216260293,-0.015002847549676013,1.0066977190216704,3.3600993
TDR67_GCAACATGTACGTTCA-1,72.0,erythroblast,-0.08947300728929738,0.07406782464064775,0.9678209610686898,0.06620746
TDR44_GTTCCGTCAGCAAGAC-1,24.0,non_specific_hematopoietic,0.25067351550662453,-0.05777757115346158,1.0636327986807128,0.10103155
TDR43_GATGGAGCACTGTCCT-1,24.0,erythroblast,0.22570910669830188,-0.010216651779314037,1.0483160886132747,0.19373403
TDR74_AGAGAGCAGGACAAGA-1,240.0,erythroblast,-0.047812834240141364,-0.034794593842773114,,
TDR72_GCATCTCAGTTAGTGA-1,240.0,hematopoietic_stem_and_progenitor_HSPC,-0.11393196281725808,0.00632243724644857,,
TDR70_CCTCACAGTAATGATG-1,72.0,erythroblast,0.01826499356500949,0.02046738448990204,0.9995596188112951,1.4353822
TDR72_TACAGGTGTAACTAAG-1,240.0,erythroblast,-0.05103300617498218,0.034275454471524656,,
TDR28_TGAGGGACAGGTCTCG-1,19.0,erythroblast,0.2487803108916936,0.0008549241052157597,1.0508349906758385,0.004539504
TDR53_TTACGTTCACTGTCCT-1,120.0,neutrophil,0.07353773850661058,0.10014070264127264,0.9946935364572532,1.0708481
TDR71_GGAGATGCATCCTCAC-1,240.0,macrophage,-0.07842069982172369,0.037817018491506454,,
TDR47_TATCTTGTCCTCTTTC-1,48.0,erythroblast,0.021307436845793018,0.02581542317610047,0.9990988090506331,0.4286806
TDR68_AAAGTCCTCGCCATAA-1,72.0,macrophage,-0.1753578202214709,0.05222246177210582,0.9555042604914048,1.4873127
TDR46_TCATTGTGTCACCTTC-1,24.0,erythroblast,0.26475237656448625,-0.05462543304031789,1.0659597445251154,0.16403717
TDR53_CGTGTCTAGGTAAGTT-1,120.0,non_specific_hematopoietic,0.18805838872270822,-0.00026237651089858205,1.038382436733,1.1548936
TDR72_AATGGAAGTGGTTTGT-1,240.0,hematopoietic_stem_and_progenitor_HSPC,-0.11315442808381804,-0.04034605067197315,,
TDR47_GTCCACTAGAGCCTGA-1,48.0,neutrophil,-0.05155076908885983,-0.05238087056979528,1.0001660340783192,0.6977876
TDR68_GTGACGCTCCTAAACG-1,72.0,erythroblast,-0.048090393473836805,-0.013733094121203007,0.9931520946277067,0.6600495
TDR46_CGGGTGTAGTGGAAAG-1,24.0,erythroblast,0.20169814936981878,-0.03606273733795297,1.0487009181197722,0.15807226
TDR40_GACCTTCAGGCTTAGG-1,16.0,erythroblast,0.28014908851813275,-0.08515717045184559,1.0757964293579394,0.0048094713
TDR53_GGGTCTGCATTATGCG-1,120.0,microglia,-0.07559106470832068,0.020609271443152513,0.9809438415024272,1.0504928
TDR51_AGATGAAAGTCTCGTA-1,120.0,macrophage,-0.08461017055228331,0.014078113511884593,0.9804558554842879,1.0943727
TDR70_TCCTTTCAGTTGTACC-1,72.0,macrophage_immature,0.12635326352403506,-0.039456502698917775,1.0337179396597385,1.4681535
TDR53_ATCCACCTCTCTTGCG-1,120.0,macrophage,-0.1016469356800886,0.0029525664693491466,0.979297402728957,1.043716
TDR43_TGAGCGCGTGTCATTG-1,24.0,erythroblast,0.15894829246472458,-0.04133696039069806,1.0408701547352777,0.15142915
TDR51_GAAGCCCTCCCTAGGG-1,120.0,erythroblast,0.1020581001442063,-0.049825132549033015,1.0308427241876292,1.0474881
TDR42_GTGACGCTCTCCTACG-1,16.0,erythroblast,0.3830243157908386,-0.04090850723090508,1.0884847207368231,206.91818
TDR53_CCACGTTAGTATTGCC-1,120.0,macrophage,-0.06081785864284878,-0.057117258932919385,0.9992601538792207,1.0827049
TDR73_GGGCTCAGTTGGGATG-1,240.0,non_specific_hematopoietic,-0.07973666243500761,-0.03324254692976537,,
TDR51_ACGTAACAGGTTCCAT-1,120.0,macrophage,-0.03817218801109734,0.08434745744550604,0.9757938549277091,1.0692619
TDR46_GTGGAGACAACCCGCA-1,24.0,non_specific_hematopoietic,0.21989967665369853,-0.050660603224303345,1.0556028821387715,0.06259537
TDR48_CTGGTCTGTGCGAACA-1,48.0,erythroblast,0.18828175869984554,-0.0609040028039192,1.0510999132354628,0.8522933
TDR71_GTCTTTACAGTTGTTG-1,240.0,hematopoietic_stem_and_progenitor_HSPC,-0.09667268568825486,-0.03881188272086128,,
TDR52_GAGTTACCAAGGGCAT-1,120.0,macrophage,-0.11440817579405832,-0.06351566263507018,0.9898731230203673,1.0819451
TDR44_CGCCATTTCAGCAGAG-1,24.0,erythroblast,0.3983011265216545,-0.04320798301594396,1.0923177577093095,0.06891441
TDR48_TCATACTCATGTTCAG-1,48.0,neutrophil,0.22685601164753644,-0.009465238322382385,1.0483990119116355,1.2404282e-06
TDR46_GGGTATTGTTAAGCAA-1,24.0,macrophage,0.002072411841088584,-0.014813101937933393,1.0033828115919492,3.1654577
TDR53_TGAATGCGTCGTATGT-1,120.0,microglia,-0.12700813575036407,0.03751909892788127,0.9676300476498889,1.0345688
TDR74_GCATGATCACGCCACA-1,240.0,erythroblast,-0.08093805422506191,0.01759661325382022,,
TDR51_GCACATACATGAGAAT-1,120.0,macrophage,-0.1493585581032095,0.017341735346369763,0.9672095956307115,1.0616543
TDR48_GTATTTCTCTTGGATG-1,48.0,erythroblast,-0.03576887440355109,0.0021094723024230044,0.9924529537165742,0.7138145
TDR73_GTGAGGAAGAGTGTTA-1,240.0,macrophage,-0.12211250352427429,-0.07429441104188633,,
TDR73_TGAGGTTGTTCTTGCC-1,240.0,neutrophil,-0.09722214857461436,0.03173250225495089,,
TDR53_GGTAACTGTAACCAGG-1,120.0,neutrophil,-0.04864172250612728,-0.04456165677683366,0.999184319702326,1.0844412
TDR43_GTAGAAACAGAATCGG-1,24.0,non_specific_hematopoietic,0.34364426632894585,-0.011539448990466064,1.073620673256627,0.080971904
TDR72_AGACAAACATGAGAAT-1,240.0,non_specific_hematopoietic,-0.07399382582973923,-0.018724517481850472,,
TDR40_CTTTCGGAGACGCTCC-1,16.0,macrophage_immature,0.19607907823452675,-0.10420933770544735,1.0618977984290787,0.0038053035
TDR52_TGCAGGCTCGGACGTC-1,120.0,macrophage,-0.12837857161272415,-0.028437397138316098,0.9802102055150224,1.0152117
TDR53_TTCTAGTTCATCGCTC-1,120.0,macrophage,-0.16270484210945219,0.022769661277324632,0.9635846861704208,1.003345
TDR71_TGTCCACAGGTGGGTT-1,240.0,erythroblast,0.16336750929953622,-0.00793561254594509,,
TDR71_TTTGTTGGTTAGAGTA-1,240.0,neutrophil,-0.11441910563348137,0.0028242161372497437,,
TDR18_ATCGGATAGCCTGTGC-1,14.0,erythroblast,0.2874683785351205,-0.06169525334352585,1.0723287939274797,0.005592054
TDR74_AAGTCGTCAATCGAAA-1,240.0,hematopoietic_stem_and_progenitor_HSPC,-0.11235740498722416,0.013687732075083614,,
TDR71_CCCTAACGTAGGACCA-1,240.0,erythroblast,-0.1173558043771703,-0.029492789548504303,,
TDR51_AATGAAGCAGTGTATC-1,120.0,macrophage,0.046753241438063114,0.05084000514261325,0.9991829812008526,1.0786786
TDR46_TGCGATACAGCTTTCC-1,24.0,erythroblast,0.4383406969125224,-0.0288721048505602,1.097947535810726,0.060009193
TDR70_GGAGGATTCTTTACAC-1,72.0,erythroblast,0.1288508893070548,-0.06042433360924468,1.0385806740721757,1.4406402
TDR74_GTCTACCTCATCAGTG-1,240.0,microglia,0.008279565076090706,-0.0709641381610291,,
TDR51_GAAATGAAGCGCCTTG-1,120.0,macrophage,-0.0839819122146774,-0.03138546347298164,0.989535844486385,1.0746353
TDR46_ATGAGGGCACATTACG-1,24.0,erythroblast,0.20563895845312086,-0.03578896018298032,1.0494703241789456,0.17916171
TDR74_GTTGAACCATGCCGCA-1,240.0,erythroblast,-0.06982516997899765,0.01722347141272012,,
TDR44_AATAGAGTCAGCATTG-1,24.0,erythroblast,0.12878779603815826,-0.0227208255249777,1.030765494049219,0.08949866
TDR18_TCAAGCAGTAAGATCA-1,14.0,erythroblast,0.2858468264036839,-0.0840328513968074,1.076780893055349,45.8239
TDR53_CGTCAAACAAGTCCAT-1,120.0,erythroblast,0.2807570912508416,-0.011543381425301619,1.0602026769698518,1.0332617
TDR51_AGTCTCCTCATAAGGA-1,120.0,hematopoietic_stem_and_progenitor_HSPC,0.035839756527502264,-0.015470492731033958,1.0103148852638344,1.1234066
TDR51_GTCACTCGTGAGTTTC-1,120.0,macrophage,-0.019623615756898055,0.050491374215961976,0.9860748662576668,1.0529459
TDR53_TTTGGTTCAGACACAG-1,120.0,macrophage,-0.12312261875778444,0.05317960576350754,0.9653539619937901,1.0434526
TDR51_GTGTTCCCAACCCTAA-1,120.0,hematopoietic_stem_and_progenitor_HSPC,-0.049280215844911296,-0.0002871171415844004,0.9902492303180351,1.0938935
TDR73_CGTAATGAGCTAGAGC-1,240.0,innate-lymphoid-cell,-0.08928473648915568,-0.004397685209142216,,
TDR44_TGCACGGGTGTGTGTT-1,24.0,erythroblast,0.1686598872458151,-0.043190534947958936,1.0432805091961366,0.7386933
TDR51_CACCAAAAGGGCCAAT-1,120.0,erythroblast,0.23272068456852393,-0.05859903270559674,1.0599947374637626,1.1452206
TDR52_GTAGGTTTCATTACCT-1,120.0,erythroblast,0.31782599560024427,-0.03678705560476371,1.073498144890872,1.0855649
TDR71_CACTAAGTCCTGTACC-1,240.0,non_specific_hematopoietic,-0.052004808043845246,0.015959845392920294,,
TDR74_TCAGTTTCAACACAAA-1,240.0,macrophage,-0.1359830320743276,0.046118591398688596,,
TDR54_CTACAGACACTGTCGG-1,120.0,erythroblast,0.2827707774932844,0.07832823795332938,1.0417359537497919,1.0182747
TDR28_GGTAACTTCTTACGGA-1,19.0,erythroblast,0.2990701143328386,-0.052229017323213944,1.0727868833256455,0.10426266
TDR28_TTCTAGTAGGTCACAG-1,19.0,non_specific_hematopoietic,0.09266025432162325,-0.0335858590616952,1.0255706841479921,2.0002606e-05
TDR29_GTGGCGTTCTGCGAGC-1,19.0,erythroblast,0.28865264118901335,-0.02986635857222225,1.0657766689039911,0.06567603
TDR43_CTGTAGACAAGAATAC-1,24.0,erythroblast,0.18644663698760122,-0.03447778494973626,1.0451755736720596,0.21880226
TDR46_TGGAACTTCCTCACCA-1,24.0,macrophage_immature,0.17922461064583034,-0.01220291836954096,1.0390278390126906,3.3198414
TDR74_GTGTCCTTCATTCACT-1,240.0,neutrophil,-0.10246088917094065,-0.04825481111748654,,
TDR54_GTACAACCACTGCTTC-1,120.0,neutrophil,-0.07910479442080896,0.027820218204492153,0.9788420353595182,0.9220617
TDR43_CGTCAAAGTTGTGCAT-1,24.0,erythroblast,0.271720014446752,-0.08912831432897433,1.074837691742926,0.30389535
TDR54_GCACGGTAGGTACAGC-1,120.0,erythroblast,0.18914975456265737,-0.004254066105881998,1.039438604595732,1.00467
TDR44_CTGCCTAAGTTCCGGC-1,24.0,erythroblast,0.1500167903308122,-0.0477220726729847,1.0403401974547404,0.24804848
TDR51_TATCGCCGTGTCCGTG-1,120.0,macrophage,-0.11987051950016761,-0.029619481316575186,0.9821117216118874,1.0670278
TDR69_CGGGACTTCGCTCCTA-1,72.0,erythroblast,-0.08078316162150559,0.06269832253776056,0.971711531528586,0.3573882
TDR73_TACAACGAGCCAAGCA-1,240.0,hematopoietic_stem_and_progenitor_HSPC,-0.10006126974137824,-0.04715714042569384,,
TDR51_TATTGCTCACTAACGT-1,120.0,erythroblast,0.16210861794402057,-0.03234744571065365,1.0396573760112342,0.98528844
TDR53_CAATGACGTACAGTCT-1,120.0,macrophage_immature,0.23004635438906199,0.011851486824432877,1.0446051566731742,1.1391219
TDR47_CCAATGAGTGCCTATA-1,48.0,neutrophil,-0.08194062464816826,0.04564644454693961,0.9748054037135617,0.00035838597
TDR72_TCGGGTGCAGCGGTCT-1,240.0,erythroblast,-0.06757704692698638,0.013717759762537196,,
TDR46_CTCAGAAGTGAGAACC-1,24.0,non_specific_hematopoietic,0.22346553504639377,-0.03734057338661362,1.0535455832178324,0.1498662
TDR73_AAGCGAGCATCTAACG-1,240.0,hematopoietic_stem_and_progenitor_HSPC,-0.10177807762877017,0.007223096126775491,,
TDR52_CTCATGCTCCCGAGAC-1,120.0,microglia,-0.004521017624322027,0.03925668508598257,0.9912826775815853,1.0449684
TDR54_ACTTTGTCACAACGCC-1,120.0,neutrophil,-0.0024317030045299948,0.021898199778632083,0.9951458391475013,1.0703994
TDR67_TCATCCGTCCCGGTAG-1,72.0,erythroblast,-0.08414576356526351,-0.037631247930480664,0.9907402350027512,0.05811426
TDR43_GATTTCTCAGCATGCC-1,24.0,erythroblast,0.25737260649699295,-0.03183078509917901,1.0595461735849079,0.2707305
TDR48_AGACCCGGTGCCTTCT-1,48.0,erythroblast,-0.08840126484741657,0.05251948384271152,0.9722093182246215,1.1435015
TDR54_GTGGAGAAGGCTCTCG-1,120.0,neutrophil,-0.10466335426067282,0.05785410902030483,0.9680190688676035,0.6827011
TDR51_GAGCTGCGTTTGTGGT-1,120.0,neutrophil,-0.06190826687390849,0.022653736098121074,0.9832298112095605,1.0755689
TDR74_CATCGGGTCACTCTTA-1,240.0,erythroblast,-0.07028626210661507,0.055017449301670004,,
TDR74_GCGATCGAGCAACCAG-1,240.0,hematopoietic_stem_and_progenitor_HSPC,0.0959342956542969,0.03518190296887713,,
TDR68_AGACACTTCTGATTCT-1,72.0,erythroblast,-0.0764171884127474,0.010251312952046746,0.9828156640523121,0.67320067
TDR43_TCTTCCTGTACCTAAC-1,24.0,erythroblast,0.21301899739536265,-0.027459314159980958,1.0492710262148435,0.16227704
TDR46_AAGCGTTTCGAGAGCA-1,24.0,erythroblast,0.15432847072468206,-0.035558941731578364,1.0387078435022108,0.08355155
TDR74_TGTAGACAGTTCCAGT-1,240.0,erythroblast,-0.07334848223381565,0.012626361091867669,,
TDR47_GTGGCGTAGCCATCCG-1,48.0,erythroblast,0.03161144697852325,-0.01951303036700508,1.0102773483353742,0.20358104
TDR44_TAAGCCAAGACCATGG-1,24.0,erythroblast,0.13209455772151324,-0.03782729992480029,1.034568437879214,0.06644997
TDR48_CGGGTGTCACTAAACC-1,48.0,macrophage,-0.14801674779035554,-0.06750699517807522,0.9840269928751333,1.5000219
TDR39_CCATAAGGTGTGACCC-1,16.0,erythroblast,0.32702434297837063,-0.05816281155367661,1.080082504103099,0.10835506
TDR73_TTGGGATAGATGAACT-1,240.0,macrophage,-0.18100004481607398,0.06689135591892931,,
TDR69_GGAGCAAGTCTGTTAG-1,72.0,non_specific_hematopoietic,-0.1117272368211932,-0.05927532773726868,0.9895644503343138,1.0331143
TDR47_GCATGATGTTGTCAGT-1,48.0,erythroblast,-0.07781496097615442,0.02428422560310467,0.9797872357012261,0.03955989
TDR70_ACTCCCATCTTGGTGA-1,72.0,macrophage,-0.1732939158373999,0.0663341935833999,0.953204682009214,1.5049188
TDR46_TTACTGTCACCCATAA-1,24.0,erythroblast,0.11341929798850622,-0.06635456288686312,1.0366089618620429,0.09708032
TDR70_ATTACCTTCCGCAACG-1,72.0,non_specific_hematopoietic,0.09193899207246634,-0.01784032080932388,1.0221986662591658,1.5725813
TDR43_CAGCGTGCATGGGTTT-1,24.0,macrophage_immature,0.26002961881868136,0.011927382765568761,1.0508721592126484,3.1391482
TDR52_ATTCATCTCGTCGACG-1,120.0,macrophage,-0.11149382154583495,-0.01690350152188197,0.9812597594439977,0.96544844
TDR44_CTCAAGAGTCGACGCT-1,24.0,non_specific_hematopoietic,0.1711243525943201,-0.06202268613261429,1.0477336551461258,0.078055345
TDR52_CTTTCAAGTCAGACTT-1,120.0,macrophage,-0.0008316976982250535,-0.030146363852680574,1.0058801538619468,1.1057451
TDR52_CTATCCGTCAGTCTTT-1,120.0,microglia,-0.1444931372985781,0.15970377530452712,0.9409743645696406,1.0094537
TDR70_ACGTAGTCATAGAGGC-1,72.0,erythroblast,-0.06297783984920985,0.011340840427195964,0.9852461839880696,0.27435923
TDR71_GTGTGGCTCTGCTTAT-1,240.0,hematopoietic_stem_and_progenitor_HSPC,-0.08744327031465216,0.016720093774718753,,
TDR51_TTGGGCGCACACCAGC-1,120.0,macrophage,-0.08320943024522977,0.010322276584832049,0.9814675363443547,1.0611024
TDR53_TTTCCTCTCGCTCATC-1,120.0,macrophage,-0.05688703826380667,0.08091928622316943,0.9728150813115995,1.0509205
TDR52_CGGAATTCACACAGCC-1,120.0,non_specific_hematopoietic,-0.034443791854443614,-0.01982247093577444,0.9970800073120991,1.1260394
TDR43_CTTGATTTCGGTCAGC-1,24.0,erythroblast,0.2682153609485233,-0.054348380605315744,1.0666391760056673,0.07171312
TDR41_CAGGGCTCACCATATG-1,16.0,hematopoietic_stem_and_progenitor_HSPC,0.04998090518607967,-0.044829694417235805,1.0191430426669024,0.18258335
TDR69_CACGTGGCACCGCTGA-1,72.0,macrophage,-0.17694130136899136,-0.008342290142180131,0.9668423737494892,1.5099306
TDR52_AACAGGGTCTGAATCG-1,120.0,erythroblast,0.2332816278955163,0.010039083047765462,1.0456602551070384,1.1160914
TDR46_GTGAGTTGTATAATGG-1,24.0,erythroblast,0.14883118558302305,-0.035841454118410235,1.0376250831627667,0.055011418
TDR54_GCACATAAGAAGTCTA-1,120.0,erythroblast,-0.004958837717650863,-0.05567763708191922,1.0101953822055676,1.1050577
TDR74_CCATAAGCAATACAGA-1,240.0,hematopoietic_stem_and_progenitor_HSPC,-0.0585979362018586,-0.0229898499853817,,
TDR44_AGCTTCCCATCGGTTA-1,24.0,neutrophil,0.06096997486274092,0.0008952406485491504,1.0120874162645737,2.18559
TDR52_AGAACCTCACGCAAAG-1,120.0,erythroblast,-0.0930906865186307,0.01612740067212222,0.9783932267275749,1.1790729
TDR54_CTGATCCGTTGCGGCT-1,120.0,erythroblast,0.13388956679253536,-0.0227183495806675,1.0318172657142752,1.1693327
TDR42_GTTAGTGCATACAGAA-1,16.0,erythroblast,0.16743348994787335,-0.057358866792434154,1.045984420683798,7.587997
TDR45_AATAGAGAGCTCGCAC-1,24.0,erythroblast,0.1364477277836267,-0.015111307655043704,1.0307758870782786,0.031069124
TDR71_ACTTTCATCCATCTCG-1,240.0,hematopoietic_stem_and_progenitor_HSPC,-0.0989598482174981,0.02087721054232769,,
TDR53_CCACACTCACAAGTTC-1,120.0,neutrophil,-0.13177271486822525,-0.028507382397490413,0.9795587473754473,1.0673071
TDR70_TGTGGCGTCAAGAATG-1,72.0,erythroblast,0.05174360471997208,-0.07072419756788498,1.0247959918686804,1.4835646
TDR52_TAGACTGCACAAGCTT-1,120.0,erythroblast,0.23850677472583953,-0.04087437856472504,1.05746679366757,1.1583306
TDR46_TGACTCCAGTAGGGTC-1,24.0,erythroblast,0.2775054000580911,-0.051040523166113884,1.0679161056013458,0.029763475
TDR71_AGTAGCTCACTGTCCT-1,240.0,erythroblast,-0.0429800725980648,-0.029698651577923417,,
TDR71_TATATCCGTCTGTCCT-1,240.0,erythroblast,-0.04639195877392903,0.04220423331135265,,
TDR70_GGGAGTATCCTCTAAT-1,72.0,erythroblast,0.09289417594113927,-0.023404407424435336,1.0235323334426376,1.4651927
TDR52_TTGCTGCCACTGCACG-1,120.0,macrophage_immature,0.22214306474122694,-0.038873867136268794,1.0535900065761303,1.1602218
TDR74_TGTCCACAGAGCATTA-1,240.0,hematopoietic_stem_and_progenitor_HSPC,0.07739959453511427,-0.048966594620283355,,
TDR52_CTCAGTCAGTTCATCG-1,120.0,erythroblast,0.30297535487583704,-0.01017020968295397,1.0646319077700206,1.1318097
TDR72_GGTAACTAGCCTATTG-1,240.0,erythroblast,-0.06074106120088782,0.009700635525083517,,
TDR51_AGCCAATAGCAGGTCA-1,120.0,neutrophil,-0.0748617513482686,0.044642204247810985,0.976382570775157,1.0155858
TDR51_CTGGACGAGAATCGTA-1,120.0,macrophage,-0.09215860751085667,-0.08883115622028508,0.9993347311314139,1.0335664
TDR53_CAGCAATGTCGTTATG-1,120.0,macrophage,-0.004464004337155603,0.012267208457696965,0.9966593498710463,1.0229621
TDR71_GTACAACTCCTGCTAC-1,240.0,erythroblast,-0.030607328843307427,0.015827076958509392,,
TDR52_CTGTACCCACTACCCT-1,120.0,erythroblast,0.23867601064075644,-0.026879526118853372,1.0545468065136387,1.0594082
TDR72_ATTCCCGCAGGAGACT-1,240.0,erythroblast,-0.036148478443828964,0.021057056855976225,,
TDR43_ATCCTATTCACTGTCC-1,24.0,macrophage_immature,0.27999214376813986,-0.05403231333099383,1.069086869803371,0.47203565
TDR71_GATTTCTAGGCGCTTC-1,240.0,erythroblast,-0.06945808973987139,-0.008354539520562622,,
TDR74_TGAACGTTCCAAGCCG-1,240.0,erythroblast,-0.06093704481218645,-0.014750461775451598,,
TDR43_TGACCCTTCATTATCC-1,24.0,erythroblast,0.1689337391188684,-0.05617315130597215,1.046050222220216,0.16321138
TDR28_TCATCATAGGGCATGT-1,19.0,erythroblast,0.19589300749502775,-0.0895783273494186,1.0587556113737366,0.19430034
TDR54_CGAGAAGCATGTCTAG-1,120.0,erythroblast,0.10590778635443121,-0.09836182770905672,1.041699925835579,0.98455536
TDR47_GAGAGGTGTCATTGCA-1,48.0,macrophage_immature,0.4487127915590697,-0.030950475622106483,1.1006849341497091,1.7075014
TDR43_ACGTTCCTCCAAATGC-1,24.0,erythroblast,0.45109577270884355,-0.024342958989862606,1.0997553503990958,0.18679754
TDR53_TGGCGTGCAATAGTGA-1,120.0,erythroblast,0.03761563371871968,0.03952482587473405,0.999618234459813,0.9709244
TDR51_TTGAACGGTGTAGCAG-1,120.0,macrophage,-0.11690311748121479,0.026072205488744477,0.9718099050406798,1.0624315
TDR46_AGTCACAGTGTGCTTA-1,24.0,macrophage,0.17296217239406356,-0.016138851290675688,1.0385444907114234,3.1619518
TDR28_TTCATGTAGTATAGAC-1,19.0,hematopoietic_stem_and_progenitor_HSPC,-0.10560648800298522,-0.015153444011686168,0.982072043959088,0.1224446
TDR71_AGCGCTGCAAGTCGTT-1,240.0,neutrophil,-0.13195700322775014,-0.04239811912634907,,
TDR72_AGACACTCAAACTAGA-1,240.0,erythroblast,-0.053883352182218056,0.06817048426539554,,
TDR44_ACTCTCGTCCTTTGAT-1,24.0,non_specific_hematopoietic,0.0766484445336928,-0.07014076804449272,1.0297930322791002,0.08539077
TDR51_GAGATGGCAACCCGCA-1,120.0,neutrophil,-0.13090874180298265,0.0004893192602496432,0.9740626917031501,1.0686488
TDR73_ACTTCGCAGGAGGGTG-1,240.0,macrophage,-0.08366165467257303,-0.06261004660312552,,
TDR53_GCGAGAACATGTTTGG-1,120.0,neutrophil,-0.11700218984656464,0.14920646864051018,0.948150786678774,1.0267899
TDR46_GCACTAAGTCTTTCAT-1,24.0,erythroblast,0.33030818279524493,-0.002302975278353714,1.068784724621271,3.1755536
TDR74_TGATGGTCACGCGCAT-1,240.0,erythroblast,-0.0719722205787719,-0.008709301183253158,,
TDR48_CGAAGGATCCTCCACA-1,48.0,non_specific_hematopoietic,0.06547398321748538,-0.061567672336862986,1.025733874075817,1.6127555
TDR71_ATGTCCCAGGCAGGGA-1,240.0,macrophage,-0.15072957473337156,0.08119637033213739,,
TDR51_GAGTCATAGCACGGAT-1,120.0,macrophage,-0.09163840600744202,0.01608279336221871,0.9786861795582048,1.0797067
TDR71_TTGGGCGAGGAACTCG-1,240.0,hematopoietic_stem_and_progenitor_HSPC,0.06086464126789892,-0.028202746673354637,,
TDR71_ATCATTCCATCGCTAA-1,240.0,neutrophil,-0.10790891005672515,-0.042119880549317715,,
TDR71_CCTTCAGGTGTCCATA-1,240.0,erythroblast,-0.07333006405614349,0.028505442926977126,,
TDR74_CTATCTAAGGCTTAGG-1,240.0,macrophage_immature,0.2781167234233608,0.006147294676694198,,
TDR44_AGAACCTCACCGCTAG-1,24.0,non_specific_hematopoietic,0.1752682468347382,-0.0556862770199328,1.0472743215388467,3.3664498
TDR53_TCTCAGCAGCACTCAT-1,120.0,macrophage,-0.048525613182101704,-0.019307646006585702,0.99417344714811,1.1102147
TDR44_CCATCACAGGGCATGT-1,24.0,erythroblast,0.21676983984996293,-0.05341005331716164,1.0555225777318171,0.075322315
TDR51_TTTGATCGTCGGAAAC-1,120.0,erythroblast,0.3739106149785616,-0.03903490679275587,1.0860954449609024,1.1683452
TDR53_GTCCACTCACCTCTGT-1,120.0,macrophage,-0.10432328170311571,-0.011841082790495575,0.981673569556968,1.0497525
TDR43_AGGTTGTTCCGCTAGG-1,24.0,erythroblast,0.44550078895617384,-0.04518311316776326,1.1031136591448518,0.04743443
TDR53_CTTCCTTAGTCATCCA-1,120.0,microglia,0.04493582633411766,-0.054028489547459216,1.0199900406463607,1.0996548
TDR53_GCCCGAATCCTCTGCA-1,120.0,macrophage_immature,0.21730957296006317,-0.00048481067917516274,1.0445214905091886,1.1391727
TDR53_GTTACGATCGCAGTGC-1,120.0,macrophage,-0.10277083166904571,0.06532599090314078,0.9669394860804601,1.04463
TDR19_GTCAGCGCAGCGTACC-1,14.0,macrophage_immature,0.2689306888319243,-0.033489539299482174,1.0623506482958542,2.598035e-09
TDR71_TGTACAGAGACCACGA-1,240.0,hematopoietic_stem_and_progenitor_HSPC,-0.1287269542643347,-0.01892226291355495,,
TDR52_AGAGAGCGTTTCCAAG-1,120.0,erythroblast,0.2678861300702129,-0.048498502420086534,1.0653218142255445,1.0213289
TDR74_AAGTGAACAGCTTTGA-1,240.0,hematopoietic_stem_and_progenitor_HSPC,-0.12351888148615028,0.005902469638081179,,
TDR50_AACCACAGTCCAGCGT-1,48.0,hematopoietic_stem_and_progenitor_HSPC,0.23809922635497813,0.03269394481943555,1.04193655765235,1.5811903
TDR44_ATGTCCCAGGTCGAGT-1,24.0,erythroblast,0.13359347024082519,-0.025486070496768515,1.032327444739685,0.07753742
TDR43_CGTTCTGCAAATCAAG-1,24.0,macrophage,0.0764480935738959,-0.011288014267057861,1.0177020785042026,3.3927257
TDR52_GCCTGTTAGTCGCCCA-1,120.0,erythroblast,0.36263304960987397,-0.025617790682880198,1.0807445135789282,1.1772782
TDR53_GTAGAGGAGTACTGGG-1,120.0,hematopoietic_stem_and_progenitor_HSPC,-0.09539085619477655,0.0170201097069667,0.9777686479882959,1.0619773
TDR47_TTCTTGATCCGCAGTG-1,48.0,macrophage_immature,0.007877466861098997,-0.014961496707385932,1.004578240981284,1.5091333
TDR51_CGAGGCTGTTGCGAAG-1,120.0,erythroblast,0.17105331744489494,-0.05412268216291295,1.0460646806553768,1.0977801
TDR54_ATGTCTTCAAAGACGC-1,120.0,hematopoietic_stem_and_progenitor_HSPC,-0.06546037128625724,-0.054885373087384934,0.997887235395986,1.1059073
TDR47_GTCAAGTCAACACGTT-1,48.0,erythroblast,0.27559774224873523,-0.029705572563412996,1.062963394739864,1.6925833
TDR40_GATGTTGCAGTGTGGA-1,16.0,erythroblast,0.3269645602665863,-0.05982971063430631,1.080429723556726,0.2774649
TDR67_TGCATCCTCGCTAGCG-1,72.0,hematopoietic_stem_and_progenitor_HSPC,-0.07912726390331908,-0.014213044734264782,0.9871010697450177,1.4849097
TDR53_CACGGGTAGTTGGACG-1,120.0,macrophage,-0.11857528230554226,0.06257873981535211,0.9644176759271925,1.0572528
TDR68_AGACCCGGTACAAGTA-1,72.0,erythroblast,-0.04567784568995484,0.018943108862212954,0.9871589678063558,0.67858326
TDR44_TTCAGGAAGGGCCCTT-1,24.0,erythroblast,0.20319834426576885,-0.05856188371881514,1.0537466440887182,0.06448647
TDR43_CTTTCAAAGCTAGAAT-1,24.0,erythroblast,0.20841761071120746,-0.023127559686436552,1.0473980426377592,0.11370218
TDR48_TGTTCTAAGAGAGGTA-1,48.0,erythroblast,-0.05878156272574889,-0.04657642180984915,0.9975619487034016,6.875598e-07
TDR46_ACGGTCGTCTGTCAGA-1,24.0,macrophage,-0.039713147400384785,-0.05186209125795227,1.0024327431005644,3.02208
TDR69_GCCCGAATCCCTCGTA-1,72.0,erythroblast,-0.10390263392512959,0.008570623986514994,0.9777564666293159,0.5963791
TDR68_GGGCTACTCACACGAT-1,72.0,erythroblast,-0.043365211056587395,0.059870250751046926,0.9795645994067937,0.77888143
TDR46_ACCCTTGCACGAAAGC-1,24.0,non_specific_hematopoietic,0.2139357299687018,-0.03809289854185848,1.0516977106180405,0.03836711
TDR51_GTCATTTCAAGTGGAC-1,120.0,neutrophil,-0.1158718655190763,-0.051536790798635684,0.9872154111878637,1.0731658
TDR71_ACTTATCCAGAGTCAG-1,240.0,macrophage,-0.007708846467847141,-0.04868685437733297,,
TDR28_TTGGGTAAGCTCTATG-1,19.0,erythroblast,0.17869971094964346,-0.07685579232355631,1.0524398135403787,0.2896454
TDR54_GTCGTTCGTCCTTGTC-1,120.0,hematopoietic_stem_and_progenitor_HSPC,0.1450587670330094,0.023490766012342276,1.0246115859156302,1.1225193
TDR74_GTCGTTCCATGACTTG-1,240.0,hematopoietic_stem_and_progenitor_HSPC,-0.09996017033547731,-0.022819853187311223,,
TDR74_CAAGAGGAGAGCAGAA-1,240.0,erythroblast,-0.09287943918166741,-0.007042860095371695,,
TDR67_GCTGAATGTAAGGCTG-1,72.0,macrophage,-0.12878715751578818,-0.01649291785378898,0.9777914745062641,1.5345378
TDR72_ACATCCCGTAGCGTTT-1,240.0,microglia,-0.1671528324769231,0.12584116224697436,,
TDR74_TGGATGTAGTAGCCAG-1,240.0,erythroblast,-0.048130207675855144,0.005062404142165786,,
TDR69_TGCAGGCTCCGCAAAT-1,72.0,macrophage_immature,0.5268485727304665,0.008598142072070492,1.1092122582497719,1.685049
TDR74_ATAGGCTCATGCCATA-1,240.0,neutrophil,-0.07838178498220506,-0.03608853216780429,,
TDR48_TCCACCACAGACCTGC-1,48.0,erythroblast,-0.0693333520810223,0.028288402547134994,0.9806650147970679,1.3694726
TDR43_CGTAAGTAGAGGTTTA-1,24.0,erythroblast,0.31175696860394864,-0.07331980829653532,1.0800586609765348,2.3820343
TDR71_CATGGATCATTCCTAT-1,240.0,hematopoietic_stem_and_progenitor_HSPC,-0.12513950859762601,0.00470416582980851,,
TDR43_CTATAGGAGTAGTCAA-1,24.0,erythroblast,0.21945233496715041,-0.06817569824808462,1.0592123931811355,0.1232507
TDR74_CGGGTCAAGTCATCCA-1,240.0,non_specific_hematopoietic,0.2952062609385543,0.025807838317084816,,
TDR43_GTCGTAACACCTGATA-1,24.0,erythroblast,0.41634259228534454,-0.03407097336302761,1.094264790027604,0.11959045
TDR74_GAGTTGTGTCCGTACG-1,240.0,erythroblast,-0.07137677805120829,-0.07361650642885423,,
TDR69_ACGTAACTCCACGTCT-1,72.0,erythroblast,-0.021115742461493378,0.07420959820749937,0.9811155208098272,0.30729297
TDR45_TTCCGTGAGGTCGAGT-1,24.0,erythroblast,0.21664111709374098,-0.038715623747067496,1.052397977272475,0.10512915
TDR46_TTTCCTCCATGTGACT-1,24.0,macrophage,0.16932117262855534,-0.0014817006985986259,1.0347507481438973,3.2113426
TDR43_TGGTAGTGTTCGGCTG-1,24.0,erythroblast,0.3689114532558955,-0.035277612351373,1.0841950400970513,0.41852894
TDR51_TGGTGATAGTCGCCAC-1,120.0,macrophage,-0.12953809983058773,-0.043069191792928854,0.9828548975250506,1.0275466
TDR53_CCCTGATTCGGAATTC-1,120.0,innate-lymphoid-cell,0.13858155404438927,-0.06650604030104396,1.041870357776003,1.1474804
TDR39_ATCTCTAGTTTCTTAC-1,16.0,erythroblast,0.3186984359126388,-0.03937800111018133,1.0742419901335296,0.0019661537
TDR40_CGGAATTGTTTGAACC-1,16.0,erythroblast,0.2985781200225813,0.0034974590143847795,1.0607923535182693,0.0040821964
TDR44_ATGCCTCGTGATCGTT-1,24.0,erythroblast,0.12689990390581227,-0.046367510825283606,1.0352609110776476,0.06751578
TDR45_CTCCCAAAGCAGCAGT-1,24.0,erythroblast,0.4387813005508061,-0.07787682449568105,1.1088590735098394,0.07601529
TDR74_GAACGTTCAAGTGGTG-1,240.0,non_specific_hematopoietic,0.3359494250657725,-0.09822273779094572,,
TDR74_CATGCGGTCTAGCCTC-1,240.0,erythroblast,-0.08631878636442722,-0.04823730501255807,,
TDR71_GTAGGAGCAAATCGTC-1,240.0,hematopoietic_stem_and_progenitor_HSPC,-0.10846545938492189,-0.05039613277631873,,
TDR44_TCAGCCTTCGAATCCA-1,24.0,erythroblast,0.14710229579851256,-0.05880403928198741,1.0420409760853517,0.18060787
TDR51_CCAAGCGGTTTAGTCG-1,120.0,hematopoietic_stem_and_progenitor_HSPC,0.058084116153044124,-0.019985278959371564,1.0157364125420674,1.1356887
TDR43_CCACAAATCTGGTTGA-1,24.0,non_specific_hematopoietic,0.2243524004596264,-0.03194315370794143,1.0525955968739096,0.112604186
TDR47_CTATCTAAGGCCTAGA-1,48.0,microglia,0.18385263152128933,0.0016319108022135875,1.0371163733768838,1.571237
TDR72_TCCTCGAGTCTAACTG-1,240.0,erythroblast,-0.03787232390345465,-0.022357747558618322,,
TDR54_TAACACGGTGATAGAT-1,120.0,erythroblast,0.15089471323172526,-0.03323893405005168,1.037513234780564,0.9704517
TDR44_TCGTAGAGTGGTAATA-1,24.0,erythroblast,0.2683902733859608,-0.022686964583793642,1.0599433333529016,0.09447625
TDR46_CGTAATGGTTGATCGT-1,24.0,erythroblast,0.16844816676725052,-0.06437022744873423,1.0476647910263919,0.07541497
TDR74_TTGGGTAGTATGAGGC-1,240.0,hematopoietic_stem_and_progenitor_HSPC,0.04907451399447765,-0.027290127959484323,,
TDR52_TACCCACGTCACGCTG-1,120.0,erythroblast,0.169681395366515,-0.0333656833431635,1.0414452539739043,1.0537819
TDR43_TCGAAGTAGGGCATGT-1,24.0,macrophage,0.16281137299119378,-0.032842684483182616,1.039906506477932,3.2598088
TDR74_TCCGGGACACACCGAC-1,240.0,hematopoietic_stem_and_progenitor_HSPC,-0.04724857024381632,-0.04988584605456038,,
TDR28_TGCAGTATCACCGCTT-1,19.0,macrophage,0.06588379319564025,0.014565479864180886,1.0103165147157307,1.0412005
TDR44_TCGGGCAGTACCGGCT-1,24.0,erythroblast,0.17731205528587285,-0.037994102131469365,1.0440018186736184,0.07389286
TDR45_CTTTCAAAGCATAGGC-1,24.0,erythroblast,0.220430530572365,-0.06565779022036607,1.0588862669018109,0.3589255
TDR73_TGACCCTGTGACACAG-1,240.0,hematopoietic_stem_and_progenitor_HSPC,0.14465463100335538,-0.028705246398606353,,
TDR46_TTGCGTCTCACGTAGT-1,24.0,erythroblast,0.21420610014910135,-0.047274890537231246,1.0536877966587859,0.06955826
TDR44_TCTATCATCCATCCGT-1,24.0,macrophage_immature,0.21641209567238975,-0.0335898495334742,1.051271505363844,0.4694321
TDR46_ACAGAAAGTGCGGATA-1,24.0,hematopoietic_stem_and_progenitor_HSPC,-0.06683599381219774,-0.03992303929147192,0.9946318692822198,2.965085
TDR53_GACTCTCCAAGTCCCG-1,120.0,erythroblast,-0.10303251513953106,-0.09116902763460889,0.9976301151207911,0.95997375
TDR44_AGAACAATCGACCTAA-1,24.0,erythroblast,0.3214491351987898,-0.020991786474574975,1.0708879716223503,0.13839923
TDR48_AGTCTCCAGATGCTTC-1,48.0,erythroblast,0.056500911363315226,0.016688162321949668,1.0079943352162866,1.9580213
TDR69_CATGCTCTCTAGAGCT-1,72.0,non_specific_hematopoietic,-0.1254575334258086,-0.02990927941941217,0.9810717810378278,1.3850688
TDR71_TGGAGGAGTCACTTAG-1,240.0,hematopoietic_stem_and_progenitor_HSPC,-0.030332383581823025,0.02151019433718246,,
TDR74_GTTGTCCAGGCCTGCT-1,240.0,erythroblast,-0.03842588830642303,0.006177901837752832,,
TDR54_TAGGGTTAGCTTCATG-1,120.0,microglia,-0.1103382864415772,-0.011295799663869274,0.9803864019194773,1.0702019
TDR74_CGATGGCCACCTGTCT-1,240.0,neutrophil,-0.06989975644831072,-0.024242361194653603,,
TDR74_GTAGATCTCGCTTTAT-1,240.0,erythroblast,-0.05387347377470424,0.06479713319132421,,
TDR74_TTGAACGTCACTCGAA-1,240.0,erythroblast,-0.04702698203991989,-0.020535978974031616,,
TDR54_TATTCCAGTGACAGCA-1,120.0,erythroblast,-0.04965667502140525,-0.011957371420458447,0.9924884927245572,1.4168521
TDR54_TATCTGTTCCAGTTCC-1,120.0,hematopoietic_stem_and_progenitor_HSPC,-0.09407372788149243,-0.02684924094445336,0.9866450815415801,1.0961753
TDR19_CTCAGGGTCGGTCGGT-1,14.0,macrophage_immature,0.3944983987420286,-0.06606075601173358,1.0964874364571549,4.877631e-21
TDR74_TCTTAGTAGCTGAGTG-1,240.0,innate-lymphoid-cell,-0.09906632868522437,0.0036921786545299484,,
TDR68_TCCCAGTGTTGGGCCT-1,72.0,erythroblast,-0.0545806939923191,0.03036986386590406,0.9831534064288647,0.58413255
TDR51_GCTGCAGGTGGGCTTC-1,120.0,macrophage,-0.12295247381860082,-0.008508168556839946,0.9773711017330304,1.058916
TDR71_TGGGCGTTCTCCGTGT-1,240.0,macrophage,-0.14257590016441718,0.009771003943262607,,
TDR68_TACATTCCAACCCTCT-1,72.0,erythroblast,-0.08196564443726886,-0.04096017674739426,0.9918324436863739,0.7016911
TDR45_GCTGGGTGTTGCTCCT-1,24.0,erythroblast,0.2006591087916418,-0.06689188132283512,1.0549677502980048,0.1029975
TDR53_GTCCACTTCGCCGAAC-1,120.0,erythroblast,-0.03300210549373124,0.011459800548215604,0.9911470390801083,0.97281975
TDR74_CGAGTTACATTCCTAT-1,240.0,macrophage,-0.14014203454203888,0.011475056393838862,,
TDR51_TTTCCTCCAAACCGGA-1,120.0,macrophage,-0.11911519951321199,0.05784345914520246,0.9652272320539461,1.045506
TDR22_TACCTGCAGGCGCTCT-1,14.0,erythroblast,0.26049427792174246,-0.05752485129888252,1.0656701241580064,0.008693334
TDR44_TGTCCCAAGGCGCTTC-1,24.0,erythroblast,0.2941894929855344,-0.06327650109350968,1.07411084545077,0.17154427
TDR74_AGTTAGCGTTTACGAC-1,240.0,innate-lymphoid-cell,-0.060789924461257375,0.018373644102406772,,
TDR44_CTACTATGTTCCAAAC-1,24.0,erythroblast,0.17807203174809488,-0.019658528536286204,1.0403384699256235,0.14763887
TDR44_CGGGCATGTTCAGTAC-1,24.0,erythroblast,0.19962562574272968,-0.06284546980087435,1.053896469600017,0.48495212
TDR52_CTTCAATGTTGGATCT-1,120.0,macrophage,-0.08121554667213782,-0.019655244042012104,0.9877634227885473,1.1066195
TDR73_AGGCATTAGTATGTAG-1,240.0,macrophage,-0.13985189673572876,0.141635827716166,,
TDR43_ACTTATCTCCCGAGGT-1,24.0,erythroblast,0.21503159607769048,-0.01892145257193238,1.0479025655045788,0.12459739
TDR53_TGCATGAGTGAATAAC-1,120.0,neutrophil,0.014209261192437983,0.07154412507626937,0.9885985223728255,1.0667315
TDR47_ATCACGAGTCTGATCA-1,48.0,erythroblast,0.11891724347654556,-0.014035242063283791,1.0269471788063165,0.73071706
TDR51_CTGTGGGTCGGTCACG-1,120.0,erythroblast,0.21565301077706472,-0.011016696227601444,1.0463772302490337,1.0438641
TDR28_CCGTAGGCAGTCGCAC-1,19.0,erythroblast,0.22519146912080004,-0.08353864532353991,1.0636921569575735,21.386198
TDR69_AGAGAGCTCTAGGAAA-1,72.0,macrophage,-0.14087903383312736,0.0375397879784298,0.9649453953609736,1.4991761
TDR51_GAACTGTTCTGGGATT-1,120.0,hematopoietic_stem_and_progenitor_HSPC,0.04683709836819738,-0.022109304521266845,1.0138847912100257,1.1128278
TDR74_CACTTCGAGGGTAGCT-1,240.0,hematopoietic_stem_and_progenitor_HSPC,-0.023892077550231677,0.07219472548300004,,
TDR46_TGCTCGTCAATCCAGT-1,24.0,non_specific_hematopoietic,0.41253638707858326,-0.024604854056480677,1.0913639543348428,0.033503924
TDR73_GACTTCCAGTGTGTTC-1,240.0,non_specific_hematopoietic,-0.03300539012678745,-0.08735124564465181,,
TDR51_TCCGGGATCTACCTTA-1,120.0,hematopoietic_stem_and_progenitor_HSPC,-0.09501549663951868,-0.038082720576852996,0.9886780262547106,1.0962188
TDR69_ATCGTAGCATGATGCT-1,72.0,microglia,-0.11522151738525883,-0.006157230575815437,0.9784233226407171,1.4129627
TDR43_AAAGGATAGTCACGAG-1,24.0,erythroblast,0.16445315743264882,-0.04521076556373141,1.0428243825362602,0.17606339
TDR41_GGGTTATAGCGAAACC-1,16.0,erythroblast,0.23799877339575085,-0.08460453410207489,1.0666476165562424,0.17839596
TDR74_AAAGAACTCGGTCGAC-1,240.0,erythroblast,-0.09106144464749097,-0.04227707236285372,,
TDR71_GACTCTCCATGACTCA-1,240.0,erythroblast,-0.056945699364871954,0.0102158495641433,,
TDR52_TCTTCCTTCAGAACCT-1,120.0,erythroblast,0.10447726745193625,-0.02417817310306633,1.026064990296111,1.2331525
TDR72_AGCGTATTCCTACCAC-1,240.0,erythroblast,-0.10320315930065173,0.06069676362885881,,
TDR51_CTTCTAACAAACACCT-1,120.0,hematopoietic_stem_and_progenitor_HSPC,-0.09072140490868567,0.02489664269210315,0.977141692292232,1.0712184
TDR72_TCGGTCTCACCCTGAG-1,240.0,erythroblast,-0.04380183564644456,0.006530194210865398,,
TDR43_CCGGACACATGAATCC-1,24.0,erythroblast,0.1966555078939273,-0.06257285987953312,1.0532131913227454,0.0966539
TDR74_GTCGCGATCGCTCATC-1,240.0,innate-lymphoid-cell,-0.0775827837698212,0.03640201049534403,,
TDR52_TGCAGTACATGACTGT-1,120.0,neutrophil,-0.11812511246995429,0.040951314947647366,0.9686854958276883,1.0546296
TDR51_ACTGATGTCCCATTCG-1,120.0,hematopoietic_stem_and_progenitor_HSPC,0.21768395471876242,-0.011365884872002421,1.0468754521316528,1.0476276
TDR47_TCGTGCTAGTTTGGCT-1,48.0,macrophage_immature,0.2271357521423375,-0.07317737642309709,1.061903046898563,1.6323203
TDR74_TCGGTCTCATACCATG-1,240.0,erythroblast,-0.07625597499114184,-0.021117543252769877,,
TDR73_AAACGAAGTATGGTTC-1,240.0,erythroblast,-0.031059073298704137,0.0044008830639219315,,
TDR71_CCACGTTAGGTCACTT-1,240.0,non_specific_hematopoietic,0.06789822082931374,-0.02341342417066352,,
TDR69_TGCTGAAAGTCGGCCT-1,72.0,microglia,-0.16534944668150783,0.0842169819502695,0.951311913245753,1.2152746
TDR71_GTATTGGAGCGGTAAC-1,240.0,hematopoietic_stem_and_progenitor_HSPC,-0.1288719806318134,-0.0042105259846693804,,
TDR51_GTCGAATCATAGGTTC-1,120.0,macrophage,-0.06511154709833078,-0.0868363780675879,1.004354419245569,1.0852224
TDR73_AATGGAAAGTGGGAAA-1,240.0,macrophage,-0.18229426039605098,-0.05550132038384693,,
TDR50_TGATCTTAGTGTTCAC-1,48.0,non_specific_hematopoietic,0.08476909911768135,0.039966987270983856,1.0090006871270825,1.4829987
TDR73_TTTGATCAGCCTGGAA-1,240.0,neutrophil,-0.09206184413314945,0.025399226753288123,,
TDR41_CTCCCAACAGGACGAT-1,16.0,erythroblast,0.3975839593172855,-0.051328954169395716,1.0939364171428925,0.008152183
TDR70_TTCCACGTCATCGACA-1,72.0,macrophage,-0.07472844503508246,0.025874740515610117,0.9800804321037279,1.5468451
TDR72_GGTCTGGCAGGACGAT-1,240.0,microglia,-0.12263588919123863,-0.05494954697367843,,
TDR71_TAACGACGTTAGAAGT-1,240.0,hematopoietic_stem_and_progenitor_HSPC,-0.02254006021947147,-0.04358253834776129,,
TDR48_TGTTACTCACCGGTCA-1,48.0,erythroblast,0.03220547399747019,-0.04873138003879124,1.016319096096297,0.7923716
TDR71_TACTTACCAGGACAGT-1,240.0,hematopoietic_stem_and_progenitor_HSPC,-0.030393361190345802,-0.06595391403009862,,
TDR73_CAGGCCACATGCCGGT-1,240.0,macrophage_immature,-0.03515351922245,-0.06490267700427205,,
TDR44_AGCGATTCACATCATG-1,24.0,erythroblast,0.22746384670124456,-0.04212369972573003,1.0553975380670324,0.26904336
TDR44_CTACATTAGAGCAGCT-1,24.0,erythroblast,0.255203329880205,-0.05072543368951263,1.0630963688834583,0.18886325
TDR54_GGACGTCGTCGTGATT-1,120.0,macrophage,-0.13161994225491166,0.03393960229440589,0.9674302894618865,1.0595859
TDR73_CTGTATTCAGTAACGG-1,240.0,neutrophil,-0.11777788860526232,-0.0308582609978275,,
TDR41_AGTCACATCTTACACT-1,16.0,erythroblast,0.2621422197861503,-0.0677686024275251,1.0682076649171113,0.018785818
TDR44_CGAGAAGGTGAGATTA-1,24.0,erythroblast,0.24261924783365793,-0.041318115084899465,1.0584308409183156,0.11634971
TDR67_GTCGTTCTCCACTTCG-1,72.0,erythroblast,-0.06167010707572083,-0.01508696010147316,0.9907266359302057,0.35832775
TDR69_CAGATCAGTGGTACAG-1,72.0,microglia,-0.1428486934902352,-0.013755476225209506,0.9745118076802219,1.3956584
TDR44_CTGTCGTTCATCTGTT-1,24.0,erythroblast,0.23414881191249987,-0.07651166127563738,1.0641028977313545,0.0998904
TDR44_TCTTCCTAGTTACGGG-1,24.0,erythroblast,0.38393564115766615,-0.036933595623563076,1.0878179916531954,0.11184954
TDR50_ACGGGTCCACATATCG-1,48.0,erythroblast,-0.003890804998994621,0.02743029504838454,0.9937553593122952,0.7359072
TDR47_AGAACCTTCAGCCTCT-1,48.0,erythroblast,0.03928929375434671,-0.0017158354858013425,1.0082347463784576,0.70136625
TDR53_AAACCCAAGCGACTGA-1,120.0,hematopoietic_stem_and_progenitor_HSPC,-0.015297851062404721,-0.03645571706375639,1.0042405389480902,1.1133089
TDR74_AATTTCCCACAATGCT-1,240.0,erythroblast,-0.08092982535512089,0.07027745950753114,,
TDR47_GCCAGTGAGATCACTC-1,48.0,erythroblast,0.1858299145055962,-0.0787992265297403,1.054351439082433,1.667591
TDR44_CTCCCTCGTATCCCAA-1,24.0,erythroblast,0.47789226595965206,-0.05151263859984828,1.1116895563551275,1.1036712
TDR74_GCACGGTTCTCCGATC-1,240.0,erythroblast,-0.07586589912148323,0.015153286729649836,,
TDR73_GATCCCTTCATGAGTC-1,240.0,erythroblast,-0.043971083181222004,-0.03467860742723564,,
TDR50_TGGGAGATCCGGACTG-1,48.0,macrophage,-0.04605889810356578,-0.059844685253505725,1.0027609618842244,1.6056293
TDR72_TGGGAGATCACGGAGA-1,240.0,macrophage_immature,-0.10792664004263906,-0.08473025211965404,,
TDR54_GCTTTCGAGCATTTCG-1,120.0,neutrophil,-0.04238337245961017,0.025698911484632853,0.9864758278209049,0.58705753
TDR46_ATGGTTGCACCAGGTC-1,24.0,macrophage_immature,0.19878184603707094,0.013398805230264044,1.0377725196376306,3.4281445
TDR74_GTAAGTCGTGTTCGAT-1,240.0,microglia,-0.09737663954835372,-0.0062735165182902924,,
TDR43_ACTGTCCAGCCATTGT-1,24.0,erythroblast,0.3023266227667746,-0.029760871404482997,1.0686727936868607,0.10390188
TDR74_GGCTTGGTCGGAACTT-1,240.0,neutrophil,-0.09163046947719736,0.03211564500678693,,
TDR74_AGAACCTAGTACCGGA-1,240.0,erythroblast,-0.0745233118591544,0.03288757397932708,,
TDR52_GCAGTTAAGAGTAACT-1,120.0,macrophage,-0.07353513573138543,0.02512332693070285,0.9804617032153842,1.0814656
TDR46_TACCTCGGTGGACCAA-1,24.0,erythroblast,0.31457143327232406,-0.0506630027671687,1.0757809760984975,0.04981859
TDR53_GGAGAACCATGCAGCC-1,120.0,macrophage_immature,0.3158346414060429,-0.05293423260531628,1.0765417011666438,1.1759173
TDR54_TGTTTGTTCATCCTAT-1,120.0,erythroblast,0.5538960754147425,0.020849950711572293,1.1124994324942878,1.1668705
TDR46_GTTCATTTCTACCAGA-1,24.0,non_specific_hematopoietic,0.22978258134773155,-0.06221975431734045,1.0601394617231028,0.052715406
TDR49_ATATCCTTCGTAACTG-1,48.0,non_specific_hematopoietic,-0.05416592810685773,-0.03514369111258178,0.9962027803423912,1.6003759
TDR46_AACAACCGTCTAGTGT-1,24.0,erythroblast,0.20390568930495562,-0.06271022631798262,1.0547704740588377,0.10037101
TDR71_CCGGTGATCCTTCTGG-1,240.0,innate-lymphoid-cell,-0.07652335743327718,0.009332352662304047,,
TDR53_GGTGTTATCCTGGGTG-1,120.0,innate-lymphoid-cell,-0.11651096402828878,-0.04273130729898482,0.985352403892042,1.0890208
TDR53_GTGCTTCAGACTACCT-1,120.0,erythroblast,0.32129409640010487,-0.11040509777304566,1.0901767497559445,1.0809312
TDR40_TGATGCAAGCTAGCCC-1,16.0,erythroblast,0.2035547609845866,-0.020693441136063778,1.0458705914270605,0.013608346
TDR71_AGTAGTCGTACGCGTC-1,240.0,hematopoietic_stem_and_progenitor_HSPC,-0.11846569598881707,-0.06186054415812879,,
TDR51_TCCGGGAGTGCAGGAT-1,120.0,macrophage,-0.089207994554092,0.034250913226854,0.9756105668629538,1.0644134
TDR40_GGTAGAGTCTCTCTAA-1,16.0,erythroblast,0.23028115779420005,-0.03712625421635643,1.0549374566791,0.0070631756
TDR68_CTCATGCAGCACCTGC-1,72.0,erythroblast,-0.05405506316420889,0.03460095559661259,0.9824250690430144,0.6563379
TDR71_GAATCACGTATGGTTC-1,240.0,erythroblast,-0.08526372025186256,0.014450476109437636,,
TDR52_CCAATTTCATACGCAT-1,120.0,macrophage,-0.10240111293097738,-0.01651601694120365,0.9829696647312676,1.0335548
TDR74_ACCTACCCAGCATCTA-1,240.0,erythroblast,-0.06184275832873951,0.10306424360024437,,
TDR21_CTTCAATAGCCATATC-1,14.0,erythroblast,0.3258144294087175,-0.07731361998324103,1.0839649948024728,39.961803
TDR54_CATTCCGCACTGTCCT-1,120.0,macrophage,-0.15542050329090337,-0.0034601779247699638,0.9700651303256165,1.0284797
TDR67_ACGATGTGTCTTCGAA-1,72.0,erythroblast,-0.029273523731867847,0.06878282200950997,0.9805797808412181,0.01319083
TDR70_CCTCAGTCAGCGGTTC-1,72.0,erythroblast,0.018368817386954464,0.011854512679979987,1.0013037100334208,0.33825493
TDR51_TTTCACAGTAATGATG-1,120.0,neutrophil,-0.08551986035019166,-0.02525725533612877,0.9880198197074724,1.0796086
TDR43_AGCATCATCCATAAGC-1,24.0,erythroblast,0.4693042032195121,-0.07220890825305391,1.1143849320889072,0.58607376
TDR74_CCGGGTACAGGCATGA-1,240.0,erythroblast,-0.06142649042921212,-0.03289631727365032,,
TDR46_AGTGATCCAAGAAATC-1,24.0,macrophage,-0.13974992565642624,0.027925864509914244,0.9670209120803369,2.9881296
TDR43_AAGTACCGTTGAGTCT-1,24.0,erythroblast,0.14304469615847296,-0.017530663321879497,1.0326363258885036,0.08474185
TDR53_TTCACCGTCACAAGAA-1,120.0,macrophage_immature,-0.1393952076159761,-0.011562619104349539,0.974757538177471,1.0160896
TDR44_TTTCCTCCAGCTGGTC-1,24.0,macrophage,-0.02949835661635683,-0.03867259040930804,1.001836531119928,3.2393563
TDR47_CTAACTTCAATACGAA-1,48.0,macrophage,0.02161584445592271,-0.009854748885092801,1.0063139682564768,1.6063293
TDR73_CTTCTAACAACCCGCA-1,240.0,hematopoietic_stem_and_progenitor_HSPC,-0.1279400653960458,0.030819695800846772,,
TDR45_CTCCCAAAGGAAGTGA-1,24.0,erythroblast,0.20072245983023024,-0.038402597941318256,1.0489870786445987,0.1302747
TDR44_CCATAAGCACGGATCC-1,24.0,macrophage_immature,0.16990155333472468,-0.04282067094640071,1.0434624318808554,3.3970008
TDR52_CACATGATCATTTCCA-1,120.0,erythroblast,0.31488317736362204,-0.014459454239022645,1.0680862827008983,1.030752
TDR74_CATGCGGTCTGGCCTT-1,240.0,erythroblast,-0.08374121430431783,0.012035246248598454,,
TDR43_GTCCTCAAGAAGCGAA-1,24.0,erythroblast,0.23534152705889577,-0.07176772919765928,1.0633473940133993,0.2647376
TDR51_TCAATCTTCTCAACCC-1,120.0,macrophage_immature,0.20750318460664885,-0.064277916394826,1.055860654066135,1.1468087
TDR45_GGGCTACCACGGTCTG-1,24.0,erythroblast,0.34122558631992583,-0.06282101506772249,1.0841641487370839,0.7896896
TDR51_TGACAGTGTATACAGA-1,120.0,hematopoietic_stem_and_progenitor_HSPC,-0.03948780064962493,-0.032048318057180544,0.998513209850747,1.1096902
TDR51_CGCCATTAGATAGTCA-1,120.0,hematopoietic_stem_and_progenitor_HSPC,-0.07735997989316977,0.007115865483184172,0.9832467538988403,1.0942109
TDR71_ATCTCTAGTTAGGCTT-1,240.0,innate-lymphoid-cell,-0.11028334804415037,-0.03307220293383924,,
TDR71_TGGGCGTTCTCTAAGG-1,240.0,macrophage,0.055988022374215074,-0.021178299806096257,,
TDR43_CACCAAATCCGGCAAC-1,24.0,erythroblast,0.35960731322489103,-0.04652114958770802,1.0846156586325784,0.113956854
TDR21_TTTGGAGGTCGCATCG-1,14.0,macrophage_immature,0.19225356611461797,-0.03419948814379803,1.0463318911312156,1.4567962e-08
TDR67_ATCACGACAGACCAAG-1,72.0,erythroblast,-0.04674628796273167,-0.03239313934160315,0.997133486593531,0.09005473
TDR53_GCCTGTTGTACATTGC-1,120.0,neutrophil,-0.0774585475300189,0.10317138977992682,0.9645187685562839,1.0134039
TDR47_ACCTGTCGTGCCGTTG-1,48.0,neutrophil,0.0885840611396232,-0.07231558802559115,1.0327033027222097,0.62888265
TDR71_GCGATCGTCCCGGTAG-1,240.0,hematopoietic_stem_and_progenitor_HSPC,-0.07198681850665012,0.02076701188816925,,
TDR43_GGGTTTAGTAGATTGA-1,24.0,macrophage,0.07005910283227132,-0.02846450109476692,1.0199001402475523,3.360075
TDR42_AGTTCGACACAATCTG-1,16.0,macrophage_immature,0.21443150411664302,-0.06630957913667491,1.0577544489403639,0.01622208
TDR74_GCCGTGACAGTGAGCA-1,240.0,erythroblast,-0.07766523393840949,0.06741960881796821,,
TDR53_AACGAAACACTCCGAG-1,120.0,hematopoietic_stem_and_progenitor_HSPC,0.38628748372866517,-0.023746191271517267,1.085463120399086,1.1778088
TDR54_AACCTTTAGACCATAA-1,120.0,macrophage,-0.1087268297994484,0.025117644301295233,0.9735862163445413,1.068216
TDR68_ATGCATGGTGACTCTA-1,72.0,erythroblast,-0.061238658214456565,0.042570648305977926,0.9794521822646723,0.59560657
TDR74_ATATCCTTCATCGACA-1,240.0,hematopoietic_stem_and_progenitor_HSPC,-0.09089874788265548,-0.018944288413497753,,
TDR51_TGCACGGAGAAGTATC-1,120.0,microglia,-0.11060046482251656,-0.03944843338819454,0.9858703673617003,1.0554008
TDR53_TTCAGGACAAGGAGTC-1,120.0,innate-lymphoid-cell,0.18172266445156238,-0.025968889491377614,1.0424130967542709,1.1512005
TDR74_GGGCGTTTCAGTCAGT-1,240.0,erythroblast,-0.0663446868755281,0.029867244547435945,,
TDR51_GTCACTCTCACTTGGA-1,120.0,hematopoietic_stem_and_progenitor_HSPC,-0.1275516376896173,-0.022086006303788264,0.9791277777987673,1.077868
TDR43_AGAGCAGGTGAGAGGG-1,24.0,erythroblast,0.14964152708066455,-0.043122239094937426,1.039305553642099,0.19447577
TDR74_GAGGGTATCTTACTGT-1,240.0,microglia,0.1389479092005385,-0.029599622443870266,,
TDR41_TCATGTTGTTTCTATC-1,16.0,erythroblast,0.35529911974525785,-0.06860926595351033,1.0884794008192893,0.006525375
TDR53_TTTCCTCGTGAAAGTT-1,120.0,hematopoietic_stem_and_progenitor_HSPC,0.2927947196423582,-0.07198963994565218,1.0756841437199014,1.1573887
TDR72_CTGTCGTGTCTTCGAA-1,240.0,erythroblast,-0.06316204018645236,-0.003018101760282735,,
TDR74_GTTATGGAGACGGATC-1,240.0,non_specific_hematopoietic,0.13991078196037063,-0.02286888922150264,,
TDR47_GAGCTGCGTACCGTCG-1,48.0,erythroblast,0.008828923659492866,0.06567411862965622,0.988695344306718,0.5818119
TDR67_ATTTCACGTACTCCCT-1,72.0,erythroblast,-0.06244202049936383,-0.0038173009296034385,0.988343525380135,0.09137902
TDR73_TTCTTCCGTTCTCGCT-1,240.0,erythroblast,0.024932870557824366,0.025974858146294813,,
TDR47_GAAGAATAGTAAACAC-1,48.0,microglia,0.08822016505485375,0.022155045055280875,1.0133007017386422,1.611511
TDR46_GACCTTCTCCAGTGCG-1,24.0,erythroblast,0.28531951036484504,-0.03126217380877919,1.065363799744226,0.42027226
TDR46_GAACTGTTCCCTGTTG-1,24.0,non_specific_hematopoietic,0.3333144509128139,-0.0317571693636433,1.075745945848752,0.0659348
TDR70_AGAGCCCAGTGTCATC-1,72.0,microglia,-0.04614016711424607,-0.034126601421378716,0.997600171066205,1.402089
TDR53_CTCCCAACATCGGCCA-1,120.0,neutrophil,0.11310265149274085,0.003480137898214275,1.0221666107573342,1.0358398
TDR53_TTGGGTACAACCCGCA-1,120.0,innate-lymphoid-cell,0.033097662557083796,0.05788672693429682,0.9950544567935291,1.0966067
TDR37_GCGGAAACACGGGTAA-1,12.0,erythroblast,0.4535612754608501,-0.08066022978376716,1.112760985272554,0.009430412
TDR74_CGAGAAGTCGTTAGTG-1,240.0,microglia,-0.039087862147516375,-0.04477748778707164,,
TDR46_AAAGTGAGTTGTCAGT-1,24.0,hematopoietic_stem_and_progenitor_HSPC,0.1400860911645663,-0.055757759081952615,1.0399459805748439,3.3521905
TDR51_GTGCGTGTCCGTTTCG-1,120.0,neutrophil,0.03772187991387724,-0.11551432102774653,1.0311217014256424,0.84349877
TDR74_CGGAACCTCCATTCGC-1,240.0,hematopoietic_stem_and_progenitor_HSPC,-0.023069113831954924,0.00014378790310232148,,
TDR46_TCCTGCATCATTTGGG-1,24.0,macrophage_immature,0.20681164713753475,-0.047945059823913075,1.0522716899621063,3.3934002
TDR71_TCAATTCGTGGCTGCT-1,240.0,macrophage,-0.15272941292423906,0.0347936218679431,,
TDR39_GTCTCACAGAGGGCGA-1,16.0,macrophage,-0.08590207906134309,-0.06360129700894647,0.995549775315953,1.394128
TDR52_TGCTTGCAGCTGGTGA-1,120.0,macrophage,-0.11662864587613561,-0.05231010549118362,0.9872186757834231,1.0795143
TDR71_AACGAAATCTCTCGAC-1,240.0,hematopoietic_stem_and_progenitor_HSPC,-0.1122661956086976,0.037961286431157454,,
TDR44_CTGGACGCAGAGGTAC-1,24.0,macrophage_immature,0.2699326027788729,-0.03945427342761412,1.063831884601227,3.4493854
TDR52_TCCCACAAGTTGAAGT-1,120.0,erythroblast,0.24217450884879155,-0.017046402681916872,1.0532116207212716,0.9841552
TDR51_GCAGCTGTCCGTGTGG-1,120.0,erythroblast,0.16571049555110542,-0.06258429661273188,1.0467173759441661,1.1309505
TDR74_CTTACCGCACGACGTC-1,240.0,hematopoietic_stem_and_progenitor_HSPC,-0.032331996187438455,0.010415483148137672,,
TDR74_AGGAAATCAATTGCCA-1,240.0,erythroblast,-0.06221718270585144,0.030638092893845156,,
TDR54_ATTTCTGAGCTCCATA-1,120.0,erythroblast,0.20685527522784108,-0.003142691656779162,1.0428940546858887,1.0411742
TDR44_GAGACTTCATGATCTG-1,24.0,macrophage,0.18369325822043653,-0.04889597639369503,1.0476167756374415,3.1670473
TDR51_CTCCATGGTATTCCGA-1,120.0,neutrophil,0.020471910293193757,0.0454771333142627,0.9950114397989966,0.9758319
TDR47_GTCCTCATCGGAGTGA-1,48.0,erythroblast,0.15420927316530697,-0.05476381032619179,1.042680307633731,1.6986157
TDR68_TACAACGCATCAACCA-1,72.0,erythroblast,-0.06459682562780078,0.07168072266919089,0.9731125700953723,0.7861217
TDR44_GAAATGAGTAGGATAT-1,24.0,hematopoietic_stem_and_progenitor_HSPC,0.12308999887660954,-0.06600931192429808,1.038544134930271,0.06797287
TDR51_CCGTAGGCATCGCTGG-1,120.0,erythroblast,-0.09944905337511471,-0.01261058995241257,0.9827822563455583,1.0359216
TDR73_CCTACGTGTTACGCCG-1,240.0,non_specific_hematopoietic,-0.0766342109766957,-0.04489721934512553,,
TDR51_ATACTTCAGGCATTTC-1,120.0,microglia,-0.03165467363206412,0.08873081437631508,0.9762104433726028,1.0468118
TDR67_TGACAGTGTATTTCTC-1,72.0,hematopoietic_stem_and_progenitor_HSPC,-0.06937136590331419,-0.00613813123841217,0.9874329858569302,1.533849
TDR47_TTCATGTTCTTGGGCG-1,48.0,erythroblast,0.03926554180326916,-0.02201535154016057,1.0123315934103818,0.7092116
TDR44_AACCTGAGTTCCTAGA-1,24.0,erythroblast,0.09868685808948455,-0.034478853034256476,1.0269909740225054,0.08003344
TDR51_TGAGCGCAGTCTACCA-1,120.0,macrophage,0.17259253668651797,-0.036929418627318675,1.0427947734844374,1.1545488
TDR74_CATGGTACAATTGGTC-1,240.0,macrophage,-0.08547273069212197,-0.016355906003787196,,
TDR51_ATCGTGAAGGAGGTTC-1,120.0,macrophage_immature,0.2178243941187008,0.03319198600207998,1.0376167341360487,1.1129389
TDR52_TGGTACACATGACTGT-1,120.0,erythroblast,0.11035323458322788,0.012151950927300273,1.0198343954687203,0.9915306
TDR71_CGGACACGTACCCGCA-1,240.0,erythroblast,0.016458695946526658,0.007034377967293906,,
TDR51_GATTTCTGTCCGTACG-1,120.0,hematopoietic_stem_and_progenitor_HSPC,-0.09327513119469769,-0.06951596189172309,0.9952594382404727,1.075304
TDR43_ACGATCATCCCATTCG-1,24.0,erythroblast,0.1410284895094369,-0.03537653532964981,1.0359107639746252,0.27951735
TDR69_TCCGAAACATGACTGT-1,72.0,erythroblast,-0.07455397262632077,-0.04820736268484266,0.9947445365364512,0.3718332
TDR29_GATTTCTTCAAGTAAG-1,19.0,erythroblast,0.2764747432828616,-0.05697340089917759,1.0689636511902432,0.03822861
TDR51_TCGGGACAGTGGACTG-1,120.0,hematopoietic_stem_and_progenitor_HSPC,-0.0968570550558584,-0.04276540861037619,0.9892399783819237,1.0938184
TDR47_AATGGCTGTGGCAACA-1,48.0,erythroblast,0.029379797597737678,0.020490355089794743,1.0017794698823848,0.04055472
TDR46_CACTGAATCCACTTTA-1,24.0,macrophage_immature,0.22458299173884982,-0.001932510687213257,1.0463449595146956,3.241608
TDR48_CTTCGGTAGGTGATCG-1,48.0,hematopoietic_stem_and_progenitor_HSPC,-0.06600308239011837,-0.011241301630238232,0.989107402535547,1.5288393
TDR74_GGAGATGTCGACACCG-1,240.0,hematopoietic_stem_and_progenitor_HSPC,-0.10874223749555327,0.03082564538739667,,
TDR70_GGTAATCGTTGTTGCA-1,72.0,erythroblast,0.1669506052405889,-0.07007151710942298,1.0485459809942053,1.5217601
TDR44_TTCTCTCAGTTGCATC-1,24.0,erythroblast,0.1748351310934431,-0.055459018426752826,1.0471360120560314,1.7202666
TDR74_CGCCATTTCGGTGCAC-1,240.0,erythroblast,-0.06525399752933671,0.0914623972810345,,
TDR44_TCTACCGGTCTGATCA-1,24.0,macrophage,-0.12974015164747618,-0.039343758801651196,0.9820831711233702,3.155436
TDR70_TCCGATCCAAACTCTG-1,72.0,hematopoietic_stem_and_progenitor_HSPC,-0.09176542518546592,-0.0003406530545081582,0.9818812010963692,1.4786508
TDR48_CAGTGCGCATTGACTG-1,48.0,neutrophil,-0.08179990990166033,0.0840203535537597,0.9673798453037127,1.0847564
TDR44_ATATCCTTCTTCTTCC-1,24.0,macrophage,0.06755079876510123,0.00263518411756139,1.0130677695993688,3.2805712
TDR53_AACCATGAGCCGATAG-1,120.0,macrophage,-0.06841200980603271,0.020716751511226206,0.9823321866063022,1.080077
TDR52_GAAACCTAGCATAGGC-1,120.0,erythroblast,0.22748622434640725,-0.010403336150250755,1.0487279065311494,1.0760906
TDR53_GGAATGGCAAAGGATT-1,120.0,hematopoietic_stem_and_progenitor_HSPC,0.2695324792047445,-0.05180876752860561,1.0663784157111778,1.1577759
TDR51_CCCTGATGTTGGTAGG-1,120.0,non_specific_hematopoietic,0.1611281723513731,-0.07398543307298752,1.0481458238193275,1.1483059
TDR74_TAACTTCGTCTTGGTA-1,240.0,erythroblast,-0.06885263806297666,-0.004560453176370438,,
TDR52_CATTGCCGTCTGTCAA-1,120.0,macrophage_immature,0.1985821413768609,0.0115020039640827,1.0381248194671022,1.1293104
TDR47_GAAGCCCCACCCTTAC-1,48.0,non_specific_hematopoietic,0.13716871078841275,-0.029774438419843716,1.03395228588402,1.6350615
TDR74_GGATCTATCATGGAGG-1,240.0,innate-lymphoid-cell,-0.04267004475281927,0.0029838352643605237,,
TDR53_ATTTCACCACGACAAG-1,120.0,hematopoietic_stem_and_progenitor_HSPC,0.15669153381547696,-0.03602912294179984,1.0392965929091522,1.1416799
TDR52_TGTCCCAAGCACTCGC-1,120.0,erythroblast,0.16757721997465683,-0.039812642211115495,1.042350201164027,0.992045
TDR69_GCCCAGAGTATCCCAA-1,72.0,non_specific_hematopoietic,-0.05283043447523557,-0.05918460249324927,1.0012716414548053,1.2283381
TDR53_TCTGGCTTCCGACATA-1,120.0,macrophage,-0.05795063844691449,0.0021785942380682932,0.9880461749598833,1.0794808
TDR71_AGTTAGCTCGTTAGTG-1,240.0,neutrophil,-0.08559072283804935,-0.026618962638556024,,
TDR71_CTATCTATCACTTCTA-1,240.0,erythroblast,-0.031346131005405765,0.08831877344984299,,
TDR52_ATCTCTAAGAATTTGG-1,120.0,neutrophil,0.12074123071479687,0.009860639602857685,1.0224238360833258,0.97686476
TDR71_CAATGACCACGGCTAC-1,240.0,hematopoietic_stem_and_progenitor_HSPC,-0.0908156308177259,0.012820660012163795,,
TDR52_TACCCGTCACACACTA-1,120.0,erythroblast,0.5493709111916942,0.04925853823438103,1.1051957566196449,1.0405222
TDR73_TATCTGTCAGAACCGA-1,240.0,erythroblast,-0.08389161354272334,0.0032140773531575406,,
TDR68_GCGGAAACATTGCCGG-1,72.0,erythroblast,-0.03854962496576407,0.00761991640091967,0.9908085933384001,0.5120097
TDR27_GTAAGTCTCGATTGGT-1,19.0,erythroblast,0.3495901884038898,-0.04098687182174085,1.0812474404476737,0.12556973
TDR71_ACACCAAAGCGCCTTG-1,240.0,erythroblast,-0.04333229576068185,0.0024204359090398628,,
TDR52_GTCCCATTCTCAACCC-1,120.0,erythroblast,0.14305896674458268,-0.06882103821697634,1.0432866818394047,0.9801403
TDR53_TACCCACAGTCGGCAA-1,120.0,hematopoietic_stem_and_progenitor_HSPC,0.12828934218857316,0.017401049230537674,1.0224254109947448,1.1181159
TDR53_AAGCCATGTAGTAAGT-1,120.0,neutrophil,-0.09398424910837133,-0.09844645190738058,1.0008928389033687,1.0853908
TDR71_TGTCCCAAGAGGCCAT-1,240.0,macrophage,-0.06796135075960588,-0.03004531199997365,,
TDR44_TTCAATCAGGCATCTT-1,24.0,erythroblast,0.20049683434990345,-0.0048893145572992125,1.0419325706629958,0.06828572
TDR51_GGCACGTTCAGATGCT-1,120.0,hematopoietic_stem_and_progenitor_HSPC,-0.07963231445071278,-0.01418176109408155,0.9869951922136336,1.0843325
TDR52_CTCACTGTCGTTAGAC-1,120.0,macrophage,-0.12244923889280768,-0.03588284527302045,0.9828357348754928,1.0747515
TDR72_AGTAGTCGTGGCGTAA-1,240.0,innate-lymphoid-cell,-0.16563255579595232,0.014538656430287955,,
TDR54_CTACTATTCGAATGCT-1,120.0,neutrophil,-0.05494794972443458,0.06535202088819289,0.976227140110353,0.91063184
TDR54_AGGGCTCTCTTTGATC-1,120.0,neutrophil,-0.07099396952181762,-0.047421982642853064,0.9952966979527385,0.89181715
TDR53_CTGCGAGGTATGTCCA-1,120.0,macrophage,0.005301401944709266,-0.026963503208457307,1.0064738463697915,1.0982894
TDR52_TGAATGCCATGAGGGT-1,120.0,hematopoietic_stem_and_progenitor_HSPC,-0.05292802661375799,0.010010146864370448,0.9874912582060373,1.0982033
TDR70_TTCTAACGTGACAACG-1,72.0,macrophage,-0.15954001012831176,-0.012752475241980005,0.9710692383743003,1.5278352
TDR73_CCGTAGGTCACCTACC-1,240.0,non_specific_hematopoietic,-0.023973704349656816,-0.03102527135684166,,
TDR73_AACTTCTGTCCACTTC-1,240.0,hematopoietic_stem_and_progenitor_HSPC,-0.1288527460118491,0.009762971297554351,,
TDR47_TATACCTGTCGAGCAA-1,48.0,erythroblast,0.23857786620952548,-0.018604895406939048,1.0527823875764741,1.2124215
TDR71_TTCTTGATCCAGCCTT-1,240.0,erythroblast,-0.09602254398622471,0.00965717590053556,,
TDR74_AGAGAGCCACTGCGTG-1,240.0,microglia,-0.10915189260964867,-0.08616268020513171,,
TDR74_TTCTAACAGATCCAAA-1,240.0,erythroblast,-0.055981634346671666,0.04213638774054831,,
TDR40_ATCCACCCAGTTAGAA-1,16.0,erythroblast,0.22970710388148297,0.012122734733249818,1.0444776185007358,0.005414761
TDR74_AATGGAAGTTCTTCAT-1,240.0,erythroblast,-0.07971023599697441,0.04300738929486441,,
TDR74_TATATCCGTTGCATTG-1,240.0,erythroblast,-0.09276285874767756,0.015585619214396287,,
TDR53_ATGAGGGCATGTGGCC-1,120.0,neutrophil,-0.03995905262623675,0.07084480844642035,0.9780829738442322,1.0740906
TDR39_AAGATAGAGCCTAACT-1,16.0,hematopoietic_stem_and_progenitor_HSPC,-0.0739812683640865,-0.06297695745528545,0.9978015579396347,1.736656
TDR44_AACGTCAAGTTACGTC-1,24.0,non_specific_hematopoietic,0.21182672821627388,-0.04551665730458462,1.0528162085232304,0.06613588
TDR48_CCACCATAGTCTGGTT-1,48.0,macrophage,0.01867065834176318,-0.006844646496857232,1.005116103759961,1.5826061
TDR46_CCGAACGAGATTCGCT-1,24.0,erythroblast,0.3216435088434728,-0.049157358917957084,1.0769792952811639,0.16910502
TDR73_TCATTGTAGGCTGGAT-1,240.0,neutrophil,-0.12373502807440684,0.08319718263127507,,
TDR43_GGGCCATAGACCAAAT-1,24.0,erythroblast,0.2773184888643729,-0.07533775531535372,1.073078101348339,0.08889183
TDR74_GGTTAACAGTAACCGG-1,240.0,hematopoietic_stem_and_progenitor_HSPC,-0.03599629719316649,-0.03492639298984203,,
TDR74_GCGATCGCAGCTGGTC-1,240.0,hematopoietic_stem_and_progenitor_HSPC,0.09758020389601746,0.02515893320338547,,
TDR41_TTACAGGCACGACGAA-1,16.0,macrophage,0.050845279917910935,-0.05985339559410699,1.0223866377909219,5.1986623
TDR51_GCAACCGCAGCTGAGA-1,120.0,neutrophil,-0.05199976557593183,0.005366898453242008,0.9885922348774805,0.76983446
TDR44_CTGATCCGTATCGTGT-1,24.0,non_specific_hematopoietic,0.24661915390988362,-0.075414190929677,1.0665260336239533,0.092081025
TDR74_AAGTTCGAGGGCAGTT-1,240.0,erythroblast,-0.061467786273768754,-0.0462817527629711,,
TDR47_GTTAGTGAGGCTAGCA-1,48.0,erythroblast,0.06753540539157764,0.08811902807914501,0.9958917375569256,1.2893163
TDR43_ATGCCTCTCACGAGGA-1,24.0,macrophage,-0.016144066746808988,-0.05165550648622211,1.007127569010619,3.1482806
TDR47_GTCGCGAGTTGCATAC-1,48.0,hematopoietic_stem_and_progenitor_HSPC,-0.005563989539630887,-0.08669672240125703,1.016358911954348,1.6274519
TDR44_AGAGCAGAGAGTCCGA-1,24.0,erythroblast,0.3150958958264144,-0.03995834175003388,1.0735928716202834,0.4113112
TDR43_TCTAACTTCGTTTACT-1,24.0,erythroblast,0.22947755338875847,-0.016372111812433893,1.0503988330417402,0.15392518
TDR48_TCACTATGTTTACTGG-1,48.0,neutrophil,0.260467785522155,-0.013804579190649896,1.0563868706160073,2.3111183e-05
TDR51_GTGGAGACAAGAGTTA-1,120.0,macrophage_immature,0.36527919500853623,-0.05339901945121303,1.0873414093807774,1.2084867
TDR54_CACGTGGCACTACCGG-1,120.0,macrophage,-0.09515950067070424,0.049653253437560274,0.9714528438962176,1.0408378
TDR46_ACGATCACATGGAACG-1,24.0,macrophage,-0.06384755648099458,0.008425039689641978,0.9856494458046671,3.2120101
TDR44_CTCTGGTAGCTAATCC-1,24.0,macrophage,-0.024983928335501282,-0.0468767279268143,1.0043881598178728,3.2548726
TDR52_GAAGGACGTTGACTGT-1,120.0,erythroblast,0.18287033175190265,0.016065785914291558,1.0339236244268974,1.0897945
TDR51_ATTACTCTCATTGGTG-1,120.0,hematopoietic_stem_and_progenitor_HSPC,-0.09115275270290313,0.06300294572028561,0.9696392928495289,1.0409169
TDR47_GGAACCCGTGATACAA-1,48.0,non_specific_hematopoietic,0.09255814097257209,-0.06681754022148817,1.0323885893345477,1.6991763
TDR71_AACACACAGCACCGTC-1,240.0,hematopoietic_stem_and_progenitor_HSPC,0.01359454379827274,-0.022702145947606348,,
TDR53_GGAAGTGAGTAAGACT-1,120.0,non_specific_hematopoietic,0.07947953545750738,-0.02323584779257168,1.0207555380252145,1.1286982
TDR71_CAACAACCATGTTACG-1,240.0,hematopoietic_stem_and_progenitor_HSPC,0.27330673876722494,0.011778318939577564,,
TDR74_TTCGCTGGTGAGTCAG-1,240.0,erythroblast,-0.07997184371543753,0.10456077411362899,,
TDR44_CTATAGGTCACTGCTC-1,24.0,erythroblast,0.2242959042562555,-0.05753661385800847,1.0579853681587543,0.047768638
TDR72_GCATGATCACACGTGC-1,240.0,non_specific_hematopoietic,-0.05227724764419241,-0.001140331748475068,,
TDR43_AGCTACAAGTATGGCG-1,24.0,macrophage_immature,0.2542403626170764,-0.014491226746072325,1.0552168785355833,0.2158946
TDR74_GGTGAAGCAATGGCAG-1,240.0,hematopoietic_stem_and_progenitor_HSPC,0.14273989802269155,-0.08632351961176815,,
TDR54_GCGAGAAAGTAGGTTA-1,120.0,macrophage,-0.05780240006131522,-0.01592276432919873,0.991659053198952,1.0758654
TDR73_CACAGGCTCGCTTGCT-1,240.0,macrophage,-0.154733227626285,0.07491484855492142,,
TDR74_CCCTTAGCAACTTCTT-1,240.0,erythroblast,-0.13156469009367056,-0.02057577715211828,,
TDR48_ACGTACAGTACGACTT-1,48.0,erythroblast,-0.050718340847058764,0.05946739936988327,0.9782038960154803,0.71785015
TDR46_TGTGAGTTCCAAACCA-1,24.0,erythroblast,0.34448629820165266,-0.015143152852245254,1.0745757045338513,0.025993386
TDR46_CATTGAGAGTATCTGC-1,24.0,macrophage,-0.033203766739894724,-0.08526931254376152,1.0104675142600665,2.8886542
TDR45_TTTGGAGGTACCCGCA-1,24.0,erythroblast,0.2996394489642074,-0.037480416377257464,1.069748926777599,0.17960359
TDR71_TCCTGCACACGTCGGT-1,240.0,hematopoietic_stem_and_progenitor_HSPC,-0.0697192240616295,0.041450440083788856,,
TDR52_TTGTGTTCACGACAGA-1,120.0,erythroblast,-0.07841261000860304,-0.048199477786987105,0.9939755935055936,1.0794626
TDR71_TTGGATGGTCTCCTGT-1,240.0,erythroblast,-0.05473069976422744,0.07973728894035598,,
TDR74_CAAGAGGGTTACTCAG-1,240.0,erythroblast,-0.06648640070941514,-0.05861787238046806,,
TDR74_TTTCGATTCCCGAGAC-1,240.0,neutrophil,-0.0488665441936304,-0.03682629932847896,,
TDR51_GGCAGTCTCTCATGGA-1,120.0,macrophage,-0.108597742709117,0.02565587878675149,0.9735065515511807,1.060699
TDR43_CCAATGAGTTGGACCC-1,24.0,erythroblast,0.2080428443204145,-0.012775222908343542,1.0451533420397938,0.07251715
TDR47_TGGGCGTGTGGGATTG-1,48.0,erythroblast,0.07636621275549339,-0.016629186613356245,1.0187731200813213,0.4104453
TDR52_TGCACGGCACCCTGTT-1,120.0,erythroblast,0.22490949665670432,-0.03437876515790333,1.053225807637153,1.0245458
TDR51_AGCCAATCATGGCTGC-1,120.0,neutrophil,-0.07905295875597855,0.057601681717991876,0.9730391822353054,0.97904843
TDR44_GCAACATTCATTGCGA-1,24.0,erythroblast,0.15948206539532803,-0.06339413001213545,1.045583642503933,0.12447422
TDR27_CTTAGGAAGCCTATCA-1,19.0,macrophage,-0.06863413572265437,-0.013344723757274413,0.9890030312563642,0.40033287
TDR47_TTGCATTAGACTCGAG-1,48.0,erythroblast,-0.00510281315883139,-0.06555078059066961,1.0121629680129631,0.6520386
TDR72_TAGGTACGTGCAAGAC-1,240.0,erythroblast,-0.05959841146481987,0.031464045174455876,,
TDR52_TCTCCGAGTGTTTGCA-1,120.0,erythroblast,0.1595058972881046,0.056905905661631576,1.0207319809692768,1.0188664
TDR51_GTAACACGTCAGCTTA-1,120.0,microglia,-0.09812386529119758,0.06267771999873081,0.9683513263987183,1.0331944
TDR44_GACACGCCACCAGGTC-1,24.0,non_specific_hematopoietic,0.20692381232787307,-0.04710044018760268,1.0521175530366729,0.50829333
TDR41_CAGTGCGGTGTTCAGT-1,16.0,erythroblast,0.26658821451611114,-0.045490928318189544,1.064404862664459,0.009473849
TDR52_TCCTCCCGTAAGGAGA-1,120.0,erythroblast,0.18284429649822234,-0.04417366477282407,1.0464501138541424,1.0224149
TDR74_TGACAGTGTCGAGCTC-1,240.0,neutrophil,-0.0939418059680557,-0.01699489787004997,,
TDR70_CCGATGGGTCATTGCA-1,72.0,macrophage_immature,0.277912127831457,-0.0372932193999769,1.0650705801920757,1.4170849
TDR67_CATCCACCACCTGCTT-1,72.0,erythroblast,-0.03876463309266513,0.0022123106307901375,0.9918381019015768,0.18240726
TDR71_GAAGTAAAGCACGGAT-1,240.0,erythroblast,-0.03493875794404271,-0.030472784066673766,,
TDR48_CCCGAAGTCTTTCGAT-1,48.0,macrophage_immature,0.08457722859688754,-0.0136150266941171,1.0198325539829662,1.5676036
TDR51_GGGTAGAAGGATGAGA-1,120.0,macrophage,0.06472700334868497,-0.05303262339697945,1.023831462172531,1.1285055
TDR70_ACCTGTCTCGCTGATA-1,72.0,microglia,-0.10717174178124025,0.07875804266363973,0.9634969497938541,1.4020642
TDR43_CTCTCAGCAAATCAAG-1,24.0,erythroblast,0.32259114230324915,-0.032011807252819394,1.0734959760727836,0.16765884
TDR71_TCGTCCACACAGAAGC-1,240.0,hematopoietic_stem_and_progenitor_HSPC,-0.023720443016627374,-0.06747975019249172,,
TDR71_ACAGAAAAGTCTCGTA-1,240.0,hematopoietic_stem_and_progenitor_HSPC,-0.11745693939647303,0.009942614001992311,,
TDR53_GTGTCCTTCCTCAGAA-1,120.0,macrophage,-0.10520424567965933,-0.045333106224727575,0.9880971778819699,1.0834554
TDR46_CTCATGCAGGCATCGA-1,24.0,hematopoietic_stem_and_progenitor_HSPC,0.34725944176330625,-0.03412777534173628,1.0792619667553311,3.1947725
TDR44_GGATGTTCAAGATGGC-1,24.0,non_specific_hematopoietic,0.13082501183637243,-0.03653101369506623,1.0340376682928374,0.075041115
TDR52_TTCATTGAGAAGTGTT-1,120.0,macrophage,-0.08325489561567422,0.0008792687793348769,0.9833139475378483,1.0784589
TDR46_AATAGAGCATAATGAG-1,24.0,erythroblast,0.1277150495539103,-0.05008461919447714,1.0361997496034676,0.03019078
TDR52_TGGATCAAGTTACTCG-1,120.0,macrophage_immature,0.022520125098418747,-0.0034744885424677074,1.0052124605775206,1.0971663
TDR51_CATCGGGCACGTCGGT-1,120.0,neutrophil,-0.10661508585185428,-0.019131035684451445,0.9826553702978049,1.0189757
TDR70_CGAGGCTTCAGCTCTC-1,72.0,macrophage,-0.15593440344688955,0.05283409257889818,0.9591059800484552,1.4306692
TDR46_ATGTCCCAGAACTTCC-1,24.0,non_specific_hematopoietic,0.0058915443633686115,-0.07215802693840513,1.01573238539679,3.1888947
TDR72_AGGTCATAGTCCGTCG-1,240.0,erythroblast,-0.08072164030646872,-0.004171853480131729,,
TDR74_GAAGTAAAGCCTAACT-1,240.0,hematopoietic_stem_and_progenitor_HSPC,-0.10005448126071263,-0.03143735509115844,,
TDR73_ATCACGAGTATTGAGA-1,240.0,hematopoietic_stem_and_progenitor_HSPC,-0.09291022758344153,-0.01043094349880086,,
TDR44_CCAATTTAGCAGGGAG-1,24.0,macrophage_immature,0.3144010561105946,-0.05608108295782624,1.0769106446286438,3.5407047
TDR69_GAACACTCAAGCCCAC-1,72.0,erythroblast,-0.043934155999752325,0.09344314185125625,0.9728985576092546,0.41177166
TDR68_TCTTTGACAACTGCTA-1,72.0,erythroblast,-0.04486828692413971,0.0050947539472349646,0.990057152052046,0.61372995
TDR71_AAGAACAAGGGACTGT-1,240.0,hematopoietic_stem_and_progenitor_HSPC,-0.15315924972290015,0.07611717719642692,,
TDR68_ACCAAACAGCTCAGAG-1,72.0,non_specific_hematopoietic,0.1255574910517072,0.05655119077402995,1.0138969370929647,1.4084814
TDR72_TGGTAGTTCTGTAAGC-1,240.0,non_specific_hematopoietic,-0.06784064795025424,-0.012235254033304194,,
TDR70_TTTGGAGGTGAATATG-1,72.0,macrophage,-0.17241648435362827,-0.03417331648973515,0.9727300914593319,1.5326277
TDR52_CCAAGCGCACGACGCT-1,120.0,macrophage,-0.02316563188719431,0.015167725450942665,0.9923626424967206,1.0657835
TDR74_ATTATCCTCAGACCTA-1,240.0,macrophage,-0.14928202788127004,-0.06788879034663807,,
TDR52_TCATGTTAGTTCCAGT-1,120.0,neutrophil,-0.056208183063531356,-0.02446213065458125,0.9936709031639773,1.0818787
TDR74_AACCTTTGTCAACGCC-1,240.0,erythroblast,-0.08726533081620237,0.010375850378539192,,
TDR51_TCTATACCAGACACAG-1,120.0,hematopoietic_stem_and_progenitor_HSPC,-0.08469335049683818,-0.040092556500908386,0.9911195077856157,1.0840324
TDR43_ATCACAGCAAACTAAG-1,24.0,erythroblast,0.1476523433734577,-0.03323390518409619,1.0368396097261594,0.059210822
TDR74_ATTCCCGTCTGCGAGC-1,240.0,erythroblast,-0.06719137324702194,0.014799280826980177,,
TDR74_CTGATCCAGGGTTAAT-1,240.0,macrophage,-0.15660208201440562,0.0026111490164657802,,
TDR53_AGAGAGCCAGCTGTGC-1,120.0,innate-lymphoid-cell,0.025292434898304378,-0.08100428455821686,1.0214869336845718,1.0904217
TDR72_TTGCTGCCAGCACACC-1,240.0,erythroblast,-0.06532075231834164,-0.006236952604047094,,
TDR43_GGGTCACTCGCCATAA-1,24.0,innate-lymphoid-cell,0.019136222911428025,-0.06939148595751579,1.0178632140616797,3.2005436
TDR54_ACTCTCGTCCTTATCA-1,120.0,neutrophil,-0.08000144929078726,-0.01667880781606773,0.9874153293681569,0.9636158
TDR70_CAAGGGATCTACTATC-1,72.0,erythroblast,-0.06311596978347335,0.00751484022688239,0.985973144069894,0.5027752
TDR53_AGCGCCAGTGTCTTAG-1,120.0,erythroblast,0.3388779611699678,-0.05937856954077016,1.082909397977548,1.025759
TDR74_ACAGGGAAGTATGGAT-1,240.0,hematopoietic_stem_and_progenitor_HSPC,0.07342101377123511,-0.029150822120396228,,
TDR69_ACCTACCAGTCACTGT-1,72.0,erythroblast,-0.059274743695881454,0.043673621539588384,0.9796208469493667,0.48530462
TDR51_TGGAGGAAGCTAAATG-1,120.0,hematopoietic_stem_and_progenitor_HSPC,-0.12213761585398128,0.035044163577478554,0.9690526289868803,1.079898
TDR71_ATTTACCCAAGCTGCC-1,240.0,hematopoietic_stem_and_progenitor_HSPC,-0.11144112017381298,-0.0008741901948512154,,
TDR46_AGGGTCCCAAATTGGA-1,24.0,non_specific_hematopoietic,0.12285504411911027,-0.038542074153836675,1.0328060554318663,0.07223423
TDR46_CTACATTAGTAGTCTC-1,24.0,erythroblast,0.348314138265021,-0.06773904287488756,1.086770697721665,0.5094821
TDR67_GTTGAACGTGGTCTGC-1,72.0,non_specific_hematopoietic,-0.09064893316206776,-0.08321168732399974,0.9985136565366053,1.0302114
TDR70_AACAACCAGAGTATAC-1,72.0,erythroblast,0.08763435132843186,-0.07994066939453763,1.0340829591401215,1.4722083
TDR44_CGCCATTTCCGTAGTA-1,24.0,erythroblast,0.1547326612500113,-0.05580633805121904,1.043006908689681,0.09253659
TDR41_CTCCAACGTTCGAAGG-1,16.0,erythroblast,0.315525852289415,-0.028585336186587637,1.071245765105749,2.5413501
TDR40_CATTCCGCACGTTCGG-1,16.0,erythroblast,0.18638070825209435,-0.04360843792565715,1.0470721380074968,0.0071838815
TDR30_CATGGATCATGACACT-1,19.0,macrophage,0.03852902072827802,-0.026736444769146245,1.0131386566033642,0.22134624
TDR43_ATCTCTATCACAGTGT-1,24.0,erythroblast,0.3489515187999107,-0.02000652355208425,1.0765824314585741,0.12309154
TDR47_AGGGTGAGTTGTGTTG-1,48.0,macrophage_immature,0.2298864118621279,-0.008369472035783254,1.0488047440605954,1.7393458
TDR67_TCATGCCAGGATGGCT-1,72.0,hematopoietic_stem_and_progenitor_HSPC,-0.062149444471233856,9.268327099752616e-05,0.9876287355907721,1.4796454
TDR48_CACAGGCCACAACGAG-1,48.0,erythroblast,-0.02585139652426495,0.04334194264742104,0.9862566463490295,0.6336283
TDR53_AGTGACTTCGTGCGAC-1,120.0,macrophage,0.0038698365193284845,0.10169663201463652,0.9806248003406305,1.0519266
TDR71_ATAGACCTCGGCATAT-1,240.0,hematopoietic_stem_and_progenitor_HSPC,-0.11207656121240178,-0.04908878561379253,,
TDR28_CCAATGAAGCCTCATA-1,19.0,non_specific_hematopoietic,0.2876280346839718,-0.058318357472770394,1.0716390281073256,0.1780303
TDR44_ATTCCCGGTGTACAGG-1,24.0,erythroblast,0.43938109598477865,-0.10651540609053622,1.1153623173402738,0.2698847
TDR71_TGATGGTCAGTTAGAA-1,240.0,hematopoietic_stem_and_progenitor_HSPC,-0.11531365541495267,0.007436194345634986,,
TDR74_ATTACTCTCGCTAAAC-1,240.0,neutrophil,-0.10262721204932357,-0.02882160439135499,,
TDR71_TCGGATACATCACAGT-1,240.0,hematopoietic_stem_and_progenitor_HSPC,0.06465610940262881,-0.00014252503968922858,,
TDR52_CTACCCACATCGAGCC-1,120.0,erythroblast,0.16055444305931788,-0.057369830847682324,1.0445486254968612,1.1183437
TDR52_CGGGCATTCTGTCGTC-1,120.0,erythroblast,0.27114509242748924,-0.09984486191361039,1.0770200245175583,1.0448291
TDR46_GGGTGAACACGGGCTT-1,24.0,macrophage,-0.021212161674374508,-0.006393501724022033,0.9970406555280378,2.7203712
TDR47_ATCGCCTGTTGTTTGG-1,48.0,erythroblast,0.03527019806673054,-0.054616445888451715,1.0181398936658548,0.7134089
TDR48_TAACCAGTCCCTTCCC-1,48.0,erythroblast,0.29560293988591335,0.001980686085363642,1.0604829851961246,1.6566441
TDR69_GCTACCTCATCCGATA-1,72.0,hematopoietic_stem_and_progenitor_HSPC,0.09307536008800643,-0.01077016015495591,1.0209862828203975,1.5711597
TDR43_TTTGATCAGTGTCATC-1,24.0,neutrophil,0.10020385442130339,-0.003474521176250661,1.020952152912822,2.025863
TDR51_GGTCACGTCCATACTT-1,120.0,macrophage_immature,0.3384797629626105,-0.02148225060471655,1.0746471796302526,1.1721742
TDR28_TTCTCTCAGTCCCAAT-1,19.0,erythroblast,0.24977451219295793,-0.04918340784340089,1.0616152658874112,0.045996357
TDR72_CGGTCAGAGAAGAACG-1,240.0,erythroblast,-0.04361301267310239,0.002424964198359733,,
TDR42_GTAGGAGTCTACCAGA-1,16.0,erythroblast,0.28867371961609445,-0.04902626722011269,1.0698730508474434,0.0397262
TDR44_GTCGCGAGTCGAACAG-1,24.0,erythroblast,0.2216680866136288,-0.03508792445663478,1.0526925363191502,0.06876578
TDR52_TTTATGCAGTCTGCAT-1,120.0,microglia,-0.10022916692701038,0.05512847506225718,0.9694062305215362,1.0334766
TDR74_GGGCCATAGCCGGATA-1,240.0,erythroblast,-0.09375503359214175,-0.05082596360965243,,
TDR71_CATCCACAGCTTAAGA-1,240.0,non_specific_hematopoietic,0.0334556986284964,-0.04093507484153465,,
TDR72_ATGACCAGTGGTCTTA-1,240.0,neutrophil,-0.09384435628314045,0.0026356343357907264,,
TDR51_GCAGCCATCTCACCCA-1,120.0,macrophage,-0.076967930246783,0.02705892131844323,0.9794095681979544,1.0581136
TDR74_ACTTCGCTCACGAACT-1,240.0,hematopoietic_stem_and_progenitor_HSPC,0.10408151022427709,-0.0576638911785263,,
TDR44_AACAACCAGGTGATAT-1,24.0,erythroblast,0.2086872628136409,-0.040328877239667535,1.0510642560219177,0.6958593
TDR40_GAACTGTCAGAACGCA-1,16.0,non_specific_hematopoietic,0.2992688592514,-0.04937158498595112,1.0722165939632686,0.00015421267
TDR53_ACATGCACACTGGATT-1,120.0,microglia,0.10710524144787675,-0.005589728066182825,1.0227949161524206,1.107661
TDR51_GGAACCCAGGACTTCT-1,120.0,macrophage,-0.11912020557713182,-0.04440606939363914,0.9851682627848717,1.0692091
TDR53_TTCACGCAGTGGTCAG-1,120.0,macrophage,-0.1101018370611258,-0.043296394076836206,0.9867277745377178,1.0799164
TDR74_CAAGGGAAGTGTTGTC-1,240.0,erythroblast,-0.07341604100409928,-0.0555328256138153,,
TDR51_GTTTACTCAGAGTCAG-1,120.0,erythroblast,0.0694015631630675,-0.021347250659428677,1.018315470710549,1.0330807
TDR74_AGTGTTGGTCGGATTT-1,240.0,microglia,-0.1495377933310249,-0.04973313991446299,,
TDR51_CGATGGCGTGAACTAA-1,120.0,neutrophil,-0.10689203789267715,-0.049687950891381116,0.9886243798775474,0.5166354
TDR43_CTTCCTTAGCCTGCCA-1,24.0,erythroblast,0.20364052614587477,-0.055722158824124124,1.0532414846314146,0.15355496
TDR71_CTCCACATCGAGTTGT-1,240.0,neutrophil,-0.10267928248314079,-0.042940721291722744,,
TDR44_GATGGAGAGTCCTGCG-1,24.0,non_specific_hematopoietic,0.18163540635882075,-0.04970968095960632,1.0473561301512553,0.10274781
TDR51_GTAACACGTGGCCCAT-1,120.0,microglia,-0.15078085176237338,0.03702690904651093,0.9631351328467744,1.0302727
TDR73_GACTATGTCATTCACT-1,240.0,neutrophil,-0.0687614077797326,-0.0091638864526426,,
TDR68_ACTATCTCATGGCTGC-1,72.0,non_specific_hematopoietic,-0.10340888530090639,-0.05436196048222623,0.990238570121555,1.2513587
TDR54_TATCGCCCAGAGTGAC-1,120.0,macrophage_immature,0.23237112886257108,-0.01836320461922286,1.0514255044273488,1.136315
TDR47_CGCGTGAGTGGGTCAA-1,48.0,erythroblast,0.0434752477716108,0.010139687625682292,1.0066893866956406,0.4557108
TDR69_GTGCACGCATGGCACC-1,72.0,non_specific_hematopoietic,-0.04288136890588616,0.0029988800781872577,0.9908659216725847,0.8622281
TDR46_TACTTGTAGCACACAG-1,24.0,erythroblast,0.1550746233035357,-0.02101434268941177,1.0358452842920374,0.065511286
TDR46_AGGATCTAGAGGTTAT-1,24.0,macrophage,-0.020483752769704072,-0.0526803265447202,1.0064600917147803,3.1864429
TDR48_CATCCGTTCGTCTACC-1,48.0,erythroblast,-0.07425758329825019,0.08764327244290217,0.9681384538001289,0.9545069
TDR48_TAAGCACCAAATAAGC-1,48.0,erythroblast,-0.035253099184494055,-0.014860568607103039,0.9959297996949857,0.7408872
TDR69_CTACGGGTCGCTGTCT-1,72.0,microglia,-0.13190874131355118,0.012754629711534043,0.9714818680539842,1.3605283
TDR43_TGGGCTGTCTAGTCAG-1,24.0,macrophage_immature,0.3455660560950623,-0.03289688906871818,1.078630940205311,0.20934044
TDR74_AACAAGAAGCTCCCTT-1,240.0,erythroblast,-0.09508365876232933,0.07270732606794653,,
TDR74_ACGTTCCGTCTGTCCT-1,240.0,hematopoietic_stem_and_progenitor_HSPC,-0.09258958232961272,-0.01075314899573579,,
TDR41_GTTGTAGTCTACGCGG-1,16.0,erythroblast,0.18080004207978068,-0.08376469435515227,1.0543378581532767,0.5440856
TDR52_GGACGTCAGCATTTGC-1,120.0,non_specific_hematopoietic,-0.0680731700384619,-0.023771621306865248,0.9911788271245198,1.0946953
TDR51_GGCACGTCATTGTGCA-1,120.0,erythroblast,0.1747193085887608,-0.005121466938168284,1.0366228348203703,1.0716373
TDR71_CTAACCCCACAAAGTA-1,240.0,erythroblast,-0.021153056003327127,0.024511026107554658,,
TDR51_CCTGTTGTCCCTTCCC-1,120.0,neutrophil,-0.09029609865137485,0.02120377757635028,0.977946831205644,0.9845879
TDR41_AGTAGTCGTTCCTACC-1,16.0,erythroblast,0.42083632316758507,-0.02633661489235864,1.0935557988765285,0.0032021375
TDR67_TAACTTCGTTGCTCCT-1,72.0,erythroblast,0.14141468932823062,0.020284739733382184,1.0245218233345261,1.3570342
TDR70_TGTTCCGTCAGCTCTC-1,72.0,erythroblast,0.17923183268335072,9.900859396622108e-05,1.036476069485668,1.4560261
TDR51_GCCAGTGCAACCGATT-1,120.0,erythroblast,0.07754206660167545,0.07241212867372342,1.0010265140909005,1.0745478
TDR41_GTAGAAACACCGGTCA-1,16.0,non_specific_hematopoietic,0.3139872265432022,-0.0399834306023803,1.0733602319842885,0.006344329
TDR74_CTCCCAACAACGGCCT-1,240.0,erythroblast,-0.10300941239300548,0.058400013340588086,,
TDR68_CAGATACAGTATTCCG-1,72.0,erythroblast,-0.07451137320623477,0.017055373132964707,0.981853321130972,0.9628615
TDR44_TGTTGAGTCAGGAAGC-1,24.0,erythroblast,0.32930171445129874,-0.03842493199047964,1.076317324264484,0.054955367
TDR51_GGAATGGTCAGGACAG-1,120.0,macrophage,-0.12397209635032772,-0.056391841099586004,0.9865748806277592,1.0775393
TDR70_GATCCCTCAACAAAGT-1,72.0,erythroblast,0.03912094025017093,-0.09810399276494851,1.0278250694033162,1.4645431
TDR74_AAGACTCAGACTACCT-1,240.0,erythroblast,-0.037299323040602045,0.040836839476261357,,
TDR43_TCAATTCCATTGGGAG-1,24.0,erythroblast,0.3508384907569687,-0.051966723996468026,1.0838950087724353,0.123755395
TDR50_TGCATGATCTTGGGCG-1,48.0,non_specific_hematopoietic,0.056318351917697074,-0.021790624368721867,1.0157444533818312,1.6405331
TDR74_ATTCAGGGTCTGTGGC-1,240.0,erythroblast,-0.07539332422742223,-0.02550860741928068,,
TDR46_CAGGTATCACTTGACA-1,24.0,erythroblast,0.15975271349631687,-0.02268565449737696,1.0371615194698944,0.07859196
TDR44_ATGATCGGTCGACGCT-1,24.0,erythroblast,0.27939061506281293,-0.040733614853486796,1.0661188872044627,0.18171029
TDR44_TCGGATAGTGCGGCTT-1,24.0,erythroblast,0.29689663382699916,-0.040917644050258245,1.069897506507904,0.16110897
TDR74_TCCTTTCCAGGTCCGT-1,240.0,innate-lymphoid-cell,-0.10170993150395191,-0.019661334401743433,,
TDR47_GACCCTTGTCGTATTG-1,48.0,erythroblast,-0.02553568055502408,-0.01866410710257481,0.9986266292474723,0.68623334
TDR44_GCAACATCATTCTCCG-1,24.0,erythroblast,0.2549532182648252,-0.0711966822752694,1.0674044779555314,0.12741742
TDR74_GTTACGATCAGTGGGA-1,240.0,neutrophil,-0.08102830484558306,0.040152829754307784,,
TDR46_CACTGAAAGTGCGCTC-1,24.0,erythroblast,0.12227913227893955,-0.020954333513703197,1.029060955964893,0.11444335
TDR51_TCTACCGGTCCGATCG-1,120.0,erythroblast,0.21129944453654045,-0.008065036081589497,1.044849542021089,1.1111459
TDR70_GGGTCACGTTTCACAG-1,72.0,erythroblast,0.15656081325221385,-0.013042393641899297,1.0345025067779492,1.5973233
TDR43_ACTGCAAAGAAAGTCT-1,24.0,erythroblast,0.15409182035006008,-0.0406862005903333,1.0397243232199969,0.06710867
TDR73_TGCAGTACAAACTAGA-1,240.0,innate-lymphoid-cell,-0.08203928059228059,-0.07563891822909131,,
TDR45_TCTGGCTTCATCGCCT-1,24.0,hematopoietic_stem_and_progenitor_HSPC,0.11640217495902278,-0.015584299145881303,1.026748789428016,3.0825622
TDR21_CGGGACTAGCGGATCA-1,14.0,erythroblast,0.16270856826043847,-0.09085214208417595,1.0520200173870229,0.016706478
TDR44_CATCGGGGTTCTCGCT-1,24.0,erythroblast,0.1610032029572033,-0.04386862541358444,1.0418253987114336,0.102686
TDR46_GAGTGTTAGTGGACGT-1,24.0,hematopoietic_stem_and_progenitor_HSPC,0.06154351139748879,-0.011986814515282246,1.0148147313897935,3.1022818
TDR53_TACAACGAGCGATGGT-1,120.0,innate-lymphoid-cell,-0.021471707439845472,-0.05829658664431038,1.0073921639811412,1.110407
TDR74_GGGTGTCCAGTTGCGC-1,240.0,erythroblast,-0.04128936681532321,0.030936258298635347,,
TDR69_TAATTCCGTTATGTGC-1,72.0,erythroblast,-0.09353511238778421,0.023171037483522477,0.976929069409815,0.4895707
TDR73_AAGCCATCATTGCTGA-1,240.0,hematopoietic_stem_and_progenitor_HSPC,-0.11394628305437018,0.029542832366894214,,
TDR47_TCATGAGAGAACTGAT-1,48.0,non_specific_hematopoietic,0.08530443550787936,0.07434577706419392,1.0021941352883292,1.5911627
TDR74_AGTCATGTCGAGTGGA-1,240.0,erythroblast,-0.05707100637850329,0.004083393724516257,,
TDR40_CCTATCGCACGTAGTT-1,16.0,erythroblast,0.15186831575610263,-0.005828418209548936,1.032041982339149,0.001775574
TDR70_TCCTTCTAGACCATTC-1,72.0,hematopoietic_stem_and_progenitor_HSPC,0.07979096250311588,-0.014715661557208326,1.0190810856383077,1.5854511
TDR72_GAGTGTTGTTGATGTC-1,240.0,erythroblast,-0.033774993588337444,-0.026231805739451403,,
TDR53_TGCTCCAAGTGCACAG-1,120.0,hematopoietic_stem_and_progenitor_HSPC,-0.07956349374886212,-0.011631468835852185,0.9865054736468027,1.0881075
TDR74_AGTCATGCACGCTTAA-1,240.0,erythroblast,-0.011465563809961304,0.07653955701724599,,
TDR73_GTTCATTGTCAGGCAA-1,240.0,erythroblast,-0.10792480437126328,-0.010068201084515768,,
TDR53_CATAGACGTCGTGGAA-1,120.0,macrophage,-0.11132818897358365,0.0858130081328281,0.9613389377539282,1.043911
TDR52_TTACTGTGTGAGAACC-1,120.0,erythroblast,0.24585028788660543,0.008204952338275506,1.0486766826784173,1.1474699
TDR19_TGTGGCGGTGCTGATT-1,14.0,non_specific_hematopoietic,0.2078351162200216,-0.06089321887435545,1.0552161917439409,15.449765
TDR71_GTAGAAATCGAAGCCC-1,240.0,erythroblast,-0.07666655041841912,0.037573014800419295,,
TDR53_TGGGCTGCATTGCAAC-1,120.0,neutrophil,-0.030125646920293347,-0.007778952215156815,0.9955406336917005,1.0778422
TDR67_GATCGTATCGGTCTAA-1,72.0,macrophage,-0.14893995781084557,0.04566231761897563,0.9618272145666178,1.4247922
TDR51_AAGCATCAGTTCAACC-1,120.0,neutrophil,-0.03199232832094323,-0.055030182875808825,1.0046182020875183,1.094013
TDR43_TCTTGCGGTACCTAAC-1,24.0,erythroblast,0.19883029158919308,-0.06187728637658455,1.0535248221546802,0.15083274
TDR45_CTTCAATTCTCCGCAT-1,24.0,erythroblast,0.3943567274897825,-0.058091160563839034,1.094710098087403,2.5020638
TDR74_GTCGTAAAGGATGAGA-1,240.0,macrophage,-0.10122751762165094,-0.0626844117798859,,
TDR68_ATCGCCTAGTCATGAA-1,72.0,erythroblast,-0.07032770701449387,0.03961289280918549,0.9782518566487316,0.57140434
TDR53_GCACGGTTCACATCAG-1,120.0,macrophage,-0.11621531476766728,0.03459040016751744,0.9702891656556085,1.0650694
TDR53_TACCCACCAGGATGAC-1,120.0,hematopoietic_stem_and_progenitor_HSPC,0.1956453266368106,0.024887767966818686,1.0347413703113126,1.1338859
TDR46_GAAGGACGTTCCAAAC-1,24.0,non_specific_hematopoietic,0.07837542233633496,-0.046785454819167877,1.0253481110111844,3.3496306
TDR74_CCAAGCGGTTTGCAGT-1,240.0,erythroblast,-0.07874810400325391,-0.042869323773596535,,
TDR54_TACTGCCCACCTATCC-1,120.0,macrophage,-0.10075900134999835,-0.052957048738636256,0.9904851647203063,1.0927162
TDR18_CCCTGATAGATGGCGT-1,14.0,non_specific_hematopoietic,0.31116459884923026,-0.07395479951695734,1.0800678677524116,4.2699765e-05
TDR51_ACTTATCCACGTTCGG-1,120.0,innate-lymphoid-cell,-0.05755818210540767,0.004799070373633446,0.9876059957529147,1.09489
TDR74_CAATGACAGATAACAC-1,240.0,erythroblast,-0.046607369624605426,-0.03669302548635281,,
TDR48_TCAATTCAGTGCCTCG-1,48.0,erythroblast,-0.023000956620465876,0.02731098133072825,0.9899880688525257,0.6152571
TDR47_GTAGGAGGTCAATGGG-1,48.0,non_specific_hematopoietic,0.007677355873485919,-0.09175712090951425,1.0200859570432945,1.6234751
TDR48_TCTACCGAGAGCATAT-1,48.0,macrophage,-0.15162338819810828,0.03954936174442866,0.9624871630611064,1.542349
TDR44_GCCGTGATCGTTCATT-1,24.0,macrophage_immature,0.22360003390292887,-0.05307520722037544,1.0568946660415521,3.4129593
TDR44_ACGCACGCAGGTGTGA-1,24.0,erythroblast,0.26740236696030373,-0.041578346724415474,1.0637454703828988,0.161494
TDR43_TGGTACACAGGTGAGT-1,24.0,macrophage_immature,0.25210422775477415,-0.05394467095566001,1.0631219122366966,0.11403513
TDR52_GGAAGTGTCGGCTGGT-1,120.0,neutrophil,-0.12236840599461606,0.020714450509587867,0.9717890048346872,1.060218
TDR53_CTCCATGAGAGGCCAT-1,120.0,macrophage,-0.03963478975312569,-0.0609932824993287,1.004280835258612,1.1122842
TDR48_TGTTGAGGTCACTCTC-1,48.0,erythroblast,-0.058349965950278436,0.06384554743702797,0.9758571141944037,0.7655929
TDR73_CAAAGAAGTGATCGTT-1,240.0,erythroblast,-0.11937562053732635,-0.04614522517271344,,
TDR39_CCCATTGGTCAAAGTA-1,16.0,hematopoietic_stem_and_progenitor_HSPC,0.03126829392606173,-0.0015810013329285166,1.0065914879160307,0.016789652
TDR53_AGGAGGTGTGTCTTAG-1,120.0,macrophage,-0.15080800171369116,-0.04643898348109542,0.979342546229661,1.0159742
TDR71_GTCATTTCACACGGTC-1,240.0,erythroblast,-0.07277800209011581,0.015903632613963742,,
TDR71_GTTGTGAGTTTACGAC-1,240.0,erythroblast,-0.06678029341299639,0.0315024751012068,,
TDR53_CCTTGTGCACCAGCGT-1,120.0,hematopoietic_stem_and_progenitor_HSPC,-0.14590146563658485,-0.07491906679130919,0.9859038150776553,1.0875816
TDR54_TGATTTCGTTGTCTAG-1,120.0,innate-lymphoid-cell,-0.10953057113354758,-0.025976079417631567,0.9834279541924467,1.0924933
TDR43_CTCCTTTTCGGTGTTA-1,24.0,erythroblast,0.2537523817184092,-0.004068646837931705,1.0529167873931624,0.12361597
TDR71_AGTTCGATCGTGGCTG-1,240.0,hematopoietic_stem_and_progenitor_HSPC,-0.09132619673561815,-0.017176212064054022,,
TDR44_TCGCACTGTAGGTGCA-1,24.0,erythroblast,0.2728620093430033,-0.05180736338010859,1.0670884603408104,0.22480012
TDR74_GCTTTCGCAAACTCGT-1,240.0,erythroblast,-0.05034670729570037,-0.0021902723972732144,,
TDR74_GTGTGGCCACTATCCC-1,240.0,non_specific_hematopoietic,-0.07341808378294251,-0.04258080166767057,,
TDR71_CCGCAAGAGCCATTCA-1,240.0,erythroblast,-0.04611019695657789,0.08330508834625916,,
TDR44_CCTCTAGAGTAGATCA-1,24.0,erythroblast,0.2298983688457453,-0.06631423277811407,1.0610325314939109,0.17855856
TDR47_CACAGGCGTGACAGGT-1,48.0,erythroblast,0.08853318836042273,0.025160499624967955,1.0127552001265203,0.9524695
TDR44_GTCGCGATCGGTGTTA-1,24.0,erythroblast,0.059891517069934064,-0.0342916363487305,1.019015159208322,0.12385493
TDR46_AGCTTCCCACGGGCTT-1,24.0,erythroblast,0.23094961307217488,-0.04428607388587005,1.056590418417999,0.0440723
TDR68_TCGAACACAATGTGGG-1,72.0,erythroblast,-0.07099593816889213,-0.013057904414956564,0.9884792709973889,0.75428075
TDR70_AGGTTGTAGACATGCG-1,72.0,erythroblast,0.019856337000690782,-0.07868606072885019,1.0199039738151185,1.3983277
TDR72_TCACACCCACGGCGTT-1,240.0,erythroblast,-0.03287147908443336,-0.0078075400489155955,,
TDR71_AGTAGTCAGATTGGGC-1,240.0,erythroblast,-0.0617306929644027,0.005266123603763467,,
TDR46_CACACAATCACACCGG-1,24.0,non_specific_hematopoietic,0.11489036476219094,-0.07132509256394652,1.0379453058179693,0.38544637
TDR46_GGAAGTGTCGGAAGGT-1,24.0,non_specific_hematopoietic,0.2764103960250875,-0.04194670054967596,1.0657421589349687,0.2880771
TDR46_AACCAACAGCGAGGAG-1,24.0,macrophage,-0.13508840176280992,-0.020335482194483806,0.9773107774537795,3.0548131
TDR69_GTCGCGACATAATGCC-1,72.0,erythroblast,-0.10310475602415639,-0.02129967450711654,0.9837720981724196,0.51353014
TDR71_TCATTTGCACATCATG-1,240.0,erythroblast,-0.0941857207687875,-0.029335777188780738,,
TDR73_CTTCTAAGTCCCTCAT-1,240.0,erythroblast,-0.08601162809155363,0.009514539010154907,,
TDR47_TAACACGGTAACACCT-1,48.0,erythroblast,-0.02554327492450091,0.08760106787525451,0.9776252439178692,0.28571892
TDR52_TGAGTCACACTCCCTA-1,120.0,erythroblast,0.160639436750116,-0.032855811966278195,1.039457611538005,1.1397817
TDR52_ATGGGTTCAGACCTGC-1,120.0,macrophage,-0.12803610659574113,-0.056376691025812276,0.9857703294407187,1.0779717
TDR43_TAAGCGTCACGTATAC-1,24.0,erythroblast,0.178272760794621,-0.037581328864514804,1.044116233394044,0.12953818
TDR53_CTCAGAAAGAGCCGTA-1,120.0,macrophage,-0.12125845626528056,-0.023252531078254673,0.9805896691663027,1.0375046
TDR48_AGGGTGATCACCGGTG-1,48.0,erythroblast,-0.02906397868609277,-0.03006982553792268,1.0002011896062808,1.3311719
TDR44_CTACATTCAGTAGAAT-1,24.0,erythroblast,0.2522208065800017,-0.028505315847186963,1.0577512839690195,0.087072045
TDR46_TTTAGTCGTACCACGC-1,24.0,erythroblast,0.27047866121155695,-0.0508951488132446,1.0663853606920226,0.2984572
TDR54_CTACCCAGTCAACCTA-1,120.0,macrophage,-0.17242399507665626,0.042699848652141936,0.9578876640971823,1.0579481
TDR67_AATTCCTCACACTTAG-1,72.0,macrophage,-0.07232735580347258,0.04299783271547933,0.9771989269321499,1.5423604
TDR40_ACAACCAGTATCGATC-1,16.0,erythroblast,0.25117611492532793,-0.05096663919367972,1.0622916949922796,0.051246196
TDR48_TCATGGACACTGCGTG-1,48.0,erythroblast,-0.011419374330990203,-0.07747747868667414,1.0132992799482645,0.6274042
TDR74_CTCCATGCAGTCAGAG-1,240.0,neutrophil,-0.11472615131137687,0.0644257054556715,,
TDR54_AGTGCCGCACCTGTCT-1,120.0,macrophage_immature,0.3199090509394449,0.016032807620955103,1.0626600530790598,1.1608497
TDR44_GGACGTCTCCTTCGAC-1,24.0,macrophage,0.15755159191619184,-0.03219761185535999,1.0386791322100584,3.296498
TDR51_CCGGTAGTCTGTGCTC-1,120.0,macrophage,-0.13181368665288862,-0.004827203254064952,0.974922501602076,1.0277612
TDR71_AAACGCTTCATTTCGT-1,240.0,erythroblast,-0.05874432769151742,-0.0028109075686525917,,
TDR40_AAAGGATGTACCGGCT-1,16.0,non_specific_hematopoietic,0.2722880116174601,-0.016890421005838735,1.0595408845612675,0.00081850524
TDR51_GTAGTACAGCCACCGT-1,120.0,macrophage,-0.08069951235960739,-0.07889646211748026,0.9996394549635632,1.0885314
TDR53_CACCAAAAGGACACTG-1,120.0,hematopoietic_stem_and_progenitor_HSPC,0.07024656074778388,0.01435574804399195,1.011240871639334,1.1160116
TDR71_TCGTAGAAGTTACGGG-1,240.0,neutrophil,-0.09563804197706696,0.03434262349921659,,
TDR54_TCGACCTAGTCAATCC-1,120.0,macrophage,-0.16304982593345899,0.001547399414398326,0.9676165027296966,1.0537034
TDR44_GGAGGTAAGGTAGCCA-1,24.0,erythroblast,0.1611277107928607,-0.040690558992018316,1.0411893379778236,0.084268786
TDR53_TGACGCGCATTGACAC-1,120.0,macrophage_immature,0.3977460453407784,-0.07106745415839597,1.098299088507668,1.1635506
TDR74_CGCATAACAATCAGCT-1,240.0,hematopoietic_stem_and_progenitor_HSPC,-0.12807406227276552,-0.09897660438053338,,
TDR53_ATAGACCGTGGCAACA-1,120.0,innate-lymphoid-cell,0.02507722949117555,-0.028829391643812874,1.0108396521319285,1.1131113
TDR69_GCTTTCGGTTTACTGG-1,72.0,macrophage,-0.19966255821013282,0.003711834813853565,0.9601412416680334,1.5011863
TDR54_GGTGATTCAACGTTAC-1,120.0,hematopoietic_stem_and_progenitor_HSPC,0.23383904363875999,0.034334345780197034,1.0407076761378835,1.1446656
TDR48_TTTCCTCGTGCGTTTA-1,48.0,macrophage_immature,0.20913806398272952,0.05801995441725477,1.0306849919345238,1.6284666
TDR47_TTCCTCTGTTAACAGA-1,48.0,macrophage,-0.0014985737047697456,0.08026763155328545,0.9837797472779305,1.5458256
TDR74_GAACGTTGTGTAGGAC-1,240.0,hematopoietic_stem_and_progenitor_HSPC,-0.12496736433456829,-0.08521990371659055,,
TDR36_TAGGTTGCATGATAGA-1,12.0,macrophage_immature,0.48883787603398526,-0.07384570298883394,1.1191133453053494,0.08882414
TDR71_CCCTCAATCCTTCAGC-1,240.0,innate-lymphoid-cell,-0.15259211854436436,0.05304421958780006,,
TDR74_TTCTAACGTCCATACA-1,240.0,hematopoietic_stem_and_progenitor_HSPC,0.28883421621916494,-0.04148738498145127,,
TDR40_TACACCCGTGCAATAA-1,16.0,erythroblast,0.28043159365722936,-0.03426321245174027,1.0649618332782438,0.0018582103
TDR45_TGGGCTGGTAATACCC-1,24.0,erythroblast,0.3503941171358196,-0.020445910052976732,1.076987730092692,0.036627233
TDR74_TATCTGTTCCTCTTTC-1,240.0,erythroblast,-0.03600520041491316,0.046277761203399354,,
TDR74_TTGCATTGTATTGACC-1,240.0,erythroblast,-0.09135406406164308,0.010385008697796433,,
TDR74_AACCTGATCTTCCACG-1,240.0,microglia,-0.1217179376540764,0.02323910912325866,,
TDR47_GGTTCTCTCCTACCAC-1,48.0,erythroblast,0.01441729457157298,0.06599241831068448,0.9897379926713671,1.5892442
TDR71_TCTCAGCTCGGACCAC-1,240.0,hematopoietic_stem_and_progenitor_HSPC,-0.09234624557097984,-0.0033662870758269653,,
TDR53_ACTTTGTAGTCGGCAA-1,120.0,macrophage_immature,0.37001156679164104,-0.04137275683515121,1.085756375860372,1.1756355
TDR47_ACTTAGGGTCTGTAGT-1,48.0,neutrophil,-0.10788082422859895,0.0689880288677451,0.9652445687644591,0.0001116632
TDR53_ACCATTTAGGCTAGCA-1,120.0,erythroblast,-0.06829123963090711,0.028471649300968918,0.9808334811738033,0.93526745
TDR71_TTGTTCAGTTGTGGAG-1,240.0,hematopoietic_stem_and_progenitor_HSPC,-0.11298490557018814,-0.0391328147324067,,
TDR51_AATCGACCAAGCCATT-1,120.0,hematopoietic_stem_and_progenitor_HSPC,-0.13194448508944198,0.023964775805184108,0.9692992878600585,1.0683167
TDR73_TATTGGGCAGAAATCA-1,240.0,macrophage,-0.1830332949921325,-0.02877251204789101,,
TDR74_CTGCAGGGTTATTCTC-1,240.0,innate-lymphoid-cell,-0.0818706884948601,-0.02025225619379066,,
TDR46_GAATCGTTCCCTCAAC-1,24.0,erythroblast,0.3352752770857244,-0.07001996270700354,1.0844349283449632,0.2065128
TDR53_TTACGCCAGCACCGTC-1,120.0,macrophage,-0.017492465263206358,0.03394430846983683,0.989765379101715,1.0622683
TDR47_GACAGCCCATCCTTCG-1,48.0,macrophage_immature,0.24228491458631743,-0.090517019112137,1.0688255050139917,1.6958956
TDR28_AAACCCAAGGTGGCTA-1,19.0,non_specific_hematopoietic,0.19225880475960785,-0.04381302570183304,1.0483467149827865,0.013445075
TDR43_CTCATTACATTGACTG-1,24.0,macrophage_immature,0.2612564007487167,-0.050833990544448676,1.0644072572500145,0.20027593
TDR70_GTGCAGCTCATTCACT-1,72.0,erythroblast,-0.06867992234914913,-0.024279355874832,0.9911591984608602,0.6494778
TDR74_GATTCTTGTCGACTTA-1,240.0,erythroblast,-0.08624951080570842,0.044168740270986266,,
TDR74_ACTTTCACAGAAGCGT-1,240.0,hematopoietic_stem_and_progenitor_HSPC,-0.10797681096939077,0.02698685824711093,,
TDR43_ATCCGTCTCCCGTAAA-1,24.0,erythroblast,0.16601804854990726,-0.02636226510975992,1.0392258518324502,0.047139324
TDR43_TCCGGGAAGGATAATC-1,24.0,erythroblast,0.15597982426840654,-0.0029636935655365654,1.0322993610863784,0.11935699
TDR53_ACAACCACATGGCTGC-1,120.0,neutrophil,-0.09638367840980365,-0.0038014762323515805,0.9816539356409233,1.0813869
TDR67_TCTGGCTGTCCTTGTC-1,72.0,hematopoietic_stem_and_progenitor_HSPC,-0.11586081334017181,0.061934174482885115,0.9650657960187542,1.4996995
TDR18_CTTTCAAGTGGCTACC-1,14.0,macrophage,0.11968185913133006,-0.004546945605684971,1.0251569890869598,5.3885824e-08
TDR47_GTTGTGAGTTCAAGTC-1,48.0,erythroblast,0.12642035225992698,0.011035657991213754,1.0233452715305789,0.7245443
TDR67_GCTGAATTCTTGTTAC-1,72.0,erythroblast,-0.026886280207636726,-0.0011559365196248533,0.9948671495902622,0.038925886
TDR43_TCCTTCTGTCTGATCA-1,24.0,macrophage_immature,0.3322712008562854,0.008787626357598138,1.0668354200271566,3.5587857
TDR51_GCGAGAACACAGCTTA-1,120.0,neutrophil,-0.1225268326445492,-0.016219760804680558,0.9789630161184876,1.0621846
TDR74_AATGACCCAAGTGCAG-1,240.0,macrophage,-0.13769064947936904,-0.05986879937954634,,
TDR74_CTTTCAATCACTTGGA-1,240.0,macrophage,-0.1519528415636541,-0.007010802106708874,,
TDR53_TTTGATCAGATGCTGG-1,120.0,macrophage,-0.12781482055418428,0.1148332697181886,0.952629123866709,1.0353572
TDR52_GTGTAACGTGCCGTAC-1,120.0,erythroblast,0.281002347088283,0.033881852528259315,1.050665842507752,1.1503139
TDR46_CAATTTCTCGCTTTAT-1,24.0,erythroblast,0.4091215186250538,-0.02767965586289116,1.091289729562861,0.038958784
TDR51_TGAGCATGTTCGAACT-1,120.0,macrophage,-0.10131533477309582,-0.08066593116160305,0.9958786355073871,1.1007501
TDR71_TCCTTCTGTGGGCTTC-1,240.0,erythroblast,-0.023874350313003154,0.04698040199996449,,
TDR71_CTGTGGGAGGTCGTAG-1,240.0,erythroblast,-0.07394195122366722,0.0070272488934470315,,
TDR44_GACGTTACAACAAGTA-1,24.0,erythroblast,0.4010355430001442,-0.05142107716313116,1.0947120099147956,0.16776247
TDR44_AGGGCCTCAGGTCAGA-1,24.0,erythroblast,0.17666530973170796,-0.05791330951807386,1.0480336811139772,0.14528799
TDR47_TCCTCTTAGGAACGCT-1,48.0,erythroblast,0.13797149842061676,-0.06979164255605996,1.0424280215134176,1.4725325
TDR74_ATCACTTTCCCATGGG-1,240.0,hematopoietic_stem_and_progenitor_HSPC,-0.14541863812309988,0.05043063929051528,,
TDR71_AGGATAATCGAAATCC-1,240.0,erythroblast,-0.0448657719689526,0.022385305572567106,,
TDR71_TCATGCCAGTTCAACC-1,240.0,erythroblast,-0.025271204493743094,0.02417567245946159,,
TDR53_CCTGCATCATCCGGCA-1,120.0,neutrophil,0.2746901015544043,0.03566246728902214,1.0489666396438984,0.91124177
TDR44_TCTTTGACAACCGGAA-1,24.0,non_specific_hematopoietic,-0.01732710240225996,-0.030521598607061773,1.0026423842003735,3.2790651
TDR54_TTGCCTGAGGCTAGCA-1,120.0,macrophage,-0.15092464330822877,-0.009798254815724605,0.9721693340604471,1.028157
TDR51_TAATTCCGTATGGTTC-1,120.0,erythroblast,0.20074672695297438,-0.04190188099220755,1.0497265708984205,1.0925243
TDR51_TTCTAGTGTGGTTTGT-1,120.0,non_specific_hematopoietic,-0.058432371795165985,0.08161310988347886,0.9723795216704327,1.0784223
TDR51_AGTTCGAAGAGCCATG-1,120.0,hematopoietic_stem_and_progenitor_HSPC,-0.10142629798814147,-0.0385426063404503,0.987502018330918,1.086248
TDR46_TGCAGTAAGTATTAGG-1,24.0,non_specific_hematopoietic,0.1247047998690527,-0.045210142194488906,1.0345670069514703,0.07072004
TDR44_CTACAGACAGCGTTTA-1,24.0,erythroblast,0.10634056791441968,-0.026966646545623113,1.0270200389636173,0.037659526
TDR67_ACAGAAATCTCACCCA-1,72.0,hematopoietic_stem_and_progenitor_HSPC,-0.10639752950056086,0.0028410208717956353,0.9783892225281131,1.4815706
TDR44_TAGACCACAAATGCTC-1,24.0,erythroblast,0.08361443997072948,-0.041964396442448135,1.0254338253407116,0.11768967
TDR69_TCATCCGCAACACGTT-1,72.0,erythroblast,-0.07486335156118798,-0.028746367652635073,0.9908190082693702,0.5722866
TDR72_TTCGCTGGTTAGTTCG-1,240.0,erythroblast,-0.0940721828077532,0.0346213418568454,,
TDR53_CCGTGAGGTTTGCAGT-1,120.0,hematopoietic_stem_and_progenitor_HSPC,0.20411245678117884,-0.13165691752492645,1.0694600285276654,1.172038
TDR44_AACGTCATCATACGGT-1,24.0,erythroblast,0.4174784351273127,-0.024564053381378778,1.0924342877890112,0.09764216
TDR44_CCCGAAGGTCAACCAT-1,24.0,erythroblast,0.5056716004065152,-0.07506491775737932,1.1231613056889984,2.0285242
TDR44_GACAGCCGTGTGTCCG-1,24.0,erythroblast,0.16187630015943746,-0.07665076200768825,1.0488616282142038,0.20009665
TDR71_TCTCACGGTTCAACGT-1,240.0,erythroblast,-0.07753231326394258,0.05326302897463035,,
TDR53_ACATCCCAGTGCCGAA-1,120.0,macrophage,-0.1486412489324584,-0.01207682424761311,0.9730567390932304,1.0076742
TDR44_CACGAATGTCTCGGAC-1,24.0,erythroblast,0.21955251228563447,-0.037730949896353255,1.052803590946353,0.15739548
TDR74_ACTATCTCACATACGT-1,240.0,neutrophil,-0.12460209423805768,0.04548639490984488,,
TDR73_TCGGGTGGTTATGTCG-1,240.0,erythroblast,-0.0344950662542681,0.026594582899117175,,
TDR54_CTAACCCCACGGCTAC-1,120.0,erythroblast,0.20861646373859827,0.049370056957054445,1.0323618973939326,1.0724343
TDR74_GAAGGGTCACAACCGC-1,240.0,innate-lymphoid-cell,-0.029475163999770404,-0.013185055039611093,,
TDR54_AGTCAACGTCCCTCAT-1,120.0,erythroblast,0.2581038146113669,-0.04474168583966684,1.0624410098035166,1.1068774
TDR53_TCGGGTGGTCCCGGTA-1,120.0,macrophage,-0.1214250827584856,0.038979601232965844,0.9684281974294651,1.0671446
TDR54_TGGGCTGCACGGTGCT-1,120.0,erythroblast,0.011957667791845705,-0.015061484826743701,1.0054184575513396,0.9986903
TDR48_GACTCAAGTATAGGGC-1,48.0,erythroblast,-0.08039596005857669,-0.010132612429571225,0.9860456083405441,0.8300325
TDR71_TCTACATCAGCAGATG-1,240.0,hematopoietic_stem_and_progenitor_HSPC,-0.09090060023919497,-0.010142797945138268,,
TDR51_TGTAACGGTGCGGCTT-1,120.0,hematopoietic_stem_and_progenitor_HSPC,-0.06910537475562402,-0.011215993939582461,0.9884888895283019,1.0978836
TDR48_TCATCCGCATCCTAAG-1,48.0,erythroblast,0.05005401999637389,-0.023651115944228113,1.0148502119683134,1.1720419
TDR53_GGAGAACGTGAGACCA-1,120.0,neutrophil,0.23369594446744493,-0.038608624867323055,1.0559712017762113,1.0276505
TDR52_GCCAGCATCAACGTGT-1,120.0,neutrophil,-0.06845616417306224,0.013247717213899418,0.9837920099467867,1.0726143
TDR47_TAGTGCAAGTTTCTTC-1,48.0,neutrophil,-0.007892314726294702,-0.015072345477691346,1.001437037700823,0.024218941
TDR54_TGCTTGCCAGGTCAAG-1,120.0,macrophage,-0.009209178264876078,0.015625020860025984,0.9950454745277015,1.1001073
TDR71_ATTCAGGTCCCGAAAT-1,240.0,neutrophil,-0.15365676787953536,0.08295136398995237,,
TDR46_GGAGCAAAGCTCGGCT-1,24.0,neutrophil,0.23655168317475253,0.030577565160926412,1.0420551026999068,1.6035029
TDR44_TGATTTCCAGAGCTAG-1,24.0,macrophage_immature,0.15744195176568224,-0.03083054890123288,1.0383724133657035,3.4319322
TDR35_TGCAGATGTCTGCGCA-1,12.0,macrophage_immature,0.4570368693057388,0.010809182736800677,1.0933490813672715,0.0004373762
TDR69_CCCTCAAGTCGCAGTC-1,72.0,microglia,-0.1474506987481074,0.061933655669723725,0.9589878526302463,1.2064539
TDR70_ACTCCCACATTGAGCT-1,72.0,non_specific_hematopoietic,-0.02897114883343424,-0.014433239713127224,0.9970966410981483,1.5260175
TDR67_TAAGCACGTTGGATCT-1,72.0,erythroblast,-0.04189852088867917,0.014478358029679339,0.9887879530236819,0.051381584
TDR51_ATGCCTCAGCAGATAT-1,120.0,non_specific_hematopoietic,-0.07600287343119526,-0.010620351830798333,0.9870086217082609,1.0756365
TDR72_CAGCAATCAAATTGGA-1,240.0,innate-lymphoid-cell,-0.0792056779951541,-0.01117800917602392,,
TDR71_ACTTCGCAGACTCCGC-1,240.0,erythroblast,-0.056163298309205564,0.009047369642150187,,
TDR73_GACCGTGAGTGGTCAG-1,240.0,non_specific_hematopoietic,-0.06825759851659036,-0.054156440371668474,,
TDR51_CGTAAGTAGCTCCATA-1,120.0,hematopoietic_stem_and_progenitor_HSPC,0.03668530252551169,-0.026581410368603522,1.0127337348371206,1.117255
TDR40_AAGCGAGCAGCTAACT-1,16.0,erythroblast,0.14128115911209815,-0.04577058550496289,1.0381189244306548,0.0008726984
TDR52_TGTTGGAGTGTTACTG-1,120.0,neutrophil,-0.07152275260482562,-0.026274953935329345,0.9909912642924886,1.0777537
TDR69_CTAACCCCAACTCCCT-1,72.0,non_specific_hematopoietic,-0.12171611508262256,-0.03066743744744195,0.9819550598971711,1.1839728
TDR46_TGGTACAGTCGAATTC-1,24.0,non_specific_hematopoietic,0.15327678795883096,-0.05436437547814763,1.0424025912625354,0.12411873
TDR73_CAAGGGATCGCATTAG-1,240.0,hematopoietic_stem_and_progenitor_HSPC,-0.10269951554697926,-0.04721348681119712,,
TDR74_CTCCAACCACAAGCCC-1,240.0,erythroblast,-0.10820227047140851,0.012236996229400054,,
TDR73_CGAATTGCATCACAGT-1,240.0,neutrophil,-0.0992513703500142,-0.013948237198498442,,
TDR45_ACTGATGCAAAGCACG-1,24.0,erythroblast,0.21356952697389128,-0.07958392871686737,1.060383559373476,3.463811
TDR52_CTCATCGCATTGGGAG-1,120.0,neutrophil,-0.12786863173320617,-0.01874824460961777,0.9784123447311502,0.8929882
TDR74_GAGTTACCATTACTCT-1,240.0,erythroblast,-0.12119571690571337,-0.09469223425584139,,
TDR45_GTGCGTGAGAGCTTTC-1,24.0,erythroblast,0.24153204205088102,-0.06487618661093186,1.063198317291133,0.022934228
TDR39_CAGCACGAGCGTGAAC-1,16.0,macrophage,-0.040181823665750516,-0.06987187111179353,1.0059556744150797,2.5169594
TDR43_TATATCCCAGGTGACA-1,24.0,erythroblast,0.46309978675584884,-0.040657164649942915,1.106001644823426,0.1398198
TDR53_GTGTGGCTCACGTAGT-1,120.0,non_specific_hematopoietic,-0.07272416736800616,0.04781106563901877,0.9761812072840966,1.0831003
TDR46_TGACTCCCATCGTTCC-1,24.0,non_specific_hematopoietic,0.27629687484114623,-0.04007871568170979,1.0653198877062544,0.11042455
TDR43_GGGAGATAGTCATTGC-1,24.0,erythroblast,0.21955587219038242,-0.05604323016912529,1.0566672174551788,0.2534977
TDR46_GGAGCAAAGGAGACCT-1,24.0,macrophage,-0.0050975403161505894,-0.05448639335263754,1.0099267168104258,3.0158021
TDR47_GACCGTGAGCCGTTAT-1,48.0,macrophage,0.2096861188251296,-0.03320189131502814,1.0497768334707476,1.6600088
TDR45_GGGTCACTCATAGGCT-1,24.0,erythroblast,0.171080404957848,-0.04517484095169534,1.0442000075052853,1.327482
TDR74_TCGAACACATGATAGA-1,240.0,macrophage_immature,-0.11028041026944803,-0.021281384423543104,,
TDR53_ACGTAACTCATTGCCC-1,120.0,erythroblast,0.1900611529581023,0.06257356512117822,1.0258253597249531,0.99527144
TDR43_GGTAACTGTACCGTCG-1,24.0,macrophage_immature,0.2933005732103697,-0.0670070382004071,1.0747214613469331,3.583212
TDR74_GACCCAGCAAATCAGA-1,240.0,microglia,-0.0573958040042169,-0.01906844831191272,,
TDR43_TAGAGTCAGATAGTGT-1,24.0,erythroblast,0.1823204884805821,-0.04607454065475422,1.0467383601104603,0.18295777
TDR46_CTGAATGGTACGGTTT-1,24.0,erythroblast,0.23159884895367364,-0.04230706664867062,1.0563094510472673,0.075867705
TDR72_CGGACACGTATGCAAA-1,240.0,macrophage,-0.09687952553120473,-0.02315971202512486,,
TDR53_CATGCCTCAACCGCCA-1,120.0,neutrophil,-0.10092842419390644,0.012542068862300748,0.9775614754528984,1.0631257
TDR67_CCTACGTAGGTCGACA-1,72.0,microglia,-0.16791468855271524,0.10008885587855046,0.9478104832590142,1.2695171
TDR44_TCCTGCATCCGTCACT-1,24.0,erythroblast,0.2314475989649699,-0.03554524136562215,1.0548499908665003,0.07022138
TDR44_TACAGGTAGCGCCTAC-1,24.0,neutrophil,0.01577011404042991,-0.029269902858437225,1.0090486975414874,1.5580676
TDR43_AGGTCATAGATTGCGG-1,24.0,macrophage,-0.05577955736874016,-0.05351300093670783,0.9995467914436312,3.28804
TDR43_AACAGGGTCGCTACAA-1,24.0,erythroblast,0.25252109966642117,-0.0403286294788682,1.060319148002768,0.24933039
TDR46_GCATTAGCACTGTTCC-1,24.0,erythroblast,0.3243220851259101,-0.041586861966184815,1.0759261111195066,0.04531607
TDR52_GATGCTATCAAAGCCT-1,120.0,macrophage,-0.14546910273631186,0.07593556648291253,0.9566851544790883,1.0178267
TDR39_ACTGATGGTCGCACGT-1,16.0,erythroblast,0.33046570339022696,-0.06241233951611605,1.0817451412857988,0.00623083
TDR72_CTCCACATCCACGAAT-1,240.0,erythroblast,-0.06257147734763191,0.09353237221206445,,
TDR46_CTATAGGTCTGATGGT-1,24.0,erythroblast,0.1261789873107357,-0.01594522187483291,1.0288326827542889,0.029192364
TDR68_GTGGAAGAGAGGTTTA-1,72.0,erythroblast,-0.061018418668206766,0.05380129199864976,0.9772977224088893,0.6187202
TDR46_AACGGGATCCTGTTGC-1,24.0,neutrophil,0.018858688866354417,-0.0042404736873608295,1.0046305203893546,1.701099
TDR22_TCTCACGCAGAGCCCT-1,14.0,macrophage_immature,0.5117169270056715,-0.10423278501452266,1.1310992442544756,3.376053e-15
TDR47_ATACCGACAAGTGGAC-1,48.0,macrophage_immature,0.11978922752555402,-0.026541639641287265,1.0296986364235612,1.6417632
TDR74_ACTCCCAAGCTCTATG-1,240.0,macrophage,-0.13959354491093173,0.012878181469805183,,
TDR72_AACCATGCACTACCCT-1,240.0,erythroblast,-0.07074149232713248,0.002099012919030266,,
TDR67_ATGCATGGTAGCTGAG-1,72.0,erythroblast,-0.06741001731011365,-0.00851594422750427,0.9882902840541291,0.15468727
TDR74_ACCATTTAGTACTGTC-1,240.0,hematopoietic_stem_and_progenitor_HSPC,-0.11878935032688814,0.0009899778002638165,,
TDR52_GGGCGTTAGATGAAGG-1,120.0,hematopoietic_stem_and_progenitor_HSPC,-0.0870196600421812,-0.05839971285383355,0.9942923613776982,1.0602607
TDR51_AAGCGAGGTGGAACAC-1,120.0,macrophage,-0.07382193051116279,-0.02010984837976887,0.9893150772711461,1.0998129
TDR74_TATCGCCAGAGGACTC-1,240.0,macrophage_immature,0.3685921215427296,0.0004715306491411553,,
TDR72_CATGCCTGTCCGGTCA-1,240.0,non_specific_hematopoietic,-0.0324259506293246,0.03046293586284579,,
TDR43_CAACGATGTATCGTGT-1,24.0,erythroblast,0.26065347545381823,-0.060393548562074933,1.0663156670063436,0.43984064
TDR74_TTCAATCGTGCACGCT-1,240.0,erythroblast,-0.052965001138805166,0.0007967162503392522,,
TDR51_TTCCTAAGTCCAGTTA-1,120.0,macrophage,-0.12983007252687478,0.02362777978197836,0.9697746340966099,1.0563155
TDR53_ACCAAACCAGTCGAGA-1,120.0,macrophage,-0.11499610896834017,-0.022869743458762706,0.9817434344923529,1.0525769
TDR74_GCAGCTGCAAATCGTC-1,240.0,macrophage,-0.03362385683811672,0.0055843996732899415,,
TDR50_TCATGGAGTGTTAGCT-1,48.0,macrophage_immature,0.21996847049381452,-0.04961800370495359,1.0553973117416549,1.6868861
TDR70_CATCGCTTCCCTTTGG-1,72.0,hematopoietic_stem_and_progenitor_HSPC,0.001328872333539094,-0.003029910966522026,1.00087213675029,1.5209564
TDR67_TTAGGCACAAAGACGC-1,72.0,non_specific_hematopoietic,-0.09858236300915404,-0.07671484688693839,0.9956360466136289,1.2665012
TDR41_TCATACTCAATGTCTG-1,16.0,erythroblast,0.16694440427993062,-0.053800580326229794,1.0451380656419869,0.617424
TDR72_CTACAGACACCCTCTA-1,240.0,erythroblast,0.01744554952456355,0.009632373841552404,,
TDR51_CAGTTCCAGAGTTCGG-1,120.0,neutrophil,-0.10934563192393662,-0.03530719378784147,0.9853014070355044,1.0779951
TDR46_ACCAACAAGAGGGTAA-1,24.0,macrophage,-0.018683955874865016,-0.05051507696437374,1.0063865316944092,2.9496138
TDR48_TACATTCGTCACAGAG-1,48.0,macrophage,-0.09688508442102288,0.03269347386915583,0.974417218159161,1.5486373
TDR46_GCCATTCAGAACTTCC-1,24.0,erythroblast,0.2522866444158398,-0.07853378669843197,1.068402012834574,0.20782368
TDR74_GCAGGCTTCGTCACCT-1,240.0,hematopoietic_stem_and_progenitor_HSPC,-0.10540701794628926,-0.02010998979282841,,
TDR52_AGGGTCCAGTGCGTCC-1,120.0,erythroblast,-0.06451019620261074,-0.03610389212159399,0.9943348470273043,1.1918857
TDR48_AACACACTCTGTCCGT-1,48.0,non_specific_hematopoietic,0.212988522472422,0.04558814845287347,1.0340468399349596,1.6232489
TDR43_TGCTCCATCTTGCGCT-1,24.0,erythroblast,0.3406281495705629,-0.03749262691503946,1.0785571279863522,0.3726793
TDR52_AGCTCAACACGAGGAT-1,120.0,erythroblast,0.17760707964804306,-0.04220721655101848,1.0449435441701347,1.1413538
TDR74_TAGACTGAGTCTTCCC-1,240.0,erythroblast,-0.09361120132621323,-0.08603694703843859,,
TDR74_AGTACCATCTCATTTG-1,240.0,erythroblast,-0.07514065618755869,0.09585799149652993,,
TDR41_CAGTTCCCATCTCCCA-1,16.0,macrophage,-0.06677095837185834,-0.03762635542254772,0.9941880346082627,0.19297758
TDR51_GTGACGCTCTGTCTCG-1,120.0,macrophage,0.21210889476145856,0.01894450789168517,1.0393888304407666,1.1426
TDR46_GTTACCCCATTGCAAC-1,24.0,macrophage,0.21803671309362838,-0.003234009171965563,1.045247965107798,3.3960128
TDR74_CCACCATCAAACGAGC-1,240.0,erythroblast,-0.04151173546200707,0.010348989191838506,,
TDR53_ACTCCCACATGTGCCG-1,120.0,erythroblast,0.010925524887929222,-0.0075506417903603434,1.0037020691277159,1.0140613
TDR46_GAGTCATTCGACGCGT-1,24.0,erythroblast,0.3385450537824805,-0.06222386559810422,1.083453672569418,0.11117404
TDR71_GTCATTTAGCAAGCCA-1,240.0,erythroblast,-0.05013455774642977,0.01288916548925001,,
TDR44_AATGAAGGTCTAGATC-1,24.0,erythroblast,0.09713132095998805,-0.030108608549407778,1.0257745501447202,0.17595229
TDR44_CCTCTCCTCATGTCAG-1,24.0,erythroblast,0.2331219042338042,-0.08401107020232221,1.065481271157956,0.14137852
TDR46_ACCACAATCTAGGCCG-1,24.0,non_specific_hematopoietic,0.18529191466685044,-0.04317036157516914,1.0467524382303657,0.08327995
TDR69_GGTGTCGAGATGACCG-1,72.0,hematopoietic_stem_and_progenitor_HSPC,-0.05764017390083298,-0.014375356340433923,0.9913843656298631,1.5314771
TDR45_GAATCGTGTGGTCTCG-1,24.0,non_specific_hematopoietic,0.06950910975300142,-0.024225150777393956,1.0189236775833272,3.2022886
TDR52_GAATCGTAGTTTGCTG-1,120.0,macrophage,-0.11312891770953591,0.03744274688163754,0.9703345860212679,1.0097998
TDR74_GGATGTTGTCTACATG-1,240.0,neutrophil,-0.11375281097848956,0.035077684103514764,,
TDR44_AAACGAAAGAGCTTTC-1,24.0,erythroblast,0.16931361015853746,-0.03999973540016866,1.0427512669595627,0.1326956
TDR74_TCTGGCTGTAGTTACC-1,240.0,hematopoietic_stem_and_progenitor_HSPC,0.005121248435349002,-0.008348138883941855,,
TDR71_CTCCGATCAAGACGAC-1,240.0,hematopoietic_stem_and_progenitor_HSPC,-0.12073805922829442,-0.03862233764691437,,
TDR39_GCCATGGTCGACGACC-1,16.0,hematopoietic_stem_and_progenitor_HSPC,0.009539881114764781,-0.018972143586834966,1.0057186946000638,0.2871969
TDR54_CACCAAAGTAAGGCTG-1,120.0,erythroblast,0.056692836048838846,-0.010627284909983957,1.0135550723313786,0.929985
TDR74_GTCCCATGTGGTTTAC-1,240.0,erythroblast,-0.08231593660704313,-0.0005085752398111543,,
TDR43_CAACAGTCAGTTACCA-1,24.0,erythroblast,0.18277072049713283,-0.008941107518047137,1.0390869196074108,0.21230112
TDR48_CTCAATTGTTTGAACC-1,48.0,macrophage,-0.06834658234248575,0.02851233530991576,0.9808146437178484,1.5630037
TDR71_GCATTAGGTTTACACG-1,240.0,hematopoietic_stem_and_progenitor_HSPC,-0.13835930545734076,0.021942711106820972,,
TDR44_TATTGCTCAGACCGCT-1,24.0,erythroblast,0.19778035452353465,-0.04907054307316172,1.0506091927709031,0.17712018
TDR72_GCTACCTTCATCACAG-1,240.0,erythroblast,-0.09906318936017935,-0.02705993174994689,,
TDR46_GGTGATTAGCCATCCG-1,24.0,erythroblast,0.35930147923001987,-0.04207593871263554,1.0835855365935276,0.107839614
TDR46_CCACACTCACTACGGC-1,24.0,neutrophil,-0.06549978820671346,-0.08342782234032181,1.0035920428048763,1.6199169
TDR51_CGCGTGACAGTGTGCC-1,120.0,macrophage,-0.031872156568637164,0.001977499108511596,0.993252933222554,1.0772818
TDR43_GTAGGAGAGAGTCAAT-1,24.0,macrophage_immature,0.24451685078644628,-0.07378569765239396,1.0657305321487618,0.18471797
TDR74_GCCGTGACATTAGGAA-1,240.0,erythroblast,-0.06440182091621206,0.018750559304647405,,
TDR51_CGAGTGCCATAATGAG-1,120.0,macrophage,-0.12492488164627785,0.005772103306048021,0.9741992796955198,1.0616311
TDR71_CATTCTATCTGCATGA-1,240.0,erythroblast,0.13438354346571524,-0.03182751001111296,,
TDR46_CCGTTCAAGGTTAGTA-1,24.0,erythroblast,0.310363345038622,-0.035269611443618384,1.0715718522325595,0.9247145
TDR44_CGTCAAAGTGCATCTA-1,24.0,erythroblast,0.2166524098331767,-0.04497977744106062,1.0537196599404597,0.11892715
TDR69_ACCAAACTCAATCCAG-1,72.0,erythroblast,-0.053434685537390836,0.03464335839849483,0.982538638998404,0.5409623
TDR74_GATAGCTTCAAGCGTT-1,240.0,erythroblast,-0.06294512365373178,-0.040535457276299765,,
TDR71_GAACGTTTCCGTGCGA-1,240.0,macrophage,-0.14941511885931846,-0.0365264836780755,,
TDR43_TCAGGGCCAACACTAC-1,24.0,non_specific_hematopoietic,0.3716103512036081,-0.04643686535661731,1.0872041960100174,0.106628686
TDR52_TTCCACGAGCGCCTAC-1,120.0,neutrophil,0.2607182779453705,-0.005578568464188055,1.0547031672493228,0.9155566
TDR74_CAGTTCCTCGTGGACC-1,240.0,non_specific_hematopoietic,-0.10301557525817152,-0.035740385884824005,,
TDR52_AGAGCCCCATTCAGGT-1,120.0,erythroblast,0.24525343874917913,-0.06687362803225227,1.0644150648098238,0.9914106
TDR52_AGAAGCGCACAGCTTA-1,120.0,hematopoietic_stem_and_progenitor_HSPC,-0.10839991697300738,0.020019740234186623,0.9746430949689185,1.0709435
TDR51_ACCATTTGTGTTGATC-1,120.0,neutrophil,0.06520117860275218,0.03615326492362808,1.0058264910892414,1.0041394
TDR51_TGTTACTAGGTCGCCT-1,120.0,neutrophil,-0.0772866713695037,0.016827797416199664,0.9813531506222731,0.9526985
TDR43_TACCTGCAGTGAGTTA-1,24.0,macrophage_immature,0.1837569852129949,-0.009376379730748813,1.039382381692089,3.3990734
TDR74_TGCGATAAGGAGTCTG-1,240.0,erythroblast,-0.060984226051773296,0.055079909722394224,,
TDR67_CTTCAATCACGACGAA-1,72.0,erythroblast,-0.04577943164993854,-0.016105191655141078,0.9940827284231049,0.037239604
TDR71_TACACCCGTGGTTCTA-1,240.0,neutrophil,0.022469957821259295,0.0498956707428683,,
TDR21_TGTACAGAGGCTCCCA-1,14.0,erythroblast,0.14210658473317644,-0.03455816464467645,1.0359645756613103,8.618278e-06
TDR69_TCTTCCTCACGCTGTG-1,72.0,erythroblast,-0.048755592046869675,-0.003587425490956253,0.9910070473639557,0.41384065
TDR72_GGAGATGAGCAGGCAT-1,240.0,erythroblast,-0.03739758850591868,0.03852464982532905,,
TDR44_GTTGTGATCACTTGTT-1,24.0,erythroblast,0.14144814025925975,-0.05320558577408026,1.0396984770536297,0.06499639
TDR71_GATTCGAGTTTCCAAG-1,240.0,neutrophil,-0.1219698554958846,0.07019230939339899,,
TDR74_GTGGGAAAGACAACTA-1,240.0,erythroblast,-0.06475160505722455,-0.014360166210291271,,
TDR44_GTAATCGGTACTCCCT-1,24.0,erythroblast,0.3064858703730951,-0.027980504212556073,1.0691813636156309,0.085717626
TDR40_GCATCTCCAACTCATG-1,16.0,erythroblast,0.21360648680864008,0.0009723285546049398,1.043444053324549,0.0026199273
TDR70_TGCATCCGTATACCTG-1,72.0,hematopoietic_stem_and_progenitor_HSPC,-0.1341636688419222,0.030266330757898724,0.9676488653495762,1.4825113
TDR71_GGAATGGGTATGGTAA-1,240.0,erythroblast,-0.03356331456987665,0.0352438305631096,,
TDR46_CACTGTCAGAAGTCAT-1,24.0,macrophage_immature,0.3358143894893484,0.08207446839050522,1.0520577247229321,3.409415
TDR44_CCTCAGTGTAGCCAGA-1,24.0,erythroblast,0.1172725928273301,-0.04897996717669025,1.0338094884884157,0.093605965
TDR74_TGAGGTTAGCTAATGA-1,240.0,erythroblast,-0.05004810853939376,0.012376802683004562,,
TDR74_TACAGGTCACCATAAC-1,240.0,erythroblast,-0.07811701197097451,0.02740758321519443,,
TDR52_TCCACGTAGCTAGCCC-1,120.0,erythroblast,0.1005561442510319,0.027578326751004606,1.014702598850031,0.98406005
TDR44_TCAAGTGCACTCTCGT-1,24.0,macrophage_immature,0.20151329165551157,-0.052512107072053144,1.0521177942266722,0.10069584
TDR48_GCAACCGTCAGCGCAC-1,48.0,erythroblast,-0.03437146807718949,-0.0019194537186840166,0.9935306142984677,0.7653509
TDR74_TTGTTGTAGCGCATCC-1,240.0,erythroblast,-0.06449228060229426,0.014138315546851729,,
TDR51_GCCCGAATCCGTATAG-1,120.0,neutrophil,-0.10440686012431331,-0.04429634220166291,0.988049873176672,1.079356
TDR40_TTTGACTAGGATGCGT-1,16.0,non_specific_hematopoietic,0.1341549207232512,0.001961695655212592,1.0267912465660378,0.0013967138
TDR74_CTTTCAAAGTGCCGAA-1,240.0,non_specific_hematopoietic,-0.10754246122464294,-0.03606572166541156,,
TDR73_GAATCGTAGAGCAGTC-1,240.0,neutrophil,-0.11249338419469125,-0.058557104181360314,,
TDR53_CCACTTGCAACGGCTC-1,120.0,macrophage,-0.16716394942919596,0.01967722577429304,0.9633213413559331,0.985734
TDR48_GATCATGGTACAAAGT-1,48.0,erythroblast,-0.008229182574108707,0.05145724102558785,0.9881336819993083,1.0839213
TDR53_TGTTACTGTGGGATTG-1,120.0,macrophage,-0.09895041779973546,0.04302020016627739,0.9720052011164129,1.011802
TDR71_GCAGCTGTCCACCTGT-1,240.0,erythroblast,-0.06206213412589138,-0.005207830005221903,,
TDR71_CCACAAACACGTACAT-1,240.0,neutrophil,-0.10705391576990173,0.16323977699218356,,
TDR74_CCTCCAATCCGCAACG-1,240.0,erythroblast,-0.08350617629566565,0.0006467515399746493,,
TDR74_AGGTCATCAATGGCCC-1,240.0,erythroblast,-0.05308624419813007,0.044564878946981065,,
TDR54_AAGCGAGTCCCTCTCC-1,120.0,microglia,-0.12087685294709316,0.007014625890243459,0.974746057487299,1.0493393
TDR51_GCGATCGAGCTTTCTT-1,120.0,non_specific_hematopoietic,0.14714133970673568,0.03379081208028911,1.0229290252447774,1.1092935
TDR30_AGTACCAGTTCGTTCC-1,19.0,hematopoietic_stem_and_progenitor_HSPC,-0.07190677539126042,-0.03267133895005836,0.992183620725894,0.24061076
TDR46_CGGAATTTCGTAGAGG-1,24.0,erythroblast,0.3391706333928929,-0.06783937716829604,1.0848069035896297,0.42371595
TDR52_CACTGTCAGGTAGTAT-1,120.0,erythroblast,-0.03583573291176244,0.02802665759591856,0.9873087438273731,1.1947415
TDR51_CTTCCGACAATCAGCT-1,120.0,non_specific_hematopoietic,0.160988858092238,-0.01647286413820341,1.0361297159508023,1.1491102
TDR67_CACTGAATCGGTTAGT-1,72.0,macrophage,-0.16130821630861436,-0.00825062402140625,0.9698522696072145,1.3198365
TDR52_GTCACTCCACTGCGTG-1,120.0,macrophage,-0.062297828656665985,-0.03358807348782697,0.9942745024602874,1.0789245
TDR51_TAAGCCATCTCGTCAC-1,120.0,erythroblast,0.06161818054799334,0.027703195378400283,1.0068060536598278,1.0449008
TDR47_GACCGTGAGACCATGG-1,48.0,neutrophil,-0.05121979126011862,-0.0736340926785144,1.0044929233333033,0.022952326
TDR74_TGGATGTGTCTGTGCG-1,240.0,erythroblast,-0.052944701499784516,-0.039212819714733047,,
TDR46_TTTACTGCAACGCCCA-1,24.0,erythroblast,0.22151368146506212,-0.04584238891376324,1.0549266242926352,3.494827
TDR74_GATCCCTAGGCTTAAA-1,240.0,erythroblast,-0.06239471966898095,0.03289952383077215,,
TDR74_TGACGCGTCCAGTGCG-1,240.0,macrophage,-0.1764201736505353,-0.053467215483251326,,
TDR53_TAAGCCAGTCATCCGG-1,120.0,microglia,-0.10088484923872203,-0.051250351863846744,0.9901222095571385,1.0591596
TDR51_CAGTGCGGTGATACAA-1,120.0,macrophage,-0.12070339708308021,-0.011102857605078745,0.9783183918442105,1.0666015
TDR48_TAACCAGGTTGTTGTG-1,48.0,macrophage_immature,0.19970216444054847,0.002660569105491284,1.0401951284533328,1.6483312
TDR70_CAAGAGGCAATAGTAG-1,72.0,erythroblast,0.11182889112829586,-0.0295498071661318,1.0286792929959157,1.4792033
TDR50_CTCTGGTGTCGTAATC-1,48.0,erythroblast,0.2265884259681562,-0.03479446260377532,1.0536671230614447,1.6955383
TDR69_ACTATTCGTATTTCGG-1,72.0,erythroblast,0.013426083472277445,0.0001950248619976419,1.0026497160306607,0.89702713
TDR74_TCACAAGTCCTAGAGT-1,240.0,neutrophil,-0.07897085267407646,0.014492874432173175,,
TDR46_TCACTATAGGTTTACC-1,24.0,erythroblast,0.22255759650120643,-0.013090216211266742,1.0482578152295017,0.106918484
TDR74_ACGTACATCGCGATCG-1,240.0,erythroblast,-0.07065023359177727,-0.03591728725551087,,
TDR67_CTTCGGTCATCGTGGC-1,72.0,hematopoietic_stem_and_progenitor_HSPC,-0.10619590511803731,0.0002755051457747626,0.9789308403994276,1.5023943
TDR27_CAACGGCAGCCGAATG-1,19.0,neutrophil,0.2425006599492458,-0.048301387972173926,1.0598849977868252,0.4169291
TDR51_TTTCACAAGAGGGTCT-1,120.0,hematopoietic_stem_and_progenitor_HSPC,-0.04145529274308936,-0.027055499634305064,0.997124184480799,1.1090391
TDR48_ACAACCACACCCTAAA-1,48.0,erythroblast,0.024650672609598773,-0.011898351624264107,1.0073365866871264,1.4337813
TDR69_GCCAGTGCACGTAGAG-1,72.0,hematopoietic_stem_and_progenitor_HSPC,-0.09792978265783289,-0.04172718454546272,0.9888224189766348,1.5181766
TDR53_CGGACACCAGCTCGGT-1,120.0,hematopoietic_stem_and_progenitor_HSPC,-0.07793048548289339,-0.07275963559050876,0.9989663645910009,1.0878872
TDR27_CGGGACTTCCATACAG-1,19.0,macrophage,-0.08513678974881897,-0.023620469814593342,0.9877721117264124,1.0151441
TDR44_TTCTAGTGTGTTCGTA-1,24.0,non_specific_hematopoietic,0.2385832282603764,-0.027799244024263425,1.0547212293803103,0.16177393
TDR70_CCTACGTTCGAGCACC-1,72.0,erythroblast,0.1639324102922053,0.01052166400772235,1.0311576975521153,1.5369672
TDR43_CGAGGAACATCCGATA-1,24.0,erythroblast,0.25774699487460007,-0.04083946054492403,1.061536398315505,0.20554218
TDR74_GATGGAGAGACGAAGA-1,240.0,erythroblast,-0.05197059325407023,-0.014860496940756127,,
TDR22_GTCGAATCACTATCGA-1,14.0,erythroblast,0.26044944570499834,-0.06980057499834882,1.0682801342605523,1.0607412
TDR74_AAGAACACAACCGCCA-1,240.0,erythroblast,-0.05398703715418354,0.012081563888668566,,
TDR53_GGGAAGTGTCATGGCC-1,120.0,neutrophil,0.09247338129694072,0.040216764070241606,1.01050612929102,1.0592746
TDR72_CATTGCCCAACGGCTC-1,240.0,erythroblast,-0.08141856258812266,0.024485342104589823,,
TDR46_CGGGACTAGGGTTAAT-1,24.0,macrophage_immature,0.23705456279389128,-0.015407623940107973,1.0517889090101669,3.3837476
TDR53_GCACTAAAGTGATCGG-1,120.0,macrophage,-0.15239603762592632,0.057896925311413605,0.9588135995569076,0.99388736
TDR69_ACCTACCCAAATCCCA-1,72.0,erythroblast,-0.04182214444603377,-0.019615651168813003,0.9955685493267583,0.3678715
TDR47_AACCTGACATTCTCCG-1,48.0,macrophage_immature,0.1765716910155403,-0.061294706291366644,1.0487230481657037,1.7189417
TDR74_CTCGAGGCACAGTGAG-1,240.0,microglia,-0.08550237667038879,0.008905759884091508,,
TDR53_AGACAAAGTGGTTCTA-1,120.0,macrophage,-0.10906491460702727,-0.06270169117600445,0.9907702137110049,1.0939672
TDR74_CGATGCGGTTTGATCG-1,240.0,macrophage,-0.13265993414482263,0.06706773281353365,,
TDR72_CGGAACCCACGCTTAA-1,240.0,erythroblast,-0.05791869732555406,0.02205428485901076,,
TDR74_TCATTGTCAAAGGCTG-1,240.0,macrophage,-0.0955974439676497,-0.01385999084222847,,
TDR48_GTACAGTGTATGTCTG-1,48.0,neutrophil,-0.03499118028313111,-0.07818342215005135,1.0086758674384788,3.3767293e-07
TDR74_CTTCAATTCAAAGACA-1,240.0,erythroblast,-0.07154406243628197,0.005209000854164564,,
TDR52_AGCCAGCCACCGGAAA-1,120.0,macrophage,-0.08675453052921565,0.057908553432151316,0.9714819238294251,1.0656683
TDR73_GTGGGAATCTCTCTTC-1,240.0,microglia,-0.1449972400551291,-0.02119898169001007,,
TDR72_GGTAGAGAGCCAAGGT-1,240.0,hematopoietic_stem_and_progenitor_HSPC,-0.06944496312168078,-0.03612641695041011,,
TDR51_GGATCTACATCGGCCA-1,120.0,macrophage,-0.16079269111650585,0.017832272678565686,0.9649056130295035,1.0520291
TDR67_CAGTTCCGTGATGGCA-1,72.0,erythroblast,-0.05917516060824198,0.0535442644847188,0.977708329503623,0.086687036
TDR53_GGGAAGTCAAGTATAG-1,120.0,hematopoietic_stem_and_progenitor_HSPC,-0.10903327707291016,0.030651079219832456,0.9724497543926854,1.0842139
TDR69_TCGCACTGTTAAGACA-1,72.0,erythroblast,-0.047187431648744185,0.0022505906341028503,0.99016111719202,0.6964727
TDR52_GCTGCAGGTTGCAAGG-1,120.0,erythroblast,0.2407252396097619,-0.013521237585791587,1.0521643153731652,1.0043776
TDR47_TGTGAGTGTCAATCTG-1,48.0,microglia,0.20996336531542573,-0.005842891228307806,1.0441062447753655,1.6171411
TDR47_AGACCCGAGATGCGAC-1,48.0,neutrophil,-0.02230782833360445,0.029207601255456822,0.9897498090555529,0.42902476
TDR74_TACTTACAGCTCTATG-1,240.0,macrophage_immature,0.2737174174402729,-0.02364075881335534,,
TDR68_AGTACCACATTGCTTT-1,72.0,erythroblast,-0.058676362042255154,-0.03564276141117033,0.9954038745338222,0.6534813
TDR74_ACTCTCGTCGGAGTAG-1,240.0,erythroblast,-0.028161443008355193,0.000795134215731165,,
TDR53_CATTGCCAGAGAGTTT-1,120.0,non_specific_hematopoietic,0.021064193046044705,-0.026020379266109242,1.0094613931089982,1.1163188
TDR70_ATTCTACTCTATGTGG-1,72.0,hematopoietic_stem_and_progenitor_HSPC,-0.1764176667115811,0.005548316179522256,0.9642610747791458,1.4964592
TDR47_ACGTTCCTCTGTCAGA-1,48.0,neutrophil,-0.04949945714953134,-0.03174438747870814,0.9964552834595661,0.00034435777
TDR74_AGGAGGTTCTCCTGCA-1,240.0,hematopoietic_stem_and_progenitor_HSPC,-0.052272185080539116,-0.006895716575544747,,
TDR74_GAGGGTAGTGAGCCAA-1,240.0,erythroblast,-0.07447838045072068,-0.03752464164794291,,
TDR46_AGGGAGTAGTCAGGGT-1,24.0,erythroblast,0.40987741850188686,-0.045558903336333015,1.0953645873860056,0.08438644
TDR51_GTGTGGCAGCCGAACA-1,120.0,erythroblast,0.06318788905352418,-0.0012807441666378289,1.0129772091517757,1.0620176
TDR40_TACGCTCGTTAGGGAC-1,16.0,non_specific_hematopoietic,0.2417632009382305,-0.03205501630110441,1.056290923887811,0.00089163694
TDR70_CGTTAGAGTCCCAAAT-1,72.0,erythroblast,-0.07196802021520823,0.0027397512685721492,0.9851695168457016,0.25034043
TDR43_AGATGAACAGAGCGTA-1,24.0,non_specific_hematopoietic,0.33063946457894655,-0.05175954292233887,1.0794803862326574,0.07896632
TDR52_CAGCGTGTCACGATAC-1,120.0,erythroblast,0.22749329039833097,0.06336991504130667,1.0333693479509527,1.2106599
TDR51_CATCGTCCAGTTTGGT-1,120.0,neutrophil,-0.09510388470854353,-0.059368350271633494,0.9928783729425552,1.0901244
TDR44_TCCAGAACATTACTCT-1,24.0,erythroblast,0.062091685012514386,-0.017807469723753175,1.016108191259716,0.09620384
TDR73_TCCATGCCACAAGTGG-1,240.0,neutrophil,-0.1093437498926266,0.03650847366914528,,
TDR51_TGCTGAACACGTACAT-1,120.0,non_specific_hematopoietic,-0.017641555355168342,-0.05701148836317078,1.0079050679586077,1.1046512
TDR74_TGTTCATGTACGAGCA-1,240.0,microglia,-0.12926706268489993,-0.08370516943918782,,
TDR51_AAGTACCTCGACATAC-1,120.0,erythroblast,0.1278815590671108,-0.011014240887365995,1.0281685985848563,1.0818362
TDR74_TCAATTCGTTGTGGCC-1,240.0,erythroblast,-0.07139652930451469,-0.02026941833224785,,
TDR70_CATGGTATCCAACTGA-1,72.0,erythroblast,0.005800120881556653,-0.08508229738784234,1.0183426813691414,1.4503483
TDR27_GGGTGAAGTACGTAGG-1,19.0,hematopoietic_stem_and_progenitor_HSPC,0.1627884140588287,-0.0352695845687383,1.040406601497477,0.06657229
TDR74_TGATTCTGTAGGACCA-1,240.0,erythroblast,-0.06727601171390202,-0.025039048458515033,,
TDR18_TCAGCCTGTACGTACT-1,14.0,hematopoietic_stem_and_progenitor_HSPC,-0.002081099893170235,-0.01677440611572592,1.0029429833421568,0.030819649
TDR53_GCTTTCGCACAGTGTT-1,120.0,neutrophil,-0.0964280030850112,0.0583910064164887,0.9695106668846376,1.0583841
TDR43_CAGATACTCGCACGGT-1,24.0,macrophage_immature,0.25844265724713106,-0.03893972940491017,1.0612807965284015,3.4119782
TDR50_CAGCACGTCGGTCTGG-1,48.0,erythroblast,1.8643183769775917e-05,0.02722458870130652,0.9945735873532764,5.893652e-08
TDR43_TTGTTGTTCTCTTCAA-1,24.0,erythroblast,0.24535250011978751,-0.06837215266173971,1.0647552180705049,0.20179205
TDR51_AGAGCAGAGTGGTTGG-1,120.0,neutrophil,-0.09934345414143478,-0.0014166908755586516,0.980605194361617,1.0646236
TDR43_CACTGAACACAAACGG-1,24.0,non_specific_hematopoietic,0.35620238372349705,-0.02461462499502841,1.0791388929282988,0.3244586
TDR70_GATGTTGAGCTAGTTC-1,72.0,non_specific_hematopoietic,-0.021438120416715167,-0.07608126231053794,1.0109885639768552,1.5105925
TDR44_AGGTCTATCGCAGTCG-1,24.0,erythroblast,0.1742285484842007,-0.07680035539679289,1.0514874500181783,0.10429869
TDR29_AGGTCATAGCGTTGTT-1,19.0,erythroblast,0.24056679950138263,-0.04499643628340029,1.058775071679833,21.674644
TDR74_GTCTTTAAGGTTCAGG-1,240.0,microglia,-0.10742990689767631,0.004950783294948011,,
TDR53_ATGAGGGCACCATTCC-1,120.0,neutrophil,0.23868865069567136,-0.031116811805557185,1.0554435366870636,0.9992296
TDR46_AACCTTTTCAGAGTGG-1,24.0,erythroblast,0.12943195779130065,-0.0678486256143833,1.0402448484869378,0.060966004
TDR43_GGAACCCGTGTGTGTT-1,24.0,erythroblast,0.1709356054626312,-0.04478859069586696,1.0440891089638484,0.34812447
TDR48_TTCTCTCCACACGTGC-1,48.0,erythroblast,0.005297421921832468,-0.05107664396477461,1.0113386134366238,1.4181424
TDR51_TTGCATTCACAGAGCA-1,120.0,neutrophil,-0.06364116444393737,-0.007645582167358722,0.9888633602040799,1.0365642
TDR45_TTCCTAACAATAACCC-1,24.0,erythroblast,0.328867980356917,-0.04125841394650699,1.0768340262894944,0.93102324
TDR74_CATGAGTGTCAACATC-1,240.0,macrophage,-0.023461620918422466,-0.020868497706201833,,
TDR46_GGGCCATCACTCCGAG-1,24.0,neutrophil,0.07457157382851093,0.06833416585057123,1.001248260024412,2.8495166
TDR53_ATCCACCGTAACTGCT-1,120.0,erythroblast,0.32191890115702987,-0.01948551548084007,1.0706659984757663,1.1492962
TDR74_CATCGTCGTCTGCAAT-1,240.0,neutrophil,-0.07511782568039313,-0.04881213419039403,,
TDR43_GACACGCTCGTGTTCC-1,24.0,erythroblast,0.35994031842512864,-0.04841314844079256,1.0850984208867598,0.124410614
TDR71_GAGAGGTGTTCAGGTT-1,240.0,neutrophil,-0.06250966147280668,0.06634052274563718,,
TDR52_CAACGATTCGCATTGA-1,120.0,neutrophil,-0.10049077496033128,0.07217062101911872,0.9660571556350286,1.0429238
TDR43_TAGGTTGGTCTAGGTT-1,24.0,erythroblast,0.23377922415526495,-0.023145373892668936,1.0527280309681633,0.13542084
TDR67_GTCCTCACACTTGAGT-1,72.0,erythroblast,-0.08406518484232903,0.1051724695481092,0.9628597360785331,0.13204959
TDR48_CCCTCAACAACCAACT-1,48.0,macrophage,-0.16637608612896002,-0.027074949496930095,0.9725242896219731,1.5128411
TDR52_CTGTCGTGTTGAGTCT-1,120.0,erythroblast,0.25733631443651006,-0.09796766228913877,1.0736464965935668,1.1674484
TDR70_GCCCAGACACTGTCCT-1,72.0,erythroblast,-0.018448602438478623,-0.07966096844010243,1.0123177190268349,1.5253719
TDR74_GACTCTCTCTCTTAAC-1,240.0,erythroblast,0.1651416805775519,-0.02556720268835129,,
TDR74_CTGGTCTTCCATATGG-1,240.0,macrophage_immature,0.39856527345773907,-0.011339439734040696,,
TDR51_TGCGGGTTCCCGAGAC-1,120.0,hematopoietic_stem_and_progenitor_HSPC,0.17134671510012825,-0.015709545685281323,1.0381198620950436,1.1319474
TDR73_AACAACCGTTATTCCT-1,240.0,non_specific_hematopoietic,-0.011945695878913781,-0.016004483033045608,,
TDR52_ATTCAGGCAGATGCGA-1,120.0,neutrophil,0.2680100715479824,-0.016029346776277348,1.0584524448565702,1.0410297
TDR73_TGATTCTAGAAGGCTC-1,240.0,macrophage,-0.13322008896683,0.000113324842591217,,
TDR44_ATTCATCTCCCTTGGT-1,24.0,erythroblast,0.25353113530756355,-0.02718462178736558,1.057749091182591,0.978422
TDR44_TTTCATGAGCAGAAAG-1,24.0,non_specific_hematopoietic,0.16944212934656916,-0.07747298815016201,1.0506226868610289,0.098039
TDR71_GAGTGTTCATGGGCAA-1,240.0,non_specific_hematopoietic,-0.010678173357152931,-0.05507872549999931,,
TDR72_AAACGCTGTGATTGGG-1,240.0,erythroblast,-0.07421270075941995,-0.045885601433386936,,
TDR46_CTCATTACATATTCGG-1,24.0,non_specific_hematopoietic,0.3374980285950472,-0.05096487351405768,1.0807903514798802,0.085253425
TDR45_ACGTAGTAGGTTACAA-1,24.0,erythroblast,0.3539691822823472,-0.085969347052848,1.0919746970635578,0.095307544
TDR54_TGGAACTCATTGAAAG-1,120.0,erythroblast,0.27313702173124554,-0.021460816352135773,1.0606899234905562,1.1103616
TDR45_ACGTAGTAGTCTCCTC-1,24.0,erythroblast,0.30829643159788744,0.001302875118491087,1.0633227884867797,0.8939613
TDR45_CCTCCTCGTTCTTGCC-1,24.0,erythroblast,0.33892575777493994,-0.09004930783137158,1.0895829552025205,0.2231101
TDR68_AGACCCGTCGCCGTGA-1,72.0,erythroblast,-0.05825978674961235,0.03856812544682943,0.9808207258577545,0.613174
TDR51_TATCGCCTCACATTGG-1,120.0,macrophage,-0.12269381590608412,0.010771328828313054,0.9736600811149195,1.0570728
TDR51_GTTTGGAGTTGTGTAC-1,120.0,macrophage_immature,0.14008042096677994,0.031751738654242634,1.0219021427492276,1.1233611
TDR43_TTCACCGGTCATGGCC-1,24.0,erythroblast,0.41883092703377095,-0.030574169839765852,1.0940441059092274,0.13721499
TDR51_TGGGTTAGTTGCCGCA-1,120.0,erythroblast,0.07457477429112142,-0.020091183839532817,1.0191135610232227,1.0048474
TDR52_ATGACCACACAATTCG-1,120.0,macrophage,-0.12871586316257444,-0.015540423216643146,0.977619163665754,1.0584778
TDR51_GCACTAATCTAGTGAC-1,120.0,macrophage_immature,0.3851959172622625,-0.08065884412774717,1.0976493648891446,1.1843194
TDR48_TGGTACACATCTAACG-1,48.0,erythroblast,0.0049004930371559785,-0.040296572194071276,1.0090803919222835,2.133809
TDR44_ATCGGATAGCATTTGC-1,24.0,erythroblast,0.20849043120072944,-0.061416442395536355,1.055464943641114,0.18096286
TDR44_TATGTTCTCTGCATAG-1,24.0,erythroblast,0.11826904499854843,-0.038966340399274754,1.0319467605141637,0.054127667
TDR48_AGAGCCCCACAAGTGG-1,48.0,erythroblast,0.36947371227469594,-0.005396811730491807,1.0778562392214766,1.7032932
TDR53_TACTGCCAGATCCGAG-1,120.0,non_specific_hematopoietic,0.12495648759349548,0.024765509914084924,1.0202403079078406,1.1240181
TDR45_TCAGGGCGTCTCTCAC-1,24.0,erythroblast,0.31041410926773255,-0.10649757707112589,1.0869573134010715,0.09557214
TDR74_TTCTAACCAAGTCCAT-1,240.0,non_specific_hematopoietic,0.29434276880132276,-0.02351941002739799,,
TDR51_AAGAACATCGATTGGT-1,120.0,neutrophil,-0.08781060801091073,0.039182870028419525,0.9749211377565459,1.0714984
TDR51_AGTCACATCGGCTGAC-1,120.0,neutrophil,0.08472306218615197,-0.0013645212303484977,1.0173665924662882,1.0374681
TDR73_CTGCCTATCATCAGTG-1,240.0,hematopoietic_stem_and_progenitor_HSPC,-0.1300140457183657,-0.015206482227425766,,
TDR74_CACACAAAGACCCGCT-1,240.0,erythroblast,-0.08793670105662953,0.0036772004520131685,,
TDR74_GTTATGGCAACACGTT-1,240.0,erythroblast,-0.07994449750430693,0.011127560227005569,,
TDR51_TGGTAGTCAGAGGGTT-1,120.0,neutrophil,-0.09044372048570123,0.01959733609799985,0.9782322024437712,1.0717114
TDR71_GCTGCAGCACGCTGAC-1,240.0,hematopoietic_stem_and_progenitor_HSPC,-0.13860928263534625,0.03144675227690946,,
TDR47_CCGGTGAGTTTGACAC-1,48.0,macrophage_immature,0.2823187051997011,-0.038590416112255804,1.0662862578491599,1.658693
TDR47_AGGTTGTGTTGTAGCT-1,48.0,macrophage,0.020112264576917976,0.008448838547743975,1.002335408032724,1.5848013
TDR71_GCTTGGGAGGAAAGAC-1,240.0,macrophage,-0.1264854096713635,0.039126620392484546,,
TDR74_TCCATGCGTTGGCTAT-1,240.0,hematopoietic_stem_and_progenitor_HSPC,-0.044029766749802496,-0.016231265045018567,,
TDR47_TTGCGTCGTCCTCCAT-1,48.0,microglia,0.20081413802968207,-0.07117226459105937,1.0559040089366114,1.6265125
TDR48_TTTCATGCAAGCTGTT-1,48.0,macrophage,-0.08183057897923329,0.003550884996251419,0.9830686807163926,1.5667876
TDR44_AACAACCTCTTCCAGC-1,24.0,macrophage,0.17430511130426163,-0.023787957650643815,1.0404138990030856,3.4436746
TDR51_TCGGTCTGTCTTAGTG-1,120.0,macrophage_immature,0.30054765770792474,-0.03623304326113232,1.0696763650939838,1.1584948
TDR43_GCTTCACCATCGCTGG-1,24.0,erythroblast,0.21871480167727952,-0.05046307720679847,1.0553110691861904,0.11801639
TDR74_TTGCATTGTCATTCCC-1,240.0,neutrophil,-0.10503257172678118,-0.01320350765222128,,
TDR48_TTCCTAACATATACCG-1,48.0,erythroblast,0.023897643536990018,-0.008348455751575709,1.0064700608547348,0.9230573
TDR41_ACAACCATCTTTGCTA-1,16.0,macrophage,-0.026613216278799867,-0.09842978583441842,1.0144669619529567,0.44138968
TDR44_GCATCTCAGGTGCAGT-1,24.0,hematopoietic_stem_and_progenitor_HSPC,0.0984896334605293,-0.06028643117690689,1.032264789299744,3.044551
TDR51_GTCCCATCAAACACGG-1,120.0,macrophage,0.0013102490064930972,-0.05936083477540356,1.0122081350421235,1.0552495
TDR54_TCCATGCAGCACGATG-1,120.0,macrophage_immature,0.2539565660555009,-0.05364727436440388,1.063452582171997,1.1656789
TDR67_CGCAGGTCACTTCTCG-1,72.0,microglia,-0.16943405876505324,0.09910307606253266,0.94770934014173,1.3750714
TDR71_CGGGACTCAGATCATC-1,240.0,hematopoietic_stem_and_progenitor_HSPC,0.006006154872467001,0.00513220652417988,,
TDR51_ATAGACCCACGGCACT-1,120.0,macrophage,-0.05316840256940475,-0.07402851686513495,1.0041807378620302,1.0998529
TDR71_AATCGTGCAAGTCATC-1,240.0,erythroblast,0.1073109599742812,-0.01335852144868925,,
TDR53_AGAAGCGAGTTTCTTC-1,120.0,non_specific_hematopoietic,-0.042367798610530624,-0.031012343131785608,0.9977314858804153,1.0827172
TDR74_ATCGTAGTCGAGAGAC-1,240.0,erythroblast,-0.049481457397154996,-0.034348978832468055,,
TDR46_CAGGCCACAACCCTAA-1,24.0,macrophage_immature,0.38296117714565103,-0.044434050494985944,1.0892387366824567,3.535608
TDR74_TAGCACAGTAGTGGCA-1,240.0,macrophage,-0.11267762835921638,0.05065854313676865,,
TDR43_AACGAAAGTGCATTAC-1,24.0,erythroblast,0.3445462157920718,-0.046091090717817335,1.0812604687542948,0.087322265
TDR74_TTCCTTCAGACCAAGC-1,240.0,erythroblast,-0.06892878508691913,0.015291623511240172,,
TDR67_CCTGCATCACTTGGCG-1,72.0,erythroblast,-0.03846890514058277,-0.04271642098296283,1.000849864098489,0.024099845
TDR67_TCACACCGTGTTCCAA-1,72.0,hematopoietic_stem_and_progenitor_HSPC,0.11493387981625863,0.01788033648197586,1.0196003213239657,1.5385247
TDR71_CATCGCTCATATGCGT-1,240.0,erythroblast,-0.08105516504501364,0.04330623412221847,,
TDR52_CGTAATGTCTGGCCAG-1,120.0,erythroblast,0.04947675778867193,-0.04087320528424561,1.0182342427726145,1.0716932
TDR74_GGTAACTCACATATCG-1,240.0,erythroblast,-0.020708511062777976,0.021235330029322264,,
TDR53_CCTATCGCATAGTCAC-1,120.0,hematopoietic_stem_and_progenitor_HSPC,-0.09476678530926738,0.036384398234639195,0.974110787726722,1.0584233
TDR51_ATTCATCCATGTAACC-1,120.0,neutrophil,-0.08706142983731677,-0.07686386860895081,0.9979625661462183,1.0798497
TDR71_TCTAACTGTGTTATCG-1,240.0,neutrophil,-0.10614494178849929,-0.03948296530555155,,
TDR67_TCACACCAGGCCTGCT-1,72.0,erythroblast,-0.06037368585959045,-0.02298272507074247,0.9925496999503831,0.0691511
TDR52_CTATCTACAGGATTCT-1,120.0,erythroblast,0.187859964821181,-0.024858199327912174,1.0434615845621504,1.0938325
TDR47_AACGAAAGTACGCGTC-1,48.0,macrophage,-0.03007903818866295,0.005823967857381318,0.9928451177117308,1.5382175
TDR48_TATCTTGGTGTAGCAG-1,48.0,erythroblast,0.293265771580864,0.019618485348876044,1.0562548139307106,2.268474
TDR67_GTAATGCTCTAATTCC-1,72.0,erythroblast,-0.05383464864896676,-0.04954838701556335,0.9991431150091211,0.06804776
TDR51_TTGTGGACACTATCGA-1,120.0,erythroblast,0.191077357274341,-0.015696268470710928,1.0422217422447067,1.151258
TDR52_TTCTAACAGGCGACAT-1,120.0,erythroblast,0.18505895896663044,0.012307289141963648,1.0351541304765548,1.0520049
TDR44_TACACCCCACCAGGTC-1,24.0,neutrophil,0.004951433439532388,-0.008524481353104518,1.0026988182292902,2.4334967
TDR53_CACGGGTGTGAACTAA-1,120.0,neutrophil,-0.05161551344433754,-0.07786748566681252,1.0052642019197269,1.0797521
TDR72_CCTCAGTAGGCAGCTA-1,240.0,erythroblast,-0.04625357783596847,-0.00397523948087912,,
TDR67_ACTTCGCAGATACGAT-1,72.0,erythroblast,-0.08115700478955502,-0.011277683499162708,0.9861213447459197,0.13858172
TDR43_AAGTACCAGGTCCCTG-1,24.0,erythroblast,0.2573564463597583,-0.054554755880956804,1.0643691119079717,0.19365717
TDR74_AAAGTGAGTGCATCTA-1,240.0,erythroblast,-0.054509228356477035,-0.005974025030130989,,
TDR45_TCCTAATGTCCGCAGT-1,24.0,erythroblast,0.0839574381775173,-0.0637615595334842,1.0299845473355917,0.4321154
TDR52_ATCACTTAGCTGGTGA-1,120.0,non_specific_hematopoietic,0.00029757624534781923,0.005448881042816267,0.998970269577116,1.1062459
TDR51_AGGTCATAGCTGTCCG-1,120.0,neutrophil,-0.09822928191656227,0.1291168768816716,0.9555490026810411,1.0466315
TDR43_TGAGACTGTTCCATTT-1,24.0,erythroblast,0.1496199439986262,-0.05135840212729305,1.0410144487559096,0.09193598
TDR51_TGGTGATTCATACAGC-1,120.0,neutrophil,-0.12964344914533601,-0.018452018803316483,0.9780071618018021,1.0620539
TDR44_CTCACTGAGCAGGCTA-1,24.0,erythroblast,0.24808231939900832,-0.07502720148667046,1.066755612283762,0.13462724
TDR51_TCGAACACACTGGCCA-1,120.0,macrophage,-0.05658408025797103,0.014113975735806167,0.9859598836123253,1.0758911
TDR46_TGGAGAGAGACGGAAA-1,24.0,erythroblast,0.24659133155106439,-0.022415821614984677,1.055275036053366,3.3830938
TDR53_ATCCTATCATGTTACG-1,120.0,macrophage,-0.12642134042610798,0.015281148962736524,0.9720573269883591,1.0360109
TDR72_CTACCCAGTTCGAACT-1,240.0,macrophage_immature,0.15403002372522537,0.01815904498548196,,
TDR39_CCCTTAGGTACCGGAA-1,16.0,macrophage_immature,0.2730852584882993,-0.030140825963698575,1.062521882491422,0.5529134
TDR51_TGATGCACACATGAAA-1,120.0,hematopoietic_stem_and_progenitor_HSPC,-0.08232941576941341,0.02233745958366129,0.9792842071371931,1.0951064
TDR43_CTCTCAGCATTGCTGA-1,24.0,erythroblast,0.4080689207584108,-0.051751761684735095,1.0963255032936128,0.2075741
TDR51_AGGAAATCATAGACTC-1,120.0,hematopoietic_stem_and_progenitor_HSPC,0.09059682242645564,-0.04476167409572304,1.0274414669611516,1.1259588
TDR43_AGTAGTCGTTAGTTCG-1,24.0,erythroblast,0.15049009990526663,-0.048990040009724345,1.0407025646223593,0.13016018
TDR72_CCGGACAGTCAACATC-1,240.0,erythroblast,-0.058318868684520464,0.029824817942088473,,
TDR53_AGTCTCCAGATGGTCG-1,120.0,hematopoietic_stem_and_progenitor_HSPC,-0.11124404197900264,-0.01934779093461335,0.9817886182051635,1.0885171
TDR74_AGAACCTCAGCTAACT-1,240.0,erythroblast,-0.0662559574822918,0.01624131343470936,,
TDR43_ACTATGGTCTTCGGAA-1,24.0,macrophage_immature,0.2952920752268479,-0.018633553755264154,1.0647980170223121,3.5432465
TDR73_GTTCGCTGTACGGATG-1,240.0,erythroblast,-0.05401452237157342,-0.026088716135316804,,
TDR46_TCATTCACACATCCCT-1,24.0,macrophage,-0.0013536579374038016,-0.06252845896230996,1.0123101135170958,3.0736165
TDR51_ACCCTCACACGAGGAT-1,120.0,neutrophil,-0.1044993517323912,0.0057712833662539875,0.9781872872556738,1.0785868
TDR51_GCGGATCTCCCAGGAC-1,120.0,hematopoietic_stem_and_progenitor_HSPC,-0.04541122917497413,-0.05223163160916879,1.001365011267798,1.1101558
TDR52_AAACGAATCTCCTACG-1,120.0,neutrophil,-0.12074616967034474,-0.018890799339650724,0.9798350144757809,0.9930531
TDR44_GCGTTTCCAGTCCGTG-1,24.0,erythroblast,0.3539529936102651,-0.060873816746636486,1.0865041736424326,0.15907171
TDR41_GTGTGGCAGCGCATCC-1,16.0,hematopoietic_stem_and_progenitor_HSPC,-0.006144785251326945,-0.06761145156618734,1.0123692068787702,1.120992
TDR69_AAGCATCTCTCCTGTG-1,72.0,erythroblast,-0.06548644715429203,0.01903998870972466,0.983236805362616,0.4513705
TDR51_TCGCAGGGTTTAGACC-1,120.0,hematopoietic_stem_and_progenitor_HSPC,-0.06670803175235453,-0.021192279862768865,0.9909381578554358,1.0861945
TDR51_ATATCCTCAACGTAAA-1,120.0,erythroblast,0.17962941864172527,-0.08644589178676063,1.0546564373443865,1.0782163
TDR21_CACTGTCCATCGAACT-1,14.0,macrophage_immature,0.4694636691850758,-0.059813550640931384,1.1116611675606638,5.6590965e-16
TDR72_TCAATTCGTATAGGGC-1,240.0,erythroblast,-0.07754424088994546,0.12311034194897146,,
TDR51_GTAGATCCAATCTCGA-1,120.0,hematopoietic_stem_and_progenitor_HSPC,0.1523653090333396,-0.07411044525703435,1.0463366414954727,1.141682
TDR54_AATTTCCGTTCATCGA-1,120.0,erythroblast,0.140782193326757,0.053248975459952136,1.0176607830323723,1.1011717
TDR47_TACGGGCTCTATCACT-1,48.0,macrophage_immature,0.09767284374924692,-0.10683341085174937,1.0417492286883496,1.7001286
TDR74_TTTGGTTTCCCATAGA-1,240.0,erythroblast,-0.05074192697610702,0.02914100888590626,,
TDR68_AATGAAGCAGTATACC-1,72.0,erythroblast,-0.048056430744945554,0.0045483768210254905,0.9895341902165201,0.7710056
TDR54_TCTGGCTTCGACGAGA-1,120.0,innate-lymphoid-cell,-0.05638697965999594,-0.027637129500548294,0.9942665294068876,1.0963472
TDR51_TCGCTTGAGCCAGACA-1,120.0,neutrophil,-0.06115431420624268,0.03159910597215082,0.981620320851577,1.0741352
TDR39_GGCACGTGTGCCTGAC-1,16.0,erythroblast,0.25281059657858584,-0.016435896140941653,1.055325551073566,1.4199458
TDR46_AGACAAAAGCCGGATA-1,24.0,erythroblast,0.05006070421085393,-0.05581727401581875,1.0214013895277312,3.2123027
TDR74_AAGCGTTCAAATACAG-1,240.0,macrophage,0.045084118774131654,-0.032343357913416054,,
TDR69_GGGAGATTCGGTAACT-1,72.0,microglia,-0.1401286877164589,0.06155842040344009,0.9604653027078599,1.3836944
TDR74_TGCTCCAGTGCTAGCC-1,240.0,erythroblast,-0.06440333118552713,-0.00139158928963809,,
TDR47_AAGTCGTTCAAGGTGG-1,48.0,macrophage,-0.05879783420772343,-0.026534854373942124,0.9935681773260286,1.5632011
TDR52_ATCTTCATCTCGTCAC-1,120.0,erythroblast,-0.10661877263872431,0.048931616963843655,0.9693688610943773,1.1654037
TDR44_GAGGCCTAGGCAGGGA-1,24.0,hematopoietic_stem_and_progenitor_HSPC,0.22151857695644794,-0.047861564178589666,1.055353759968121,3.0680115
TDR71_AGTAGTCAGTCACGCC-1,240.0,hematopoietic_stem_and_progenitor_HSPC,0.13770040133704062,-0.07390718023686145,,
TDR52_GTTCATTGTGGCTTGC-1,120.0,macrophage,-0.1111559926509765,0.012229336632622614,0.9756249237604905,1.0793192
TDR54_AGGGTCCTCGGTGCAC-1,120.0,erythroblast,0.1013507865816039,-0.010883670626183187,1.022700718561266,1.0038583
TDR21_CGGGCATAGCCTATCA-1,14.0,non_specific_hematopoietic,0.20508471757937702,-0.053929793086028896,1.0531681448606507,18.408228
TDR67_TCGCTTGCACAGCTTA-1,72.0,hematopoietic_stem_and_progenitor_HSPC,-0.1102668931264971,0.018705600445717174,0.9745353372971013,1.4693854
TDR71_AGAAGTAGTTGCTAGT-1,240.0,hematopoietic_stem_and_progenitor_HSPC,-0.13338809603552657,-0.026201042256173562,,
TDR43_AGACTCAGTATGAAAC-1,24.0,erythroblast,0.12037394273389115,-0.004463238288686916,1.0252817329161537,0.11694509
TDR69_GTTCTATTCCGCACTT-1,72.0,microglia,-0.06533202532975459,0.004678834079736294,0.9860954025777814,1.4178389
TDR73_CTGGACGCAAATCCCA-1,240.0,hematopoietic_stem_and_progenitor_HSPC,-0.13266166244280322,-0.0061209640769119,,
TDR43_CCGTTCACATAGTCGT-1,24.0,erythroblast,0.38616324167893257,-0.06497307599262722,1.0944229778785663,0.24545716
TDR74_AACAACCAGCTCGGCT-1,240.0,macrophage_immature,0.24400002056862408,-0.042226390690171325,,
TDR50_CTGAGGCTCTGGACCG-1,48.0,erythroblast,0.03264380830640115,0.05669270877356947,0.9952017683762213,1.4364069
TDR43_ATTCCCGAGGTACATA-1,24.0,macrophage_immature,0.256640784000877,-0.034581690274830865,1.0599741222509171,0.16645171
TDR19_CGTTCTGAGGCTATCT-1,14.0,non_specific_hematopoietic,0.24158428950371347,-0.03895193789508225,1.0577111123898433,0.0030114134
TDR52_ATACCTTAGTAAAGCT-1,120.0,hematopoietic_stem_and_progenitor_HSPC,-0.06926635516409196,-0.013593140943550769,0.9889271178512239,1.1068726
TDR46_CCGTGAGGTGTCATGT-1,24.0,erythroblast,0.14332103313727715,-0.01806316744302207,1.0328033871410753,0.020418912
TDR72_CAATACGGTACCGTGC-1,240.0,erythroblast,-0.062020886580976695,0.048698652321717724,,
TDR53_ATCCCTGGTCTGTCCT-1,120.0,macrophage,-0.11452779291865223,-0.02694433796361001,0.9826358343623206,1.0561217
TDR45_ATTCTACCACCAGGTC-1,24.0,erythroblast,0.14081067331085,-0.011341746494581917,1.0308982235967983,0.2691527
TDR74_GGGTGTCTCAGCCCAG-1,240.0,erythroblast,-0.024650850051488635,0.03640402751908274,,
TDR22_TTTCATGTCTGCTTTA-1,14.0,erythroblast,0.2846396546798656,-0.08922811080484191,1.077640094990701,190.54265
TDR27_GTGTAACTCTTGAGCA-1,19.0,erythroblast,0.20386782576864526,-0.05502068618901365,1.0531416056299845,0.50846
TDR45_CTTCTCTGTGGAATGC-1,24.0,erythroblast,0.2370314929580468,-0.06411268812830706,1.0620795610082256,0.037763137
TDR73_TTGTTGTAGCAAGGAA-1,240.0,hematopoietic_stem_and_progenitor_HSPC,-0.10920859477137103,-0.027786968538854567,,
TDR47_GTCGTAACAGCAAGAC-1,48.0,macrophage,-0.09615336731262972,-0.03279882762231176,0.9874090300308384,1.5499982
TDR54_GCCATGGCATCCTAAG-1,120.0,neutrophil,-0.14885578504848831,0.049641262377965706,0.9610782867546149,0.9009887
TDR70_TAAGTCGTCGTGCACG-1,72.0,hematopoietic_stem_and_progenitor_HSPC,-0.05784155266671506,-0.03661941586165293,0.9957645674903014,1.5164932
TDR46_TTCAATCAGCTACAAA-1,24.0,erythroblast,0.28122745850009456,-0.024802304568370057,1.0631178435404258,0.18060201
TDR53_TTGGGATTCACTCACC-1,120.0,neutrophil,-0.04171530883712578,0.0023280439105522743,0.9912300121245863,1.0644472
TDR47_ATACTTCAGATACTGA-1,48.0,macrophage_immature,0.18924452210061005,-0.03731869531458447,1.0463549448300147,1.6988037
TDR18_GACCGTGCATAATGCC-1,14.0,non_specific_hematopoietic,0.26267969114187023,-0.05693481740168327,1.0660102080276277,0.0012998709
TDR41_ATTTCACCATGTGGCC-1,16.0,macrophage,-0.011466123273153411,-0.06669322688030545,1.011106646595089,0.90038157
TDR53_GGAGATGTCGTAGAGG-1,120.0,macrophage,-0.06246277459995675,-0.034331087009022446,0.9943894606762029,1.020827
TDR44_TTAGGGTAGCACTAGG-1,24.0,erythroblast,0.18099159312795207,-0.02599026551505154,1.0422651481192926,0.19808844
TDR71_TTGATGGCACCTGTCT-1,240.0,hematopoietic_stem_and_progenitor_HSPC,-0.12139453025642838,0.020851221893400648,,
TDR72_TGAGCATTCTCTGGTC-1,240.0,erythroblast,-0.05530037652878535,0.014802940673746226,,
TDR46_GGGATCCGTTGTATGC-1,24.0,non_specific_hematopoietic,0.21790337666441117,-0.06153077107888681,1.0574780017017689,0.20563884
TDR74_TCCGAAAGTATCGATC-1,240.0,hematopoietic_stem_and_progenitor_HSPC,-0.06003347606081619,-0.012992798482226356,,
TDR68_CCAATGACATGAAAGT-1,72.0,erythroblast,-0.08957018510716623,0.006955012287174697,0.9808801094457503,0.572651
TDR53_GAGTGAGAGAATACAC-1,120.0,macrophage,-0.1412444320055063,-0.04002410483757014,0.979959469884384,1.0502928
TDR73_GAGCCTGCACATTACG-1,240.0,macrophage,0.11840124437292807,-0.004380731382999645,,
TDR43_CATGCCTAGGACTAAT-1,24.0,erythroblast,0.16091552169561524,-0.027887325483947678,1.0384825586447683,0.19319712
TDR51_CATTCCGAGAAGAGCA-1,120.0,innate-lymphoid-cell,-0.019645181703319303,-0.029241268697504208,1.0019210602753206,1.0872629
TDR70_CCTCTCCGTTATAGAG-1,72.0,macrophage,-0.1545475830525269,0.03505847534695683,0.9627887944147006,1.5107452
TDR74_TCTTTGATCTATCACT-1,240.0,hematopoietic_stem_and_progenitor_HSPC,-0.10903293926959004,-0.041880940725518,,
TDR44_GTAACACTCTGTCCGT-1,24.0,erythroblast,0.1872092987407672,-0.04946021226165248,1.048472037759284,0.09738076
TDR52_GTGTGGCTCAACTCTT-1,120.0,microglia,0.031199967086671387,0.04014577880957659,0.998212437252245,1.0743679
TDR46_GACTCTCGTCTCGCGA-1,24.0,macrophage,-0.15432101334821335,-0.011003683922563401,0.9717434342618037,3.0377166
TDR46_AGTGACTCAGGCTTGC-1,24.0,macrophage_immature,0.200663962804538,-0.02835839394913907,1.0468696979259666,0.13695352
TDR51_GTGGAAGGTTCGAGCC-1,120.0,neutrophil,0.08039769800913135,-0.002872742828475605,1.0167935405691417,0.9384685
TDR68_AGCGTATCAACCGGAA-1,72.0,erythroblast,-0.029114109835046455,0.06652894611327928,0.9810531797121697,0.7004815
TDR48_GCTTCACCAGGACGAT-1,48.0,macrophage_immature,0.14248603966416756,0.01066676558055868,1.0267144555181908,1.6246862
TDR51_TGGATGTAGCATGCAG-1,120.0,erythroblast,0.17975323163913765,0.03903369665529802,1.028543688405008,1.0759753
TDR54_ACCAACACATCTATCT-1,120.0,macrophage_immature,0.14389603884895347,0.001397971625745259,1.0289096131039228,1.1805451
TDR54_CTGGACGTCACCTTAT-1,120.0,macrophage,-0.14397407893571915,-0.03917339701711395,0.9792580005565689,1.0714309
TDR46_CCACCATTCCTGATAG-1,24.0,erythroblast,0.22642143695184855,-0.06308968580351423,1.0596113866661399,0.2971743
TDR40_AGCCAATGTCCTGAAT-1,16.0,erythroblast,0.16372975867355816,-0.030311021379930497,1.0395710290653082,0.0050571538
TDR69_AAACCCACATGGGCAA-1,72.0,erythroblast,-0.07720683066399542,0.02870232740270151,0.9790409277921671,0.60510236
TDR74_TCGCTCAAGCGGTATG-1,240.0,hematopoietic_stem_and_progenitor_HSPC,-0.12291117683412116,-0.024488325344255643,,
TDR53_CCTTCAGGTCTTGGTA-1,120.0,hematopoietic_stem_and_progenitor_HSPC,-0.033128143878302097,-0.06828990631441371,1.0070571375429938,1.1078227
TDR43_TCGCACTGTGCAGATG-1,24.0,erythroblast,0.1382661268985499,-0.02348786902824397,1.0328797751431151,0.13032465
TDR47_GATGATCGTAACAAGT-1,48.0,macrophage_immature,0.1571308959672647,0.004431031304409097,1.0310111017623496,1.6309206
TDR46_TCATGGACAGAGTAAT-1,24.0,neutrophil,0.1889462941870056,-0.007230264553125337,1.040015182649357,2.289546
TDR52_CTTACCGTCAGCTTGA-1,120.0,macrophage,0.014935283245368358,0.07028250149098761,0.9889915972051841,1.0429854
TDR67_ATCAGGTCAGCTAACT-1,72.0,hematopoietic_stem_and_progenitor_HSPC,-0.08644982814696889,0.0067568580373537634,0.9815313378605002,1.485274
TDR74_TAGACCACACTGGCCA-1,240.0,non_specific_hematopoietic,0.2964047501260475,-0.069787731109226,,
TDR18_ATCGATGAGACCTGGA-1,14.0,erythroblast,0.3760512554050296,-0.09498534545550344,1.0987875231233568,0.00045634608
TDR53_TCCGAAAAGTTTCTTC-1,120.0,macrophage,-0.08700511624226111,0.008608677408993404,0.9810589213028884,1.0710995
TDR54_TGCGGGTCAAATGAAC-1,120.0,erythroblast,0.3058273128629397,-0.06880367538075388,1.0778046034353395,1.022617
TDR46_TGGGCTGGTTTGACAC-1,24.0,erythroblast,0.25296254949531094,-0.03715584806645998,1.059740089541724,0.1004185
TDR67_GAAACCTCATCATTGG-1,72.0,erythroblast,-0.09738974656722255,-0.0053474129494069655,0.9817599341826075,0.012486041
TDR46_TATCTGTAGGCCTAGA-1,24.0,non_specific_hematopoietic,0.20268171423313955,-0.06850563846348565,1.0557352784157386,0.068122
TDR53_AACAACCCAGGTCCGT-1,120.0,microglia,-0.10742487156347477,-0.0597028254950744,0.9905009940958667,1.05203
TDR74_CCTAACCAGCTACTGT-1,240.0,macrophage,0.09670305665756943,-0.08834643653177536,,
TDR48_CACTAAGTCGCAGTGC-1,48.0,erythroblast,-0.05227102610976199,-0.03397442446046789,0.9963473668234806,1.0893447
TDR48_ACGGTTATCACGGGCT-1,48.0,erythroblast,0.02363109114267979,-0.0315486553914433,1.0110970700301805,0.85984963
TDR47_TGCTGAAGTCTGCGCA-1,48.0,macrophage_immature,0.2115954647501792,-0.03158055987335058,1.0498373053988794,1.6266187
TDR68_CTCAGGGCAATTGCGT-1,72.0,erythroblast,-0.07467684888278953,0.023778655358814654,0.980501502614867,0.90159947
TDR51_TACGTCCTCCTGTAAG-1,120.0,macrophage_immature,-0.05325559200936253,0.017297087212243642,0.9859885511621569,1.0690647
TDR74_TTCTAGTAGGATTCCT-1,240.0,erythroblast,-0.02246461165578742,0.026065782392402523,,
TDR43_GCCAGGTCATCAGTGT-1,24.0,erythroblast,0.3947653640091063,-0.050057805358755675,1.0930419989812272,0.53419447
TDR54_GAGACCCTCGCCCAGA-1,120.0,macrophage,-0.16036583105447275,0.06621426123159904,0.9556954167153803,1.047428
TDR44_TCTTTGAGTACTAAGA-1,24.0,erythroblast,0.31621960944607236,-0.06695746594837003,1.0796483811094244,0.48699716
TDR54_GTTCGCTCAACTCGAT-1,120.0,hematopoietic_stem_and_progenitor_HSPC,0.17380614522474683,0.03447514097343768,1.0282580951581235,1.1199386
TDR46_CATTCCGCAACCGCTG-1,24.0,erythroblast,0.12067403894457165,-0.057943984282253516,1.036369359224297,0.11303898
TDR47_CACACAAGTTGCTCCT-1,48.0,macrophage_immature,-0.08290379323641274,-0.10571221769719882,1.0045721052154035,1.5807508
TDR70_TTTGGAGAGCGCAATG-1,72.0,macrophage,-0.12890351869845312,0.011836571010030605,0.9722444465283172,1.513681
TDR72_TCCCATGTCAGGTGTT-1,240.0,erythroblast,-0.08084209005290749,-0.020901555856324874,,
TDR54_CCCTTAGCATAGGCGA-1,120.0,erythroblast,-0.010081388901165722,-0.023998526879298834,1.0027873049268057,1.0956126
TDR45_GTCATCCGTATCGCAT-1,24.0,erythroblast,0.3908404453057693,-0.031472688263869064,1.0881321763969505,0.076452024
TDR39_AGGGTCCAGCTGTTAC-1,16.0,erythroblast,0.24111548122790638,-0.06823798308625889,1.0638247756977037,0.09361341
TDR71_GTCTTTAAGTTGCGCC-1,240.0,erythroblast,-0.019495304696748816,-0.04465231617739683,,
TDR28_AAGATAGTCGTGTTCC-1,19.0,neutrophil,-0.030247551024661062,-0.027627659432682,0.9994761589342696,0.99913967
TDR48_TACTTACAGTTTCTTC-1,48.0,erythroblast,0.2823510378294652,0.010584523584403732,1.0558575737541946,1.628542
TDR51_CTCATTAAGTAGACAT-1,120.0,macrophage,-0.1364056798472716,0.002920667650363029,0.9725193859985031,1.0538694
TDR74_CCATAAGTCACTGATG-1,240.0,erythroblast,-0.12011411702538677,0.034441240231835965,,
TDR71_CATCCCACATGAGAAT-1,240.0,macrophage_immature,-0.11114472052208464,-0.06702836700107741,,
TDR74_TCTCACGAGTCGAGGT-1,240.0,hematopoietic_stem_and_progenitor_HSPC,-0.0789536781524311,0.050633021854804006,,
TDR71_TACCCACCAGAAATTG-1,240.0,erythroblast,-0.04955807298462078,-0.031412298744619364,,
TDR54_AAAGTCCAGCTCACTA-1,120.0,non_specific_hematopoietic,0.03513177467583001,-0.016445668231269972,1.0103688766505154,1.1099184
TDR71_AGCTCAAGTTTCGGCG-1,240.0,neutrophil,-0.07412106538062523,0.01245783198218925,,
TDR67_GGGACCTGTTGTAAAG-1,72.0,erythroblast,-0.07769985476601025,0.05144090033063821,0.9745025424886212,0.23736612
TDR44_GCGTTTCAGCTACAAA-1,24.0,erythroblast,0.29724541114938036,-0.08284470424559959,1.0789820205602332,0.4400441
TDR44_GAGGCAAAGATCCTAC-1,24.0,erythroblast,0.37124664500795257,-0.05005196839075092,1.0879114123863425,0.09045034
TDR51_GGATGTTTCGCGTCGA-1,120.0,macrophage_immature,0.25576623534567905,-0.021412749349335097,1.0570011521844316,1.1730937
TDR54_CTATCTAGTAATGATG-1,120.0,macrophage,-0.16721827039282883,-0.028464289295116685,0.972630719854721,1.0646038
TDR41_GTAACCATCGCTGTTC-1,16.0,macrophage,-0.06914423105457926,-0.028763641545801993,0.9919564063230405,0.25115007
TDR50_GGTAGAGTCCGACAGC-1,48.0,non_specific_hematopoietic,0.15496401098253917,-0.034265796855388,1.038571240670476,1.4982706
TDR45_CTCAACCCATCTTAGG-1,24.0,erythroblast,0.255541574166693,-0.055266501630945875,1.0641343110679178,0.15353082
TDR54_TCGTGGGCAAACCGGA-1,120.0,macrophage,-0.13682337478334697,-0.012834157344799701,0.9755070972090134,1.0134245
TDR41_CAGATACTCTGCTTTA-1,16.0,erythroblast,0.34640284005630817,-0.061998228583998796,1.085108751457979,0.0077555524
TDR68_CCGGACAAGAACTGAT-1,72.0,microglia,0.009445677801940805,0.028232324142578924,0.9962497206610879,1.3491552
TDR69_CTACCTGCAACACACT-1,72.0,microglia,-0.15055077028614677,0.001969842199222166,0.9699564334164099,1.4206719
TDR51_TCGGTCTGTGACTAAA-1,120.0,neutrophil,-0.06622870285110664,0.00242148953231508,0.9863637885942946,1.0717676
TDR53_TAAGCGTTCATTACGG-1,120.0,neutrophil,0.04652403976178615,-0.0551520914911136,1.0205433956266146,1.0457927
TDR71_CTTTCAACACCGGCTA-1,240.0,erythroblast,-0.07608246647003922,0.06513282296738186,,
TDR67_CCCATTGTCGGTGCAC-1,72.0,hematopoietic_stem_and_progenitor_HSPC,-0.06338218499958252,-0.05888511273276083,0.9991009898985794,1.549059
TDR51_CAACCTCTCCTTCACG-1,120.0,macrophage,-0.06636593555562961,-0.016376604140604684,0.990051946237578,1.0938555
TDR53_TTCCACGCACGCGCAT-1,120.0,macrophage,-0.12809660451729815,-0.013120550528304659,0.9772671640921231,1.0623249
TDR54_GGCACGTGTATCGGTT-1,120.0,erythroblast,0.2317486726412636,0.016415916843178835,1.0440073724399643,1.0111965
TDR72_TCACGGGCATCGATGT-1,240.0,hematopoietic_stem_and_progenitor_HSPC,-0.09953692395585521,-0.0004346139061150306,,
TDR52_CGGGCATAGGTTGAGC-1,120.0,neutrophil,-0.09940277645301562,0.020923861878825584,0.976221933373986,1.0680856
TDR44_GACTGATCATGCCATA-1,24.0,erythroblast,0.265342259521955,-0.08887120606242747,1.073412357434368,0.20538169
TDR46_AACACACAGAGCACTG-1,24.0,erythroblast,0.07893691106134004,-0.053542795196631486,1.0268500795271012,0.05592837
TDR43_CAATACGAGGGTCAAC-1,24.0,macrophage_immature,0.29171399068161313,-0.05547087767145932,1.0719045008696118,0.18844818
TDR43_AATAGAGAGGGTGAAA-1,24.0,non_specific_hematopoietic,0.21940031947026895,-0.06422650807657615,1.0583651069166866,0.2900072
TDR35_ACTATTCCATCGCTCT-1,12.0,macrophage_immature,0.4305758412826123,-0.06502073065798192,1.1041980384128696,7.363181e-05
TDR46_CCGGTGAAGGTTGGTG-1,24.0,erythroblast,0.2519907340760725,-0.023372206327036002,1.0566173097143516,0.43337935
TDR52_AACGTCAAGAAGTGTT-1,120.0,macrophage,-0.12892103174965988,0.03039710494823117,0.9686386689047429,1.0614336
TDR45_ATGTCTTTCGCTGATA-1,24.0,erythroblast,0.18357941094496494,-0.05730694241249874,1.0493566589970613,0.045434248
TDR52_AATGACCCATGAGTAA-1,120.0,non_specific_hematopoietic,0.0608613634376092,-0.08126084515310013,1.028832271098896,1.1324179
TDR53_TGGATCACATTCTGTT-1,120.0,non_specific_hematopoietic,0.06106110979693921,-0.05053716466046761,1.0225706019280472,1.121985
TDR48_CCACGTTTCCGATTAG-1,48.0,erythroblast,-0.013250172094547708,-0.028835204488413355,1.003121869394735,0.78368336
TDR45_ACCTGAAAGCGTGTCC-1,24.0,erythroblast,0.23084745022840117,-0.040974983654544356,1.0558693824548646,0.13361995
TDR52_AAAGAACGTGACTGTT-1,120.0,hematopoietic_stem_and_progenitor_HSPC,-8.088070141548664e-05,-0.012686900406579965,1.002524384848366,1.121994
TDR74_CGGGTGTTCGTAGGGA-1,240.0,macrophage_immature,0.11730888547616034,-0.04877728201404925,,
TDR48_TCGAACATCAGATGCT-1,48.0,macrophage,-0.13338564355547589,-0.03565674818656295,0.9806440011869864,1.566544
TDR47_TTCCACGAGCGGTAGT-1,48.0,macrophage_immature,0.28891569291646707,0.0036229997697339866,1.0587177844695115,1.6954274
TDR48_ACACAGTTCTCTTGCG-1,48.0,erythroblast,-0.02319580572336792,0.06489765266545408,0.9825356099439513,0.8545274
TDR52_TCCTTTCAGCCTCAGC-1,120.0,macrophage,-0.11535666509701471,0.0765366201047544,0.9623484718670271,1.0448587
TDR52_TAGTGCACAGTTTGGT-1,120.0,erythroblast,0.26104082438857057,0.01450657575794656,1.0505426600147507,1.0968175
TDR51_CTGTATTTCGTCTAAG-1,120.0,erythroblast,0.12734278422779077,0.024290904266758756,1.0208242365131166,1.1208704
TDR41_GTTGTCCTCCCAAGCG-1,16.0,erythroblast,0.21449591932853845,0.0013807301104100944,1.04354444393336,0.0333271
TDR46_GGAGAACGTAGGGAGG-1,24.0,non_specific_hematopoietic,0.10601881882899386,-0.059052859079562654,1.0335653558957159,0.09332492
TDR53_ATGAAAGCACCAACAT-1,120.0,macrophage,-0.10885766593619811,0.03068125279949227,0.9724780409474031,1.0755026
TDR48_TCCGGGAAGGTCATTC-1,48.0,neutrophil,-0.08412765997876913,-0.04781413398247153,0.9927636045123895,0.08563536
TDR44_AACCTTTCAATTGCTG-1,24.0,macrophage_immature,0.2884866966363757,-0.05370465786432746,1.070834521259644,0.3841209
TDR74_GAACGTTTCCGTGTGG-1,240.0,hematopoietic_stem_and_progenitor_HSPC,-0.023243064836245053,-0.010928736280767876,,
TDR44_CATTCATGTGACTGTT-1,24.0,erythroblast,0.14485527731353248,-0.057113175806791885,1.0412206123050312,0.06618567
TDR50_TGTGTGACAAAGAGTT-1,48.0,macrophage_immature,0.2523952106853108,-0.11622323458129466,1.0765093130904997,1.7366284
TDR44_GGGTATTGTGAATGAT-1,24.0,erythroblast,0.19982783793943426,-0.03271449642416871,1.0476069489856819,0.04440522
TDR44_CAAGGGACACGTGAGA-1,24.0,macrophage_immature,0.25790392506299553,-0.032254153659634244,1.0597484999184896,3.4366436
TDR47_TACAGGTCACAACCGC-1,48.0,erythroblast,-0.01669245205657295,-0.004383482410903902,0.9975412338004825,0.49200243
TDR41_TTGATGGGTGTATCCA-1,16.0,erythroblast,0.3093356416201072,-0.032026101105711,1.0706568606134292,0.04111926
TDR47_TCACACCGTATCTCGA-1,48.0,erythroblast,0.08261562308434098,-0.03918411081603824,1.0246590742547608,0.16057603
TDR44_AAGCCATGTGAGACGT-1,24.0,erythroblast,0.22331802665279485,-0.055175426437594974,1.0572790676356232,0.0912926
TDR53_AAGGTAAGTTAGTCGT-1,120.0,macrophage,-0.007566314316310718,-0.010700509680002149,1.0006270355774065,1.0223907
TDR51_ATCCATTTCGAGAAAT-1,120.0,erythroblast,0.18201578955487616,-0.049437083611869714,1.0473787084284123,1.0805104
TDR47_TGCGATATCTCAGAAC-1,48.0,erythroblast,-0.017191185334387474,0.0032839053302955307,0.9959133550205136,0.016235052
TDR48_CAGCGTGTCTGGTTGA-1,48.0,hematopoietic_stem_and_progenitor_HSPC,0.12424289106931993,-0.05675140306377563,1.0368620151547145,1.7107394
TDR44_AGACCCGAGCATGTTC-1,24.0,erythroblast,0.35833569804850357,-0.037562164003594356,1.0823986735585558,0.11739642
TDR70_CTCTCAGCACTAGTAC-1,72.0,hematopoietic_stem_and_progenitor_HSPC,-0.09772006785545548,0.0027769587082179525,0.9801012411938081,1.515079
TDR48_GACCCTTGTGAGGATC-1,48.0,macrophage_immature,0.29828061614396006,-0.030114905909703615,1.0678839829180127,1.6729671
TDR72_CCCTCAATCGTTCCTG-1,240.0,non_specific_hematopoietic,-0.14177237150869965,-0.022018068846489117,,
TDR43_AATTCCTCACTAGAGG-1,24.0,erythroblast,0.22377223170559735,-0.04373226777494946,1.0549579411197108,0.12181688
TDR47_GGGTCTGCAGCATCTA-1,48.0,macrophage_immature,0.4353215782587667,-0.04143629314690844,1.1000455348669307,1.7367585
TDR51_TCCACGTGTCAAAGTA-1,120.0,hematopoietic_stem_and_progenitor_HSPC,-0.012157637061285864,-0.04726703667346342,1.007046591127101,1.11138
TDR54_GTCATGAGTGAATGAT-1,120.0,hematopoietic_stem_and_progenitor_HSPC,0.02804887226281974,0.04412867366403775,0.9967892053810142,1.1284857
TDR73_TATCTTGTCAAGATAG-1,240.0,neutrophil,-0.14545892199179283,-0.03300490305107637,,
TDR73_TTCCACGGTCAGACGA-1,240.0,neutrophil,0.1447307659477909,-0.02521858199974958,,
TDR52_TTAATCCTCATCGCTC-1,120.0,erythroblast,0.17456942768438904,0.04018935668359694,1.0272404316410007,1.0108867
TDR46_CTGCGAGTCACTTTGT-1,24.0,erythroblast,0.18974736355071312,-0.05793696293188435,1.0507843289766645,0.062397603
TDR43_CACGAATCACGGCCAT-1,24.0,erythroblast,0.40352789807324235,0.001251155563534695,1.0837804531410384,0.12531824
TDR28_TGGCGTGTCCCGTAAA-1,19.0,non_specific_hematopoietic,0.11923829794435664,-0.02822692088394861,1.0299322709967427,5.918083e-05
TDR51_TCACGCTAGGAACGCT-1,120.0,non_specific_hematopoietic,0.21685441566704097,-0.01427096278835098,1.0473101084774898,1.1574099
TDR74_GTTTACTTCCGACAGC-1,240.0,erythroblast,-0.05554864018184498,0.024690913693340505,,
TDR72_GTACAACCAAGGTCTT-1,240.0,erythroblast,-0.049114013403073795,-0.015694753623303075,,
TDR47_CAACAACTCAAGTCGT-1,48.0,erythroblast,0.2068956631420894,-0.05533937773138875,1.0538467153378033,1.6422565
TDR51_TCCATGCAGGCTTTCA-1,120.0,neutrophil,0.3021738510175962,0.06202091507801624,1.0492027469952554,1.0458487
TDR51_AACAAAGAGAGCATCG-1,120.0,macrophage,-0.0884097816168699,-0.02137633081539561,0.986682779234448,1.0990262
TDR43_GACCCTTGTAATCAGA-1,24.0,erythroblast,0.34430726233166675,-0.0595422636995505,1.0841214171720148,0.49600118
TDR52_GAAGGACCAGATACCT-1,120.0,erythroblast,0.3583025754153074,-0.08490584441173224,1.0926890581622064,1.1408374
TDR46_ACCCTCAGTAGCGCTC-1,24.0,macrophage,0.00463912093113078,-0.030092328450913974,1.0069704713059133,2.5199518
TDR74_GCCGTGACAGAGTCAG-1,240.0,erythroblast,-0.08585896334805332,0.01927898765826059,,
TDR40_TCATGAGAGATGGCAC-1,16.0,erythroblast,0.2261867928417611,-0.05454810985108567,1.0577531414381054,0.2787082
TDR48_CCACGAGCACCATATG-1,48.0,erythroblast,-0.014398917467901645,-0.012275671037498881,0.9995754408646662,1.5583495
TDR44_TACAACGCATGCCGAC-1,24.0,erythroblast,0.2426468455908683,-0.03300660832620601,1.0566787038194285,0.22540574
TDR46_CGCGTGAGTACGATCT-1,24.0,erythroblast,0.07525136405984537,-0.06218942358361991,1.0278694425207957,0.06629489
TDR67_CCTGCATGTTCCAAAC-1,72.0,erythroblast,-0.051083070693596126,0.06568512466090762,0.9769169466777992,0.057294477
TDR54_AGGTTACTCATAGACC-1,120.0,macrophage,0.15956139241842396,-0.06433124178785568,1.0457962184665766,1.1219182
TDR74_TACCGAATCCGATAAC-1,240.0,innate-lymphoid-cell,-0.02788157686461873,-0.05678172631092246,,
TDR74_TCATTCAAGGTGCCTC-1,240.0,neutrophil,-0.09442388796728196,0.0707916842310645,,
TDR67_GTGATGTAGCTTTCTT-1,72.0,erythroblast,-0.08752692873730282,0.0382806652026092,0.9751523938748478,0.03720345
TDR67_TCCTCCCCATGGTACT-1,72.0,erythroblast,-0.08021206726153646,0.02042676848361906,0.9800734441170414,0.03148867
TDR53_ACGTAACTCGAACGGA-1,120.0,neutrophil,0.12152225170058276,0.005418549413266388,1.02349244080312,0.7116637
TDR47_TACCTCGCAGGTTACT-1,48.0,erythroblast,0.04700700419013937,-0.07077579145078305,1.0238362063923045,0.06468148
TDR46_CAGGCCACACTAGAGG-1,24.0,hematopoietic_stem_and_progenitor_HSPC,0.049988247834811095,-0.058651001173133044,1.0219656184748522,3.13252
TDR51_AGGAGGTCACTGTGTA-1,120.0,neutrophil,-0.13630165897951851,0.0793040506441748,0.9577953538660752,0.9654281
TDR74_GTCAAGTGTAGCGAGT-1,240.0,erythroblast,-0.06077192952597511,-0.006274458290874099,,
TDR69_TCTGGCTCAATGCAAA-1,72.0,erythroblast,-0.08264159479650524,0.03618030975534273,0.9765157684101025,0.41582435
TDR53_CCACGTTGTTCACCGG-1,120.0,macrophage,-0.08317802214820146,0.014299613970041397,0.9806932816005745,1.0816932
TDR71_GCGGAAAAGCATGAAT-1,240.0,erythroblast,-0.05863107800230898,0.03477036665027268,,
TDR46_TCGCTTGTCCTTGACC-1,24.0,erythroblast,0.40542620807248364,-0.05757286570370358,1.097022635141492,0.035179082
TDR43_GAAGGGTTCCTAAGTG-1,24.0,erythroblast,0.18258292111951488,-0.021558215140784473,1.0416731591158628,0.11042645
TDR72_TGGGAAGAGCCATGCC-1,240.0,macrophage,-0.1134597156510685,0.025019725803655746,,
TDR70_TTGTTCACACGTACAT-1,72.0,erythroblast,-0.05079028295234193,-0.009678773322031188,0.9918114087420502,0.18540995
TDR71_CTCCGATTCCCGAGGT-1,240.0,neutrophil,-0.11978393337366691,0.07527124145884573,,
TDR73_CCCTTAGGTTCAAAGA-1,240.0,erythroblast,-0.12161181602308876,0.029658750635414288,,
TDR74_TACCTCGCACGTCGTG-1,240.0,hematopoietic_stem_and_progenitor_HSPC,0.15017290727605426,-0.005968683711700534,,
TDR67_CGAAGTTTCATGCAGT-1,72.0,non_specific_hematopoietic,-0.055582497238032685,-0.03356638801910515,0.9956064581246228,1.3025838
TDR74_AACAACCCACGTGTGC-1,240.0,macrophage,-0.11697402631981377,0.05500567170540874,,
TDR44_AGGGTCCAGCGTCTCG-1,24.0,erythroblast,0.12256857403353824,-0.041372302265750796,1.0333316308528315,0.20440528
TDR39_TGAATGCTCGAGCACC-1,16.0,neutrophil,0.10196846777564966,-0.08172454235058477,1.0374218054332172,4.970466
TDR67_TGATGGTTCAACCCGG-1,72.0,erythroblast,0.022296599466630165,-0.005511904812217465,1.0055771958267865,0.035851352
TDR48_CTTCGGTCACTTTATC-1,48.0,non_specific_hematopoietic,0.011197969213441211,-0.013920062981941844,1.0050362459062767,1.5666538
TDR72_CCCTCAAAGACCATAA-1,240.0,erythroblast,-0.031120819564681074,-0.0002428444239380434,,
TDR44_ATGTCCCGTGTCCGTG-1,24.0,erythroblast,0.1600298484212428,-0.01984602728007752,1.0366301119743693,0.07743979
TDR47_TATTGCTCACCAAATC-1,48.0,erythroblast,-0.07423355855623696,-0.0021179187572968605,0.9856803870824632,0.7831155
TDR52_TCATTACCACCATTCC-1,120.0,macrophage,-0.03609550579770443,0.006876836332402048,0.9914423584397783,1.0886157
TDR44_GTCGCGACACAATGCT-1,24.0,erythroblast,0.4112961840624981,-0.07643027953159662,1.1024613739055489,0.31544325
TDR19_GAAGTAATCTTGGTCC-1,14.0,non_specific_hematopoietic,0.22455276230384968,-0.038365122456737455,1.0539906477234178,0.017296223
TDR52_CTCAATTAGCGTGAGT-1,120.0,erythroblast,0.44660547792233557,-0.04415754016470793,1.1031311140628595,1.0677788
TDR51_GATCAGTCAGGCACTC-1,120.0,macrophage,-0.11246706571150587,0.015437461583766632,0.9747435137040323,1.0714834
TDR68_CTGATCCCACAAGTGG-1,72.0,erythroblast,-0.05287757968773887,-0.027842857379524282,0.9950055693906787,0.7128078
TDR71_ATGGATCAGTCAACAA-1,240.0,erythroblast,-0.0699776779187307,-0.029068238317358577,,
TDR71_TCCACGTGTCGGAAAC-1,240.0,hematopoietic_stem_and_progenitor_HSPC,-0.05732113904568739,0.023706841839940332,,
TDR71_TACGCTCAGACTAGAT-1,240.0,erythroblast,-0.06873468029859876,0.020345257612178216,,
TDR74_CCGGACAAGTCCGCGT-1,240.0,microglia,-0.0995992877475554,0.01598193449674598,,
TDR54_CTGTGGGTCAAGAGGC-1,120.0,erythroblast,0.31269186228393064,-0.008203543966583071,1.0662833330168628,1.0094957
TDR51_GAAGCCCGTTATCCAG-1,120.0,macrophage,-0.11196717048440569,0.03249018869282287,0.9715218962335658,1.0535821
TDR44_TCAAGACCAACCAGAG-1,24.0,neutrophil,0.008527922975044872,-0.022399026734561484,1.0062045589685427,1.8930151
TDR39_GGAGCAACACAAGGTG-1,16.0,erythroblast,0.3034296008187819,-0.06416517204964475,1.0762889370765154,0.002858697
TDR74_ATTCACTCAATTGAGA-1,240.0,erythroblast,-0.08453779933262773,-0.0014976532434943651,,
TDR70_TCTATACAGAAACACT-1,72.0,erythroblast,0.1399541526487022,-0.10485704858265957,1.0501806954269166,1.4925718
TDR73_ATGATCGGTGACTCGC-1,240.0,neutrophil,-0.11362781973273073,-0.005516585904426996,,
TDR47_CCCTTAGGTCGAGCTC-1,48.0,erythroblast,0.03662194233076728,-0.04085378511196429,1.015615817727724,0.37127846
TDR54_TTCGATTCAATGTCAC-1,120.0,macrophage,-0.11969806365201945,0.058891513689320635,0.9649124419712348,1.0202987
TDR70_ATACTTCCAATACCCA-1,72.0,erythroblast,-0.07161568642949608,0.026415422470801246,0.9805847302009278,0.29706752
TDR54_GACCCTTCAGAAGCTG-1,120.0,erythroblast,0.09593315403976718,-0.06660546004868168,1.033041871107203,0.9846658
TDR74_TCTCCGAAGGTTGGTG-1,240.0,erythroblast,-0.1047728412386216,0.06357698471265907,,
TDR44_GATTTCTGTCCAAATC-1,24.0,erythroblast,0.23105848263471557,-0.048699485826927416,1.0575464905767857,0.20458353
TDR51_AGGGCTCAGTGCCAGA-1,120.0,neutrophil,-0.05660368827627141,-0.016853840070838136,0.9920815477913804,0.7240808
TDR44_ACTGATGAGTTACGAA-1,24.0,erythroblast,0.20632349282347998,-0.050479488352326636,1.0527024253815063,0.04374272
TDR46_AGTTCGAAGACGGTCA-1,24.0,macrophage,-0.07042694275655428,-0.05506684046820548,0.9969326933689503,3.1931689
TDR72_TGGATGTCATGAATAG-1,240.0,hematopoietic_stem_and_progenitor_HSPC,-0.10729757772835091,0.023379136078855514,,
TDR44_GACTCAACAAGATGTA-1,24.0,non_specific_hematopoietic,0.2425127479872401,-0.04565044333713386,1.0593257684686999,0.053532835
TDR54_CTGCCATGTCAAAGAT-1,120.0,macrophage_immature,0.20845237527482882,0.015918923652882333,1.0392576813057373,1.1129408
TDR70_GCATTAGAGATCCAAA-1,72.0,microglia,-0.11653516360140038,0.03613315189134289,0.969927780743173,1.3883207
TDR41_CCGGACATCGTGTTCC-1,16.0,erythroblast,0.21969234759990985,-0.04700842712492438,1.0547883755857752,0.043019224
TDR44_TCCACGTGTGGAAATT-1,24.0,erythroblast,0.21864497911178563,-0.05859219727180878,1.0570134539923932,0.12229355
TDR51_TCAATCTCACCTTCCA-1,120.0,hematopoietic_stem_and_progenitor_HSPC,0.03932377131476622,-0.027125157147917883,1.0133784874010843,1.1209302
TDR74_AATGACCCACCGTCGA-1,240.0,macrophage,-0.09017927933915953,-0.11056952484819879,,
TDR68_TCACAAGGTGCCCGTA-1,72.0,microglia,0.07611206397399842,-0.032333935836407035,1.0219261204310173,1.4888718
TDR69_AATGACCTCAGTCATG-1,72.0,macrophage,-0.1733104767587021,-0.009802243431857094,0.9678272710115357,1.4296023
TDR54_GTTCCGTCATGTTTGG-1,120.0,macrophage,0.10445101009712343,-0.009238994319913707,1.0229984797350677,1.1361545
TDR45_TTTATGCGTTGCTGAT-1,24.0,neutrophil,0.19524130820308735,-0.04068622586551815,1.048316460889461,2.3878024
TDR74_GGATCTAAGGCATTTC-1,240.0,erythroblast,-0.1008458576106786,0.06814515289925019,,
TDR74_GCATCGGTCTCTATGT-1,240.0,erythroblast,-0.09045122982979004,-0.0293560882633371,,
TDR52_GAGATGGTCCCAACTC-1,120.0,erythroblast,0.2580250529900943,-0.01128692762607282,1.055339373374207,1.0759431
TDR68_CACACAATCTACGGTA-1,72.0,macrophage,0.012584742466470789,0.06434243607124335,0.9897018540646809,1.5448394
TDR71_GGAGCAAAGGATTTGA-1,240.0,macrophage_immature,0.3457867103342792,0.07810043124057117,,
TDR44_AGATAGAAGAGAGTGA-1,24.0,erythroblast,0.16965162351868252,-0.02541633197458855,1.0397846153694115,0.073523186
TDR54_TCGGGTGTCGCCTCTA-1,120.0,neutrophil,-0.09682613686833144,0.03359510408443467,0.9742530070981573,0.9544315
TDR28_ATGCATGAGGCTTTCA-1,19.0,macrophage,-0.11340291240391345,-0.01730584509578753,0.9809641018988332,1.0310154
TDR47_GTTCGCTAGGTCGTCC-1,48.0,non_specific_hematopoietic,0.11442857554406127,-0.07557203135564644,1.0387313589596416,1.6402483
TDR47_CTATAGGCACGATTCA-1,48.0,neutrophil,0.03620685520764144,-0.05558221358096031,1.018527354296174,0.6012515
TDR50_TCAGTGATCACCTGTC-1,48.0,macrophage_immature,0.4093817203978434,-0.04328337038196803,1.0947576539238597,1.7307118
TDR51_GTACAACGTATGGTAA-1,120.0,hematopoietic_stem_and_progenitor_HSPC,0.04737917626320065,-0.0010659073989876533,1.009736107219019,1.1154014
TDR44_AGGTCTATCGCCTCTA-1,24.0,neutrophil,0.1291356039847026,0.008752287425984634,1.0243688463886669,2.6481705
TDR74_CAAGAGGGTATATGGA-1,240.0,erythroblast,-0.09056780588334987,0.0019387976174961158,,
TDR53_TTGAACGAGATGAAGG-1,120.0,neutrophil,-0.09403947672449556,-0.01776789748662272,0.9848614418793072,0.908789
TDR51_AAGGAATGTAGGTACG-1,120.0,neutrophil,-0.11836339762290364,-0.02654014360629546,0.9818029518400022,1.0723566
TDR45_CTACCCATCCAATCCC-1,24.0,erythroblast,0.1249462560856299,-0.04229811437016076,1.0340145774398442,0.5594051
TDR44_TGATGGTTCAGATTGC-1,24.0,erythroblast,0.3037946305018481,-0.06468694227969077,1.0764798445928683,0.13341342
TDR53_GAAACCTCACCTGCAG-1,120.0,macrophage,-0.08150285496885476,-0.0851029946608244,1.0007202872207364,1.0972924
TDR43_AACACACCAGAGGACT-1,24.0,erythroblast,0.20954241027302517,0.03305871692704565,1.0359270628134607,0.10543629
TDR28_TTCATGTGTCATACCA-1,19.0,non_specific_hematopoietic,0.2007292768641292,-0.016066075139191602,1.0443128093551077,0.056834713
TDR69_TGGGATTAGTAGGAAG-1,72.0,erythroblast,-0.04738767164990418,0.007895333627443823,0.9890042985039531,0.30307132
TDR74_TGGTGATGTCTTTATC-1,240.0,innate-lymphoid-cell,-0.14135325944605234,-0.04551748684255012,,
TDR44_CAGCAGCCACAGCTGC-1,24.0,erythroblast,0.3636450891621613,-0.06798524406733081,1.090161735739384,0.07414974
TDR52_CGTGATACAAGTGATA-1,120.0,microglia,-0.03556681129774744,-0.011327144476398626,0.9951637988979504,1.0643895
TDR54_TATCTTGGTTTAGAGA-1,120.0,hematopoietic_stem_and_progenitor_HSPC,0.18908776481279824,-0.09592524741966751,1.0586585654941862,1.2244061
TDR69_TTACCATCATACTGTG-1,72.0,macrophage_immature,0.35902177594818996,-0.05502178793112181,1.0863339868592221,1.4631724
TDR54_TCCATCGTCCCGAGGT-1,120.0,microglia,-0.06811441153443018,0.029365003588886857,0.9806929326689716,1.0509169
TDR44_ATTCTTGAGATTACCC-1,24.0,macrophage,0.2000776592053865,-0.04278494962363619,1.0497715003427004,3.474613
TDR53_CTAGGTAAGAGCTGAC-1,120.0,macrophage,-0.06413191131068166,-0.03567471046058707,0.9943247253926013,1.051372
TDR50_ACATGCAGTAATCAAG-1,48.0,non_specific_hematopoietic,0.10305740094630736,-0.02313109885219343,1.0255588668553564,1.6486298
TDR74_AAGTACCCATAGGTTC-1,240.0,erythroblast,-0.08365871404806313,0.020177856607585587,,
TDR44_TTTGGTTCATGTGTCA-1,24.0,erythroblast,0.4046769760834911,-0.07438820366954138,1.1005532808595915,0.19646163
TDR46_TACTGCCCATTCTCTA-1,24.0,erythroblast,0.24133527898043827,-0.039718570084707486,1.0578206168956372,0.0981434
TDR46_CTCCTTTGTCCATCTC-1,24.0,erythroblast,0.29166503988618636,-0.01243557203091157,1.0627077396583702,0.25291598
TDR45_GTAATGCAGGTTGCCC-1,24.0,erythroblast,0.4660767067827791,-0.05764746755537524,1.1104272318914792,0.16734956
TDR72_CTCATTAAGTCCTGCG-1,240.0,macrophage,-0.17358317420228453,0.04838308312850681,,
TDR46_AGACACTGTTGTTGTG-1,24.0,erythroblast,0.3607773156622965,-0.07332366439391386,1.0907005497769429,0.18820427
TDR74_GTGGGAATCATTGCCC-1,240.0,hematopoietic_stem_and_progenitor_HSPC,-0.008272082989032453,0.005291341647497769,,
TDR46_CTGTAGAAGATGGGCT-1,24.0,erythroblast,0.14648295620031523,-0.03400510648726393,1.036757042037527,0.14351004
TDR68_CTACTATGTACATTGC-1,72.0,erythroblast,-0.04422839493656839,0.015640508085569257,0.9880976198446553,0.58414817
TDR47_TGATTTCTCCCTTCCC-1,48.0,macrophage,0.14652909057687785,0.04202992597447883,1.0211197639300904,1.6099088
TDR69_CATACCCAGCCTATTG-1,72.0,erythroblast,-0.06042117995289173,0.01193757525580709,0.9856324614293798,0.697821
TDR46_GCCTGTTCAGTTGCGC-1,24.0,erythroblast,0.013961563860494464,-0.06722865204496277,1.016370596702292,3.1018946
TDR51_ATTCAGGCATCGCCTT-1,120.0,macrophage,-0.11435953112312287,0.002145772970816945,0.9769683126136686,1.0811366
TDR71_ATACCTTCATACACCA-1,240.0,hematopoietic_stem_and_progenitor_HSPC,-0.07718163625063729,-0.004662190466495325,,
TDR46_CATGCCTAGATGGCGT-1,24.0,non_specific_hematopoietic,0.17918580876900694,-0.05823386547326146,1.0486293545964671,0.15003565
TDR40_TCTGCCACAACCTAAC-1,16.0,hematopoietic_stem_and_progenitor_HSPC,0.05456292818156605,-0.007725982082446792,1.0125357034594082,0.09935634
TDR47_AAAGGATTCTCTTCAA-1,48.0,erythroblast,0.2309357013044179,-0.1146848937611521,1.0715692030066029,1.4394931
TDR51_GATCACATCCACTTTA-1,120.0,macrophage,-0.19141581996640467,0.008713304772533126,0.9607646271356082,1.0199175
TDR43_CCTGCATCACAGACGA-1,24.0,erythroblast,0.21314395516967186,-0.0528964335343816,1.054649071285815,0.17990255
TDR43_AGGAAATAGACGGAAA-1,24.0,erythroblast,0.2444283081843073,-0.03851097383872834,1.0582195820840474,0.11585102
TDR46_GCGATCGAGGCTGTAG-1,24.0,erythroblast,0.2036244573495694,-0.04748461250329747,1.0515043088559972,3.4067159
TDR68_TATATCCGTGTGACCC-1,72.0,erythroblast,-0.05663277238279908,0.0027296979518200357,0.9881977058998844,0.600592
TDR51_AAACCCACACCTCAGG-1,120.0,neutrophil,-0.08471454332071117,-0.03966985411754041,0.9910315210515007,1.0762941
TDR53_TCAATCTCATAATCGC-1,120.0,macrophage,-0.1616598758252572,0.07228138238207601,0.9542894454216017,1.0168681
TDR51_TAGGGTTCAACCTAAC-1,120.0,macrophage,-0.0781026556148496,0.004052595367882106,0.9837032031949435,1.0653882
TDR73_TGATCTTCAATTGCTG-1,240.0,non_specific_hematopoietic,-0.05244268564812958,-0.10232893625895183,,
TDR69_TGCGGCATCCATGATG-1,72.0,erythroblast,-0.07393359923744239,0.001065166932053288,0.9851121826953249,0.09928752
TDR72_GTGTTCCAGGTCCAGA-1,240.0,erythroblast,-0.07697570108369939,0.07473785750531921,,
TDR46_GGGCTCAAGTGTACCT-1,24.0,erythroblast,0.3282638352708318,-0.08783621974869307,1.0867808860011923,0.17913693
TDR47_GCCAGTGAGTCATCCA-1,48.0,non_specific_hematopoietic,-0.025598050505985792,-0.05272386743378653,1.0054399062331683,1.5958159
TDR71_CCATCACCACTCGATA-1,240.0,erythroblast,-0.06834760158076231,-0.056314706098502254,,
TDR71_GAGAAATTCTTTCCGG-1,240.0,macrophage,-0.11234961403618204,-0.009651359152678701,,
TDR44_CATGCTCTCTCGACCT-1,24.0,macrophage,-0.03019887292824064,-0.06776854842181368,1.00754223554722,3.2246556
TDR53_CGAGTGCAGCGCCTCA-1,120.0,hematopoietic_stem_and_progenitor_HSPC,0.019453675185689495,0.028554582109517848,0.9981814741407665,1.1019126
TDR51_GGGAAGTTCGAAATCC-1,120.0,neutrophil,-0.11447453795771896,0.007179502255802689,0.9759628000066602,1.05315
TDR71_ACAGCCGAGCCATTTG-1,240.0,non_specific_hematopoietic,0.05749478602147365,-0.04640497511199771,,
TDR46_CACTTCGGTCTTGAGT-1,24.0,erythroblast,0.2720845518301557,0.0025075398269546745,1.0553953144683916,0.07922211
TDR54_GCCGATGAGCCTGGAA-1,120.0,erythroblast,0.08339607668263112,0.05190517821749627,1.0063180549307804,0.96820897
TDR48_CATCCGTTCAACTTTC-1,48.0,erythroblast,-0.06518244212915242,0.11419247582722784,0.9647608968868698,0.6272125
TDR45_GTGTGATTCCAACTGA-1,24.0,erythroblast,0.2776650653263266,-0.04875695065535719,1.0674625709844927,1.09067
TDR53_CAGCGTGAGTTTGGCT-1,120.0,hematopoietic_stem_and_progenitor_HSPC,0.16081603840639852,-0.05752437414178525,1.0446355645238128,1.1214504
TDR46_TACCTGCAGAGTGACC-1,24.0,macrophage,0.0537663021642899,-0.09623154324353925,1.0304540899117582,3.3349857
TDR51_ACCAACATCAATCCGA-1,120.0,microglia,-0.13986260280090648,0.08548907266146896,0.9559302440264256,1.0410794
TDR44_TGGTTAGAGGACATCG-1,24.0,erythroblast,0.18758262882854107,-0.02388081087326402,1.0431997660625405,0.4381614
TDR44_GAGTGAGCATCTTAGG-1,24.0,erythroblast,0.18287469096465997,-0.03186256797225387,1.04388303922145,0.104111165
TDR54_CATCCCAGTCAGCGTC-1,120.0,macrophage,-0.09720793803670812,0.005246950232464326,0.9797175357853944,1.0852386
TDR74_CACAACACACGTCGTG-1,240.0,microglia,0.0427571751374097,0.029123015001904118,,
TDR67_CTCAGGGCAATATCCG-1,72.0,erythroblast,-0.02767581526015521,0.039238712957835736,0.9867062472865721,0.47534442
TDR74_TTAGTCTGTTCATCGA-1,240.0,hematopoietic_stem_and_progenitor_HSPC,-0.09563175511769254,-0.08551094471864398,,
TDR52_ATAGACCGTCAGTCCG-1,120.0,neutrophil,-0.08605408059026962,-0.034203513105006494,0.9896834707450712,0.98399687
TDR46_CCTACGTCATAACCCA-1,24.0,erythroblast,0.2704082786864528,-0.0543541079622024,1.0671083113427713,0.18115021
TDR69_GTCAAACGTACCAATC-1,72.0,macrophage,-0.08618187866666906,0.03297429947333508,0.9764504859063888,1.5392445
TDR52_CCTCACAGTTAGCTAC-1,120.0,macrophage,-0.1057744275680139,-0.026353819550715418,0.9842413657587137,1.0674762
TDR68_TTTCGATTCACCGGTG-1,72.0,erythroblast,-0.042411012816847414,0.048983961807676876,0.9818870526360866,0.79049826
TDR48_GGAGAACCAGCGACCT-1,48.0,macrophage,0.11264795163979946,0.02869542055851787,1.0169322590215477,1.6278454
TDR67_AAGACAACAGATCATC-1,72.0,hematopoietic_stem_and_progenitor_HSPC,-0.10863213084073615,-0.005259476102172728,0.9795377219078504,1.4937071
TDR44_CGCATAAAGGCCATAG-1,24.0,non_specific_hematopoietic,0.16251123272800388,-0.048342347337044005,1.0430725327360661,0.16554712
TDR71_ATCGGCGGTAAGGAGA-1,240.0,non_specific_hematopoietic,-0.03388419793891796,-0.058952390411753715,,
TDR52_TGTCCTGAGACCCTTA-1,120.0,macrophage,-0.09130767092714885,0.05397734767444917,0.9713610916923926,1.0614649
TDR48_AGTACTGGTCTCAAGT-1,48.0,erythroblast,0.11611100794930254,-0.03178126262965794,1.0300202416293673,1.4625753
TDR69_GTGTCCTAGGGTACGT-1,72.0,non_specific_hematopoietic,-0.12617903067377553,0.007200000238751322,0.9736768503774831,1.0892559
TDR50_CGCATAAGTTGGGTAG-1,48.0,macrophage,0.11731069170258882,0.0038991593828267834,1.0229415060152094,1.5827171
TDR44_GTCGTAAAGCCACCGT-1,24.0,erythroblast,0.16031484609397592,-0.03558604939932217,1.0399578454375469,0.23102103
TDR51_TCTTGCGAGGTCACTT-1,120.0,erythroblast,0.22646164431699742,-0.07993410418127021,1.0631956635166688,1.046424
TDR46_AGGATCTCATACAGAA-1,24.0,erythroblast,0.25304438537868296,-0.07171120025493481,1.0671068598598241,0.14490028
TDR71_GCTGCAGGTTGTACGT-1,240.0,erythroblast,-0.06640428658370134,0.012152462317875742,,
TDR48_ACGTCCTCAGTTTGGT-1,48.0,microglia,0.2061094766134744,0.013572659597432674,1.0392583808083056,1.6218851
TDR47_TACAGGTTCTACTGAG-1,48.0,non_specific_hematopoietic,0.18963576199715595,-0.1046825220555435,1.0606306211197103,1.6840216
TDR44_TCATCATTCTCAGTCC-1,24.0,erythroblast,0.17086256257780305,-0.044069295024206354,1.0439236676612587,0.05645789
TDR52_CCCGGAAAGATCCGAG-1,120.0,erythroblast,0.18372357252454494,-0.003326256046100623,1.0381185266139217,1.1347811
TDR44_TCTATCACACACGTGC-1,24.0,erythroblast,0.21292195964553623,-0.027780577116478397,1.0493180818724834,0.11243003
TDR51_TCGCTCACAAATTGGA-1,120.0,microglia,-0.09869991193645972,0.10140531496917182,0.9607692191851633,1.027507
TDR74_TGTGGCGTCCGCACGA-1,240.0,erythroblast,-0.08125313841954163,-0.015279367670088896,,
TDR71_GAAGCCCGTAGCTTTG-1,240.0,erythroblast,-0.06091628581176311,-0.021520523441394553,,
TDR74_CCTCATGTCGCCAATA-1,240.0,hematopoietic_stem_and_progenitor_HSPC,-0.08057415259695705,-0.0638198645538498,,
TDR48_GTAACCAAGCGGCTCT-1,48.0,non_specific_hematopoietic,0.017769290423241574,-0.02776935896563773,1.0091493314522575,1.4792027
TDR68_GAACACTAGACCACGA-1,72.0,erythroblast,-0.04962210047559883,0.014780777727988095,0.9872020239499353,0.76877534
TDR44_CACTGAAAGCATCGAG-1,24.0,erythroblast,0.294651494082261,-0.014650099007467776,1.0638137393762104,0.5983153
TDR51_CAGTTAGAGCCAGAGT-1,120.0,neutrophil,-0.11105953172058965,0.0019196606552607243,0.9776575354958537,1.0528164
TDR71_GTTCGCTCACCGAATT-1,240.0,erythroblast,-0.0885605218531379,0.06489130635448381,,
TDR67_GTGGCGTCAATGCAGG-1,72.0,erythroblast,-0.07443681075804169,0.023252232767085643,0.980651817312444,0.017856173
TDR52_GCCCGAATCTCCTACG-1,120.0,erythroblast,0.33431954428895444,-0.062035873316336365,1.0824977295956215,1.0214249
TDR74_GGATCTAAGTTCCATG-1,240.0,neutrophil,-0.11500697826314162,0.06502254330465632,,
TDR52_AGCCAGCAGCCATATC-1,120.0,macrophage,-0.05498278161705818,0.0003672628970921715,0.9889910381741763,1.0898134
TDR44_GCTCAAAAGTGTTGTC-1,24.0,erythroblast,0.31800544713764767,-0.05752944037662164,1.0779994664074324,0.15168294
TDR70_ATTCACTAGCGACCCT-1,72.0,erythroblast,0.1560417107633021,-0.046391387556550076,1.0413173764328916,1.5338867
TDR51_CTCGAGGGTAGTCTTG-1,120.0,hematopoietic_stem_and_progenitor_HSPC,0.04253871285986621,0.04189372548990458,1.0001290057945242,1.1078221
TDR44_TGAATCGCAGGCAATG-1,24.0,erythroblast,0.14135922721890737,-0.08963848222536996,1.0472833670097212,0.05152132
TDR70_CCGTTCATCCATTTAC-1,72.0,macrophage,-0.10009870689131747,0.020843922547992028,0.9761016719761585,1.5302286
TDR42_ATTATCCAGCGTCAAG-1,16.0,erythroblast,0.39823173830360725,-0.06120738097563011,1.09624184300028,0.073277
TDR68_ATTCACTAGGCTAGCA-1,72.0,macrophage,-0.1610732334667211,0.057029197373443946,0.9573172036605797,1.2922852
TDR44_GCCAGGTTCGAACCAT-1,24.0,erythroblast,0.13528029958659887,-0.01952392595529684,1.0314451169740873,0.0275415
TDR47_AGTCATGTCTCGGGAC-1,48.0,non_specific_hematopoietic,-0.05734253918846517,-0.026825580747935063,0.993915196171388,1.5810945
TDR47_ATCAGGTGTTGTTGTG-1,48.0,macrophage_immature,0.19991975824382924,0.02097460945895202,1.0364371660234035,1.5571566
TDR45_CTGATCCCAGACCAGA-1,24.0,macrophage,0.0683922018415555,0.024735935004373044,1.0087694819402369,3.2201595
TDR74_CTACATTTCATAGCAC-1,240.0,erythroblast,-0.06355944825248358,0.005353383331995018,,
TDR46_TTCCGGTAGCTCGACC-1,24.0,erythroblast,0.3612715075970707,-0.02720627743776806,1.0807935685491752,0.07257734
TDR43_CATTGAGTCCGAAGGA-1,24.0,neutrophil,0.1619333332297842,-0.055974573840777586,1.0445452063111564,3.3902268
TDR43_TCGCACTCACTACCCT-1,24.0,erythroblast,0.266406707292994,-0.01779758091965991,1.0584873468192861,0.21073376
TDR51_ATACCGAGTGCGACAA-1,120.0,neutrophil,-0.07400650315278293,-0.044788802751468446,0.994173500192077,1.0897318
TDR71_TCCCATGGTCGCACGT-1,240.0,macrophage,-0.11582676781058106,0.05920912946863835,,
TDR51_CGAATTGGTACCTATG-1,120.0,neutrophil,-0.0889822354453686,0.04456455683234681,0.9736441818540034,1.0265185
TDR44_AAGTACCAGTTGCCCG-1,24.0,erythroblast,0.22592135124728702,-0.04687323150491433,1.056074694858887,0.10978287
TDR43_CATTGAGAGGAGTACC-1,24.0,erythroblast,0.233389073216159,-0.03497814933778903,1.0551399841359845,0.24334012
TDR40_GGGATCCCATTCGGGC-1,16.0,erythroblast,0.3735562490915917,-0.04579170097027552,1.0874870653863644,3.1034112e-06
TDR41_ACAAGCTCACATTCGA-1,16.0,hematopoietic_stem_and_progenitor_HSPC,0.09530698189000897,0.045131754504053795,1.0100855653945322,0.66289014
TDR71_ATTCCCGTCTAGAACC-1,240.0,erythroblast,-0.053426602802824505,0.06309176732696517,,
TDR72_ATCATTCTCATAGAGA-1,240.0,erythroblast,-0.059964067411487076,-0.006373598283807631,,
TDR39_CTCTCGAAGAAATGGG-1,16.0,erythroblast,0.13361784709035396,-0.03765578687159016,1.0348481767141886,3.7008886
TDR67_GGTGGCTAGGCCTTCG-1,72.0,erythroblast,-0.017743086277094103,-0.016077469000557842,0.9996669320241504,0.13776946
TDR71_GGTGTCGGTGATGGCA-1,240.0,erythroblast,-0.044812463643074216,0.019550982496780674,,
TDR71_TACTTGTGTTCAGTAC-1,240.0,macrophage_immature,0.2247705754136129,-0.08390043399952075,,
TDR47_CTCGAGGAGGATACAT-1,48.0,macrophage_immature,0.24758483992621275,-0.15933340307979002,1.0847869937568595,1.6849333
TDR74_TCGTGCTCACTGTTCC-1,240.0,hematopoietic_stem_and_progenitor_HSPC,-0.09077982936540688,-0.04132604407035594,,
TDR46_GTAGGTTTCGACCCAG-1,24.0,erythroblast,0.20652018985193035,-0.06898055979467117,1.0566464324421105,0.026567455
TDR49_AATTTCCAGGCCTGCT-1,48.0,macrophage,-0.17256650200279916,0.02833564269945818,0.9606161005699386,1.5182719
TDR53_TCGACCTCAGCGGATA-1,120.0,neutrophil,-0.1137959548864885,0.08201679848114522,0.9615943886261773,1.0088786
TDR73_GTGCTGGAGGGATCAC-1,240.0,non_specific_hematopoietic,-0.10862592914464364,-0.026508326563730214,,
TDR46_AAAGGGCCAATCGCGC-1,24.0,erythroblast,0.144726160364572,-0.04418083390303984,1.038504189856945,0.024273738
TDR74_GTCATCCTCAAGTCTG-1,240.0,erythroblast,-0.05155194606858226,-0.00010598915210668913,,
TDR51_GGGATCCTCGTACACA-1,120.0,erythroblast,0.19867806362007218,-0.018720602323723565,1.044438826652974,1.1237375
TDR51_GTGCTTCGTACAGTCT-1,120.0,hematopoietic_stem_and_progenitor_HSPC,-0.019212487329056865,-0.03209531710343659,1.0025798881536112,1.0879198
TDR39_CTCAACCTCCGTTGAA-1,16.0,macrophage,-0.043164551048948036,-0.08087004734762113,1.0075696049584724,0.5185903
TDR28_AGGGTCCCAGCGTACC-1,19.0,macrophage,-0.03669862035659782,-0.017103784774108677,0.9960887020135052,1.9377378
TDR53_ATGCGATTCAACTGAC-1,120.0,erythroblast,0.12048324473174937,0.014411367527976573,1.0214410000326977,1.0653436
TDR71_GACTCAACACGGCGTT-1,240.0,erythroblast,-0.09097975004103134,-0.035073916629252744,,
TDR54_AAGGAATAGATACATG-1,120.0,macrophage,-0.099119530345563,-0.061195385692840096,0.9924438632967015,1.088428
TDR72_GGAGAACAGACCCGCT-1,240.0,hematopoietic_stem_and_progenitor_HSPC,-0.08984742022121438,0.03775860939496828,,
TDR40_AGAAGCGAGAGGATGA-1,16.0,macrophage_immature,0.27729777550683543,-0.06303871490593181,1.0704373444355797,0.002204037
TDR69_TTCACCGCAGAGATTA-1,72.0,macrophage,-0.10441885615948747,0.004160883346041644,0.9785181457118837,1.5314548
TDR73_GCTTCACGTGCATGAG-1,240.0,non_specific_hematopoietic,0.05430257527704571,-0.04247375543694694,,
TDR53_TCTTGCGTCTATCGGA-1,120.0,innate-lymphoid-cell,-0.10813801991404057,-0.0545405242242163,0.9893377499498024,1.0707327
TDR54_ATTTACCTCAACACGT-1,120.0,erythroblast,0.10319810738240867,-0.011677123690188987,1.0232410054920873,1.1581154
TDR46_GACCAATCAGAACCGA-1,24.0,erythroblast,0.35932188738235876,-0.03923843128349726,1.0829751949426782,0.026699128
TDR67_AGGTCATGTGACACAG-1,72.0,microglia,-0.13529135943240506,0.04178804821438259,0.9652039222930462,1.3536923
TDR74_CACCAAAAGTATGACA-1,240.0,erythroblast,-0.04829596491339857,-0.0212421653031407,,
TDR74_CATCCCAGTCATATGC-1,240.0,erythroblast,-0.042846279758374683,-0.032431552247596696,,
TDR54_ATTTCACTCTAATTCC-1,120.0,macrophage,0.044882911548279864,-0.08755982747592404,1.0268424875937796,1.1228054
TDR71_GACTTCCAGCCAACCC-1,240.0,erythroblast,-0.0675272507867028,-0.012464130686229105,,
TDR52_CTAACCCGTCAGGAGT-1,120.0,erythroblast,0.3058778583739152,-0.03068056166715924,1.069628812419982,0.9984665
TDR74_CAGCAATGTCGATTTG-1,240.0,erythroblast,-0.02459850941914135,0.05637948831690298,,
TDR52_TGACAGTAGGTTACCT-1,120.0,macrophage,-0.08445145585115461,-0.04453859045117758,0.9920492030485222,1.0882173
TDR18_TAGGAGGCAAGGTCTT-1,14.0,erythroblast,0.4147733165828484,-0.06025114561112671,1.0996642351529071,1.5157337e-06
TDR54_AGACAAAAGTTAGTAG-1,120.0,neutrophil,-0.12111874145190105,0.09380224835021614,0.9579265271403253,1.0362768
TDR73_GATGGAGAGGTTCATC-1,240.0,hematopoietic_stem_and_progenitor_HSPC,-0.11732460101583408,-0.017500016680342234,,
TDR72_CTCCATGAGCCGATAG-1,240.0,erythroblast,-0.059614009298247735,0.03946652760508236,,
TDR74_ATGGGTTAGTTCTCTT-1,240.0,hematopoietic_stem_and_progenitor_HSPC,-0.11308810658966942,0.0398788200036467,,
TDR44_GTTACCCCACCAATTG-1,24.0,erythroblast,0.16142890861044965,-0.04743033087643896,1.0426565673236512,0.054244246
TDR53_TTCCAATGTACAAAGT-1,120.0,non_specific_hematopoietic,-0.08900938247333538,0.03833917911117972,0.9748519045241592,1.0544443
TDR52_GGGTAGAGTAGATCCT-1,120.0,erythroblast,0.4726965598846783,-0.05293589667229644,1.1108511144834778,1.2000359
TDR54_GTTGCTCGTCTCGCGA-1,120.0,innate-lymphoid-cell,-0.1278908614733556,-0.009678222386989302,0.9766347671269742,0.50918704
TDR70_AGCGCTGGTATCGAGG-1,72.0,microglia,-0.1608564949734307,0.0401814985966337,0.9605900012025652,1.4176074
TDR46_GTAGTACAGGTACTGG-1,24.0,erythroblast,0.4053791466075515,-0.010087901395428131,1.0866433067249837,0.10028586
TDR70_ACCTGTCGTGGGAGAG-1,72.0,microglia,-0.1661427794335687,-0.03845987355779462,0.9747867194697885,1.183025
TDR54_TTCCACGTCTGTCCGT-1,120.0,macrophage,-0.10204573356050367,-0.0012668836391938332,0.9800459996661347,1.0708584
TDR74_GCATCGGTCCTACCAC-1,240.0,non_specific_hematopoietic,0.18507875192824969,-0.03610096064806624,,
TDR54_AAAGGGCTCCTGTTGC-1,120.0,erythroblast,0.13784401310600253,-0.029764804607172263,1.0340899489420732,1.0254254
TDR54_CAGGTATGTGAACCGA-1,120.0,erythroblast,-0.11787212650188023,-0.004620020260301505,0.9776041736927105,0.930915
TDR48_ACCATTTGTCCTCATC-1,48.0,macrophage_immature,0.3565591391833136,0.008163551969420701,1.0721640872962017,1.6364063
TDR70_TACAGGTCATTGCAAC-1,72.0,erythroblast,-0.11847889938633956,0.008743319150522316,0.9748765379875102,1.2414584
TDR74_GGGTTATTCAACACCA-1,240.0,innate-lymphoid-cell,-0.07877321098037876,-0.031962188225693425,,
TDR43_TATCGCCCAACCTATG-1,24.0,erythroblast,0.2570177331604157,-0.029385965867382957,1.0589530589446627,0.111471824
TDR49_CATACTTAGGTATTGA-1,48.0,macrophage,-0.2152153705617516,-0.015370960716784038,0.9608193374930678,1.5210364
TDR73_AACAAAGGTGTCCACG-1,240.0,macrophage,-0.16754808460836446,0.030062988248488243,,
TDR52_CACACAATCATGAGGG-1,120.0,erythroblast,-0.07123111910918373,-0.029063628555559953,0.9916019640743549,1.0392507
TDR48_TGATCTTGTGGTCTAT-1,48.0,macrophage,-0.04665720498191844,-0.03424031211046269,0.9975197024592951,1.5349549
TDR52_TCAGCAAAGTACTGGG-1,120.0,neutrophil,-0.10111814480147796,0.06630136476558701,0.9670704790904043,1.0468849
TDR40_TATCGCCCATGCAGCC-1,16.0,erythroblast,0.2547572053372802,-0.03923892898068143,1.0605622869464681,0.0022794907
TDR48_GCAGGCTAGCGGATCA-1,48.0,hematopoietic_stem_and_progenitor_HSPC,-0.05920189301678502,0.024422512858130255,0.9834142031809152,1.6352683
TDR71_TTCCGGTAGTCGCCCA-1,240.0,neutrophil,-0.12202060842688704,0.0059277098855854415,,
TDR74_TTGCCTGGTGGTATGG-1,240.0,erythroblast,0.14739943107750597,-0.021148572989324058,,
TDR74_CTGTGGGGTTCCACGG-1,240.0,microglia,-0.04063181486436804,-0.02026726184707782,,
TDR47_ACCCAAAAGCTCGGCT-1,48.0,erythroblast,-0.024974510456891967,-0.009389241248513189,0.9968877991270191,0.058527756
TDR43_TCATTTGCAGAGTGTG-1,24.0,macrophage_immature,0.1820975245366741,-0.02767235837312905,1.0428464822866859,0.41206464
TDR69_TATTGCTAGGGAGGCA-1,72.0,erythroblast,-0.011514339443344318,0.002081808900551596,0.9972844640874009,0.42582482
TDR51_AGGGCTCGTAGACGTG-1,120.0,macrophage,0.101650959350986,-0.03796262863945461,1.0283162106038204,1.120822
TDR74_TGGAGGAGTAACTTCG-1,240.0,hematopoietic_stem_and_progenitor_HSPC,0.16653479992918183,0.06117186441385675,,
TDR44_AATCGTGTCCTCCACA-1,24.0,macrophage,-0.06557031164101285,-0.04898276843502518,0.9966879882102971,2.8953962
TDR68_AGTCAACTCCACCTCA-1,72.0,erythroblast,-0.047913193707294216,0.04054153419859104,0.9824646204755548,0.71203995
TDR52_GCTACAACAGCTACTA-1,120.0,erythroblast,0.2952949485683202,0.024800072033688142,1.0555890742375273,1.0616997
TDR54_TTGTTTGTCTTCCAGC-1,120.0,neutrophil,-0.15590180155627412,0.10348475958414124,0.9494453450314575,1.038795
TDR37_TGTCCCACAACTCGTA-1,12.0,non_specific_hematopoietic,0.375521644370184,-0.05951608462290167,1.0909049114359923,1.2576632e-05
TDR54_TTGTTTGTCTATTCGT-1,120.0,macrophage,-0.11752229958617529,0.0068217785334113434,0.9754378658432166,1.0562576
TDR46_TTCTAACGTAACCCGC-1,24.0,macrophage_immature,0.15197860764841226,-0.02824568594903379,1.0367023505877977,0.32884973
TDR74_ACCAAACCAGACAAAT-1,240.0,erythroblast,0.019788707647108494,-0.002411910045294119,,
TDR44_GCTTCACTCCCGTTGT-1,24.0,erythroblast,0.3097538412846833,-0.03167234782691418,1.0706706606953815,1.0274909
TDR51_ATGGGTTGTGGAAATT-1,120.0,macrophage,-0.14092482414598614,-0.04592414255495425,0.9811792284902043,1.0792763
TDR71_TCAGTGATCAGACATC-1,240.0,hematopoietic_stem_and_progenitor_HSPC,-0.12422684148623347,-0.0360914305596344,,
TDR46_CATCCGTTCGCAATGT-1,24.0,erythroblast,0.1510907808020323,-0.024568900457966794,1.0357563535965024,0.02613101
TDR54_GCACGTGCAGCGGTTC-1,120.0,non_specific_hematopoietic,0.021038395778875896,-0.02552346599658714,1.009355867403722,1.1106607
TDR52_GCTCAAATCTCTCTAA-1,120.0,erythroblast,0.21002318531372471,-0.0535725575266381,1.054133548625166,1.1880785
TDR52_GAGACCCCAGAATGTA-1,120.0,erythroblast,0.08173165682632155,0.0028969931845631847,1.015891886661834,1.117105
TDR71_CAGCGTGAGCTCGCAC-1,240.0,macrophage_immature,0.009224572153203575,0.03268504744246642,,
TDR68_AAGCATCTCAACCTCC-1,72.0,erythroblast,-0.04463788606722001,-0.02327464305772234,0.9957364661751043,0.6529135
TDR53_GACCGTGCATACAGGG-1,120.0,neutrophil,0.11479594751155422,-0.004368921024979794,1.0241192487631015,1.0923276
TDR46_CTGCCATAGCCAAGTG-1,24.0,erythroblast,0.2089230731753042,-0.041372712747550305,1.0513332884538424,0.101132475
TDR46_CCACGTTAGGTCCGAA-1,24.0,macrophage_immature,0.20666414742205946,-0.012449365371155346,1.044797098613876,3.143389
TDR43_GGAATCTTCAAGCCTA-1,24.0,erythroblast,0.30001051582673255,-0.06938323536932756,1.0766762508436587,0.33019918
TDR44_ACAGGGAGTAGGGTAC-1,24.0,macrophage_immature,0.146762851283388,-0.035438327589664684,1.0371123199511096,3.0606294
TDR67_CGTTGGGCACTCCGAG-1,72.0,erythroblast,-0.06698949281388403,-0.025848469808417755,0.9918055544188903,0.16924049
TDR48_ATAGACCTCCGAGATT-1,48.0,non_specific_hematopoietic,0.033295771839854466,-0.13030718579704378,1.0332617968041802,1.561548
TDR53_TCTAACTTCTCTCTTC-1,120.0,microglia,-0.09919003088947251,0.10707236744035525,0.9595868231997362,1.0287721
TDR67_CTCAACCAGAAATGGG-1,72.0,erythroblast,-0.07099807920174629,0.04645215537173096,0.9767836966319187,0.0778268
TDR51_CAACGATTCTGCGATA-1,120.0,neutrophil,-0.08933865262383275,0.0997566744261254,0.9628871447217295,0.98855484
TDR53_ACACTGATCCAAGCCG-1,120.0,neutrophil,-0.06373152303539399,0.00863917643065358,0.985630106902638,1.0617181
TDR37_ATGTCTTTCGGATACT-1,12.0,non_specific_hematopoietic,0.4604784431406039,-0.047752206324251256,1.1069916711476158,6.4101037e-06
TDR74_CCCGGAATCCAATCTT-1,240.0,hematopoietic_stem_and_progenitor_HSPC,-0.038165892216197234,-0.02660655053917338,,
TDR48_CCACCATCAGCCGGTT-1,48.0,erythroblast,-0.052882697592816746,0.08672658282457599,0.972464356005617,0.6277924
TDR72_ATCGTAGCAAGCTGTT-1,240.0,erythroblast,0.004364696228368589,-0.03939100506481021,,
TDR50_GTACAACTCGCTTGAA-1,48.0,macrophage,-0.014170737015573615,-0.0213629897409911,1.0014394856113065,1.6015004
TDR52_TAGGTTGAGGTATCTC-1,120.0,erythroblast,-0.06294459122693996,-0.012732438195218847,0.9900078262256197,1.2912272
TDR74_CATGCAAGTAGCTGCC-1,240.0,hematopoietic_stem_and_progenitor_HSPC,-0.0015065805976827717,-0.00035517982302721296,,
TDR54_ATGGGTTGTACGTGTT-1,120.0,neutrophil,-0.11877794291487268,0.005875749224561938,0.9753774658655527,0.40916264
TDR52_GTCACGGTCGGAATGG-1,120.0,macrophage_immature,0.4263583549350954,-0.0012417448763558103,1.0892833685377368,1.1837696
TDR18_ATCGTCCAGATCCAAA-1,14.0,erythroblast,0.4126377330020326,-0.06942646015861376,1.1012135936775143,0.007817917
TDR53_CTTCAATGTGACAGGT-1,120.0,macrophage,0.12450230188261271,0.0259874976583533,1.0198983452855122,1.0983958
TDR41_CAACAACTCCACTGGG-1,16.0,erythroblast,0.3576442345640713,-0.05127597814980722,1.085221422862647,0.005466253
TDR52_ATCATTCCATAGGCGA-1,120.0,erythroblast,0.17028522377462776,0.012236189343119208,1.0321147026752922,1.126455
TDR44_ACGTTCCCAAAGACGC-1,24.0,non_specific_hematopoietic,0.19443946942810567,-0.07612593162462906,1.0556039633246868,0.18058169
TDR71_TATCCTAGTGCTCCGA-1,240.0,hematopoietic_stem_and_progenitor_HSPC,-0.09909592737507127,0.0020820437998011476,,
TDR43_ACTACGATCCTTACCG-1,24.0,erythroblast,0.19830206831870845,-0.016676508350136843,1.0439334219347498,0.1185443
TDR45_CACGTGGCATATGCGT-1,24.0,erythroblast,0.34999595540599926,-0.029332651096329654,1.0788177021928071,0.18118684
TDR46_CCTGTTGGTGTTAACC-1,24.0,macrophage,0.10002929293307267,-0.03819414063032381,1.0280303466786476,3.365641
TDR74_CTGTACCTCGTGGACC-1,240.0,neutrophil,-0.13771861309671485,0.07213946944977478,,
TDR52_TAGACCACATTCTCTA-1,120.0,macrophage,-0.10753016412108762,0.017847813525893513,0.9752361857459313,1.0572906
TDR46_TTCTCTCCATGACGAG-1,24.0,macrophage,-0.05429561726040799,0.01627687504390074,0.9859846440753565,2.8488305
TDR71_CTTACCGCATAGACTC-1,240.0,hematopoietic_stem_and_progenitor_HSPC,-0.09749946274324399,0.00024749819335281864,,
TDR43_GCGAGAACACATAGCT-1,24.0,erythroblast,0.1709508367464541,-0.011742881722688295,1.0372144887598789,0.16052265
TDR44_TGCAGTAGTGACACGA-1,24.0,erythroblast,0.2158703315871654,-0.07375090658440747,1.0596347228328786,0.20940733
TDR39_CATGCAACAACGGCTC-1,16.0,hematopoietic_stem_and_progenitor_HSPC,-0.04091222934785413,-0.05329936726785639,1.0024804989435505,0.037398264
TDR74_CTGGCAGTCACTTTGT-1,240.0,hematopoietic_stem_and_progenitor_HSPC,-0.11069745614805823,-0.04543989944765149,,
TDR46_CTCAATTGTCGCTTAA-1,24.0,non_specific_hematopoietic,0.23337657054035515,-0.04349545906515321,1.0569362637995787,0.2844647
TDR44_CCCTCTCAGATTGTGA-1,24.0,macrophage_immature,0.23366342503739068,-0.06114702562587081,1.060735027653738,3.4433165
TDR52_TCTACATGTGGCAACA-1,120.0,erythroblast,0.27541367056651544,0.023141421749587998,1.0517489548501373,1.1476518
TDR68_GATGATCTCACACGAT-1,72.0,erythroblast,-0.050019501803214086,0.048569259244270746,0.9804753712634067,0.59420675
TDR71_CACAGGCCATGTCAGT-1,240.0,erythroblast,-0.0661695083396063,0.03801397668118767,,
TDR53_CTGCTCAAGGTGATAT-1,120.0,non_specific_hematopoietic,-0.001400487961189023,-0.034395498546041334,1.0066208235048277,1.1122484
TDR44_CAACAACAGTTGAAAC-1,24.0,macrophage,-0.10756230623661864,-0.021787425362161578,0.9829913325930696,3.072204
TDR73_TCTGTCGAGCACGGAT-1,240.0,neutrophil,-0.12396661605084819,-0.008990120900553913,,
TDR41_TATTGGGGTGTCACAT-1,16.0,erythroblast,0.36941609232784667,-0.08447826273391405,1.0950268363084046,0.030489119
TDR46_TCTTAGTGTACAGTTC-1,24.0,macrophage,0.2054313437566836,-0.047034478993807416,1.0517896738748087,2.8454947
TDR51_AAGTGAAGTGTTAAAG-1,120.0,erythroblast,0.14004553365918837,-0.009307083876236619,1.030321122951333,1.0627171
TDR72_GATGGAGCAGGCATTT-1,240.0,erythroblast,-0.0716883239429857,0.006407181997805975,,
TDR72_CATTCTAAGAGTGTTA-1,240.0,hematopoietic_stem_and_progenitor_HSPC,-0.0729793832829308,-0.06103700908101892,,
TDR44_GCTGGGTAGTGGAAGA-1,24.0,macrophage,-0.07108077826425477,-0.03852386008778119,0.9935097694861968,2.9822605
TDR74_TCATTGTCAAGTTCCA-1,240.0,non_specific_hematopoietic,0.1149213732426535,-0.04625883399320428,,
TDR47_GACTCAAGTTATCTTC-1,48.0,erythroblast,0.21933544593577167,0.07935816807831353,1.028391010961378,1.174484
TDR52_GAGCTGCAGTCCCAGC-1,120.0,erythroblast,0.24859223572624567,-0.06367314725682356,1.064444510386848,1.0431664
TDR68_ATCGCCTTCGACCAAT-1,72.0,microglia,-0.08201136018169485,0.033493545704225774,0.9771638036397496,1.4332368
TDR69_TGGGAAGGTGGGAGAG-1,72.0,hematopoietic_stem_and_progenitor_HSPC,-0.10532244148570633,0.012409717372458162,0.9767286223756169,1.5018822
TDR51_GGTCACGCACCAATTG-1,120.0,erythroblast,0.18000476146585478,-0.08442876166831531,1.0543101898862253,1.0797404
TDR51_CTACATTTCACTTATC-1,120.0,macrophage_immature,0.48005377139019234,-0.04462727768345667,1.110639760179886,1.2166802
TDR41_AGCGATTCACGTCGGT-1,16.0,macrophage_immature,0.21835655563939899,-0.035024416427489435,1.0519822004135326,0.013118415
TDR46_ACCCTTGGTGTCCGTG-1,24.0,erythroblast,0.15084932267332618,-0.04971672051450737,1.0409286096319683,0.07689543
TDR48_ACGTACATCCAGTGCG-1,48.0,erythroblast,-0.038214166779864694,0.022121964893351304,0.988005290654996,1.4323927
TDR69_TTACCGCAGGCTTCCG-1,72.0,macrophage,-0.16326133962630857,0.06577581317592424,0.9552258917951657,1.512972
TDR43_AAAGGATGTGCTCTTC-1,24.0,erythroblast,0.13243808338171903,-0.03502161875247187,1.0340591096176464,0.3611312
TDR70_CAATCGACAACTGAAA-1,72.0,erythroblast,-0.08795908903464293,0.037952346822233904,0.9751321417463679,0.6689992
TDR54_CACAGGCCATGATAGA-1,120.0,erythroblast,-0.0451138429658271,0.004280722659567124,0.9901697230479167,1.057105
TDR46_AAGTCGTGTGTGTGTT-1,24.0,erythroblast,0.1458645916407982,-0.053949441022918994,1.040772063550834,0.117603056
TDR69_CCGTTCAGTGTGACCC-1,72.0,macrophage,-0.009330962493466988,-0.013616411390319938,1.000857457185775,1.5321279
TDR51_TCTTGCGCATGGGCAA-1,120.0,hematopoietic_stem_and_progenitor_HSPC,-0.10117329887418083,-0.05309722888104966,0.9904308643687801,1.0840952
TDR53_GAGCCTGCATGGAGAC-1,120.0,macrophage_immature,0.43846945938219195,-0.04054912891172939,1.1005430256307351,1.1968967
TDR44_TACAGGTTCAGTCTTT-1,24.0,erythroblast,0.2022643867935407,-0.04481006679647531,1.0506561678173867,0.04146046
TDR68_AGCGATTCAATACCTG-1,72.0,microglia,-0.1441551178343291,0.0044129129001291845,0.9707235029865622,1.4047903
TDR39_AATGGAAAGCTCCATA-1,16.0,erythroblast,0.3014713321918923,-0.05365057114433741,1.073607400814066,0.29565987
TDR71_CGTGAATAGATGGCAC-1,240.0,non_specific_hematopoietic,-0.09224554732605651,-0.014947818225260645,,
TDR70_ACACCAACAGATTTCG-1,72.0,non_specific_hematopoietic,0.10226625906196155,-0.03205269143201303,1.0272278746265888,1.5776657
TDR47_GTCCACTAGTAATACG-1,48.0,non_specific_hematopoietic,0.026490697351429587,-0.00869689548265147,1.0070623400937602,1.6450404
TDR43_TCACGGGAGTTGTAAG-1,24.0,macrophage_immature,0.21838881796165216,-0.04816563117907244,1.0547575075324218,3.4776711
TDR46_TCCTCTTGTGGTCCCA-1,24.0,erythroblast,0.23931500810130796,-0.060985463572905005,1.0619003588236948,0.08505932
TDR74_CCACAAAGTCCACTTC-1,240.0,non_specific_hematopoietic,-0.06496454205429346,-0.015558460612355926,,
TDR51_GGAGGTACAACGTAAA-1,120.0,innate-lymphoid-cell,0.0735949677172621,-0.026050826713594766,1.02012907038736,1.1231256
TDR51_CGGGTCAAGTGCGTCC-1,120.0,macrophage,-0.07173535832555303,0.005115583387038047,0.9847473301381966,1.0370111
TDR52_CAGGGCTCAATGACCT-1,120.0,neutrophil,0.018689180473061395,-0.056150792557516205,1.0150805760421562,1.1039431
TDR71_ACTGTGACACGCAAAG-1,240.0,neutrophil,-0.1290223506826736,-0.0078082233107480414,,
TDR74_TTGTGTTCACTACAGT-1,240.0,erythroblast,-0.10254515308117577,0.07003622930406947,,
TDR47_GCCAACGAGGCCTTCG-1,48.0,non_specific_hematopoietic,0.07886656332227429,-0.022118674256247473,1.020402387973675,1.6092794
TDR74_CGCCAGACAAATTGCC-1,240.0,hematopoietic_stem_and_progenitor_HSPC,-0.13620193673393644,0.1006774541452503,,
TDR52_TGTCAGAAGTCCCTAA-1,120.0,neutrophil,-0.08544846904836272,-0.036881725313326896,0.9903336734540975,1.0851018
TDR52_AGATCGTGTGCCCGTA-1,120.0,hematopoietic_stem_and_progenitor_HSPC,-0.058135438650266186,0.015241243861019771,0.9854318214152066,1.1016054
TDR71_TATCTTGTCTTGTTAC-1,240.0,macrophage,-0.13950457018603474,-0.03718209663387016,,
TDR39_AAACGAAAGCAAATCA-1,16.0,hematopoietic_stem_and_progenitor_HSPC,0.05520194579301507,-0.025113274829719118,1.016192748368868,0.72311544
TDR54_TCCCAGTGTTCCTAAG-1,120.0,erythroblast,-0.05698849483333342,-0.032470574829441476,0.9951084189400906,1.0937165
TDR53_ATGGAGGTCCGGCTTT-1,120.0,hematopoietic_stem_and_progenitor_HSPC,-0.030347711832647006,-0.025616876681005832,0.9990542804445566,1.1008731
TDR69_CGGGTCACATACAGAA-1,72.0,erythroblast,-0.07748991159292368,-0.02757322653864125,0.9900663310762464,1.5343896
TDR51_TATGTTCGTGAATGTA-1,120.0,neutrophil,-0.08156703105431566,0.0031948995666995494,0.9831904970306513,1.0850354
TDR70_CATTGCCCAAAGAACT-1,72.0,microglia,-0.08348087173264818,-0.033178252938353,0.9899899140250735,1.5015191
TDR74_AATTCCTCACATGAAA-1,240.0,hematopoietic_stem_and_progenitor_HSPC,-0.11843155290387787,0.024734733569257317,,
TDR47_TCTGCCAGTATGTCAC-1,48.0,erythroblast,0.34781598734078845,-0.12942746270425973,1.1001523717774326,1.7211471
TDR72_ATGCATGAGCATGTTC-1,240.0,erythroblast,-0.05867173298029903,0.02716933010856886,,
TDR74_TGACGCGGTCTCCTGT-1,240.0,erythroblast,-0.08573185935607874,-0.009373854131898243,,
TDR53_GACTGATTCCGCACGA-1,120.0,macrophage,-0.15452857563576994,-0.0073785043441027265,0.9709988313366401,0.993792
TDR73_ACGTTCCTCGGTTAGT-1,240.0,hematopoietic_stem_and_progenitor_HSPC,-0.09298495406104301,-0.022007128018815866,,
TDR51_GGGATGAGTTGGTACT-1,120.0,erythroblast,0.41618180400906485,-0.023187788852235033,1.0918504512857412,1.1262751
TDR70_AGGCCACGTGGGACAT-1,72.0,erythroblast,0.06509532314379227,-0.06076357218122457,1.0254912633255562,1.3269557
TDR67_TCGGGCAAGTATGTAG-1,72.0,hematopoietic_stem_and_progenitor_HSPC,-0.01861236238378494,0.022473459914366667,0.991816504152958,1.4865122
TDR44_GAGTGTTCAGACGCTC-1,24.0,erythroblast,0.12535066356405208,-0.03013717347553066,1.0315861481631612,0.096292324
TDR50_TGACCCTAGACTGAGC-1,48.0,erythroblast,-0.05795735704294398,0.050515108574351764,0.9785391398263344,0.71961683
TDR48_CCAATGATCGTCTAAG-1,48.0,neutrophil,0.10362914758126632,0.07807896384230492,1.0051231152532991,0.0025082456
TDR48_GTGGGAAGTGCACGCT-1,48.0,macrophage,-0.150518452493768,0.03185906080040188,0.9641817134953956,1.4712868
TDR46_ACCAAACCACTAGGCC-1,24.0,erythroblast,0.33260340884583567,-0.07002389341416822,1.0838564417658685,0.11255706
TDR53_TAATCTCTCTCGTCAC-1,120.0,macrophage,-0.12477635298479448,0.10279014170713727,0.95550689526013,1.0316157
TDR74_TGGATGTCAAGTATAG-1,240.0,erythroblast,-0.08769921006231562,0.014004151602298169,,
TDR51_TCCCATGGTGCGTGCT-1,120.0,hematopoietic_stem_and_progenitor_HSPC,-0.10349016423075556,0.011246820066926053,0.9773138922010913,1.0824083
TDR74_TCCAGAAGTGGCTAGA-1,240.0,erythroblast,-0.05509879345927873,0.06936908126581245,,
TDR43_GAGTTGTGTTTACACG-1,24.0,erythroblast,0.3380861590127851,-0.05815430386246882,1.0824728422348604,0.094673686
TDR53_AAGAACAGTCTCCTGT-1,120.0,erythroblast,0.049012203448214525,-0.04156608653209315,1.0182807418894366,1.1005328
TDR51_TTTACGTTCGCGGTAC-1,120.0,hematopoietic_stem_and_progenitor_HSPC,0.07072918687639887,-0.050809126993180354,1.024605502373899,1.1320214
TDR43_CGAATTGAGGTGGCTA-1,24.0,erythroblast,0.15766376526985001,-0.03139421476578111,1.0385355502009785,0.11124063
TDR72_AAGACAATCAGACTGT-1,240.0,non_specific_hematopoietic,-0.06864897959811944,-0.04732973903209627,,
TDR74_GTGTTCCGTTGACTGT-1,240.0,erythroblast,-0.07937945706871448,0.012089428886315284,,
TDR44_GGGTCACAGTAGATCA-1,24.0,erythroblast,0.33287163567676326,-0.023410689299681195,1.073856597182434,0.058150705
TDR72_CATCGGGCAACGTAAA-1,240.0,neutrophil,-0.11623636350159197,-0.02371603676022474,,
TDR69_AACAGGGTCCACGTCT-1,72.0,erythroblast,-0.04995584995364647,-0.00960740547825173,0.991962783637899,0.3282529
TDR46_CCACCATAGCTACAAA-1,24.0,erythroblast,0.20803722295545996,-0.04665121389727918,1.0522573223196614,0.09315667
TDR71_GACTGATAGAAACTAC-1,240.0,hematopoietic_stem_and_progenitor_HSPC,-0.12473015644565491,0.020632604597975196,,
TDR52_TCTAACTAGACATCCT-1,120.0,erythroblast,-0.08144999511995274,-0.00017280599089380955,0.9838759688160019,1.0715086
TDR44_ATCTTCAGTATTTCTC-1,24.0,erythroblast,0.35626144806314164,0.0004234189828492829,1.0737611794060327,0.092774644
TDR51_ATCTCTAGTTGTCTAG-1,120.0,erythroblast,-0.08622956137126735,-0.08604436968835656,0.9999629623493286,1.0386724
TDR53_TGCGGGTGTGCGGTAA-1,120.0,macrophage_immature,0.23059409828987656,-0.05043687195913546,1.057815776570032,1.1553284
TDR74_GTCCACTCATGATGCT-1,240.0,hematopoietic_stem_and_progenitor_HSPC,-0.10075439786276699,0.02402074274297561,,
TDR44_GACGCTGTCCCATACC-1,24.0,erythroblast,0.22203936028025478,-0.056763326680218745,1.0573444589572922,0.22550185
TDR19_CCTTTGGAGGGTTTCT-1,14.0,macrophage_immature,0.21575948738376138,-0.04940557978963314,1.0544644560381806,0.008628064
TDR47_GTTGCGGGTGCGAACA-1,48.0,non_specific_hematopoietic,-0.038507364838252484,-0.09322976694910744,1.0110045903384797,1.4451491
TDR46_TGGGAAGGTGGTAATA-1,24.0,non_specific_hematopoietic,0.14007276862670123,-0.013792124283422524,1.0312513611635217,0.06343918
TDR43_TGTTTGTGTGGATTTC-1,24.0,hematopoietic_stem_and_progenitor_HSPC,0.07112180666815968,-0.02394427142345451,1.0191951178220795,2.743452
TDR29_TCGCTTGGTGCACATT-1,19.0,erythroblast,0.26133439781258094,-0.05497077332986533,1.0653048839786234,0.033565275
TDR44_TGTCCACCATACCACA-1,24.0,macrophage_immature,0.2785120638804512,-0.007562805489065572,1.0588834182001803,3.3710923
TDR43_AGTTAGCAGCGAGAAA-1,24.0,non_specific_hematopoietic,0.33448357818350527,-0.04309721480629103,1.0784406536662072,0.1045019
TDR53_ATGGAGGCACCAGCGT-1,120.0,innate-lymphoid-cell,-0.06719398888315288,-0.002804465915845794,0.987204660816714,1.0744165
TDR71_TTCAATCCAAATTGGA-1,240.0,erythroblast,-0.0766097612272505,0.0949613355656049,,
TDR44_ATGCCTCTCTTCGTGC-1,24.0,macrophage,0.10081660680879354,-0.060146708419357514,1.0327164524366217,3.2630649
TDR51_TAACCAGTCTTAATCC-1,120.0,neutrophil,-0.08330455560869901,0.09660157937230565,0.9646584028490004,1.0447037
TDR44_ATCACTTGTACGACTT-1,24.0,erythroblast,0.4032936099133143,-0.06354845856314888,1.097866129689062,0.1949134
TDR52_ATTCCATCAATCAAGA-1,120.0,hematopoietic_stem_and_progenitor_HSPC,-0.07670848087835155,-0.020981915970995288,0.9889165659193297,1.0825839
TDR53_AGCGATTTCGAGTGAG-1,120.0,neutrophil,-0.05836110902885171,0.029294839803723313,0.9826215874492351,0.5721385
TDR69_CGTCAAAGTGTTTGCA-1,72.0,hematopoietic_stem_and_progenitor_HSPC,-0.12771734899929407,0.01811602687682122,0.9712545669496986,1.4956838
TDR46_CTTCCGAGTGCATCTA-1,24.0,erythroblast,0.2372920586236851,-0.06128063082886971,1.0615334757045292,0.29335687
TDR48_TGAGCGCTCTTACTGT-1,48.0,neutrophil,0.021331399976805,-0.02907188464669981,1.0101316379099876,1.5416968
TDR52_TGTGCGGGTGTGTGGA-1,120.0,macrophage,-0.10508367491752076,0.08299191101737644,0.9630835438708047,0.9996283
TDR74_CCTCACACACAGAGCA-1,240.0,erythroblast,-0.07119337228628304,0.0004342374018424938,,
TDR46_ATCATTCGTGCCCAGT-1,24.0,macrophage_immature,0.290791179891586,0.03181898011613518,1.0531592328020623,3.263605
TDR46_GCGGAAAGTTGCTAGT-1,24.0,macrophage,0.15188912266087204,-0.06485664390199491,1.044302452864336,3.3639195
TDR74_TACATTCGTTCGATTG-1,240.0,hematopoietic_stem_and_progenitor_HSPC,-0.04297144786686896,-0.07868960322197316,,
TDR47_GCGTGCATCATTGGTG-1,48.0,erythroblast,-0.023278825545508627,0.016073810305572367,0.9921603643314908,1.2189325
TDR54_GTAACCAGTTATAGCC-1,120.0,non_specific_hematopoietic,0.13426407261898643,-0.030563761390669658,1.0335149514035786,1.1205083
TDR71_GTTCATTCACGATTCA-1,240.0,hematopoietic_stem_and_progenitor_HSPC,-0.13201956203821794,0.022125026582071883,,
TDR46_TAGTGCACATCCCGTT-1,24.0,macrophage,0.15121036056656817,-0.0555677526558975,1.042222677634432,3.276122
TDR67_GCTGAATAGAGGGTGG-1,72.0,hematopoietic_stem_and_progenitor_HSPC,-0.08549970910340943,-0.011785075732347342,0.985365218159835,0.07005407
TDR51_TATTCCAGTCGTACTA-1,120.0,macrophage,-0.061697520147014365,-0.0014781575655975487,0.988028364620524,1.1025305
TDR48_TTACGTTAGCAAGCCA-1,48.0,non_specific_hematopoietic,0.05475942774593012,0.05939448961185244,0.9990734171700447,1.5730721
TDR73_CCTCTCCGTTCAACGT-1,240.0,neutrophil,-0.16210165709596114,0.09753921604002924,,
TDR41_AATGCCAAGCTAAATG-1,16.0,erythroblast,0.3017126128603228,-0.07572138571828779,1.0784089923188303,0.5012142
TDR51_TTACAGGTCATGAGGG-1,120.0,neutrophil,-0.08144729523063969,0.11742582490094809,0.9610060024108369,0.9881349
TDR54_GACTTCCGTCCAACGC-1,120.0,neutrophil,-0.08121644279872703,0.08161377254123658,0.9679585207698923,0.8361769
TDR71_AGTTAGCGTCTTAGTG-1,240.0,erythroblast,-0.05398436677416832,0.021971868304110825,,
TDR74_GAAGGACAGAATACAC-1,240.0,hematopoietic_stem_and_progenitor_HSPC,-0.14568312589157426,-0.05853740706983844,,
TDR72_TGACCCTCAAGACAAT-1,240.0,erythroblast,-0.033822217418758176,-0.030507916845561225,,
TDR68_TGCTTCGGTCAAGCGA-1,72.0,macrophage_immature,-0.09342221149204093,-0.042426977500567425,0.9898527871110099,1.3565825
TDR74_ATCGATGCACAAAGCG-1,240.0,hematopoietic_stem_and_progenitor_HSPC,-0.13406975449958655,0.013445357897559351,,
TDR74_TAGAGTCCACATCCCT-1,240.0,erythroblast,-0.0921332923208148,0.012439971320807,,
TDR73_TTAGTCTGTTGGAGGT-1,240.0,neutrophil,-0.10696929435590247,-0.008232815318125516,,
TDR74_CTTCCTTTCCGCTAGG-1,240.0,erythroblast,-0.0778469434748823,-0.009236949653441205,,
TDR72_CAATCGATCGAGTCCG-1,240.0,hematopoietic_stem_and_progenitor_HSPC,-0.14089785569063934,-0.01914166559535717,,
TDR46_GTTACCCGTCCTATAG-1,24.0,erythroblast,0.3165824632734744,-0.05274253978053538,1.0766614470470652,0.3332142
TDR73_CTGCCATGTCGTGATT-1,240.0,erythroblast,-0.04839731900016766,-0.016905371181694842,,
TDR48_AACACACCACGATTCA-1,48.0,erythroblast,-0.040805676697259805,-0.0319821643880536,0.9982368537100201,0.6564426
TDR74_ATCGTCCAGCCTGAGA-1,240.0,erythroblast,-0.07530031310861593,-0.03353399646199012,,
TDR51_TGAGACTCACCTCTGT-1,120.0,non_specific_hematopoietic,-0.05801933098096758,0.01799412677189513,0.9849122859712727,1.084021
TDR49_TCATGTTCAAGGCAAC-1,48.0,macrophage_immature,0.17572543804462143,-0.029461686993822636,1.0418910975981746,1.5325524
TDR54_CTACGGGAGTCTACCA-1,120.0,macrophage,-0.14797026087420972,-0.0359730822900515,0.9778495689898721,1.0681274
TDR46_GACCCTTGTACGCTTA-1,24.0,macrophage,0.019605090610319564,-0.043728699942653826,1.012747321289851,3.0700016
TDR47_CTAACTTAGCACCGTC-1,48.0,non_specific_hematopoietic,0.13101528881831231,-0.11100810065553576,1.0495953174164065,1.7136958
TDR54_CTGATCCTCAAGGAGC-1,120.0,erythroblast,0.23223167693015123,-0.024430519492793838,1.0526727849086421,1.0797876
TDR53_GGTGTTAGTCTAACTG-1,120.0,non_specific_hematopoietic,-0.013526373238652717,-0.09335347682125647,1.01609354901173,1.122142
TDR54_AGGGTCCTCTGGACCG-1,120.0,neutrophil,-0.11249210169394856,-0.004883429982364018,0.9787082056588139,1.0485787
TDR44_TGGGAGAGTCATAACC-1,24.0,erythroblast,0.30809097128243534,-0.03968656095073739,1.072031564216165,0.15843613
TDR45_CCCTTAGAGGTTCTAC-1,24.0,erythroblast,0.3151248711989936,-0.08675569318278913,1.0836945825208881,0.34838155
TDR44_GATCGTATCCAACTGA-1,24.0,erythroblast,0.35609170705200693,-0.04264244186065558,1.0830128463662545,0.23712242
TDR50_TCGGTCTAGGCATTTC-1,48.0,erythroblast,-0.07574128799409059,-0.05764944812205934,0.9963881704304972,0.38047367
TDR51_ACACCAAGTGTTGAGG-1,120.0,macrophage,-0.15132849147054578,-0.1103736857413222,0.9918424933725344,1.0743
TDR72_AAAGGTAGTACTGCGC-1,240.0,erythroblast,-0.07231028405875858,0.017374022571361003,,
TDR51_AAGGTAAAGGTAGCAC-1,120.0,hematopoietic_stem_and_progenitor_HSPC,-0.05988263306140623,-0.0411660152932872,0.9962636739479626,1.1096555
TDR74_CAAGGGACACGCTGTG-1,240.0,erythroblast,-0.10074912304360673,0.055964775259496065,,
TDR51_TGCTGAACAGAGTAAT-1,120.0,macrophage,-0.03699575173778988,-0.042747779104956626,1.0011510674436304,1.094773
TDR54_GTGAGTTTCGGTGTTA-1,120.0,macrophage,-0.16135912496781152,-0.026667657873672757,0.9734213061719698,1.0255365
TDR21_TCGCACTTCCCTGGTT-1,14.0,non_specific_hematopoietic,0.3054354248282214,-0.0535565257008461,1.074438704752657,0.4523923
TDR72_TATCTTGAGAGAGCCT-1,240.0,erythroblast,-0.07238823783772286,0.03770824663752966,,
TDR67_GCCGATGCATCTGTTT-1,72.0,erythroblast,-0.0680842585294307,0.0100026751358024,0.9845039322681297,0.025894696
TDR74_GTCGAATGTTGATGTC-1,240.0,erythroblast,-0.07773187963494176,0.038021590718644575,,
TDR53_CTCCTTTCAGTCAGCC-1,120.0,neutrophil,-0.08951668832167418,-0.04003786247261608,0.99015303680405,1.0826093
TDR53_TTGCTGCGTTAGGAGC-1,120.0,non_specific_hematopoietic,-0.015509487885327522,-0.02536997031090532,1.0019740423463206,1.1246483
TDR52_TCCGTGTCAAACTAAG-1,120.0,macrophage,-0.10897871208301234,-0.11434477103761109,1.001073787888767,1.0457675
TDR52_TTTGGTTCATAATCGC-1,120.0,macrophage,-0.026928129503210774,-0.033211978353356014,1.0012575598360989,1.0820758
TDR54_GCAGGCTTCTACCTTA-1,120.0,neutrophil,-0.10130854353455189,0.007997065158665856,0.9783761007884232,1.046787
TDR72_TGACCCTAGCGCCCAT-1,240.0,erythroblast,-0.07678277973772957,0.01016321427964166,,
TDR54_ATCCCTGCATCTTAGG-1,120.0,neutrophil,-0.016725753510598157,0.0964604529781618,0.9776170585523013,0.9784562
TDR67_CTAGACACATTCCTCG-1,72.0,hematopoietic_stem_and_progenitor_HSPC,-0.09806908575675381,-0.037209463580219065,0.9879018537925347,1.4976021
TDR73_CACAGGCTCGAGAAAT-1,240.0,erythroblast,-0.039520509527532596,0.007766789540256544,,
TDR74_GCTGGGTAGTGATAAC-1,240.0,macrophage,-0.17321760075754666,0.02677434756432051,,
TDR47_CGCCAGAGTACGTTCA-1,48.0,non_specific_hematopoietic,-0.0002868635428762978,-0.0639681321475305,1.0128177052287195,1.5798186
TDR44_AAGTCGTGTTCAAAGA-1,24.0,non_specific_hematopoietic,0.18651194104528712,-0.0629554590869193,1.0511591209705495,0.09039014
TDR47_AGGATAACATGTGTCA-1,48.0,macrophage,0.07097782431389754,-0.003956780917402647,1.0150997880857278,1.6128647
TDR70_GCAGTTAAGGTGAGCT-1,72.0,non_specific_hematopoietic,-0.15025923091689125,-0.08382033681076059,0.9868001139810405,1.349688
TDR74_TCCTAATGTGGCAGAT-1,240.0,erythroblast,-0.07141081112438208,-0.006817647544402179,,
TDR48_GCCATTCTCAATGTCG-1,48.0,non_specific_hematopoietic,0.0839210340368603,-0.05313819650034718,1.0277910073355643,1.5898947
TDR71_GCATGATAGCAGAAAG-1,240.0,hematopoietic_stem_and_progenitor_HSPC,-0.06786409230597198,0.0225823885384773,,
TDR43_GGCAGTCGTGACTATC-1,24.0,erythroblast,0.3987806605171187,-0.025548506602125015,1.0885710070555425,0.20548671
TDR53_GTGTCCTTCTTAGCTT-1,120.0,microglia,-0.09377878015156722,0.019998609667750883,0.9775014752037938,1.0431886
TDR46_TAAGCGTGTGGTCTCG-1,24.0,erythroblast,0.25334668237624747,-0.061287533961760385,1.0649489281977238,0.068044275
TDR51_ACTTAGGGTTGTACGT-1,120.0,hematopoietic_stem_and_progenitor_HSPC,-0.06364519846607133,-0.016608189077576954,0.990636709295131,1.113867
TDR47_AGGTTGTAGGTGGGTT-1,48.0,neutrophil,-0.09829208362256489,-0.028273694565138757,0.9860939175886572,0.00081497163
TDR48_CATTTCACACCGTCGA-1,48.0,macrophage_immature,0.4847471764856665,0.021672289280627782,1.097039269077099,1.7118173
TDR51_GTAGGTTGTGGACCTC-1,120.0,erythroblast,-0.09245667395987951,-0.026611534485686414,0.9869173043668308,1.0441306
TDR70_TTCTGTAGTTGCCTAA-1,72.0,erythroblast,0.05154206632809394,-0.03926080673277155,1.018326480641821,1.5639523
TDR74_GTGTGATCACCCGTAG-1,240.0,hematopoietic_stem_and_progenitor_HSPC,-0.06217591370464361,-0.056534226453886574,,
TDR47_CCTCAGTAGGCCCGTT-1,48.0,non_specific_hematopoietic,0.15392600699888617,-0.07241295488432282,1.0463080157054745,1.6480403
TDR74_TCGGGTGGTGTACGCC-1,240.0,macrophage_immature,0.34909979748730485,-0.11409780682253057,,
TDR74_TCGCTTGTCTTTGATC-1,240.0,hematopoietic_stem_and_progenitor_HSPC,0.24583487803935544,-0.03111317153906093,,
TDR41_GGTTGTATCGCTACAA-1,16.0,erythroblast,0.373516936455707,-0.09034055532208707,1.0972109921055655,0.054410417
TDR53_TTCTAACGTGGCACTC-1,120.0,macrophage,-0.024255910976006156,-0.0022482083679461196,0.9956081320612441,1.0996871
TDR71_TGGGCTGTCGCTCCTA-1,240.0,erythroblast,-0.0966813646025664,0.02994153401062044,,
TDR54_CAAGGGATCGTTCAGA-1,120.0,macrophage,-0.07669895080925297,0.017419152149767636,0.9813524373410454,1.0702802
TDR52_AGAGAATAGACAGTCG-1,120.0,erythroblast,0.1309086244552609,-0.03339343440833427,1.0334062778225597,1.3419589
TDR51_GAGGGATTCCCAGCGA-1,120.0,neutrophil,-0.09355573714848127,-0.0028694939114237428,0.9820262413352236,1.0785491
TDR72_ATCGTGAGTTGGAGGT-1,240.0,neutrophil,-0.11567663133362711,0.04927648553525768,,
TDR51_AACAACCAGCTTACGT-1,120.0,non_specific_hematopoietic,0.1895764620243894,-0.015420762429106824,1.0418515272038462,1.1160433
TDR52_GTTACAGGTTAGTTCG-1,120.0,macrophage,-0.1497747776295515,0.01793539863213761,0.9670142616885476,1.0522412
TDR54_GGGAGTAGTAATTAGG-1,120.0,microglia,-0.12552464143007688,-0.00012285326734001734,0.975231541581676,1.052484
TDR71_TTCCACGGTAGATGTA-1,240.0,neutrophil,-0.06708183200322113,-0.0366497756458391,,
TDR46_AATCGTGAGCTCCCTT-1,24.0,non_specific_hematopoietic,0.19819135825850498,-0.03657327194848625,1.0480726709888692,0.17245232
TDR51_GCGTGCAGTTCCGCTT-1,120.0,microglia,-0.08859630918971648,-0.026345502671156276,0.9876270213104814,1.0648503
TDR47_TCACAAGGTAGTCCTA-1,48.0,erythroblast,0.1103482025217086,-0.08278753011378945,1.0393828738796245,1.6606399
TDR54_TGCATCCAGGTTGGTG-1,120.0,macrophage,-0.1404797623330788,-0.07756156660316454,0.9874952037842638,1.0333455
TDR43_AACCAACCAACCGCCA-1,24.0,erythroblast,0.30615229094582347,-0.039128343840152166,1.071496347290264,0.5645299
TDR74_ATCACTTCAATAGAGT-1,240.0,erythroblast,-0.08092657218485962,-0.01651904909955003,,
TDR53_TTACTGTGTCTCACAA-1,120.0,hematopoietic_stem_and_progenitor_HSPC,0.3803391707570929,-0.01230981486878982,1.0816955861008617,1.1683252
TDR52_GATCGTAGTAACCCGC-1,120.0,macrophage_immature,0.41591739996517924,0.07353596474877364,1.0708752310318934,1.103802
TDR45_TCATGCCCAAGTCATC-1,24.0,erythroblast,0.2568763735851893,-0.07799492961158691,1.0692679555468605,0.101582535
TDR51_GAGCTGCAGAATCCCT-1,120.0,macrophage,-0.06968453037548046,0.05676698671894821,0.9750268173200667,1.0112939
TDR74_AAACGAATCCGACAGC-1,240.0,erythroblast,-0.08090106267011624,0.007375214730803832,,
TDR22_TCGTCCACAGCTTCGG-1,14.0,erythroblast,0.2399922866777163,-0.02557668440199895,1.0545496399413172,44.165035
TDR54_ATGACCAAGCCAGAGT-1,120.0,macrophage,-0.03959950994429433,-0.05504182750540143,1.0030932377293877,1.0952814
TDR51_TCATGGAAGCCGATAG-1,120.0,hematopoietic_stem_and_progenitor_HSPC,-0.08689729410351323,0.08412247809810915,0.9663743881893154,1.0731032
TDR53_TGTGAGTTCCATCCGT-1,120.0,neutrophil,-0.09473200331585518,-0.0846978280727286,0.9979951772984562,1.0928468
TDR44_TGACTCCAGATACATG-1,24.0,erythroblast,0.0852715768955658,0.005884952975164087,1.016004039245864,0.22177257
TDR37_CAAGAGGGTTCCAAAC-1,12.0,erythroblast,0.43337353687422425,-0.04913749044708074,1.1013120100453928,2.9689521e-05
TDR45_CGCAGGTTCCTCTCTT-1,24.0,erythroblast,0.4635899611606013,-0.05290713069647533,1.108823361462282,0.9343548
TDR74_GAGTCTACACCGTCTT-1,240.0,macrophage,-0.1337380815935843,-0.0056069933849832165,,
TDR74_ATGGGTTTCTGGGTCG-1,240.0,erythroblast,-0.08186063729248136,-0.025362608929315182,,
TDR53_GGTGGCTCAGACCCGT-1,120.0,neutrophil,0.1689367268939043,0.035595082750386975,1.0270271109829385,1.0417699
TDR52_TCCGTGTCAGGTTACT-1,120.0,erythroblast,0.355968392458361,0.011177696083670835,1.0713913589905102,1.0785569
TDR74_CAGCAGCGTTGAAGTA-1,240.0,macrophage_immature,0.3161022538552285,-0.06154896806019708,,
TDR44_TTGTGTTCAGCGCGTT-1,24.0,erythroblast,0.22967373120065412,-0.02467092287777191,1.052184975218547,0.057339154
TDR51_GGGAGTATCGTGCAGC-1,120.0,macrophage_immature,0.2784193140062634,-0.01361293915581202,1.0601458050859145,1.1624649
TDR18_GAAGGACTCTAAGGAA-1,14.0,erythroblast,0.29257069123096957,-0.09050846995682851,1.0796272387334995,49.522446
TDR74_GTTAGACTCAATCGGT-1,240.0,microglia,-0.1292470455261607,0.07086629939220057,,
TDR74_TCATACTGTCCGAAGA-1,240.0,erythroblast,-0.0660497901479656,0.0008294974612217121,,
TDR41_TGGATCACAACAAGTA-1,16.0,neutrophil,0.031726295731535126,-0.025685745224924533,1.0115485840838847,0.24790144
TDR74_CTCCAACCATGGAACG-1,240.0,erythroblast,-0.03875574741102446,0.028483989094126562,,
TDR46_GAGTTTGTCGTGTGAT-1,24.0,erythroblast,0.21153481863862822,-0.019990805202572196,1.0473939480407708,0.22189273
TDR53_TAGGAGGCAGACATCT-1,120.0,neutrophil,0.18684165951648107,0.013653481448138202,1.0352445050837091,1.0301107
TDR46_ACTTATCTCGTTGCCT-1,24.0,erythroblast,0.24042101643644873,-0.027564797680415087,1.0550594993473306,0.09495662
TDR51_ACCGTTCGTTGGAGAC-1,120.0,microglia,-0.12449447366344187,-0.0702726667565936,0.9892142267307122,1.0504824
TDR47_AGACCCGAGTTACGGG-1,48.0,macrophage_immature,0.1750350376303448,0.025995567033064354,1.0302565965909856,1.6534323
TDR51_TCAGGTACAAACACCT-1,120.0,neutrophil,-0.11911241124309233,-0.06391800556909762,0.9890218237369379,1.0815187
TDR40_CTTCAATCAGTCGCTG-1,16.0,erythroblast,0.25444810557324055,-0.049168721361308704,1.0626049202236432,0.0030134476
TDR46_GCAACATGTAAGCAAT-1,24.0,non_specific_hematopoietic,0.24439704384628186,-0.05118610064828517,1.0608989650032532,0.061697297
TDR74_TTGATGGGTCTCTCTG-1,240.0,macrophage_immature,-0.09951709981182533,-0.03951936502707498,,
TDR41_AAAGTCCTCATCACTT-1,16.0,erythroblast,0.32395623087400366,-0.07508104191758079,1.083078505767511,0.49595147
TDR52_CTGTATTGTGTTCCTC-1,120.0,erythroblast,0.22367394474721586,0.019947905343383865,1.0415866836547185,1.051302
TDR67_GTTCATTTCTGGTCAA-1,72.0,erythroblast,0.0567090803197475,0.0119594306761516,1.0089901003028279,1.4612942
TDR53_CTGGTCTCACCCAATA-1,120.0,hematopoietic_stem_and_progenitor_HSPC,0.27102749399626813,-0.023044274049104696,1.0605783299235894,1.1627733
TDR46_CTTCCGACAAAGTATG-1,24.0,erythroblast,0.3055868785322023,-0.04796659050612315,1.0732706770957468,0.08589217
TDR19_CAGGCCATCTCGCGTT-1,14.0,macrophage,0.2057431003503632,-0.04680177721360393,1.051806303813573,3.5807957e-08
TDR52_AAACGCTGTTCTCACC-1,120.0,hematopoietic_stem_and_progenitor_HSPC,0.1916502001475387,-0.009059243476077311,1.040958463983327,1.1407452
TDR44_CTGAGGCCACGTAGTT-1,24.0,erythroblast,0.26232114078131213,-0.05029526143322309,1.0645192411088042,0.27063087
TDR74_ATCACTTGTTGGGTAG-1,240.0,erythroblast,-0.06362558428850941,-0.0036292412686719025,,
TDR72_GCACTAACAGTGTGCC-1,240.0,innate-lymphoid-cell,-0.09321213492957388,0.13597472790294735,,
TDR53_AATTCCTTCTTCGATT-1,120.0,hematopoietic_stem_and_progenitor_HSPC,-0.03024917056111441,-0.05121934458701379,1.0042028420775178,1.1121655
TDR52_TTTCAGTAGTCAGGGT-1,120.0,erythroblast,0.3235367037506721,-0.024195014694590622,1.0720217414958235,1.0252383
TDR51_GTAGGAGCAAGGGCAT-1,120.0,innate-lymphoid-cell,-0.08286516477497691,0.02447252854568882,0.9787612488511065,1.1000571
TDR52_CTGTACCAGGCCTAGA-1,120.0,non_specific_hematopoietic,-0.08055592587119655,0.008583717812022662,0.9823300485889589,1.1027853
TDR71_CGCGTGACACTATCCC-1,240.0,neutrophil,-0.08133342304233414,-0.02783343104732594,,
TDR74_AACCTTTGTCAAACGG-1,240.0,hematopoietic_stem_and_progenitor_HSPC,0.15123293847046723,0.01884159399371471,,
TDR46_GAGCTGCTCTCGGGAC-1,24.0,macrophage,0.12762245073790998,-0.020242013537109527,1.0300145134341145,2.776012
TDR74_AGGTCATCACTTTATC-1,240.0,erythroblast,-0.06234589429266632,0.01347572120107507,,
TDR73_GTGAGTTGTGAAGCTG-1,240.0,hematopoietic_stem_and_progenitor_HSPC,-0.0796578822991787,0.037578198196935336,,
TDR48_ATGGTTGCAAGACGAC-1,48.0,erythroblast,-0.045339501430378376,-0.03195598691110002,0.9973268762711871,0.64641947
TDR72_GTCTCACGTACTTGTG-1,240.0,erythroblast,-0.06562109429275044,0.02563237350472057,,
TDR71_ATACTTCCACTGAGTT-1,240.0,erythroblast,-0.08970809372629254,0.07720229629541174,,
TDR48_GCTCAAACATGGCGCT-1,48.0,macrophage,-0.15896973009626136,-0.009141421356446883,0.9704788575239677,1.5263497
TDR44_CGAAGGATCAGCGTCG-1,24.0,non_specific_hematopoietic,0.1660177949721905,-0.06789415553252158,1.0478939521696804,0.09758556
TDR71_CGTCAAAGTCGAGTGA-1,240.0,erythroblast,-0.05375351933401537,-0.001714228623923085,,
TDR53_CCGGTAGTCATGAGGG-1,120.0,hematopoietic_stem_and_progenitor_HSPC,0.033671451566397226,0.010524670666926542,1.0046400882036102,1.0779055
TDR71_TACAACGCAATTGAGA-1,240.0,non_specific_hematopoietic,-0.005548979180245717,-0.07915142436086396,,
TDR54_TTGTGTTGTACGCGTC-1,120.0,macrophage,-0.1523380587963739,0.13332372267145146,0.9444690546700019,0.97428226
TDR74_TCGTGGGGTACTGCCG-1,240.0,erythroblast,-0.08216867681778715,-0.03255795575058467,,
TDR48_AGACCATTCGACGCTG-1,48.0,erythroblast,0.03382232637333692,-0.02769975948896832,1.0123804279496151,0.76703733
TDR71_CAGAGCCCAATCTGCA-1,240.0,erythroblast,-0.014904451820692707,-0.06532526019434742,,
TDR48_GTCTCACAGACGGAAA-1,48.0,macrophage,-0.12493027241583479,-0.019140889423224977,0.9790643810130093,1.5026937
TDR18_ATGGTTGTCCAATCCC-1,14.0,erythroblast,0.22969528133523975,-0.053740054512945334,1.0583245740664355,8.203882e-05
TDR53_CACTAAGCATGACTTG-1,120.0,erythroblast,0.177205369374599,-0.034715484945734405,1.043295205392617,1.0897093
TDR72_AGTGATCTCAGAACCT-1,240.0,erythroblast,-0.06766970968899158,0.0006512777176968104,,
TDR44_CTCAGGGTCATCGCAA-1,24.0,macrophage,-0.024137880035924014,-0.02646048300636114,1.0004646285004861,3.2735283
TDR74_GTCGTTCCATTAGGAA-1,240.0,hematopoietic_stem_and_progenitor_HSPC,0.2299825728272849,-0.09444318998902956,,
TDR67_GGGATCCGTACGAGTG-1,72.0,hematopoietic_stem_and_progenitor_HSPC,-0.07241946855261533,0.043157537074352686,0.9771497130899017,1.4892702
TDR46_GAAGGGTAGTCAACAA-1,24.0,macrophage,-0.013981070076313828,-0.05239787257875861,1.0077129532568323,3.1754992
TDR52_TCGCTCAAGGTCCAGA-1,120.0,erythroblast,-0.002912697572342249,0.07669524716486292,0.9842044895397334,1.0745596
TDR74_GTTGTGATCGGTCATA-1,240.0,erythroblast,0.13168997072359948,0.018981455476835593,,
TDR53_GTCACGGCAGCTCATA-1,120.0,macrophage,-0.12796413360222103,0.03587840592675612,0.967762563042929,1.0711086
TDR43_CGAGAAGCAGACGGAT-1,24.0,erythroblast,0.21744647242095813,-0.03701922411056084,1.0522104473369682,0.16839065
TDR46_GCATGATAGAGTAACT-1,24.0,erythroblast,0.18746001400054937,-0.06924039813311461,1.0526808306671154,0.033928968
TDR19_AGATCCAAGCGAATGC-1,14.0,macrophage_immature,0.48743298252768336,-0.022453196766679784,1.107358263381225,8.9535184e-14
TDR73_TGCAGATCACGGTAGA-1,240.0,innate-lymphoid-cell,-0.08895366693338216,-0.02269069590494316,,
TDR47_TGGGCGTTCCTATTGT-1,48.0,erythroblast,0.049131800421910954,-0.03428270672190529,1.0168228381291324,0.399974
TDR43_AAATGGACATGGACAG-1,24.0,erythroblast,0.27179240132426163,-0.030277716108886243,1.0622762628347455,0.10949606
TDR28_GTCATCCCACTAACGT-1,19.0,erythroblast,0.27082010140096335,-0.026614797927971112,1.061291942726045,0.04489835
TDR74_TGATGGTAGTCATCCA-1,240.0,hematopoietic_stem_and_progenitor_HSPC,0.10863961108920892,-0.08266146120305862,,
TDR74_TTGATGGAGCGTGTTT-1,240.0,hematopoietic_stem_and_progenitor_HSPC,-0.12215007128732981,0.03639682441134,,
TDR52_CTTGAGAAGAGCAAGA-1,120.0,microglia,-0.1463721394653791,0.00449484007626022,0.9702772768516688,1.0480778
TDR71_ATTACCTTCATTTCGT-1,240.0,hematopoietic_stem_and_progenitor_HSPC,-0.09439387263556723,0.004127012806686106,,
TDR51_GAAGAATAGCCTCACG-1,120.0,macrophage_immature,0.3481450697349312,-0.000759637938093527,1.072273264989045,1.1788875
TDR44_GGGATGAGTACTGTTG-1,24.0,erythroblast,0.10649467705071539,-0.0424021263629342,1.0302272002489663,0.06438458
TDR54_GTCTAGAGTTCTGACA-1,120.0,macrophage,-0.08913201964014134,0.002893790466709928,0.9817631786121759,1.0694399
TDR67_TTTCATGCAAGGATGC-1,72.0,macrophage,-0.15266935353291064,0.0992082062422813,0.9508722935374994,1.4748734
TDR47_TCCTCGACATGGCACC-1,48.0,macrophage,-0.08369005463223064,-0.0020996314891870427,0.9838143340628371,1.5243089
TDR40_CCTTCAGAGACCAACG-1,16.0,erythroblast,0.25239992334775113,-0.031005911589052748,1.0583183297769636,0.00414922
TDR51_TGGGCTGGTGCCCGTA-1,120.0,macrophage,-0.10295360047439858,-0.058322177864951086,0.9911134364809405,1.0954323
TDR54_CCTCTAGGTTCGAACT-1,120.0,macrophage,-0.1279327584894172,0.037006056187169484,0.9675503994934114,0.98572284
TDR67_CGGAACCAGCGACTTT-1,72.0,hematopoietic_stem_and_progenitor_HSPC,-0.10444012497210056,0.025343358996601686,0.9743772823556346,1.4556495
TDR45_TCTTTGAAGCGACAGT-1,24.0,erythroblast,0.24934738053277158,-0.04733144334740877,1.061131471502815,0.61232525
TDR70_TGAGTCAAGTCGGCCT-1,72.0,non_specific_hematopoietic,-0.11856962585118275,-0.0579386079304972,0.9879470225387312,1.1566736
TDR43_AAGATAGCATTCTCTA-1,24.0,erythroblast,0.3317286013177946,-0.0515187218569327,1.079663549796433,0.22124784
TDR73_GTAGGTTAGAAGTCAT-1,240.0,hematopoietic_stem_and_progenitor_HSPC,-0.11138980288898093,0.027358829879146465,,
TDR67_TCAGCAAGTATTCTCT-1,72.0,hematopoietic_stem_and_progenitor_HSPC,-0.0938492789304346,-0.041299491688825074,0.9895450791748539,1.2505827
TDR72_TCGAAGTCAGCCGGTT-1,240.0,innate-lymphoid-cell,-0.10704958992747182,0.04708391687144403,,
TDR51_GTAAGTCAGTCGGCAA-1,120.0,erythroblast,0.1873462772608401,-0.04129206846301682,1.0467892991112517,1.0174522
TDR48_GAAGGGTAGCTAAGTA-1,48.0,macrophage,-0.05273548826354074,-0.050451443775072574,0.9995432954236053,1.5200105
TDR51_TCACACCTCCTAGCGG-1,120.0,microglia,-0.061454507016207124,0.012150122539624691,0.9853868971849903,1.0499778
TDR54_TTACAGGCATTGCAAC-1,120.0,neutrophil,-0.10217879883512634,0.06715494167145644,0.966700310707349,1.0569428
TDR41_TCATTCAGTCATTGCA-1,16.0,erythroblast,0.3351551321399955,-0.024582822413708155,1.0745990238318235,0.012499969
TDR52_TGTTGGAAGGAGAATG-1,120.0,macrophage,-0.001670979561777225,0.042413543131936335,0.9912218503809666,1.1080003
TDR69_CTGTCGTCAAATCAAG-1,72.0,non_specific_hematopoietic,0.09613079352716225,-0.04104966075588028,1.0278159261728075,1.4134833
TDR74_CGTGAATAGGTATTGA-1,240.0,hematopoietic_stem_and_progenitor_HSPC,-0.09728528641082429,0.03136136016088087,,
TDR51_GTCTACCAGTCTAGAA-1,120.0,macrophage,0.18797723826402316,-0.013489665744513268,1.041116172888613,1.1390102
TDR73_ACACGCGAGTGGTTGG-1,240.0,hematopoietic_stem_and_progenitor_HSPC,-0.08126350904398166,-0.04312781684832489,,
TDR51_GCATGATAGACATACA-1,120.0,non_specific_hematopoietic,-0.05984192802792504,-0.02623569914172301,0.9933012912745356,1.153122
TDR51_TGAGTCATCAACTACG-1,120.0,neutrophil,-0.08703384015149684,-0.03315364245887219,0.989281813978467,1.0728712
TDR71_CGTTCTGCAGCGACAA-1,240.0,non_specific_hematopoietic,0.18813301426196388,-0.029445600010538635,,
TDR44_AGTGACTGTTTCGACA-1,24.0,non_specific_hematopoietic,0.13226899028812644,-0.07297232518321523,1.0419023897652895,0.13731919
TDR74_ATTCTACTCTACCTTA-1,240.0,innate-lymphoid-cell,0.12463556226793227,0.08862643362179407,,
TDR72_ATCCACCCAACTTGGT-1,240.0,hematopoietic_stem_and_progenitor_HSPC,-0.08756713462698681,-0.05354599554693578,,
TDR71_CTACCTGGTTCCCAAA-1,240.0,erythroblast,-0.10086063220134608,-0.04436219231262043,,
TDR53_CTGCATCAGTTTGGCT-1,120.0,macrophage,-0.07079999135688296,0.1316747373620861,0.9603140181722334,1.034258
TDR51_GAAACCTCAGGAGACT-1,120.0,hematopoietic_stem_and_progenitor_HSPC,-0.08014044334186578,0.007353360206288684,0.9826534534572796,1.0766202
TDR69_GGGTGTCCACCCTAAA-1,72.0,erythroblast,-0.09269660483993315,-0.026691305336616913,0.9868856919322964,0.88748735
TDR67_TCAGTCCGTACGACTT-1,72.0,macrophage_immature,0.39143519948529487,-0.012091880963172444,1.084051505393887,1.600874
TDR51_CTGAGCGAGCTGGCCT-1,120.0,hematopoietic_stem_and_progenitor_HSPC,-0.07921897869062303,-0.04540072457481954,0.993259171180725,1.1127563
TDR73_TTAATCCCACGATTCA-1,240.0,hematopoietic_stem_and_progenitor_HSPC,-0.09319202091414873,-0.008079391106827191,,
TDR54_CTATCCGAGTCGCCAC-1,120.0,hematopoietic_stem_and_progenitor_HSPC,-0.07835450336977721,-0.0784193974826135,1.0000129789067926,1.0979385
TDR46_TGACTCCCAATAGAGT-1,24.0,erythroblast,0.1598893790155885,-0.05863274807451364,1.044673530308318,0.043942075
TDR70_TAGACTGCAAATCGTC-1,72.0,erythroblast,0.11704725232776109,0.016339912250741995,1.0203456760948695,1.573571
TDR71_TTGCGTCAGTAGTCTC-1,240.0,erythroblast,-0.05181217059386771,0.03395206475219481,,
TDR44_ATCATTCCATACTGAC-1,24.0,erythroblast,0.25032788069463774,-0.017880333154609754,1.055106429381106,0.14958717
TDR74_CCACTTGTCTGCAGCG-1,240.0,non_specific_hematopoietic,0.20808959249037182,0.017111324713681902,,
TDR27_AGGGCCTAGGTTATAG-1,19.0,erythroblast,0.2898034658555192,-0.06552688703060919,1.0736521603429636,6.77537
TDR47_CCTAAGATCTTACGTT-1,48.0,erythroblast,0.14627642575453903,0.09768742793232156,1.0097651707020259,0.55817443
TDR70_AGAAGTACACCAACAT-1,72.0,macrophage,-0.10568331912783316,0.05683362887101473,0.9680191686281941,1.5073596
TDR74_AGTACTGCAGATACCT-1,240.0,hematopoietic_stem_and_progenitor_HSPC,0.10667778796167857,-0.09097714732554542,,
TDR74_ATCGGCGCACAGTATC-1,240.0,microglia,-0.0957475448220089,-0.038512369924761314,,
TDR53_ATCCATTAGCTTGTGT-1,120.0,erythroblast,0.11990506518018115,-0.04892022668579478,1.034341568288587,1.1429124
TDR51_AGTAGCTAGGGCCTCT-1,120.0,hematopoietic_stem_and_progenitor_HSPC,-0.11484540880864036,-0.02216112120971843,0.9816338933343752,1.089562
TDR43_TTACGTTCAAGTGACG-1,24.0,erythroblast,0.2804398889138976,-0.031593095981108515,1.0643950365628065,0.19266593
TDR74_TGCGACGAGACCAGCA-1,240.0,hematopoietic_stem_and_progenitor_HSPC,-0.07515234424127006,-0.05348698554087632,,
TDR44_ACATCGAAGGGCTTCC-1,24.0,erythroblast,0.14389485641782493,-0.060529461677395646,1.0417321573698877,0.07473266
TDR44_CTGCCTAGTCTGCCTT-1,24.0,macrophage,-0.10133309501293469,-0.028723445043599666,0.9855830046661374,2.9866536
TDR51_CCCTAACTCGGAAGGT-1,120.0,neutrophil,-0.09536524565435453,-0.018119336966219216,0.984669544675574,1.0693208
TDR46_CAGATACCATGGAATA-1,24.0,erythroblast,0.30385541458085763,-0.07059351321643742,1.0777653590323828,1.2699852
TDR47_AGGAGGTGTCTTGAAC-1,48.0,non_specific_hematopoietic,0.1674257999535629,-0.005241840549905133,1.035136733962953,1.6961528
TDR28_GAGAGGTCAGATTAAG-1,19.0,hematopoietic_stem_and_progenitor_HSPC,0.19939298260205052,-0.01382783939936949,1.0435664906670663,0.0551549
TDR74_GGCTGTGTCGTCACCT-1,240.0,erythroblast,-0.02481680083693119,0.02027563350020207,,
TDR44_ACTATGGTCCCGTGAG-1,24.0,hematopoietic_stem_and_progenitor_HSPC,0.13952900026261475,-0.0594549655786331,1.0405992958201655,0.13619666
TDR71_CTGGCAGTCTCCGCAT-1,240.0,non_specific_hematopoietic,-0.04649335626970258,-0.06765895621212209,,
TDR51_CCTTTGGTCCAGTACA-1,120.0,non_specific_hematopoietic,-0.08531756139063572,-0.10695820742887129,1.0043375090864264,1.0980121
TDR53_ATGACCATCAGGAGAC-1,120.0,macrophage,-0.09786557066479652,-0.026379386136049357,0.9858044832364721,1.0788527
TDR68_AGTAGTCTCAAATGCC-1,72.0,erythroblast,-0.03648678077446235,0.004766550105039111,0.9917832771544278,0.74332327
TDR19_CTCCTTTCAGGATTCT-1,14.0,macrophage_immature,0.2601125916833475,-0.07013890247989968,1.0682804490741868,0.0580861
TDR52_TGACTCCCACAATGAA-1,120.0,macrophage,0.07039216679370264,0.09850795180709274,0.9943926233523339,1.0282279
TDR67_CCTCACAAGTCGCGAA-1,72.0,hematopoietic_stem_and_progenitor_HSPC,-0.07711846877642857,0.05257142607524583,0.9743955207482271,1.4713348
TDR51_CTCAGAACAGATCATC-1,120.0,hematopoietic_stem_and_progenitor_HSPC,0.00042753534002618054,-0.018778609512828726,1.0038486159458992,1.0908217
TDR71_TGGATCAGTCACTTCC-1,240.0,erythroblast,-0.07604314819888985,0.09864831265108084,,
TDR74_GAGGGTACAGAGTCAG-1,240.0,erythroblast,-0.09219276512062156,-0.01001780242991588,,
TDR70_TTAATCCTCCAACCGG-1,72.0,hematopoietic_stem_and_progenitor_HSPC,0.03185487029776307,0.014902908828907324,1.003396146174524,1.5147073
TDR22_GAACGTTAGAAAGCGA-1,14.0,erythroblast,0.19203116580749124,-0.06029086169285347,1.0517594258379128,1.0517209e-06
TDR72_TCTAACTCAGCTGTCG-1,240.0,erythroblast,-0.06597846579822887,-0.017378292733856382,,
TDR43_ATCACAGCACGCGCAT-1,24.0,erythroblast,0.308676937170196,-0.05017318113862476,1.0744082271795274,2.190003
TDR53_TGGCGTGTCGAATGCT-1,120.0,macrophage,0.09940274674147337,-0.003295422496171152,1.020752023771559,1.0966711
TDR74_CTACCTGGTACGTGTT-1,240.0,macrophage_immature,0.23230826041591357,-0.06419483820597331,,
TDR71_TCAATCTTCAGCACCG-1,240.0,macrophage_immature,-0.09894169179924839,-0.0385884806089867,,
TDR40_TGTTCCGCATTGCTTT-1,16.0,erythroblast,0.1838730560002677,0.006730854671230524,1.0360635050462392,0.0029265787
TDR71_GGAACCCGTTAGAAAC-1,240.0,neutrophil,-0.11539208147597951,0.017350240861992022,,
TDR74_ATCCCTGCAATAGGGC-1,240.0,non_specific_hematopoietic,-0.09322708030415335,-0.025800916755704936,,
TDR44_GGAGAACTCGATCCAA-1,24.0,erythroblast,0.22787871529009385,-0.065571572597604,1.0604465124384126,0.11606855
TDR51_ATTTACCAGACTCTTG-1,120.0,macrophage,-0.13154690115351148,-0.01909505585093557,0.9777606539016788,1.05289
TDR74_ACGATCACACAAATAG-1,240.0,macrophage,-0.08393358484683341,-0.05234870984870392,,
TDR71_TCATTACGTACGTGTT-1,240.0,neutrophil,-0.12718535975406045,-0.028475688467471116,,
TDR74_AGTGATCCACCCTGAG-1,240.0,hematopoietic_stem_and_progenitor_HSPC,-0.07999650093087438,-0.019848579369881297,,
TDR43_GAGAAATCACCCAATA-1,24.0,neutrophil,0.1406757099540656,-0.04851134144613581,1.0385623595871332,1.6327932
TDR40_GAAACCTAGCCTGAGA-1,16.0,hematopoietic_stem_and_progenitor_HSPC,0.1754462923690122,-0.005544300304582805,1.036861247574447,0.0050073806
TDR73_GGCGTCAAGCATCAGG-1,240.0,neutrophil,-0.08900344503714167,-0.07342578964212922,,
TDR52_CGTCAAAAGACTTCCA-1,120.0,erythroblast,0.2192952282745438,-0.027442366956576703,1.0505853857392762,1.0010031
TDR39_AGACACTAGGGCTAAC-1,16.0,erythroblast,0.24260207250303495,-0.05073859547007423,1.0604232634820439,0.11004166
TDR71_GATCCCTGTTACTCAG-1,240.0,erythroblast,-0.07124903151955428,0.009816397727335648,,
TDR35_GTCTACCAGCACGTCC-1,12.0,microglia,0.339865777578477,-0.03984889277705439,1.0789010039125473,0.000444861
TDR52_GTGCAGCTCCATACTT-1,120.0,macrophage,-0.0013212583095829344,0.03545710174101882,0.9926713147361489,1.0874726
TDR47_TCCGATCAGTAAGGGA-1,48.0,macrophage,-0.08181820228331024,0.04713019259949877,0.974540034313302,1.5485022
TDR44_AAACGAATCGTTCCCA-1,24.0,erythroblast,0.185428857518364,-0.03790090919756724,1.0456784961543262,0.063542485
TDR74_GAACTGTAGATCGCTT-1,240.0,erythroblast,-0.07100062863500861,0.06324253015728068,,
TDR69_CTGGCAGGTCACTCAA-1,72.0,hematopoietic_stem_and_progenitor_HSPC,-0.11208473747581423,-0.0610439398566434,0.9898437668953358,1.5446185
TDR46_AACCACAAGGATTCCT-1,24.0,non_specific_hematopoietic,0.18004876646619555,-0.050812487440984606,1.0472547858768606,0.05286644
TDR54_TTTAGTCCACGGGCTT-1,120.0,macrophage,0.12580568759639485,-0.03207839399144269,1.032080653185911,1.1258409
TDR43_TCGGTCTAGCGCACAA-1,24.0,erythroblast,0.19447739959475577,-0.04691550684307956,1.0494629753520628,0.15751141
TDR50_TAACTTCCAACGTATC-1,48.0,erythroblast,0.33931807442071793,0.04208278899159537,1.0612495738470873,1.6722388
TDR43_GACTGATCAATTGGTC-1,24.0,non_specific_hematopoietic,0.2223515037123307,-0.05722736269315595,1.0575086095050588,0.098317556
TDR73_CAAAGAAGTATTTCCT-1,240.0,erythroblast,-0.06902221897927602,-0.016452162098129525,,
TDR44_GAGACCCGTACATTGC-1,24.0,erythroblast,0.20878445412213112,-0.06776779957247625,1.0568686694098033,0.6267093
TDR51_GGAACCCCATCAGCGC-1,120.0,non_specific_hematopoietic,-0.1110754032182813,-0.010707377491621844,0.980126528296107,1.1198447
TDR43_GGAGCAACATCACGGC-1,24.0,erythroblast,0.19522542223572753,-0.031781157945601185,1.0464477319083272,0.14634988
TDR53_CATCAAGGTTTACCTT-1,120.0,macrophage_immature,0.16589475903456807,-0.04181711403708015,1.0424173329480544,1.1392608
TDR51_TCAATCTTCCTACGGG-1,120.0,neutrophil,-0.09163893390212052,0.03043607070890092,0.9758806343471731,0.9893528
TDR71_TGAATCGTCAGACCCG-1,240.0,macrophage,-0.1477857145243627,0.003687367667066621,,
TDR47_GTTCATTTCTCCGAGG-1,48.0,erythroblast,0.04466966809577419,0.03266125383136481,1.0024045692033818,0.41984466
TDR41_GGGTCTGTCGCGCTGA-1,16.0,macrophage,-0.07388512710856637,-0.000737419066989653,0.9854769501942815,6.9721184
TDR52_AGCTTCCGTATCTCTT-1,120.0,macrophage,-0.13982168860993496,-0.03204614887043025,0.9786755431822116,1.0091959
TDR74_TCCGTGTTCGTAACTG-1,240.0,microglia,-0.10766780539608795,-0.086842589908176,,
TDR51_GTTACGATCAAGGCTT-1,120.0,neutrophil,-0.083004144264458,0.06108880849276187,0.9715927045770693,1.0535723
TDR54_AAACCCACAATCGCCG-1,120.0,macrophage,-0.08003458729455853,0.008626608201015129,0.9824240518927416,1.0440818
TDR51_TGCAGATAGTGGTTGG-1,120.0,macrophage_immature,0.3430934971459504,0.004887392619445763,1.0699813526641795,1.1689583
TDR47_ATCCATTCAGAAGTGC-1,48.0,erythroblast,0.2763100342597028,0.019286291866742723,1.0527489055813468,0.94574535
TDR47_TGAATGCGTAATCAGA-1,48.0,macrophage_immature,0.21773270415230156,0.00598992420919342,1.0432580492254844,1.5606153
TDR71_TGTGATGCACTGTGTA-1,240.0,erythroblast,-0.055864588916014445,0.025455959561174434,,
TDR52_TGAGGTTCAACCCGCA-1,120.0,neutrophil,-0.02301130976915039,0.12415308499297847,0.9709960497260085,1.0479933
TDR53_TATTGCTAGGGATCTG-1,120.0,hematopoietic_stem_and_progenitor_HSPC,-0.1188454693536297,0.03128480015425547,0.9704202499854604,1.0604045
TDR43_TCCACCAGTTCCACGG-1,24.0,macrophage,0.09803697605548578,-0.023582869809734758,1.024622210136391,3.4151504
TDR74_TTCCGGTGTGCGTCGT-1,240.0,hematopoietic_stem_and_progenitor_HSPC,-0.09279673949403985,-0.04267085027259586,,
TDR74_CATTCCGTCCCTTTGG-1,240.0,erythroblast,-0.07438375255333933,0.014307069253742338,,
TDR45_CTTGATTAGAGTCTGG-1,24.0,erythroblast,0.2516488893978486,-0.04839454206547557,1.0618457700084238,0.24205878
TDR72_CTGCTCATCACTTGTT-1,240.0,hematopoietic_stem_and_progenitor_HSPC,-0.09797586996660587,-0.029623619280255628,,
TDR51_GAGTGAGCACATTGTG-1,120.0,hematopoietic_stem_and_progenitor_HSPC,-0.08993753641355422,-0.023245773453643356,0.9867502090402451,1.1005826
TDR72_GGTTCTCGTTTCACTT-1,240.0,erythroblast,-0.11280748440117558,0.09272443256388412,,
TDR51_CAATTTCAGAATCTAG-1,120.0,neutrophil,0.15576516381802993,0.03447470636823391,1.0245547126224641,1.0264226
TDR44_TGGGCGTTCGGCATAT-1,24.0,erythroblast,0.3361962336990124,-0.04537495386837251,1.0793016779504978,0.15068968
TDR53_GGGTCACCAATGAACA-1,120.0,erythroblast,-0.10178233605026854,-0.01443352663446612,0.9826819496674333,1.0804105
TDR29_TTGCTGCTCGTTAGTG-1,19.0,macrophage,-0.11111255992876902,0.008546573784296296,0.9763522686036248,0.90113723
TDR72_AAGACTCGTCCACTCT-1,240.0,erythroblast,-0.041559150689181874,-0.0005987411023977984,,
TDR43_GCTACCTAGTCGCCCA-1,24.0,erythroblast,0.23461789818243964,-0.02846093927732539,1.0540245767974448,0.23244093
TDR44_CAACCAAAGCCATTGT-1,24.0,non_specific_hematopoietic,0.1680983465991545,-0.042210189360671314,1.042958834826159,0.099601984
TDR73_GGTCACGCAACCGATT-1,240.0,neutrophil,0.13242801896450673,-0.0026319256023380477,,
TDR52_GTAGAAACACCTGTCT-1,120.0,macrophage,-0.1355924237502984,0.0157120577187162,0.9701923809301937,1.0210121
TDR52_GTGAGGACACCAGCTG-1,120.0,macrophage,-0.10613460309109707,-0.07788667919427172,0.9943663441133972,1.095735
TDR44_GTCTCACGTACGATTC-1,24.0,macrophage,-0.05439822055573221,-0.05208682246062299,0.9995378272157381,3.1802511
TDR51_TCATTCAGTTGGCCGT-1,120.0,erythroblast,-0.023450095855318702,0.01637695453785084,0.9920662297364589,1.1667418
TDR52_CATACAGCATGAGAAT-1,120.0,erythroblast,0.2368099535502104,0.0004887100323130861,1.048399010558777,1.0722023
TDR73_TACGGTAAGTTACGTC-1,240.0,neutrophil,-0.1223522604557506,0.023066398090274512,,
TDR74_GACCAATCAGTTCACA-1,240.0,hematopoietic_stem_and_progenitor_HSPC,-0.10535875474508037,0.06892624172675502,,
TDR67_AATGGCTGTAACATGA-1,72.0,macrophage_immature,-0.13794080400733513,-0.03733524454580606,0.9800799667791267,1.1171865
TDR69_TTCACCGCAAGTGCAG-1,72.0,microglia,-0.1707614602485511,0.036608396776888374,0.9593743061816776,1.3860359
TDR50_GTGAGGATCAGAATAG-1,48.0,non_specific_hematopoietic,0.14370129645755578,-0.020486968215025048,1.0333827589639168,1.6906127
TDR50_TGGTAGTGTATCGTAC-1,48.0,non_specific_hematopoietic,0.08313981735203019,-0.08219069024918864,1.0336188607612513,1.5243263
TDR73_TAACGACCAGAATTCC-1,240.0,neutrophil,-0.11253920084988424,-0.07294156854663301,,
TDR46_AGTACTGCAAGCGATG-1,24.0,erythroblast,0.15057156763027138,-0.06956450579566976,1.0450107941412403,0.18245803
TDR40_GGGTTATAGGACATCG-1,16.0,erythroblast,0.27200386145911465,-0.07017141916517666,1.0708310787728268,0.08022588
TDR53_CCTCATGAGTGTTGAA-1,120.0,neutrophil,-0.06227555384359218,-0.06493746536877357,1.000532524045648,1.0930922
TDR48_TCGTAGATCTGCTTAT-1,48.0,microglia,-0.06825706304693949,-0.06119789734234812,0.998589163026628,1.555472
TDR51_CGAATTGTCTTCGACC-1,120.0,microglia,-0.1495393410523273,-0.018532253117952924,0.9741388611487877,1.0537546
TDR53_TAAGCGTTCTGGCCGA-1,120.0,macrophage,-0.007935399146858646,-0.033554334251457055,1.0051369360656803,1.1042641
TDR44_AGTCAACAGAGCATCG-1,24.0,non_specific_hematopoietic,0.2040032949570817,-0.025332008838909514,1.0469352229316617,0.0726274
TDR67_ACGTAGTAGCTTCATG-1,72.0,hematopoietic_stem_and_progenitor_HSPC,-0.12258887451830824,-0.007909319059092451,0.9773251174658858,1.5152123
TDR47_TTCCAATTCGGCATTA-1,48.0,macrophage_immature,0.1261390744134459,0.01864747545505427,1.0217310736148875,1.6037463
TDR53_TGATGCATCATTACTC-1,120.0,macrophage,-0.06613887649339036,-0.06124064100729287,0.9990208326003405,1.0893644
TDR53_AGAAATGTCAAACCCA-1,120.0,erythroblast,0.05529045338848548,0.0618396445236984,0.9986910192366275,0.988503
TDR54_TTTATGCCAACGGTAG-1,120.0,neutrophil,-0.0731350897087949,-0.015003862652289757,0.9884410782202753,0.7923091
TDR46_TGTCCCAGTGTTCGTA-1,24.0,erythroblast,0.3105770860491448,-0.01707988750275527,1.0677262577439401,0.07854782
TDR51_GCAACCGCACACGTGC-1,120.0,hematopoietic_stem_and_progenitor_HSPC,0.07146692807352195,-0.07912851147797564,1.0305772559378312,1.1514606
TDR74_TCATGAGTCAGCGTCG-1,240.0,erythroblast,-0.009666193797911476,0.0595346766649493,,
TDR51_CATTGTTGTTGACTAC-1,120.0,erythroblast,0.18055911574355432,-0.009772834250572474,1.0388001965330516,1.0693661
TDR70_TGGAACTCATGGAAGC-1,72.0,macrophage_immature,-0.11602611289861829,0.03017973541509575,0.9711822165333696,1.4626744
TDR74_TGAGCGCTCTGGTCAA-1,240.0,erythroblast,-0.05680242921429515,-0.04044199631345957,,
TDR74_CGGGTGTTCACCGCTT-1,240.0,neutrophil,-0.047414437061057566,-0.03905228549795514,,
TDR53_AGATCGTCAGTTGTTG-1,120.0,macrophage,-0.10153760842006515,-0.009016930769031192,0.9816660148739395,1.0681543
TDR47_TACAGGTTCGGATACT-1,48.0,macrophage_immature,0.21492694731918816,0.0241293912284552,1.0388969353781334,1.6357572
TDR43_AGTCATGAGTCATGGG-1,24.0,erythroblast,0.1837759032285303,-0.030514678197462466,1.0437897875713231,0.09554953
TDR71_CGTGCTTTCGATCCAA-1,240.0,macrophage,-0.13816605780840335,-0.03221055838092961,,
TDR52_GCCTGTTAGTCTGCAT-1,120.0,macrophage,-0.10190284207581049,-0.03384392964091276,0.9864804389174876,1.0504671
TDR42_TCATCCGGTGTATTGC-1,16.0,hematopoietic_stem_and_progenitor_HSPC,-0.008830746764136532,-0.08079253533036236,1.0144964263585352,0.20477964
TDR68_ACTTTGTTCATTTGCT-1,72.0,erythroblast,-0.06462626376316591,0.03290796075146235,0.9806821824913523,0.7550483
TDR74_CACAACATCTAGCCAA-1,240.0,neutrophil,-0.05891716278470366,0.05512384644005161,,
TDR51_TGTAACGAGGCTCTAT-1,120.0,macrophage,0.030437332029767367,-0.06567059558882742,1.019407509539613,1.1143832
TDR45_GGTAGAGTCACGTAGT-1,24.0,erythroblast,0.22075921847959554,-0.06655519288903082,1.059145956835406,0.35421684
TDR46_CATGGTATCAGCTAGT-1,24.0,erythroblast,0.20904685293109013,-0.033092594952974924,1.0496196805719424,0.07581786
TDR54_ACTTCGCAGCCGATCC-1,120.0,erythroblast,0.16031106118179594,-0.016556701414443056,1.0360066394157819,0.97564375
TDR51_AACAAAGTCGTTCTGC-1,120.0,non_specific_hematopoietic,-0.026920935816679342,-0.08227190559293017,1.011131695286729,1.2038293
TDR53_GGAGGTATCCTTCTAA-1,120.0,macrophage,-0.09263914364575192,0.07356137609968118,0.9673062776470028,1.0224344
TDR18_AATCACGCATCCTCAC-1,14.0,macrophage_immature,0.19861177775771127,-0.030800354333571422,1.046951309904946,9.854381e-10
TDR53_ATCGGCGAGAGTCGAC-1,120.0,macrophage,-0.05987410426760356,0.1017516786797483,0.968191716975095,1.0585651
TDR46_AACAAAGGTTGCAAGG-1,24.0,neutrophil,0.08260476027974645,0.003600133853898013,1.0159264200114475,2.2675903
TDR74_CTACGGGAGCCTCTGG-1,240.0,erythroblast,-0.0808882918090335,-0.04142761745570618,,
TDR53_GGTTAACAGTGCAGCA-1,120.0,neutrophil,-0.09597096931320728,-0.053914748144226574,0.9916240313079653,1.0826483
TDR73_TCCACCAGTTTACGTG-1,240.0,neutrophil,0.12795822190622475,0.018244257423740792,,
TDR52_ATCCTATGTTCGGTTA-1,120.0,innate-lymphoid-cell,0.04319102940174202,-0.03576680280416164,1.0159169121590697,0.9828973
TDR46_TTCAGGAAGTTAGTAG-1,24.0,erythroblast,0.31727295980900266,-0.06291808470307789,1.0790038009206002,0.06570926
TDR52_AATCGTGGTAAGTTAG-1,120.0,erythroblast,0.25171888670251164,-0.003776319936853678,1.052427121901291,1.0773169
TDR69_AGTACTGGTGGACCTC-1,72.0,hematopoietic_stem_and_progenitor_HSPC,-0.0931792430756339,-0.0525273808342631,0.9919025896379619,1.5346692
TDR73_ACACTGACAGCCCAGT-1,240.0,neutrophil,-0.12083768270965804,-0.0614634722199289,,
TDR53_GCACTAACAAGCGAGT-1,120.0,macrophage,-0.06099034719943357,-0.01636071980671415,0.9911137923336886,1.1004686
TDR44_TACCTGCTCCCTTCCC-1,24.0,erythroblast,0.37504252015866363,-0.02354281766403124,1.082980613981487,0.20463288
TDR43_TGAATCGTCACTTCTA-1,24.0,erythroblast,0.22582986720246756,-0.03915294030630262,1.0544260194711041,0.12442747
TDR51_GTGGAGACACGATAGG-1,120.0,hematopoietic_stem_and_progenitor_HSPC,0.1532305071573164,0.001960283956154024,1.0307163486597744,1.1235216
TDR71_ACCGTTCTCTGGGATT-1,240.0,neutrophil,-0.15754975746747543,0.04065984919451285,,
TDR51_TGTCCACAGATGGTAT-1,120.0,macrophage,-0.005394838640909089,-0.009212168838410875,1.0007637575538795,1.1006272
TDR68_ATGGATCCACTAACCA-1,72.0,non_specific_hematopoietic,-0.09375473448645064,-0.0723221389055892,0.9957226548940233,1.1315889
TDR46_TCAAGTGAGCAATAAC-1,24.0,erythroblast,0.3598900926809493,-0.05837790759993189,1.0872522044674597,0.061481267
TDR74_AGTCAACTCATGTCAG-1,240.0,hematopoietic_stem_and_progenitor_HSPC,-0.08733983040775249,0.0032917016050346,,
TDR72_GACATCATCTCATTGT-1,240.0,erythroblast,-0.03963805888690585,-0.029775698979695633,,
TDR53_TATTGGGCAATAGTCC-1,120.0,macrophage_immature,0.14828984371058074,-0.03898447595228767,1.0381651373326624,1.1447302
TDR46_TTTCCTCCAGGGTCTC-1,24.0,erythroblast,0.16760707007268963,-0.027366006943850635,1.0397648849205245,0.10318843
TDR46_GCTTTCGTCGACGCTG-1,24.0,macrophage,0.1976381605246496,-0.042071943441770815,1.049109827005571,3.3678484
TDR46_AATCGACCAACGACTT-1,24.0,erythroblast,0.37704441636105557,-0.02739118185980116,1.084248499302359,0.4451041
TDR69_CATTTCAAGCTTCGTA-1,72.0,macrophage,-0.10121576898654623,-0.019447490340973567,0.9837793393266855,1.5379248
TDR71_TCCGGGACATCAACCA-1,240.0,hematopoietic_stem_and_progenitor_HSPC,0.1988467772296106,-0.03476731097640623,,
TDR74_GACCCAGGTGTACATC-1,240.0,erythroblast,-0.06625644289645152,-0.0427632939092459,,
TDR51_ATTCTTGTCGAACACT-1,120.0,hematopoietic_stem_and_progenitor_HSPC,0.232887517966952,-0.03048626402661933,1.0540867543888055,1.1405128
TDR74_AGCGCTGAGCGACCCT-1,240.0,innate-lymphoid-cell,-0.10463940401814543,-0.0019611032560699626,,
TDR73_CAAGACTCACCTGTCT-1,240.0,erythroblast,-0.037051852387869,0.01719011111215949,,
TDR51_ATTCTACGTCGCTCGA-1,120.0,macrophage,-0.08340030399526226,-0.012787817117032751,0.9859767572997529,1.0761913
TDR54_CGCCAGACATACTGAC-1,120.0,macrophage,-0.09775602106462446,0.0303635972197569,0.9747015828966347,1.0685627
TDR48_ACGATCAAGGACCCAA-1,48.0,erythroblast,0.02137597041574084,0.09541432881828797,0.98530142274782,1.2798094
TDR53_GTTCTATCACGTCGGT-1,120.0,neutrophil,-0.10962517398020104,0.022244023943996785,0.9739709126594764,1.0501959
TDR54_TCACTATCAGCGACCT-1,120.0,microglia,-0.14780681006867508,0.03125241413208596,0.9648218126080834,1.0459371
TDR74_CGGGACTGTGCATTAC-1,240.0,macrophage,-0.11073160873848464,0.006395176924881091,,
TDR40_AGGGAGTAGGTAGCAC-1,16.0,erythroblast,0.19303952024602145,-0.014411536711745526,1.042362958518675,0.009265272
TDR52_GCTTCACCAACTGATC-1,120.0,macrophage_immature,0.3130891664974579,0.00023811322927347334,1.0645692003934062,1.1645473
TDR51_GAAATGAGTGGCCCAT-1,120.0,macrophage_immature,0.2998635632743122,-0.038285657531525324,1.0699691798293465,1.1868991
TDR72_GACCTTCTCTTCTGGC-1,240.0,erythroblast,-0.0661739809747052,0.00966780945874643,,
TDR53_GTCATCCAGGTCACCC-1,120.0,neutrophil,-0.10108879698662716,-0.07056031282141331,0.9939129050554466,1.0439576
TDR71_TGGTTAGTCGGATACT-1,240.0,neutrophil,-0.11511730718456392,-0.024979765672422632,,
TDR53_CATAGACGTCCCTAAA-1,120.0,non_specific_hematopoietic,0.03663484798774844,-0.0258038187948402,1.0125660306779527,1.1302552
TDR18_GGACGTCTCAACGAGG-1,14.0,hematopoietic_stem_and_progenitor_HSPC,0.17560680794628547,-0.02531570640867012,1.0410028244847562,0.0076837083
TDR74_GGTTCTCGTAGCTGCC-1,240.0,erythroblast,-0.05740994660638766,0.014269009688434205,,
TDR73_CCATCACAGATAACGT-1,240.0,erythroblast,-0.05891061289728274,-0.05469062750018289,,
TDR74_GTGTCCTGTCTGCGCA-1,240.0,erythroblast,-0.05665320822423607,0.03802568664233402,,
TDR47_AGACCCGAGCACGTCC-1,48.0,non_specific_hematopoietic,-0.037963293842987134,0.04006438669951065,0.9845155993237269,1.5701936
TDR49_TCCTAATCAATCTGCA-1,48.0,macrophage,-0.0007769452093744911,0.024304799475595634,0.9949962119293283,1.5561076
TDR51_TTGTTTGAGAGACAAG-1,120.0,macrophage,-0.08158561455759901,-0.06395359814838894,0.9964798071758735,1.0941898
TDR40_GCAGCCATCTCTGACC-1,16.0,hematopoietic_stem_and_progenitor_HSPC,0.2899965926450365,0.0017314988697848532,1.0593473582671213,0.0038356155
TDR43_GACTCTCAGTTCATCG-1,24.0,erythroblast,0.20495533013771283,-0.07842717776040012,1.058313392301956,0.18853211
TDR44_TTGGGATAGGTCGTGA-1,24.0,non_specific_hematopoietic,0.22608757673579416,-0.020429540819463965,1.0505390606358203,0.084103964
TDR71_GAGATGGAGGACGCTA-1,240.0,erythroblast,-0.07015111418342186,0.02090289588903651,,
TDR43_GGGAGTATCTGCCTGT-1,24.0,erythroblast,0.28937327125892026,-0.058455989748575465,1.0720426552493079,0.21909815
TDR43_GTCGTAAGTTGATCGT-1,24.0,erythroblast,0.25033142534046016,-0.0529263278712397,1.0625286122627697,0.227259
TDR41_GGAGGATAGGTACAGC-1,16.0,hematopoietic_stem_and_progenitor_HSPC,0.05753439047765427,-0.07664530237579756,1.0271992651589787,0.26748255
TDR44_ACAGGGATCGTCACCT-1,24.0,neutrophil,0.05725154571503785,-0.045059525192391786,1.0206730005497813,1.6662744
TDR74_AGAGCCCAGACGCAGT-1,240.0,hematopoietic_stem_and_progenitor_HSPC,-0.08624111941859561,-0.0069158489321484995,,
TDR43_TAGACTGTCCATTGTT-1,24.0,erythroblast,0.4329170802160336,-0.03540533163569272,1.0981912215818523,0.14807373
TDR53_CATCCACTCTAGCCAA-1,120.0,macrophage_immature,0.2828720089831701,-0.056592663449109765,1.0702507154019352,1.1657249
TDR72_AAGGTAATCCTATGGA-1,240.0,hematopoietic_stem_and_progenitor_HSPC,-0.08117241724299998,0.03062511565412683,,
TDR46_CAAGCTATCTTCTCAA-1,24.0,erythroblast,0.3852386734953087,-0.02855914783170642,1.0862805964739464,0.066749
TDR74_GGGAGTAAGTATTCCG-1,240.0,erythroblast,-0.07307395760852615,-0.02600570692532304,,
TDR52_CTCTGGTGTCATCCGG-1,120.0,erythroblast,0.1358211925499973,-0.036892710644521834,1.0351463116494455,1.0091091
TDR46_TTAGTCTTCGCATTGA-1,24.0,erythroblast,0.1943334051058291,-0.06569202747385923,1.0533811005394942,0.031035809
TDR68_ATTCAGGTCTGGCCGA-1,72.0,erythroblast,-0.05400801342945234,-0.03637040742801455,0.996478693193339,1.5722001
TDR67_TTGCATTCAAAGCTAA-1,72.0,erythroblast,-0.06679347600692356,0.04441595256680515,0.9780036413282361,0.009010807
TDR47_TCATGAGTCAGCTGAT-1,48.0,erythroblast,0.00015527358605771369,0.013857438112546604,0.9972633186532092,0.67476046
TDR51_CAGCCAGGTTTACTGG-1,120.0,neutrophil,-0.09614596152687109,-0.06558324058274717,0.9939060994034697,1.057501
TDR71_AGACCATCATCCTTGC-1,240.0,erythroblast,-0.037183804876983154,-0.004122708218749091,,
TDR74_TCATTTGGTTGCATAC-1,240.0,macrophage,-0.13563058920073928,0.004461014584322742,,
TDR51_ACAAGCTGTGGATCGA-1,120.0,neutrophil,-0.07610760362065087,-0.04702626692628066,0.994200614398581,1.0858403
TDR54_ACATCCCAGAGGATCC-1,120.0,macrophage,-0.14727013459986107,-0.012940573295597363,0.9734917660832623,1.0626339
TDR45_AACAACCCAAAGCTAA-1,24.0,erythroblast,0.25109011104209406,-0.013760256114597302,1.054398090130351,3.4844916
TDR73_TGTCCTGGTCCAGCCA-1,240.0,neutrophil,-0.13131614548635545,0.050102826669788214,,
TDR53_TACTTGTAGTTCCAGT-1,120.0,erythroblast,0.05929411672456476,-0.12498410542805989,1.0375432348826723,0.9810752
TDR46_TGACGCGCAAATCGGG-1,24.0,macrophage,-0.03310714936426476,-0.0651529486692534,1.0064297424749853,3.281846
TDR74_ATCTTCAAGATTCGCT-1,240.0,macrophage_immature,0.48809076077174607,-0.008268732571563492,,
TDR52_AGCATCAAGGCCTAAG-1,120.0,macrophage,0.036101350697888224,0.054778164071673296,0.9962716051139597,1.0912895
TDR74_TGGGAAGGTCGCAACC-1,240.0,hematopoietic_stem_and_progenitor_HSPC,-0.1398072606271141,0.012617984895608905,,
TDR44_TTTCGATCATAGGTAA-1,24.0,erythroblast,0.40768289560524285,-0.10136448370789687,1.1071725085446698,0.16226189
TDR43_CATTGCCTCCGTAGTA-1,24.0,neutrophil,0.0384600181719322,-0.004592831008100262,1.008647747422581,1.800469
TDR51_GAAGGACGTGGTCCGT-1,120.0,hematopoietic_stem_and_progenitor_HSPC,-0.11144184530275461,-0.04124010108327328,0.9860577571696689,1.0879391
TDR41_TTACAGGCACACCTAA-1,16.0,erythroblast,0.26841619552985907,-0.07097117451653966,1.0702341689430845,0.13260242
TDR47_TCCGTGTGTGTGAATA-1,48.0,erythroblast,0.3532086847649849,-0.0522344525757491,1.0844670058727544,1.7022271
TDR52_CTGCAGGCAATACCCA-1,120.0,erythroblast,0.14933031992988596,-0.06571992084791888,1.043948384553677,1.0260341
TDR43_ACTGTGACAATTCACG-1,24.0,erythroblast,0.37612311394660025,-0.06345497992367624,1.0918959826192165,0.106595546
TDR48_CTCCATGTCCGTATAG-1,48.0,macrophage_immature,0.3696436066974076,0.005654074719562613,1.0755131606190214,1.7034061
TDR71_AACAGGGGTTACGCCG-1,240.0,erythroblast,-0.055373314274099715,0.04461735534975111,,
TDR44_GGGTTATCATGTGGCC-1,24.0,erythroblast,0.38666710575030955,-0.08759656601290004,1.0994969250765891,1.0727069
TDR41_GAGAGGTGTGCTCGTG-1,16.0,macrophage,0.043019233146154134,-0.053985602997735305,1.0195903889989482,97.10461
TDR46_GCCCAGAAGTCGAATA-1,24.0,erythroblast,0.228616560698245,-0.05602513643214603,1.0585799492307013,0.29784304
TDR67_CTCAACCTCGTTCATT-1,72.0,erythroblast,-0.07965838311149226,0.03635467551308682,0.9770644989934404,0.0020028588
TDR51_TAGAGTCCAACAGCTT-1,120.0,microglia,-0.14898793946945163,0.08060023532525482,0.9551206275007346,1.0350841
TDR70_AGAGAGCTCGAACCAT-1,72.0,macrophage,-0.1341051800347073,-0.03735095521678096,0.9808351807858852,1.5277038
TDR47_GTTGTCCGTCTGTCAA-1,48.0,macrophage_immature,0.34140981891515143,-0.07075853764978841,1.0859266429618204,1.7575032
TDR53_CCTCCTCGTATAGCTC-1,120.0,macrophage,-0.11559238091860982,-0.0022322194779744453,0.97758304687828,1.0686204
TDR44_CATCGGGGTCTTCTAT-1,24.0,erythroblast,0.16722593290947846,-0.03969555213383559,1.0422525631355082,0.061268035
TDR54_CGCCATTCACTCATAG-1,120.0,macrophage,-0.021871552505037195,-0.032866761816232604,1.0022014615281187,1.099647
TDR44_TCGTCCATCGGCTGAC-1,24.0,erythroblast,0.27316686359241515,-0.014804879056466755,1.0592852079421733,0.053838752
TDR44_GGCTGTGGTATATGGA-1,24.0,non_specific_hematopoietic,0.08985070735474693,-0.050630972645197,1.0284947607202986,0.13041864
TDR53_AGGTAGGTCCAGCTCT-1,120.0,hematopoietic_stem_and_progenitor_HSPC,0.009431753605345622,-0.06074654352133849,1.0141346217515417,1.1207018
TDR74_GTTAGTGGTCGAGTGA-1,240.0,neutrophil,-0.07817546207596392,-0.06355431287185005,,
TDR69_CAACAGTCATCCGATA-1,72.0,erythroblast,-0.08736382496019124,0.0855998350482312,0.9659987565346251,0.51338726
TDR45_TCTATACAGTGAGCCA-1,24.0,erythroblast,0.15802738769954863,-0.07274515297357843,1.0472362049699118,0.32242864
TDR46_TCCATCGAGTCAACAA-1,24.0,erythroblast,0.14111846297238173,-0.01233792880882964,1.031167111136146,0.07963053
TDR53_GTCTACCGTGTTAAAG-1,120.0,neutrophil,-0.09239574158056085,0.07660179578419724,0.9667653144291026,1.0126814
TDR46_CGCCAGAGTATGTCAC-1,24.0,non_specific_hematopoietic,0.14965310538920545,-0.03818650099774297,1.038282516161714,0.019942768
TDR51_ATCACAGAGCCACAAG-1,120.0,erythroblast,0.130210460576796,-0.04516081802319021,1.0356966123419722,1.0317051
TDR69_TTCTGTAAGTCGCCAC-1,72.0,erythroblast,0.06832532174835002,-0.02603726731278342,1.0190517293924732,0.64293385
TDR22_GAATCGTCAAGCGGAT-1,14.0,macrophage_immature,0.40816012857413964,-0.0733763796631777,1.1010973810478355,2.3632696e-16
TDR52_GATCGTACACATTCGA-1,120.0,neutrophil,-0.1485813513734287,0.021846448229770804,0.9664888083940696,1.0596792
TDR47_GATTCGAAGCAGGCAT-1,48.0,non_specific_hematopoietic,0.19608195054639113,-0.13407042518586032,1.0682592720276956,1.719409
TDR71_TTGTTTGAGAACAGGA-1,240.0,erythroblast,-0.0661999756301187,0.06394938224755624,,
TDR43_AGTTCGATCTGCGGCA-1,24.0,erythroblast,0.16857469940038458,-0.009112973783967068,1.0361765399083247,0.2616738
TDR74_GTCTTTAAGAGCATAT-1,240.0,erythroblast,-0.08681275930527849,0.03924644038169153,,
TDR53_TCCTTCTGTTAGGGAC-1,120.0,neutrophil,0.2734106650351559,0.027228861423314293,1.0504686109190968,0.7966111
TDR44_TCTCCGAGTTCAGCGC-1,24.0,erythroblast,0.15717786609126766,-0.04412616969306688,1.0410822604924879,0.073004894
TDR54_CATCCCAAGATGAACT-1,120.0,erythroblast,-0.03082077058726293,-0.06389059843840422,1.0066358861411628,0.90358204
TDR43_GGAAGTGGTCGCTGCA-1,24.0,macrophage,0.03059889332094884,-0.050990927686501875,1.0164518293235374,3.3512106
TDR74_GTGGAAGAGCAGATAT-1,240.0,hematopoietic_stem_and_progenitor_HSPC,-0.129654880256719,-0.04815239875596887,,
TDR54_AAAGGGCGTCCTCCAT-1,120.0,hematopoietic_stem_and_progenitor_HSPC,-0.010113158225093899,-0.07188402077106142,1.0124308005318512,1.1252085
TDR51_AACCATGGTCAGTCGC-1,120.0,non_specific_hematopoietic,-0.08824953401343819,-0.0284839932533342,0.988118046456808,1.1195403
TDR70_GCCGTGAAGTTGTAGA-1,72.0,hematopoietic_stem_and_progenitor_HSPC,-0.12327422025646344,0.04040328661600748,0.9677945060554193,1.5076108
TDR52_CTAACCCGTCAGCTTA-1,120.0,erythroblast,0.30757107356850855,0.0007092526569458524,1.063294773369574,1.1503534
TDR74_GAACACTTCAGACAAA-1,240.0,erythroblast,-0.07818373802748402,-0.03950115246473303,,
TDR52_TGTGCGGTCTATCCAT-1,120.0,macrophage,-0.021059410517354077,-0.008186238591413764,0.9974286771433193,1.0891289
TDR54_CTGATCCAGAGGACTC-1,120.0,macrophage,-0.12405403248257597,-0.04739885015380173,0.9847858855990637,1.0733861
TDR69_CCTTTGGGTGAGCAGT-1,72.0,hematopoietic_stem_and_progenitor_HSPC,-0.13792035560835897,-0.001924910983025746,0.9731674753700479,1.5246189
TDR43_GTGCAGCGTCTCGGAC-1,24.0,erythroblast,0.2332326413579867,-0.05857728171335774,1.0600986656713667,0.1872197
TDR46_AATGAAGAGCGACTTT-1,24.0,macrophage,-0.1060518975199958,-0.0180288959560507,0.9825494553093822,2.9745347
TDR45_TTGGTTTCACTCAAGT-1,24.0,erythroblast,0.19077024016739755,-0.047122196042915204,1.048728509699555,0.059300166
TDR70_TGCAGATAGCAGTAAT-1,72.0,hematopoietic_stem_and_progenitor_HSPC,-0.09384144819240155,-0.04805399625453652,0.9908843117293824,1.4373085
TDR74_CACGAATAGAAAGTCT-1,240.0,erythroblast,-0.07975206014759306,0.051113123159157746,,
TDR51_TCCTCTTAGGCTATCT-1,120.0,macrophage,0.06467769689727251,-0.011320594812168988,1.015315760641332,1.0999137
TDR53_CACGGGTAGAGACAAG-1,120.0,macrophage,-0.16372942423484954,0.10063253547066459,0.9485010411367395,1.0356816
TDR48_ATTCTACTCAGACAAA-1,48.0,erythroblast,-0.031107429605884446,-0.025195291012893486,0.9988182710736058,0.76499987
TDR47_AGTGCCGTCATCGTAG-1,48.0,non_specific_hematopoietic,0.20750931430373182,-0.12790353798571927,1.0693837740371177,1.6319047
TDR70_GTAGAAAGTCCCTGAG-1,72.0,erythroblast,0.07604014453847494,-0.08900801836644459,1.0335604950485258,1.4703438
TDR74_CATGAGTCATGCAGGA-1,240.0,hematopoietic_stem_and_progenitor_HSPC,-0.08441261374607972,-0.08264695273505317,,
TDR44_CTCATGCAGACTGAGC-1,24.0,erythroblast,0.3059158073676811,-0.021004122812390905,1.067568877231612,0.3753176
TDR45_TCTCCGATCCACGTAA-1,24.0,erythroblast,0.38573866050459876,-0.0467720443819776,1.0903537021378222,0.05038719
TDR45_AGGACTTAGGTGATAT-1,24.0,erythroblast,0.14431537490647628,-0.05156935931403857,1.0399544840344948,1.2279872
TDR53_GTCTACCTCGGCAGTC-1,120.0,neutrophil,0.14415677741517538,0.021159355575143812,1.0249045480167813,0.6800402
TDR46_AAGAACACATCCTTGC-1,24.0,non_specific_hematopoietic,0.20042254946377552,-0.027485930337358147,1.046636507095753,0.035038255
TDR43_TCGCTCAGTGAGAGGG-1,24.0,erythroblast,0.14203761402113213,-0.06794290023021524,1.042890414442746,0.048926767
TDR54_CTCCACACACGTAACT-1,120.0,erythroblast,0.3503112251689169,-0.029075896106480398,1.0788303276212896,1.0987847
TDR41_GCCCGAAGTCCCTCAT-1,16.0,non_specific_hematopoietic,0.3131540962191292,-0.08333635637341683,1.082526965003824,0.060114373
TDR44_GCCCAGAAGGGTTAGC-1,24.0,macrophage_immature,0.1975634342309067,-0.032844306190232736,1.047159801350859,3.305847
TDR52_TTCCTCTGTCTCACGG-1,120.0,erythroblast,0.4738881996791672,-0.02295909450058009,1.1044742819704405,1.0415806
TDR71_ACTTTCACAACCGTGC-1,240.0,neutrophil,-0.12016955486538095,-0.022660904012568456,,
TDR54_TACGCTCTCTTGGAAC-1,120.0,macrophage,0.22539000885321592,-0.011502070127477976,1.0485187100583966,1.144478
TDR53_AGAGCCCGTACACGCC-1,120.0,hematopoietic_stem_and_progenitor_HSPC,0.024779570656565553,-0.020122434525994035,1.0090208458173584,1.114957
TDR74_ACTGCAATCTGCGGGT-1,240.0,erythroblast,-0.05506420412205171,-0.005247161712175534,,
TDR44_GCGTGCAGTTCTTGTT-1,24.0,erythroblast,0.4128633352426382,-0.0682504664680616,1.1010042967727427,0.07862622
TDR69_AATGAAGTCTCTCTTC-1,72.0,hematopoietic_stem_and_progenitor_HSPC,-0.10480672355697451,0.0016899936888976619,0.9789258856549233,1.4862041
TDR74_CCTACGTGTCCGGTCA-1,240.0,erythroblast,-0.05998107242014267,-0.03375677392486598,,
TDR46_CGTTAGATCCTGTACC-1,24.0,erythroblast,0.2945034777977942,-0.06764451099606655,1.075117112771375,0.2859713
TDR46_ACAGAAACATCACCAA-1,24.0,erythroblast,0.34229713485538327,-0.026325934878997898,1.0765103087474859,0.11922319
TDR51_ACCTGTCCATTCGGGC-1,120.0,macrophage_immature,0.2832713852090507,0.024071171279882647,1.0532072609394028,1.1543436
TDR51_ACTGTGAAGCAACCAG-1,120.0,innate-lymphoid-cell,-0.09641706872266773,-0.055604945698286085,0.9918707975303301,0.9325454
TDR45_GTAACACTCGAATGCT-1,24.0,erythroblast,0.23173023868852757,-0.01224909785992985,1.0500059883143484,0.17339464
TDR67_CTGCATCGTCTTCGAA-1,72.0,erythroblast,0.05453294783813406,0.0011722327430467167,1.0107292934622902,0.08819117
TDR74_GAGCTGCCAGTTAGGG-1,240.0,neutrophil,-0.12136734265087887,0.13230415882759688,,
TDR46_TGGGCTGTCAGCGGAA-1,24.0,erythroblast,0.16096890348217865,-0.04960241333106098,1.0430136501891272,0.058476195
TDR71_AATTTCCCAGTAACCT-1,240.0,erythroblast,-0.0741846176432074,0.040006108522031236,,
TDR52_ACATTTCCAGGCACTC-1,120.0,erythroblast,0.22128897542458908,-0.058870176570235036,1.0576313480286,1.0152782
TDR50_TATATCCGTCGATTTG-1,48.0,non_specific_hematopoietic,0.1486547455016372,-0.14705699167133848,1.0609262501220045,1.6158315
TDR72_GAGCCTGCAGGGAGAG-1,240.0,erythroblast,-0.10560625905312163,-0.008605604202467088,,
TDR44_CACAACAAGGATCACG-1,24.0,erythroblast,0.18452673537528466,-0.03516698869018227,1.0449183462594311,0.29777828
TDR41_CGTGATACACTTTAGG-1,16.0,non_specific_hematopoietic,0.2253799003099508,-0.06993566810988767,1.0608421922862208,0.08507777
TDR28_GTCCCATAGCCAAGTG-1,19.0,erythroblast,0.23584196783109554,-0.06286937615849673,1.0615629133992193,0.42522988
TDR54_GAGAGGTCAGAGATGC-1,120.0,macrophage,-0.11536616528909835,-0.015224984814515369,0.98017099671472,1.0797385
TDR46_TTTGGAGGTCATAGTC-1,24.0,non_specific_hematopoietic,0.13132723485984532,-0.04855292603589487,1.0366310004070642,0.19327952
TDR74_GCCAGGTGTACCCGCA-1,240.0,erythroblast,-0.045892981285990966,-0.011879004078146849,,
TDR74_AGGAGGTTCAAGTCTG-1,240.0,erythroblast,-0.07104548692749212,0.08210357542135224,,
TDR27_TCAAGACAGTTTGCTG-1,19.0,macrophage,-0.12811746014458425,-0.03973985934091137,0.982479775522282,1.7966658
TDR54_TCCACCATCGGCTGGT-1,120.0,neutrophil,-0.0596149750520711,-0.022264707363618047,0.9925577779681725,0.86242205
TDR71_ACATCGACAGGTGTGA-1,240.0,non_specific_hematopoietic,-0.07264113399549005,-0.018216718478159297,,
TDR22_TCTACCGAGCTGAAAT-1,14.0,erythroblast,0.316738454459466,-0.06285996598322036,1.0788759197746167,1.7793977
TDR44_CATCGGGGTCGGTAAG-1,24.0,erythroblast,0.17678785425218882,-0.04932515037616479,1.0462607325964863,0.14793527
TDR46_ATGAAAGTCGCTTAAG-1,24.0,erythroblast,0.23325417207710908,-0.06302880057070245,1.0610474647881352,0.26322612
TDR44_ATCGTAGTCACGGTCG-1,24.0,erythroblast,0.16503582901639333,-0.050455225710579615,1.0440404260129579,0.04938279
TDR51_GAGTTTGCACGGAAGT-1,120.0,macrophage,-0.07948726295896273,-0.015671110511529973,0.9873178741178258,1.0671257
TDR43_AAGTCGTTCCATAGAC-1,24.0,erythroblast,0.18102287791104865,-0.04501779746190232,1.0462455976540073,0.13269155
TDR67_TCCGATCAGAACTCCT-1,72.0,non_specific_hematopoietic,-0.054950894991372956,-0.07674598113158282,1.0043685315629993,1.4614589
TDR47_ATTCAGGCAAACCACT-1,48.0,macrophage,-0.04204946804395962,0.0686851005943245,0.978096528688212,1.5702115
TDR47_CACAGATTCCTAGAGT-1,48.0,erythroblast,-0.008988422756367895,-0.06939901540308822,1.0121554021665535,0.27302897
TDR52_CCGGTAGGTGACTATC-1,120.0,erythroblast,0.18230344611646493,-0.010361448002322277,1.0392850021897466,0.97722477
TDR53_TCATTGTGTTAAACAG-1,120.0,neutrophil,-0.11176150573662809,-0.033691913545355626,0.9845073468239122,1.0083873
TDR46_ACCTGAATCTATTTCG-1,24.0,erythroblast,0.4745394171146108,-0.006525899157112033,1.1009936202891792,0.10862427
TDR51_CCCAACTCAGGTTCGC-1,120.0,non_specific_hematopoietic,-0.043304060933583965,0.04421653148632694,0.9826481886359143,1.0864689
TDR43_ATGGTTGTCCCGTTGT-1,24.0,erythroblast,0.43480138681241487,-0.03903378739001222,1.0994027027639532,0.116509385
TDR53_CCACCATCACGAGAAC-1,120.0,neutrophil,-0.1051462538237284,0.11048437764551197,0.9577905798723978,0.939352
TDR44_GAAGGACGTTTGACAC-1,24.0,hematopoietic_stem_and_progenitor_HSPC,0.07248580959092818,-0.014647550884908198,1.0175794024493596,2.9472182
TDR44_GCATGATCACTTGACA-1,24.0,erythroblast,0.22973704399666345,-0.0288671889230889,1.0530817301156503,0.091957904
TDR54_CTACTATCAATACAGA-1,120.0,macrophage,-0.13681861803162548,-0.10460697113667775,0.993578377933286,1.0887215
TDR48_TGCGGCACACAATCTG-1,48.0,non_specific_hematopoietic,-0.005539766322309292,-0.053876492840208415,1.0097142250319162,1.5806286
TDR51_GACCCAGGTCCTACAA-1,120.0,macrophage,-0.07045152937030663,-0.047377079901231973,0.9953957423487202,1.0771276
TDR71_GTGCTGGGTGATATAG-1,240.0,erythroblast,-0.04279531519698435,0.0764009178292668,,
TDR53_GATAGAACAGGCACAA-1,120.0,hematopoietic_stem_and_progenitor_HSPC,0.11776759690210631,-0.03060146780725581,1.0301184678337416,1.1371137
TDR43_GTCCCATTCTTCGATT-1,24.0,macrophage_immature,0.28557409386150356,-0.00971887013122591,1.06083739635106,3.4504776
TDR46_ACGTCCTAGTTCGGTT-1,24.0,non_specific_hematopoietic,0.1909100984272204,-0.05798979005183959,1.0510398187311263,0.11246843
TDR73_TAAGCGTCAGGATGAC-1,240.0,innate-lymphoid-cell,-0.09982577017421365,-0.020005687615337775,,
TDR43_GCATTAGGTAGACAGC-1,24.0,erythroblast,0.3740007737709282,-0.0010079261249454352,1.0778860263822385,0.2886549
TDR46_GCCATGGGTGGCTGAA-1,24.0,non_specific_hematopoietic,0.22540913058402842,-0.0415500136261273,1.0548428820199875,0.0673757
TDR44_AAAGGATGTTCGAAGG-1,24.0,non_specific_hematopoietic,0.21397038818853586,-0.017913744517442556,1.0474690507362943,0.075014286
TDR47_CCATAAGTCAGCCCAG-1,48.0,erythroblast,-0.012234946935420918,-0.027938908424930298,1.0031457297538524,0.51501507
TDR73_GTTGCGGGTGCAGTGA-1,240.0,macrophage,-0.1474182589977537,-0.021306795646475002,,
TDR69_TCAATCTGTGATACAA-1,72.0,non_specific_hematopoietic,-0.08028548981427733,-0.05105040026043796,0.9941700426311632,1.3240694
TDR52_GTGAGTTGTGCTGCAC-1,120.0,neutrophil,-0.07474040670709296,0.054187134268203235,0.974544098915327,1.0425966
TDR51_AACCATGCAGCAGGAT-1,120.0,neutrophil,0.08686900891755756,0.040311359296994226,1.0093550170914276,0.71954995
TDR72_GATTCGAGTTACCTGA-1,240.0,erythroblast,-0.0500344999176196,-0.06103685167100695,,
TDR53_TCATTACTCCCTCTTT-1,120.0,macrophage,-0.17752959542084182,0.0009427770644314382,0.9649350607211122,1.0463008
TDR74_TATCAGGCATTAAGCC-1,240.0,microglia,-0.052934287530690544,0.020978255612326746,,
TDR53_AGGGTTTTCTGGGCGT-1,120.0,non_specific_hematopoietic,-0.07020741145183798,-0.008079674444848722,0.9876513309646834,1.1082169
TDR52_TACTTGTAGGGCTAAC-1,120.0,erythroblast,0.42601473477159313,0.03139692484148714,1.0821216036826713,1.0594387
TDR71_AAGACTCTCCGAGAAG-1,240.0,innate-lymphoid-cell,-0.10808826571189303,0.002869443233078417,,
TDR71_GGTCTGGTCTGAGGCC-1,240.0,hematopoietic_stem_and_progenitor_HSPC,-0.10404951026817955,-0.054820217884041206,,
TDR52_TGTCAGATCAGCTCTC-1,120.0,macrophage,-0.11653366489678833,-0.07251038189159564,0.9912339908787889,1.0821167
TDR44_TAAGCCATCAGAGTTC-1,24.0,erythroblast,0.27861251992850217,-0.04828588385384887,1.0675642810590569,0.32568535
TDR52_CATGGTATCCTCTCTT-1,120.0,erythroblast,0.28819713353513177,0.03173625705962661,1.0526304009559755,1.0271497
TDR71_GCATGATAGCAATTCC-1,240.0,neutrophil,-0.1396182133601262,-0.04874681505028178,,
TDR36_ATGCCTCTCATTGAGC-1,12.0,non_specific_hematopoietic,0.3738042719267181,-0.07845766596812045,1.094669386541126,1.6193851e-05
TDR44_GGGAGTAAGTAAGGGA-1,24.0,erythroblast,0.17889002264407827,-0.05606196397616539,1.0481119443519693,0.1304531
TDR74_TCCAGAACATTCACAG-1,240.0,erythroblast,-0.05874900468539841,0.06473888854345711,,
TDR43_GAAGGACCAGTGCGCT-1,24.0,erythroblast,0.31925648839482457,-0.04940914832579469,1.0765194735463972,0.21496779
TDR44_CATCGCTCAGACAATA-1,24.0,erythroblast,0.32697583873859826,-0.03970188526331707,1.0760915532681714,0.25635573
TDR72_CGAGAAGGTGAATGAT-1,240.0,erythroblast,-0.03668366646017439,0.04024993016779967,,
TDR41_CAATGACAGCGTACAG-1,16.0,erythroblast,0.20848234186564102,-0.0664334830838509,1.056522827953294,0.0029885839
TDR44_TGCTGAATCGTTCCTG-1,24.0,erythroblast,0.3357418875899277,-0.05100983326881724,1.0804205291297926,0.12574455
TDR53_TGCTTCGTCAGAATAG-1,120.0,neutrophil,0.25916855626191754,-0.034751595826284634,1.0605461702914538,0.13980234
TDR51_CTATCCGAGGGAGGTG-1,120.0,innate-lymphoid-cell,0.2572774079210477,-0.0964073732983215,1.0732988641685677,1.1457611
TDR44_CATTCTATCCTTATGT-1,24.0,non_specific_hematopoietic,0.20547915595286106,-0.049351371300841176,1.0522872258775293,0.08718647
TDR51_ATGTCTTCATAGAATG-1,120.0,erythroblast,0.016327507830962346,-0.05851574790010643,1.015081242483476,1.0924969
TDR74_TCATGCCTCCTTATCA-1,240.0,erythroblast,-0.1154159357994996,-0.036837625234791234,,
TDR73_GGATGTTCACCACTGG-1,240.0,erythroblast,0.12905094741694792,-0.029828239882177907,,
TDR45_CATGCTCAGGAAGAAC-1,24.0,erythroblast,0.36299035811621905,-0.07521406035236436,1.091596041692744,0.14921331
TDR53_GGAACCCCAGCACACC-1,120.0,macrophage,-0.10583166174284635,0.056717717769129344,0.9680128897832824,1.044478
TDR54_AAAGTCCAGGCTTAGG-1,120.0,macrophage,-0.05801430947292924,-0.027438548068109525,0.9939035072081652,1.0318434
TDR73_GTCGCGATCTTGCAGA-1,240.0,neutrophil,-0.140857506414266,0.0076449344827485,,
TDR45_TCCTTTCTCTGGCCTT-1,24.0,erythroblast,0.434941382304262,-0.050267622538682805,1.101906433414543,0.2924418
TDR42_AAACGAACAGGTGAGT-1,16.0,hematopoietic_stem_and_progenitor_HSPC,-0.08067518491287187,-0.03579063320825385,0.9910632618215401,8.268828
TDR43_AGAGCCCCACCATTCC-1,24.0,macrophage_immature,0.22201343034075388,-0.011626743464078326,1.047836995085626,3.407679
TDR52_GTCATGACATGTAACC-1,120.0,erythroblast,0.19759101124887224,-0.06090405277839861,1.053058737613424,0.99161017
TDR74_GTGAGTTCAAACACGG-1,240.0,erythroblast,-0.07211939883595238,0.007161203661850558,,
TDR44_AGTAGTCGTAACACCT-1,24.0,erythroblast,0.20047866677143955,-0.0814340417895724,1.058002336358688,0.43667006
TDR53_AGGCATTGTATGACAA-1,120.0,innate-lymphoid-cell,-0.11267897946218178,0.005317050797671835,0.9766770775856172,0.98739856
TDR52_CATACAGCAGACCAAG-1,120.0,erythroblast,0.2203805066313338,-0.09620246180781612,1.0653640733862613,1.0104601
TDR71_TCTTAGTAGGACTAAT-1,240.0,macrophage,-0.13137941240965573,-0.05048417545939028,,
TDR69_TTGGATGCACTCCACT-1,72.0,erythroblast,-0.05164165050969181,0.03020232439169114,0.9837644457569183,0.37138048
TDR52_TGTTTGTGTCGCTCGA-1,120.0,macrophage,-0.1237860878377561,-0.00010540302376943478,0.9755672942192642,1.0730878
TDR51_TGAGGGACAGGACAGT-1,120.0,non_specific_hematopoietic,-0.011995820427345413,-0.10159609052870008,1.0180815816067585,1.1428238
TDR52_ACAACCATCTATTTCG-1,120.0,erythroblast,-0.07416481855909834,0.02457455378095756,0.9804458375756195,1.0110639
TDR71_TAAGCACAGGCTTAGG-1,240.0,hematopoietic_stem_and_progenitor_HSPC,-0.14498318075926886,-0.0014981145956026176,,
TDR51_GAGACCCTCCCGAAAT-1,120.0,innate-lymphoid-cell,-0.14738471314055349,0.05455414313369071,0.9604169448518163,0.89557415
TDR74_TCGAAGTAGGAGAGTA-1,240.0,erythroblast,-0.05649819799717025,0.023471109533079584,,
TDR47_TCCAGAATCACGACTA-1,48.0,macrophage_immature,0.2086196439767679,-0.016343784665012004,1.0460202090047828,1.7032038
TDR74_GCGGATCAGTAGGATT-1,240.0,erythroblast,-0.05239643373079375,-0.005816745361332226,,
TDR67_CAGTTCCTCAGAACCT-1,72.0,erythroblast,-0.035710166381782996,0.0741940449465364,0.9782589760972675,0.01977737
TDR68_TTACGCCAGTGCACTT-1,72.0,erythroblast,-0.04281053829910164,0.07386759040308331,0.9769345443640912,0.5795441
TDR50_TGTTCATCAGTCGGTC-1,48.0,non_specific_hematopoietic,0.08158903620204919,-0.07302915659631637,1.031406741175025,1.6738911
TDR52_CTCAGTCTCTCAATCT-1,120.0,macrophage,-0.14156738358102877,-0.06934017733227357,0.9856583935555502,1.0706849
TDR71_TGTTGAGGTTTCGCTC-1,240.0,neutrophil,-0.06472605684485214,0.003865370747867719,,
TDR39_TGTAACGAGAAGTCTA-1,16.0,erythroblast,0.36575259783604896,-0.05897014728490858,1.0886566979484398,0.00611904
TDR45_TCGTCCAGTATTAAGG-1,24.0,erythroblast,0.1447919155376045,-0.05928314231252134,1.0416593927855737,0.30331168
TDR41_TACCTCGTCTCTCAAT-1,16.0,erythroblast,0.3512357492264879,-0.02751415900754084,1.078692847431056,0.0040887445
TDR67_CCTCACAGTGGGAGAG-1,72.0,erythroblast,-0.04520054088752118,0.0033746898270267597,0.9903319924672048,0.030318763
TDR73_ACCAACAGTACCCGCA-1,240.0,non_specific_hematopoietic,-0.06268537744566588,-0.036723269132664306,,
TDR44_CTACCCAGTAGCCCTG-1,24.0,erythroblast,0.25061429657870826,-0.041373084836663965,1.060136291009799,0.12597355
TDR40_TCACTCGGTTTCGACA-1,16.0,macrophage_immature,0.3094466939513936,-0.052072660038692625,1.0749819500613076,0.00024623566
TDR43_TCTTCCTAGTCAGCGA-1,24.0,erythroblast,0.37938763802511644,-0.07184499876510694,1.09444406085297,0.111355804
TDR74_CGAATTGAGGGCAGGA-1,240.0,hematopoietic_stem_and_progenitor_HSPC,0.2630757543837057,0.04614558043303313,,
TDR74_TTCCGTGGTGCGGATA-1,240.0,erythroblast,-0.08609238110550203,0.009610244041479726,,
TDR74_TACCCGTGTCGAATGG-1,240.0,macrophage_immature,0.2392052330721636,0.07520862158049964,,
TDR71_CTGGCAGAGGGATCTG-1,240.0,innate-lymphoid-cell,0.03125895556627681,-0.035598662484415226,,
TDR70_GGTCACGGTCGGTGAA-1,72.0,erythroblast,-0.054662690788697066,-0.017237946735040123,0.9925429936591693,0.32966152
TDR51_GCCGTGATCCTGATAG-1,120.0,macrophage,-0.04975471540708086,-0.08353209924262758,1.006778346469862,1.1172335
TDR44_GTCTTTACAGCACCCA-1,24.0,erythroblast,0.2173625433447275,-0.008284191642470462,1.0461631692223723,0.10909414
TDR74_CAACGATCATTGTACG-1,240.0,hematopoietic_stem_and_progenitor_HSPC,-0.03453630392597845,-0.007014323355878982,,
TDR43_ATGAAAGCAGACCTAT-1,24.0,erythroblast,0.19403717426383155,-0.024741018963832725,1.0447270327815075,0.05897959
TDR74_CTTCTCTGTCACAGTT-1,240.0,erythroblast,-0.04837737895170571,0.00584630446605508,,
TDR71_TGCAGATGTCGACTGC-1,240.0,erythroblast,-0.08968682692693059,-0.07457634843425986,,
TDR53_GGTCTGGAGAGTTGCG-1,120.0,macrophage,-0.09936054504421006,-0.05278819213934759,0.9907287747269243,1.081486
TDR53_AGACAAATCCTGGGAC-1,120.0,macrophage,-0.13935163802026854,0.08726700569312543,0.9556880480593076,1.0157912
TDR52_CAAGGGAGTGTTCATG-1,120.0,macrophage_immature,0.2964417614411913,0.025172070796554966,1.0557526639741808,1.1450907
TDR74_TCTACATGTGTGGTCC-1,240.0,erythroblast,-0.06641748304975637,0.023448191595154294,,
TDR74_CTGAGCGTCGAAATCC-1,240.0,macrophage_immature,0.13066553976670472,-0.05730885078493652,,
TDR51_ATTACCTAGCTCCGAC-1,120.0,hematopoietic_stem_and_progenitor_HSPC,-0.04278140879789713,-0.00699269202084421,0.9928678122796493,1.11093
TDR53_GTGGAAGGTGATTAGA-1,120.0,neutrophil,0.1514267689969835,-0.0635647019966277,1.0439361141015364,0.7985583
TDR46_ACACTGACACGTACTA-1,24.0,erythroblast,0.5066857800723639,-0.020264823655575373,1.111144006139996,0.1614538
TDR44_TTGACCCGTGTCCATA-1,24.0,erythroblast,0.23200382874700085,-0.04969185062844589,1.0579564138782698,0.10428208
TDR69_ATCACAGAGAAACTGT-1,72.0,macrophage,0.0082342163638984,-0.01588185589862523,1.0048348648746293,1.5772095
TDR53_AGTGTTGGTGTTCAGT-1,120.0,macrophage,-0.16732771625081216,-0.015843451055095714,0.9701574965969887,1.0559951
TDR71_GTTCATTTCGGCATCG-1,240.0,hematopoietic_stem_and_progenitor_HSPC,-0.15425671038196476,-0.03201870245122168,,
TDR69_TACCTGCTCACTAGCA-1,72.0,erythroblast,-0.1088104022728218,0.016257727715640186,0.9752966225482634,0.7617096
TDR69_GGTCACGTCGTGACTA-1,72.0,erythroblast,0.36794926658264127,-0.0780995520480653,1.0933099690476789,1.6432254
TDR53_GTACAGTGTTGCTTGA-1,120.0,erythroblast,0.0591110375108162,-0.03885289263610102,1.0197859843633093,1.1142575
TDR71_ATCACTTTCATGGAGG-1,240.0,macrophage,-0.1161707417914834,-0.04451504920799759,,
TDR73_GAACGTTGTACCTTCC-1,240.0,macrophage,-0.1035073871163934,-0.07452665116603951,,
TDR74_GCATGATTCCGTGTCT-1,240.0,erythroblast,0.37348209746614325,-0.023842335387192548,,
TDR46_GCACATAGTGCTATTG-1,24.0,erythroblast,0.363473107282978,-0.07038766257684845,1.0906481515569602,0.064886086
TDR53_TAGGGTTCATAGGCGA-1,120.0,erythroblast,0.2830776027063885,0.02548821626398043,1.0528680085490092,1.1564975
TDR44_AGTTCCCGTCGCTGCA-1,24.0,erythroblast,0.16460450663142795,-0.05028338222431995,1.04391448769865,0.12856615
TDR71_ACAGAAATCATTGCGA-1,240.0,erythroblast,-0.07829813038840881,0.04707912060117697,,
TDR44_GTTGTAGCATGACTGT-1,24.0,erythroblast,0.2713007953232691,-0.03723488836856663,1.0636507948684828,0.08917176
TDR51_GCAGTTAAGCCATGCC-1,120.0,neutrophil,-0.10064301618565387,0.09110408026367123,0.9623766091828648,0.9750983
TDR68_ACCTACCAGTCCCTAA-1,72.0,erythroblast,-0.05663068362093165,-0.014940569366233933,0.9916966420491086,0.7467301
TDR52_TGGAACTGTCGAGATG-1,120.0,neutrophil,-0.06616530178460585,-0.015743310900701996,0.9899662788742667,1.0834825
TDR46_CCTGTTGTCAGCTCTC-1,24.0,erythroblast,0.35606583212298515,-0.046441673400641384,1.083830473584075,0.14771646
TDR52_CGCCAGATCTTCACAT-1,120.0,macrophage,-0.0790845579004297,-0.08853775528382052,1.0018924278623802,1.0965781
TDR53_GACTATGCAAGTGGCA-1,120.0,hematopoietic_stem_and_progenitor_HSPC,0.24889070339140368,-0.004383007045465348,1.0519596331904792,1.1571965
TDR44_TTGAGTGGTTCGTGCG-1,24.0,erythroblast,0.12122715820759644,-0.06541060179200023,1.0380329749357178,0.040678978
TDR74_AAGCGAGTCTTTCCAA-1,240.0,hematopoietic_stem_and_progenitor_HSPC,-0.07246976949494309,-0.02073297274093505,,
TDR51_ATTCATCAGTCGAGGT-1,120.0,macrophage,-0.015334892530351196,-0.06785492217483152,1.010559366665886,1.0878947
TDR71_CTGTAGAAGATTGATG-1,240.0,neutrophil,-0.12034132196100228,-0.009065027206224346,,
TDR50_TGATGGTAGCTCGAAG-1,48.0,microglia,0.19140906744847208,0.07101798812612306,1.0243704367765465,1.5540723
TDR45_ATTATCCTCTACGGTA-1,24.0,neutrophil,0.08657206308641757,-0.03469144229407728,1.0245491898634258,2.5954177
TDR53_TCACGCTAGCTCGCAC-1,120.0,hematopoietic_stem_and_progenitor_HSPC,0.2635696996538447,-0.08295667440227072,1.0717633415649344,1.1754181
TDR48_CCGTAGGAGATGCTGG-1,48.0,neutrophil,-0.1036886516186413,-0.04607035502015552,0.9885424837285791,2.2103926e-05
TDR74_TTTGACTAGCAAGGAA-1,240.0,erythroblast,-0.07731234562610739,0.007728074355849761,,
TDR46_TTTACGTCAGGTTACT-1,24.0,non_specific_hematopoietic,0.27190865361669836,-0.08570337346722473,1.0741422170357633,1.4093423
TDR41_CGGGCATGTATCACGT-1,16.0,erythroblast,0.29419844086652364,-0.06864360488363318,1.0752663616320473,0.5149905
TDR71_TCATTGTGTGCATGAG-1,240.0,erythroblast,-0.048391553012074956,-0.00696868916960474,,
TDR71_ATCGCCTAGAGCAAGA-1,240.0,erythroblast,-0.0603263560714854,0.02129012886964693,,
TDR45_ATTCTACGTATCGCGC-1,24.0,erythroblast,0.3689151374871316,-0.090918571508769,1.0963283595657345,0.14578502
TDR48_AGATCCATCGGAGCAA-1,48.0,hematopoietic_stem_and_progenitor_HSPC,0.2611626337690116,-0.023022543660940448,1.0584833011226822,1.6995571
TDR44_CGAGGAAAGCGTATGG-1,24.0,macrophage,-0.1118160869980079,-0.023851734044663203,0.9825609804090552,3.1074579
TDR74_GTCACTCCAAATAGCA-1,240.0,erythroblast,-0.019276139895672825,0.02661176196235006,,
TDR73_TTTCGATCACATGTTG-1,240.0,macrophage,-0.14216909759739174,0.06511191533447527,,
TDR44_ACGATCAAGGCGTTGA-1,24.0,erythroblast,0.22019020758636754,-0.01922607204316447,1.0490481780171375,0.22692028
TDR48_CTGTGGGAGCGTGCCT-1,48.0,erythroblast,-0.01379859910343155,-0.015610354310136548,1.0003624166984095,1.8381275
TDR67_CTTCGGTTCGCTCTAC-1,72.0,erythroblast,-0.06918124150558774,0.05897104656958668,0.9746952142580811,0.2456114
TDR51_AGGGCTCAGTGGGAAA-1,120.0,macrophage,-0.019677100798425023,-0.0065635453611692235,0.9973807252144741,1.0880886
TDR69_GGGTGAAGTCCAAAGG-1,72.0,erythroblast,-0.03382141857172957,0.04504413394856312,0.9843506335396587,0.35568997
TDR45_GAGACCCGTGTTATCG-1,24.0,non_specific_hematopoietic,0.19138203001858892,-0.02919537484869801,1.045103037436167,0.18430111
TDR40_ACTTATCAGACGACGT-1,16.0,neutrophil,0.3123947061186056,-0.00452902185232229,1.0654366824530206,0.19258618
TDR46_GTGTAACAGATGCTTC-1,24.0,macrophage_immature,0.3191620279006562,-0.019113797624458,1.0699962728018841,3.3884056
TDR51_GCTGAATCAACGCATT-1,120.0,macrophage,-0.024351860430283367,-0.060643474516917206,1.007284728290208,1.110716
TDR53_GTGTGATTCCGCGAGT-1,120.0,hematopoietic_stem_and_progenitor_HSPC,-0.07823939337214685,-0.04599582944195307,0.9935720355383074,1.1031718
TDR70_AACAAAGTCTGTAACG-1,72.0,macrophage,-0.1114241458097818,-0.04790902380910024,0.9873773184554097,1.5405703
TDR48_GCGGAAATCCATGATG-1,48.0,erythroblast,-0.07766776576721535,-0.010183073536273422,0.9865937368229244,0.92351735
TDR46_AACACACTCATTCTTG-1,24.0,erythroblast,0.355570222418134,-0.036562562884659894,1.0815839175430895,0.08047244
TDR74_TTGTTGTCAAGAAACT-1,240.0,microglia,0.20405398578985778,-0.03476016724935094,,
TDR18_CTAACCCCACAATGCT-1,14.0,non_specific_hematopoietic,0.4053181536652252,-0.05886304244135121,1.0972820287945748,5.564041e-09
TDR44_GCGTGCAAGACTCAAA-1,24.0,erythroblast,0.15959263550240066,-0.035700424793773736,1.0398314285253711,0.08490501
TDR48_AGATCGTTCTCGGGAC-1,48.0,neutrophil,-0.00672248125489977,0.06347951873681013,0.9860577067284322,0.16278934
TDR71_GATTCGAAGAAGATCT-1,240.0,neutrophil,-0.12550816066191103,-0.010195412433601753,,
TDR70_GATGCTAGTCGTATGT-1,72.0,erythroblast,0.15990119619316187,-0.11255575755688048,1.0560033849774564,1.5328612
TDR47_AAGTTCGCATTGAAAG-1,48.0,neutrophil,0.030401756723469037,0.03232240446523765,0.9996159442199554,0.004602915
TDR51_TTGATGGGTGTTCATG-1,120.0,macrophage,-0.10190645603630752,-0.040643369646016086,0.9878221403997862,1.0977856
TDR54_CAAGACTGTGACTCGC-1,120.0,macrophage_immature,0.3922297531960441,0.06235522425309087,1.0681999111952585,1.167508
TDR54_ATGAGTCCATCCAATG-1,120.0,erythroblast,-0.02927273301138729,-0.014298576983596711,0.9970096488279862,1.0238163
TDR54_CTGTGAAAGATGGCAC-1,120.0,macrophage_immature,0.10098276198978987,-0.031530909364222204,1.0268570549631073,1.1096029
TDR72_CGTAATGAGTAGGAAG-1,240.0,erythroblast,-0.038715387994851906,0.013421117779521353,,
TDR46_TAAGCCACAGACCATT-1,24.0,erythroblast,0.4227273289813043,-0.023315799025137834,1.0933087247251392,0.12951803
TDR51_CGAATTGTCATTCTTG-1,120.0,microglia,-0.07020592756622532,-0.06689844141707776,0.9993387215112282,1.0822895
TDR74_GATAGAAGTAGCGAGT-1,240.0,innate-lymphoid-cell,-0.11138098698166127,0.012791110441624592,,
TDR71_TCCTCTTGTTTACGTG-1,240.0,erythroblast,-0.07284423018411931,0.003463233982563263,,
TDR44_CAGCCAGCACCTGCGA-1,24.0,erythroblast,0.1433664038389525,-0.04014932898123676,1.0373850238166962,0.35879207
TDR48_GGTTGTAGTACTGGGA-1,48.0,erythroblast,-0.007298118447163493,-0.009177929985222474,1.000376032990298,1.4791603
TDR51_TCGTGGGGTGGCTACC-1,120.0,microglia,-0.10585993196271576,0.01381586932777655,0.9763490139236429,1.0369908
TDR53_ACGGTTAGTGAATGAT-1,120.0,innate-lymphoid-cell,-0.060739012593728436,-0.07610118811449183,1.0030771598704942,0.9354188
TDR40_AACCCAAGTGCAGGAT-1,16.0,erythroblast,0.3817951117817644,-0.024449097873444098,1.084640767090786,0.004965265
TDR51_ACGGTCGGTGACTGTT-1,120.0,macrophage,-0.06320443727939327,-0.08589453986429489,1.0045483329254927,1.0787209
TDR44_TACCCACGTAGTATAG-1,24.0,erythroblast,0.15758118623020517,-0.058227152128214485,1.0441066795025988,0.1136534
TDR46_ATCCATTGTACAGAAT-1,24.0,macrophage_immature,0.24320378138974424,-0.005938529968261719,1.0510907791862631,3.4643972
TDR46_TATCAGGCATGATGCT-1,24.0,erythroblast,0.21316360435390233,-0.07660568179587683,1.0596660986530597,0.08365863
TDR48_TTGATGGTCAGACATC-1,48.0,microglia,0.1807811367137137,-0.07815871479302662,1.0531524192485313,1.6782435
TDR54_CTACCCACACTGTGTA-1,120.0,neutrophil,-0.09174386330231873,-0.028015468943458174,0.987335203295792,1.0812712
TDR67_GCCATTCTCGTGCATA-1,72.0,erythroblast,-0.030730707419729886,0.07420347329435077,0.9792318549529043,0.066473186
TDR67_TATTCCACATGACTTG-1,72.0,erythroblast,-0.05285797786547174,-0.004242524240711837,0.990324025692287,0.045800164
TDR47_TCCCAGTCATGATGCT-1,48.0,non_specific_hematopoietic,-0.056058437387125556,0.029184340278883475,0.9830959487280188,1.5175635
TDR44_TGAGGTTTCCTGTAAG-1,24.0,erythroblast,0.23206065457198624,-0.06024361034266358,1.0602034810784402,0.117989495
TDR51_CACCGTTGTGCCTACG-1,120.0,neutrophil,-0.10617472771989693,0.055254543845012355,0.9682297698614271,1.0469763
TDR74_ACGATGTGTTACGGAG-1,240.0,non_specific_hematopoietic,-0.062538494483708,-0.07371216129373621,,
TDR67_TTCCACGAGGCACAAC-1,72.0,macrophage,-0.1744239325971072,0.015074751931240138,0.9628094703086935,1.4476329
TDR46_CTACTATAGGTATTGA-1,24.0,erythroblast,0.4073035893790497,-0.022343650916156366,1.0897294430656308,0.03086435
TDR74_TGGCGTGGTCCATAGT-1,240.0,hematopoietic_stem_and_progenitor_HSPC,0.23770542236704667,-0.042885426737836005,,
TDR46_GTGTAACGTCACAATC-1,24.0,non_specific_hematopoietic,0.09412710941065383,-0.07880039997018926,1.0351905353252675,0.13899101
TDR53_GGTGTTAGTATGAGGC-1,120.0,macrophage,0.1184172753679148,0.051660851771896776,1.0134408111081086,1.1220303
TDR74_TGATCTTGTGTAGTGG-1,240.0,innate-lymphoid-cell,-0.1191424206729475,-0.0037519234326086615,,
TDR46_AGTTCCCAGTATGAGT-1,24.0,erythroblast,0.367782961667239,-0.03708870988089234,1.0843430657962283,1.7185463
TDR45_ATCGCCTTCCCATACC-1,24.0,non_specific_hematopoietic,0.267265721665473,-0.044988754866779716,1.0644421885270405,0.11678839
TDR71_TACTTCATCAACTGAC-1,240.0,hematopoietic_stem_and_progenitor_HSPC,-0.09708065110547294,-0.06010015044107403,,
TDR46_GATTCTTTCTGCACCT-1,24.0,erythroblast,0.20293481480024994,-0.04212253156427536,1.0502323960729167,0.068050705
TDR68_TGGGAAGCAAAGTATG-1,72.0,erythroblast,-0.06163322995893524,0.006665510767835864,0.9864331228685429,0.5973064
TDR44_CTCCCTCTCACTTGTT-1,24.0,erythroblast,0.3042724944733001,-0.07234675322433856,1.0782332797001115,0.2836574
TDR51_CGTAATGAGCGACAGT-1,120.0,non_specific_hematopoietic,0.21942158881607188,-0.05637537710012702,1.0567090334693368,1.1563138
TDR51_ACACGCGCACGGTCTG-1,120.0,neutrophil,0.04372430723803292,0.02526892069777173,1.003697897722877,0.9833208
TDR51_TCATGGACAGCAGTCC-1,120.0,neutrophil,-0.07624618338325108,0.014271216052101965,0.9820594037039386,1.034545
TDR72_GACTCTCGTCGCTTGG-1,240.0,non_specific_hematopoietic,0.018720971124581764,-0.03743099456056113,,
TDR71_CGCATGGGTCTGTGGC-1,240.0,hematopoietic_stem_and_progenitor_HSPC,0.1340507005758085,-0.02502688629551722,,
TDR67_GTCCACTCAAGATGTA-1,72.0,hematopoietic_stem_and_progenitor_HSPC,-0.08608734032678908,0.03869693943459823,0.9753519917534598,1.5165988
TDR71_GTGCGTGCAGTCCCGA-1,240.0,erythroblast,-0.034547424858788985,0.015405555534158032,,
TDR72_GACTTCCTCATCTACT-1,240.0,erythroblast,-0.057086817515431876,0.030819373942163768,,
TDR41_CAACGATGTAGACTGG-1,16.0,erythroblast,0.28741604724278774,-0.06919237201852434,1.0739266351661303,0.0045657605
TDR71_GAATAGATCGATACTG-1,240.0,erythroblast,-0.08329200083657406,0.003202669862387847,,
TDR51_ATCACGACATTCTCCG-1,120.0,macrophage,-0.11344181760924388,0.02591236969890995,0.9725139710624916,1.0396658
TDR74_TGTGGCGAGACATAAC-1,240.0,erythroblast,-0.06095189516866554,0.0909035708785249,,
TDR70_CAACAGTCAAGCGAAC-1,72.0,erythroblast,-0.042663830756589534,0.05657631136433003,0.9803476469633445,0.5148786
TDR71_TTCCGTGCACGACGTC-1,240.0,erythroblast,-0.08363221045148977,0.04379127912475292,,
TDR52_GGGCTACCACCGCTGA-1,120.0,erythroblast,0.45338422997001976,0.01276505575727789,1.0921233565785553,1.0963497
TDR71_GAACACTGTGGTTTGT-1,240.0,hematopoietic_stem_and_progenitor_HSPC,-0.1282023986594305,-0.0033381362788087177,,
TDR73_CCTCACATCGTCACCT-1,240.0,non_specific_hematopoietic,-0.1100084714998003,0.04946227286108962,,
TDR48_TATTGCTGTATTCCGA-1,48.0,macrophage,0.12206490830876865,-0.012085326819796113,1.0271932133861352,1.6336931
TDR54_CCTCATGCAGAGACTG-1,120.0,microglia,-0.11888412681875235,-0.012694434331299076,0.9789859983972252,1.0484638
TDR46_ATCGTCCGTAGCGTAG-1,24.0,non_specific_hematopoietic,0.13503636995767473,-0.04684094082458136,1.0370451446093272,0.064779066
TDR69_GACTGATAGTCCTGCG-1,72.0,erythroblast,-0.08362545945039024,0.06326053159184439,0.9710501170136973,0.6052425
TDR53_TTCTTGACAGCTTTCC-1,120.0,microglia,0.05710949137510993,0.20888598580803205,0.9701007965769052,1.0493716
TDR47_TTCACCGGTTAAGAAC-1,48.0,erythroblast,0.16062962907298767,0.011232883393988452,1.030330216223148,0.41932225
TDR53_TGAGCATGTCACTTAG-1,120.0,macrophage,0.06873154133667439,-0.02598090921751095,1.019123037279141,1.1208466
TDR45_GCAGTTATCAGCTGAT-1,24.0,erythroblast,0.28384517877805615,-0.06652219149609502,1.0725869856741366,0.056452826
TDR71_TCAAGTGCATTGAGCT-1,240.0,erythroblast,-0.053592899499749415,0.034838770130790175,,
TDR71_GACCCAGGTAACGGTG-1,240.0,neutrophil,-0.0875494232751373,0.06149982497439996,,
TDR67_GAACACTCAGCCCACA-1,72.0,microglia,-0.15295834689326937,0.053564810330549106,0.9595367803449184,1.3073877
TDR73_TGTAACGGTTTCGTAG-1,240.0,non_specific_hematopoietic,-0.015071924164365522,-0.06828060400658759,,
TDR48_GTTATGGGTCACCACG-1,48.0,neutrophil,0.006588365155101056,0.004707338857318014,1.00037627603363,1.5347689
TDR43_TCCCACATCGATACGT-1,24.0,neutrophil,0.048779815797381054,-0.014363095380257873,1.0127086595126173,2.8724189
TDR43_CACACAACAAGGACAC-1,24.0,erythroblast,0.19426709570957326,-0.020244857027398852,1.0438360016170942,0.08680284
TDR69_GGGACAATCAGCATTG-1,72.0,microglia,-0.15001954911001986,0.05012915842135107,0.9607608642521229,1.3804674
TDR74_AGTGTTGTCTTGTTAC-1,240.0,erythroblast,-0.07068452830026899,0.002198404288074371,,
TDR44_GACCTTCCATGTTTGG-1,24.0,erythroblast,0.19592663066474966,-0.02680250156072922,1.0455528895846982,0.16142625
TDR71_AAGACAATCTCGCTTG-1,240.0,macrophage,-0.1287819724287949,0.0031249699769196615,,
TDR29_CGCAGGTAGCAGCCTC-1,19.0,erythroblast,0.336410271383697,-0.07352882614074314,1.0854425885208845,37.95761
TDR48_ATATCCTCATTGAAGA-1,48.0,erythroblast,0.07043039209010261,-0.044563942581367186,1.0232653801196503,1.2881727
TDR50_CTACCTGTCCACACAA-1,48.0,macrophage_immature,0.10496163222057547,-0.006150151988350422,1.0224711126429382,1.6064527
TDR71_ATTTCACCAGCAGAAC-1,240.0,macrophage,-0.15042790441768628,-0.0034976161684455165,,
TDR52_GCAGCCAGTTCATCTT-1,120.0,erythroblast,0.12705639937904406,-0.054521471981841006,1.0369830400293942,0.9825028
TDR50_GGGAGATAGGTTGGTG-1,48.0,non_specific_hematopoietic,0.0097229328232738,-0.022516071316508665,1.0064686326447825,1.4783044
TDR74_CGACAGCAGGACGGAG-1,240.0,erythroblast,-0.06929390955826256,0.040865577681373035,,
TDR48_AAACGCTCAGGTGGAT-1,48.0,erythroblast,0.06472444903857451,0.012889653844213977,1.0104208821371536,0.88885146
TDR72_CAGTTCCGTTGCATTG-1,240.0,macrophage,-0.15657694742862077,0.039411700674109235,,
TDR51_ACATTTCAGTACCGGA-1,120.0,neutrophil,-0.0958061358913512,0.006140818214518867,0.9798170672422138,0.9922726
TDR47_TCATTACGTATCCCTC-1,48.0,macrophage_immature,0.19372705540860208,-0.09501511607193142,1.0594484412908463,1.7285337
TDR53_CTAACCCGTGGCCTCA-1,120.0,microglia,-0.08575070333177469,0.07690827870842468,0.9679916706838352,1.0370398
TDR46_ACGATGTAGTATTAGG-1,24.0,erythroblast,0.13798311364795512,-0.014400588781425402,1.0309459104689398,0.08089132
TDR44_TATTCCAAGGTAGATT-1,24.0,erythroblast,0.1373175288432592,-0.017193351710796112,1.0313846048981368,0.058819503
TDR44_TTAGGCACAGAGTAAT-1,24.0,erythroblast,0.23119267966904944,-0.05480928127956339,1.058867978009164,0.36918467
TDR48_AGAAATGAGCTAGATA-1,48.0,erythroblast,-0.046033673739649325,-0.04803103387707738,1.0003995518270614,0.7015355
TDR44_AGCTACACATTGAGCT-1,24.0,erythroblast,0.21194386538315627,-0.05221602255083577,1.05425249218908,0.10978675
TDR43_TCGCTCAGTCTAACTG-1,24.0,erythroblast,0.33126903289035947,-0.042728694356773976,1.0776681057559339,0.6914681
TDR71_ACACCAATCCAGTACA-1,240.0,erythroblast,-0.06953939990269235,0.03515020903885781,,
TDR67_CGGTCAGCAACAGAGC-1,72.0,erythroblast,-0.059418165290748684,0.045135581486978896,0.9793063643932968,0.13188578
TDR71_GATCCCTCAGACAAGC-1,240.0,macrophage,-0.09262222746375992,-0.0378776704887517,,
TDR50_TGAATCGTCGCCATAA-1,48.0,macrophage,-0.06874659883739265,0.005877798882083618,0.9851859444408837,1.5107512
TDR46_TCCGTGTTCGTAGCTA-1,24.0,erythroblast,0.4234887090197229,-0.03173452452568999,1.0953179065067422,0.09646558
TDR74_CACTGAAAGTGGATAT-1,240.0,hematopoietic_stem_and_progenitor_HSPC,-0.09370503382391385,-0.057264622346854505,,
TDR71_ACGTAGTGTGCCTAAT-1,240.0,neutrophil,-0.11502479173003166,-0.009386143246710582,,
TDR46_TCGGGCAGTGGAAGTC-1,24.0,non_specific_hematopoietic,0.20480270282781396,-0.08290710368594109,1.0592297163810374,0.05535924
TDR50_TCGCTTGTCGGCTGGT-1,48.0,neutrophil,-0.10886518143035553,0.04522438095387629,0.969652118554762,0.00029648855
TDR70_TTCAGGACACTATGTG-1,72.0,erythroblast,0.2602519724992789,-0.030812176081421408,1.0599405585544006,1.470876
TDR74_TCCACGTGTGTTCATG-1,240.0,erythroblast,0.14796749782029067,-0.047255562635371576,,
TDR41_GAGACTTTCGTCAAAC-1,16.0,erythroblast,0.2905959915328812,-0.05772915720875649,1.0721489830825301,0.015332888
TDR53_TCATGGACACTCCCTA-1,120.0,macrophage,-0.066671139246608,-0.01646018233020269,0.9900080630583528,1.0878195
TDR53_TCATGGAAGTCTGGTT-1,120.0,hematopoietic_stem_and_progenitor_HSPC,0.07931837041828016,-0.03572893756983167,1.0232762213292776,1.1250588
TDR53_AACCTGATCGGTAGGA-1,120.0,erythroblast,0.235401943862059,-0.02977299459890466,1.0544665378246099,1.1389768
TDR70_CCCTTAGGTGGCCTCA-1,72.0,hematopoietic_stem_and_progenitor_HSPC,0.04032726159140809,-0.0431782445533904,1.016841344270025,1.551816
TDR51_AAGTGAAGTAACCAGG-1,120.0,macrophage,-0.06692492553257909,0.015011411422180751,0.9837462734239124,1.0732672
TDR39_GCAGGCTTCTAGGCAT-1,16.0,non_specific_hematopoietic,0.3575838845383347,-0.08667974541152734,1.0929196858084662,0.013476105
TDR51_TGCGGCAGTCGTACTA-1,120.0,erythroblast,-0.11205544349474784,-0.09998449867154345,0.997588722845846,1.0529956
TDR71_TGTTCCGCATAGGTAA-1,240.0,neutrophil,-0.1100967989138884,0.012343248115453537,,
TDR47_ATGAGTCCAAACTAGA-1,48.0,erythroblast,0.03594951265598738,-0.04376458664191263,1.016070584686298,0.1596886
TDR74_GAGGGATTCTTCTAAC-1,240.0,erythroblast,-0.06907713259256987,0.007925758423244708,,
TDR53_ACGCACGGTACAGTCT-1,120.0,non_specific_hematopoietic,0.16126727620277972,0.016875426230479218,1.0292993931702739,1.1321985
TDR54_CTCAACCCATGCCGCA-1,120.0,erythroblast,0.26314890346523423,0.00896378300616131,1.052151403978659,1.0577052
TDR46_AATGACCCACTAGAGG-1,24.0,erythroblast,0.23723324286080474,-0.09046882624531458,1.0677358877288365,0.13308404
TDR51_GACTCTCAGGACTTCT-1,120.0,erythroblast,0.14443718796408841,0.050675752530223384,1.0189292154288925,0.98634785
TDR46_CTTTCGGGTGTTGATC-1,24.0,neutrophil,-0.11183687691424701,-0.007213841313901154,0.9792927934903338,1.5873543
TDR52_AGAGAATTCAGTGTGT-1,120.0,macrophage,-0.14262769951718332,-0.026274935378864522,0.9769981184089335,1.0598896
TDR44_TCTTCCTAGATGGTAT-1,24.0,neutrophil,0.2806862599637804,-0.03907718648209216,1.0660419623654145,1.8717979
TDR53_AGTACCACATACAGCT-1,120.0,neutrophil,0.03288161537195414,0.035637131315754494,0.9994490486407097,1.0158794
TDR52_CTAAGTGTCTATACGG-1,120.0,erythroblast,0.18475554440323505,-0.06770247497740318,1.051788032375323,1.1055872
TDR44_TTGCCTGGTTTCGCTC-1,24.0,erythroblast,0.20225004935646093,-0.05017433573466375,1.0517809571704826,0.3061667
TDR74_TTCCGTGAGGCCCAAA-1,240.0,innate-lymphoid-cell,-0.08144915234911573,-0.06084059801910491,,
TDR74_ACCACAATCGAACGCC-1,240.0,hematopoietic_stem_and_progenitor_HSPC,0.14635513795463248,-0.011229648298303474,,
TDR70_GTAACACGTTCTCTCG-1,72.0,erythroblast,0.09290542345137087,0.039052422687819235,1.0108288118705324,1.4185395
TDR44_CTGTCGTTCTTGGTCC-1,24.0,erythroblast,0.21448836465412327,-0.05568262395587456,1.0555206979412726,0.6418041
TDR69_AAACCCATCCATTCAT-1,72.0,erythroblast,-0.06067303664334505,0.06873508044870963,0.974450434892935,0.60272664
TDR52_TCACTCGAGCGCTTCG-1,120.0,erythroblast,-0.100536936143471,0.0825655579374992,0.9640419209868751,1.0548223
TDR45_CTCCGATTCCAACACA-1,24.0,erythroblast,0.2492427834017511,0.0016375394259098008,1.050767709376338,1.098621
TDR46_ACCAACAAGTGCACTT-1,24.0,non_specific_hematopoietic,0.1477103639848664,-0.02967889604553124,1.0361147000118616,0.079433106
TDR54_ACGCACGCAGTGGTGA-1,120.0,neutrophil,-0.11545599960789002,-0.008282515801733309,0.9787933937608524,1.0636144
TDR46_CTGTGGGTCAACCTCC-1,24.0,macrophage,0.09508799841023835,-0.06192393937676555,1.0319006443370005,3.3208642
TDR44_CCTTGTGGTTCCGGTG-1,24.0,erythroblast,0.19922470054530858,-0.04622926548227339,1.050315707940998,0.1661114
TDR44_GGGTGAAGTTACCTGA-1,24.0,non_specific_hematopoietic,0.1953122020020567,-0.04063215642223675,1.0483199883451981,0.110860854
TDR73_TTTCGATCACAGTCCG-1,240.0,erythroblast,0.020226457432926503,0.09907504991376777,,
TDR53_TGTAACGAGGGAGAAT-1,120.0,macrophage,0.04228758487440337,-0.05244536221955197,1.0191272149868766,1.1214554
TDR54_ACTATCTCAATACCCA-1,120.0,erythroblast,-0.025119747958340488,-0.0777757202849488,1.0105868426695512,1.1464229
TDR54_GTGGAAGGTAGTCGGA-1,120.0,non_specific_hematopoietic,0.06593107771776949,-0.1311052581410349,1.040194034277593,1.1357301
TDR51_GAAGCCCAGCTCCGAC-1,120.0,hematopoietic_stem_and_progenitor_HSPC,0.02715356421190257,-0.05704010518340737,1.0169813044702962,1.1204296
TDR74_GAGTTACGTACGATCT-1,240.0,neutrophil,-0.10276696821249173,-0.03424509097604553,,
TDR46_TACCTGCCAATCGCAT-1,24.0,erythroblast,0.11428901226690144,-0.028410425572643602,1.0289510523709715,0.046522867
TDR53_TCGGGCACAAAGGGCT-1,120.0,neutrophil,-0.09455522057728338,-0.04545886005948324,0.9902287795427537,1.0105116
TDR46_CCACACTGTCTGCCTT-1,24.0,erythroblast,0.32637474335110994,-0.04194318358768909,1.0764446128791516,0.025734471
TDR71_TCCGGGAGTCCAACGC-1,240.0,erythroblast,-0.05816083348323689,0.011355054039374125,,
TDR44_GGGTCTGCAGGACATG-1,24.0,erythroblast,0.12992583518086176,-0.05281644019783663,1.0372245615948137,0.21820234
TDR53_TTGTGGACATCCGAGC-1,120.0,non_specific_hematopoietic,-0.07969153860021194,-0.05419689784815282,0.9949140493173021,1.1168941
TDR70_CTGATCCGTCCGAAAG-1,72.0,non_specific_hematopoietic,0.03983665048581961,-0.02633634748730171,1.0133225645397526,1.5162289
TDR47_ATGGGTTCAACCGCTG-1,48.0,macrophage_immature,0.13841088601842835,-0.0699406355475458,1.0425506976140193,1.6774547
TDR73_TTTACCACAGAGGAAA-1,240.0,non_specific_hematopoietic,-0.07155842777389723,-0.0777711515073423,,
TDR73_ATTGGGTCATCCTCAC-1,240.0,erythroblast,-0.060100787072506205,0.02728569456408629,,
TDR54_ACCACAAGTATTAAGG-1,120.0,non_specific_hematopoietic,-0.08392612677170222,-0.0563901839752832,0.9945079482038793,1.0962178
TDR72_CTCCTTTGTCATCGGC-1,240.0,hematopoietic_stem_and_progenitor_HSPC,0.04636668030044028,0.020144173872451654,,
TDR67_TACAACGGTATCGATC-1,72.0,macrophage,-0.19062027593832934,0.10001253275479671,0.9435305250161113,1.4774461
TDR53_TTCGCTGAGCGCCTCA-1,120.0,macrophage,-0.0013367845760688946,-0.006648095397621595,1.0010628265645927,1.1051928
TDR51_ATAGACCGTGAAGCGT-1,120.0,non_specific_hematopoietic,-0.013097084880863447,-0.02868525135984231,1.0031224981687956,1.1206521
TDR70_TTACCGCTCCGATTAG-1,72.0,macrophage,-0.1390698374087626,0.032555517943009094,0.9662573512677726,1.5256927
TDR68_TTAGTCTGTTGCATAC-1,72.0,macrophage_immature,-0.14611031902946442,0.02015025796137762,0.9672946589666811,1.1610796
TDR74_TGAGGTTAGGCCTGAA-1,240.0,hematopoietic_stem_and_progenitor_HSPC,-0.09835314205530776,-0.022015903946922086,,
TDR53_CAGATCAAGACTCCGC-1,120.0,innate-lymphoid-cell,-0.004414211763727971,-0.013916671116123006,1.0019022989497524,1.0844518
TDR71_TAAGCGTCAGACACCC-1,240.0,erythroblast,-0.022514572239161146,0.012890611869701446,,
TDR52_ATTCTTGTCGGCATTA-1,120.0,non_specific_hematopoietic,0.06185560717342767,-0.0026333735184968787,1.0129813314651954,1.1136118
TDR72_CGAGTTACACGGGCTT-1,240.0,hematopoietic_stem_and_progenitor_HSPC,-0.10237803400332743,-0.01671638849660778,,
TDR44_CGGTCAGTCTACGCGG-1,24.0,erythroblast,0.14100566920642105,-0.01166359148419678,1.0310047911746356,0.057448074
TDR41_GACCCAGCAGGCTTGC-1,16.0,macrophage,-0.0409001445457704,0.013626517624990703,0.9891539151365306,5.048434
TDR54_CCTCAGTCACGATTCA-1,120.0,macrophage,-0.04377521465618486,0.022148111592168396,0.9869018717114157,1.0720445
TDR74_GCCAGCATCCGAGATT-1,240.0,hematopoietic_stem_and_progenitor_HSPC,-0.02754853070069535,0.04266222074859832,,
TDR74_GCAACATAGTGAGTTA-1,240.0,erythroblast,-0.07298671944145525,-0.018532281112619703,,
TDR44_CGAGTTACATAGAATG-1,24.0,erythroblast,0.23736267486978227,-0.06100654128540989,1.0614902778401838,0.13329007
TDR71_AATTTCCTCGACGATT-1,240.0,erythroblast,-0.042420512218339285,0.03178586604066645,,
TDR74_TGTCCCAAGAGAACCC-1,240.0,erythroblast,-0.05703518152099045,0.018188120534326592,,
TDR46_TGCCGAGCAATATCCG-1,24.0,macrophage_immature,0.19205552794833577,-0.07701911685675365,1.0552892805978689,3.2839613
TDR51_AGATAGATCCGCGAGT-1,120.0,hematopoietic_stem_and_progenitor_HSPC,-0.08138286667061329,-0.074615359786244,0.9986474141929932,1.0956107
TDR46_ATCCATTAGGGTGAAA-1,24.0,macrophage,0.057338547141238955,-0.010699800183167713,1.013700675183893,3.1009817
TDR54_CGAGAAGCAGCACACC-1,120.0,macrophage_immature,0.22506336692396742,-0.0029727018973677577,1.0466632153018085,1.140779
TDR46_GTGTGATTCTAGCCAA-1,24.0,non_specific_hematopoietic,0.15337984751754122,-0.05220742079754766,1.041974482078244,0.030811029
TDR44_GGTGATTTCACCTCTG-1,24.0,macrophage,-0.06686756434825797,-0.059762044421332663,0.9985799053047248,3.2546396
TDR71_CTTGAGACACTGCGTG-1,240.0,neutrophil,-0.09935145818454029,0.0067539250921064,,
TDR51_ACATCCCCACTAGGTT-1,120.0,macrophage,-0.15197538990309778,0.07296017581777936,0.956009801714199,1.0050769
TDR69_ATTGTTCCATCTGTTT-1,72.0,erythroblast,-0.039735027211742505,0.01338359392015638,0.9894325082229918,0.317452
TDR48_AAGTTCGCATTAGGCT-1,48.0,macrophage,0.1606405802032312,-0.02103123547118388,1.0370025239444014,1.6188693
TDR51_AAGTGAATCTTAGCAG-1,120.0,hematopoietic_stem_and_progenitor_HSPC,-0.12747067311192975,-0.027623750545360426,0.9802286830255664,1.0682446
TDR18_AGGGCTCGTCATATGC-1,14.0,erythroblast,0.3175539125935614,-0.10041082398071126,1.0871862616405763,100.10475
TDR48_CATCCACGTAGTTAGA-1,48.0,erythroblast,-0.07931581665974533,0.0010716327722521818,0.9840510630956611,1.3328412
TDR52_CAGCACGCACCTATCC-1,120.0,erythroblast,0.16458724319578621,-0.06297269887458362,1.0465635511759481,1.0376216
TDR53_TATATCCCAGAGGCAT-1,120.0,microglia,-0.17506144813013969,0.003156909364177146,0.9649840835604998,1.0339315
TDR68_AGACACTCAATCCTAG-1,72.0,erythroblast,-0.037635171833998074,0.015270346860634797,0.9894746792174621,0.7687378
TDR47_AGGACTTCATGGCCAC-1,48.0,non_specific_hematopoietic,-0.08412348686763953,0.05403537284412885,0.9727464934129187,1.6051402
TDR67_TTTACCAGTTGCGTAT-1,72.0,microglia,-0.17840213190964566,-0.0036258904830269167,0.9656486297225758,1.3581994
TDR74_CCATCACTCCTGGTCT-1,240.0,erythroblast,-0.06988104406018145,-0.004431103098731619,,
TDR68_CAATTTCCAGACTGCC-1,72.0,erythroblast,-0.04604711744030109,0.03387106482341477,0.984143424000952,0.6654302
TDR52_GTGTCCTAGTTACGTC-1,120.0,microglia,0.0003334250964018848,0.1557085604931293,0.9694028388838324,1.0455579
TDR68_GTTACGATCTAAACGC-1,72.0,macrophage,-0.15468355711655096,0.08024483116096665,0.9541010624566154,1.2263465
TDR51_CGTCAAACAGTAGAGC-1,120.0,macrophage,-0.15278520411279406,0.04174940444037148,0.961840231423397,0.9912682
TDR71_CCATCACTCATCTACT-1,240.0,erythroblast,-0.1080306767452101,0.13076011659762454,,
TDR44_CAATCGAAGACTCATC-1,24.0,erythroblast,0.1914150184350412,-0.04010371783057401,1.0473925052407675,0.1477824
TDR39_CTCGAGGCAGCTTCCT-1,16.0,erythroblast,0.24761269655626636,-0.027992766324512697,1.0566685616468958,0.041780498
TDR69_AACACACTCATTACCT-1,72.0,erythroblast,-0.10745056629043015,0.06567388097893084,0.9659676929752635,0.6354122
TDR74_TAGCACATCATCGCAA-1,240.0,macrophage,-0.1707108919207292,0.02915397179235521,,
TDR53_TTGGGTATCGTTGTTT-1,120.0,macrophage_immature,0.23007323230326418,0.08534926339240083,1.0293677654054048,1.1048424
TDR44_GGGCTACCAGACGGAT-1,24.0,macrophage,0.10719172424587042,-0.016441174623342963,1.0250348169543715,3.0443492
TDR42_GTCATTTGTATACGGG-1,16.0,erythroblast,0.28615216912850033,-0.0764456793497918,1.0752138474920303,0.0989362
TDR53_AACCCAACATGATCTG-1,120.0,macrophage,-0.06980044944267502,-0.05414704449766758,0.9968742144826734,1.0994667
TDR48_AGACAAACAGTTAAAG-1,48.0,erythroblast,0.025797902657527433,-0.017575953253737328,1.0087125060446271,0.8485796
TDR52_CAGATTGTCGATCCCT-1,120.0,non_specific_hematopoietic,-0.008344640487279648,-0.015214010905144487,1.001374818280925,1.1156512
TDR54_ATTCTACGTGTGATGG-1,120.0,innate-lymphoid-cell,-0.07933564718366704,-0.04915120617011127,0.9939812971940701,1.0915662
TDR52_CTTTCGGGTTGAGAGC-1,120.0,macrophage,-0.08031657935797604,-0.035184226750175726,0.9910141457643726,1.0375588
TDR29_GCCATTCCAGCTGCCA-1,19.0,erythroblast,0.1798917294927523,-0.05138245885626834,1.0473412789625034,1.2608327
TDR28_TCTGCCAGTCACTACA-1,19.0,erythroblast,0.4431658825525916,-0.07346818706903545,1.1088537387074475,0.044921085
TDR52_GTTCGCTAGTCGAGGT-1,120.0,erythroblast,0.17689161534159542,-0.047117420824637546,1.0458205652958854,1.0945281
TDR74_GTTCCGTTCTCGTGGG-1,240.0,non_specific_hematopoietic,0.17778252755513146,-0.03602625360043536,,
TDR51_AGCGATTAGTACAGAT-1,120.0,neutrophil,0.22491992386361412,0.023349687481080073,1.041137689312097,1.1351285
TDR51_CAACCAAGTTCGGTCG-1,120.0,microglia,-0.059754867362498035,0.06917365379251592,0.9745439078696737,1.0669291
TDR74_GTAACACGTTCTTGCC-1,240.0,erythroblast,-0.06921462041922151,0.05390675504298474,,
TDR44_CTGAATGAGGGACCAT-1,24.0,non_specific_hematopoietic,0.20047616188250822,-0.053867602245947145,1.0521847879401662,0.09273661
TDR74_GTCTTTATCCTTCTTC-1,240.0,erythroblast,-0.08931395116283504,-0.013058484144512834,,
TDR51_CATCCACTCAATGTCG-1,120.0,macrophage,-0.12357208409336046,0.038166640717306244,0.9681698473467832,1.039872
TDR74_AGGATCTTCGAGCACC-1,240.0,neutrophil,-0.12513756348444638,0.020989966661265902,,
TDR71_CTTCAATAGGCCACTC-1,240.0,erythroblast,-0.056237168456401726,0.06182959293461718,,
TDR50_GTCCTCAGTCGGCTAC-1,48.0,macrophage_immature,0.3230794728273414,-0.024818549153629438,1.0720573982899986,1.645865
TDR54_TGTTGAGAGCATCGAG-1,120.0,macrophage,-0.07496191976799862,-0.010725728555577976,0.9872349352455297,1.0836642
TDR47_GTCTACCTCCAAATGC-1,48.0,erythroblast,-0.06696752272797661,0.08089676520162797,0.9708601405382518,0.635959
TDR43_GTTACAGTCGGACCAC-1,24.0,erythroblast,0.2546274381173882,-0.03485933504498778,1.0596062264575068,0.071508855
TDR44_TGGCGTGCATCTCCCA-1,24.0,erythroblast,0.14710797629237793,-0.058470341510434856,1.0419726168388348,0.09884271
TDR69_GTCGTTCCAAATCAGA-1,72.0,macrophage,-0.12608389406735576,-0.04126568411347435,0.9831794304318829,1.5012724
TDR44_TTCACGCTCTACTCAT-1,24.0,macrophage_immature,0.24041749532452117,-0.015494651456577968,1.052514885383126,3.5374594
TDR74_GTAATCGCATCATTTC-1,240.0,erythroblast,-0.06693253328695861,-0.04536429999403204,,
TDR71_GGTAACTGTCTCACAA-1,240.0,innate-lymphoid-cell,-0.0930879991316993,-0.019316597901168728,,
TDR69_GGACGTCCAGAGATGC-1,72.0,hematopoietic_stem_and_progenitor_HSPC,-0.13796451670461155,-0.06606926613447811,0.9857238347080668,1.5229256
TDR44_CTACTATAGCTCCACG-1,24.0,hematopoietic_stem_and_progenitor_HSPC,0.2437048221291755,-0.00313469202878075,1.0506068008645488,2.9989738
TDR52_TCATTGTTCCGCCTAT-1,120.0,macrophage,-0.11776835807651734,0.04334705079427281,0.9682905500098882,1.0399865
TDR51_ACATCGAAGTCCTGCG-1,120.0,erythroblast,-0.06208898783511502,-0.004331000761133463,0.9885148661204526,1.4618198
TDR54_ACGGTCGCACTGTTCC-1,120.0,hematopoietic_stem_and_progenitor_HSPC,0.20722435296144884,-0.07839545503586642,1.0587870511972794,1.1805341
TDR74_GGGCTCAAGTCACGAG-1,240.0,microglia,-0.1589481266243094,-0.05390646876152394,,
TDR73_GTGTGGCGTGTCATGT-1,240.0,innate-lymphoid-cell,-0.07308528272085665,0.007747666655339283,,
TDR51_TACATTCCAGTAACCT-1,120.0,erythroblast,0.058562256794847334,0.02979917162794357,1.005769195108608,1.0770122
TDR67_TCACGGGCACCTCGTT-1,72.0,erythroblast,-0.07483039281950628,0.12640175535291098,0.9605527013328226,0.23238933
TDR52_AAACGAATCATTCGTT-1,120.0,hematopoietic_stem_and_progenitor_HSPC,-0.0337832641528019,0.13158263023732747,0.9674677587933875,1.0487458
TDR51_GTTGCGGTCGTCGATA-1,120.0,hematopoietic_stem_and_progenitor_HSPC,-0.09601062896372564,-0.028265021849369652,0.9865422547682154,1.100858
TDR54_AACGTCAAGCCATCCG-1,120.0,erythroblast,0.22545331848685807,-0.0018301555307974893,1.0465056844983847,1.1457205
TDR51_GGAGATGGTCACTGAT-1,120.0,neutrophil,-0.04053587625774549,0.030219773483481135,0.9859485266528281,1.0290815
TDR44_GGGCTCACATGTGACT-1,24.0,macrophage_immature,0.25724649291427376,-0.061579104334963816,1.0658420237976265,0.24932587
TDR53_AAGTTCGCACAGCTTA-1,120.0,neutrophil,-0.10617600655725794,-0.004431925981964929,0.9798568238383147,1.0649672
TDR44_CATCCCATCTTGGCTC-1,24.0,macrophage,0.10182848978713688,-0.040191735878338825,1.028811286647986,3.3519952
TDR44_TTCCACGTCTCCAAGA-1,24.0,erythroblast,0.2358570467329494,-0.035379649872301216,1.0557456972881714,0.04557989
TDR51_GTGCTTCAGCTATCCA-1,120.0,hematopoietic_stem_and_progenitor_HSPC,0.03508278762349648,-0.05701584593301426,1.0185904162851391,1.1123551
TDR74_GCCAGTGGTACCGGAA-1,240.0,erythroblast,-0.07638729067696343,0.009936875063312103,,
TDR44_GTGCGTGCAAGCACAG-1,24.0,erythroblast,0.40566603743503704,-0.06108013750466362,1.0978450742377572,0.07567404
TDR43_GATCAGTTCGATTGGT-1,24.0,erythroblast,0.18129550190313903,-0.050364720712601334,1.0474221440086566,0.1145283
TDR43_GATGACTTCCGTGTCT-1,24.0,erythroblast,0.1629945570778612,-0.05926598353342413,1.045454906712914,0.060262967
TDR44_AGCGTATAGCGTGAAC-1,24.0,erythroblast,0.23494508448009296,-0.03393273915389629,1.0552477407610548,0.08993948
TDR71_ACGATCAGTGCATGAG-1,240.0,hematopoietic_stem_and_progenitor_HSPC,-0.061836840877970534,0.07961522349092952,,
TDR71_ATTCCATTCACGGAGA-1,240.0,hematopoietic_stem_and_progenitor_HSPC,-0.10584656289944372,0.007514701117384004,,
TDR71_CCTATCGCAGCGAACA-1,240.0,erythroblast,-0.05222340025422843,0.002548570922159474,,
TDR71_AGGAAATTCTATCCAT-1,240.0,erythroblast,-0.03894278028233332,0.014867624798834612,,
TDR53_GGAGCAACAAGGAGTC-1,120.0,macrophage,0.00019488911052326086,-0.04746865944649925,1.0095782907103055,1.1028523
TDR71_AAAGGATGTCTTGAGT-1,240.0,innate-lymphoid-cell,-0.07293217182619072,-0.0028453377453921264,,
TDR52_CTCATCGAGCTAAGTA-1,120.0,erythroblast,0.24445294934889242,0.012643209402111985,1.0474534660296617,0.98051405
TDR44_AGCGATTGTGCTCTCT-1,24.0,erythroblast,0.18308549332715238,-0.06060180354361501,1.0499446614232746,0.09367651
TDR51_AGGAAATGTAGGGTAC-1,120.0,erythroblast,-0.05315986561228228,-0.03338424569486741,0.9960526872178961,1.0498855
TDR46_ACACGCGGTTGGACTT-1,24.0,erythroblast,0.15932359814942632,-0.04727324637045992,1.0421848938488232,0.07952475
TDR48_AAAGGATAGAGGCGGA-1,48.0,erythroblast,0.11049597846627442,-0.04575699666975905,1.0317440214146831,0.73414004
TDR53_ATTTCTGAGGATTTGA-1,120.0,macrophage,-0.12195729582852564,-0.04882755582843234,0.9854804916187888,1.0869933
TDR29_GCGGATCGTGTTAAAG-1,19.0,macrophage,0.06974223754482733,-0.03441522585980941,1.0210499827452697,1.2548959
TDR43_TTTCCTCCAGAAGCGT-1,24.0,erythroblast,0.18038382941136272,-0.05859243306688768,1.04895586224108,0.10421378
TDR54_GCCTGTTAGGTTGGTG-1,120.0,macrophage,-0.06890069697894685,-0.013924235882966415,0.9890649350653234,1.0816356
TDR51_GAGAGGTTCGTTCTCG-1,120.0,neutrophil,-0.0950672510388685,0.01722266721392729,0.9777923195940447,0.9921352
TDR43_TTCTTGAAGGTCCTGC-1,24.0,erythroblast,0.23922015135518523,-0.06635138115701147,1.0630204173886932,0.17178802
TDR74_CTTCCGACAATCCTAG-1,240.0,erythroblast,-0.055874730130944475,0.043239530413878964,,
TDR71_TCGAACAAGCATGTTC-1,240.0,erythroblast,-0.06218509626269042,0.02590802339092097,,
TDR71_CTATAGGCAGCAATTC-1,240.0,macrophage,-0.15508886925259927,-0.042240394422333544,,
TDR74_ACTGTGAGTTTGCAGT-1,240.0,erythroblast,-0.05895711741788506,-0.010913358602354886,,
TDR51_TTTGATCAGTGATGGC-1,120.0,microglia,-0.10641108814958021,-0.017254436777537685,0.9823267071618843,1.0489222
TDR74_TCAGTCCAGACAAGCC-1,240.0,erythroblast,-0.05288503276191742,0.042453581712224187,,
TDR70_TGTTTGTTCCGGTTCT-1,72.0,erythroblast,-0.07181686497341352,0.019171725404691253,0.9819668605653021,0.32552594
TDR50_CCGGACAGTGTTTCTT-1,48.0,macrophage,-0.08893743805143445,0.08424100450975436,0.9659572614900931,1.5141618
TDR41_CGGGTCACAGCGACCT-1,16.0,macrophage,0.2104802593689377,-0.03616215782145049,1.0505653873978897,0.64793676
TDR47_AACCTTTTCGAAGGAC-1,48.0,macrophage_immature,0.402608468809729,0.00255253387918028,1.0832991864601238,1.7248048
TDR74_CAAGCTAAGCAGTCTT-1,240.0,erythroblast,-0.05627347270670667,0.06587209499336608,,
TDR53_GTAATCGCATGGAAGC-1,120.0,erythroblast,-0.010290680461153251,0.013743797298150867,0.9952046390812359,1.1065887
TDR54_ACGTTCCCAGATAAAC-1,120.0,macrophage,-0.13079818931875237,-0.044682317437885005,0.9829242966382026,1.0607389
TDR68_GCACTAACAGCTACTA-1,72.0,erythroblast,-0.046917954487724296,-0.0066600083920882736,0.9919807380053226,0.6007225
TDR68_TCTATACTCCTCGCAT-1,72.0,erythroblast,-0.09436060915063153,0.0638038465814186,0.9688621946905143,0.6542166
TDR46_TCAAGCACACGCTATA-1,24.0,erythroblast,0.33015393605920784,-0.04245864276404797,1.077369601049545,0.10885885
TDR68_TTCTAACAGGACTAAT-1,72.0,erythroblast,-0.0748508251124732,0.028764094323543724,0.9794902615756875,0.6826167
TDR48_TCACAAGCACAAAGTA-1,48.0,non_specific_hematopoietic,0.2508508158989534,-0.04632441471548279,1.061236827294338,1.673409
TDR70_TTTAGTCAGCCGTTAT-1,72.0,macrophage,-0.16432897305934444,0.010682469724776988,0.9656032064172302,1.5126626
TDR54_TGGAGGAGTTCTGACA-1,120.0,macrophage,-0.17811088769771885,-0.014568434949210424,0.9678206473363047,1.0548854
TDR43_GCTTGGGAGTGATGGC-1,24.0,erythroblast,0.21088758858040343,-0.015303114570089385,1.0462769913053527,0.03915885
TDR70_GTGCTTCAGAAAGCGA-1,72.0,hematopoietic_stem_and_progenitor_HSPC,-0.11983011251978731,-0.09069168305307451,0.9941892621295263,1.5178237
TDR53_TGCATGAGTATTGAGA-1,120.0,hematopoietic_stem_and_progenitor_HSPC,0.15160316877657445,-0.038519623326922506,1.0387567427903486,1.139937
TDR68_ACAACCACACCCTGTT-1,72.0,erythroblast,-0.04636187102033013,0.10495387771983206,0.9701901946485327,0.72001415
TDR74_GCCAGGTCAATCACGT-1,240.0,non_specific_hematopoietic,0.2383484189717646,-0.017236846272688178,,
TDR28_GATGGAGTCAGGACGA-1,19.0,erythroblast,0.19917419283565171,-0.07288117352443169,1.0559185728548182,0.03054462
TDR48_ACTATTCAGATCCCAT-1,48.0,non_specific_hematopoietic,0.028346408941806872,-0.08289102860438971,1.0224968083473251,1.5876219
TDR54_TCGCTCAGTCTAACGT-1,120.0,microglia,0.2103926129669313,-0.016503714516926893,1.0464246574256895,1.1153444
TDR48_GCAACCGCAAGGTACG-1,48.0,neutrophil,0.26520955056520884,-0.06224692027797893,1.067683442201041,0.00012827497
TDR46_AGTCATGGTACAGAAT-1,24.0,erythroblast,0.10486066784039613,-0.05681145549524362,1.0328628623728764,0.07360204
TDR74_TGCGGGTCATAGGTTC-1,240.0,macrophage,-0.08946241730321733,-0.01096957138131141,,
TDR71_ATGAGGGGTACACTCA-1,240.0,hematopoietic_stem_and_progenitor_HSPC,-0.0929958063673141,-0.03450114753895145,,
TDR51_CAGGTATTCCGTCAAA-1,120.0,macrophage,-0.1309956504817365,-0.012425513531146862,0.9765649406546105,1.0805894
TDR53_AATCGTGTCCTTGACC-1,120.0,macrophage,0.04591767395854984,-0.028297573088063896,1.014953754522857,1.1106071
TDR50_TCCTTTCCAAAGGCAC-1,48.0,hematopoietic_stem_and_progenitor_HSPC,0.2366536664254913,-0.03171307581186422,1.0551398827757412,1.7040771
TDR70_AAGGTAAAGGCTGGAT-1,72.0,microglia,-0.1205966717065679,0.011724983948376372,0.9738827805133526,1.367907
TDR67_ACACCAACACTCAGAT-1,72.0,non_specific_hematopoietic,0.12417819631887994,-0.035968586058624324,1.0325478168248847,1.390391
TDR74_TGTTCCGTCGCAGATT-1,240.0,hematopoietic_stem_and_progenitor_HSPC,-0.08523344262753557,-0.04382867839985232,,
TDR46_TCGCAGGCATCCAACA-1,24.0,erythroblast,0.2557402906974938,-0.041695677331872225,1.061292169566701,0.107053176
TDR67_TCCTCCCGTCCATACA-1,72.0,erythroblast,-0.05742697372863076,0.02859236460760979,0.9829432738546866,0.15338676
TDR74_GTTACCCAGAGTCTTC-1,240.0,erythroblast,-0.1151709852890631,-0.05266549714585497,,
TDR45_TGGTAGTCAGGTGTTT-1,24.0,erythroblast,0.23343179650175241,-0.0548244468383871,1.05934548313177,0.13411044
TDR40_CGAATTGAGATGAACT-1,16.0,erythroblast,0.30772736790048294,-0.022956587330218742,1.0683728510108224,0.003332162
TDR28_TGAGGTTTCGCTCCTA-1,19.0,non_specific_hematopoietic,0.2630558610353163,-0.07284341898901259,1.0694878146832452,0.02505832
TDR74_TGTACAGAGCATCAGG-1,240.0,hematopoietic_stem_and_progenitor_HSPC,-0.1177525821301159,-0.012401224654397844,,
TDR38_CTACAGAGTGAGAGGG-1,12.0,non_specific_hematopoietic,0.34874330090033145,-0.04647967281740836,1.0822525837706258,0.0009263919
TDR54_TATCAGGAGCCTCACG-1,120.0,hematopoietic_stem_and_progenitor_HSPC,0.031227927486492474,-0.0521741830976305,1.0168203171112555,1.1253862
TDR52_TTTCCTCGTCACTGAT-1,120.0,macrophage,-0.10533181097274436,0.013127653431137337,0.9765865566796412,1.037967
TDR43_ATTCCTACACAATGCT-1,24.0,erythroblast,0.4267857167861906,-0.055631015227804614,1.1012912405303554,0.102872826
TDR44_TCAGGTATCGGATACT-1,24.0,erythroblast,0.18147020665395458,-0.014951133369695613,1.0400660991459452,0.32667983
TDR74_CATCCGTAGCATCTTG-1,240.0,erythroblast,-0.06829339667784126,0.019313533396984515,,
TDR44_GCCAGTGCAATAGAGT-1,24.0,erythroblast,0.41487833320554435,-0.07442145864616717,1.102808335217589,0.10680873
TDR43_CGAGTGCCATCTGGGC-1,24.0,neutrophil,0.17589734343864658,-0.02462849691230254,1.0409202400089963,1.5770329
TDR67_CATTCCGGTCTGGTTA-1,72.0,macrophage,-0.06950457194004533,0.00330882883814157,0.9855428428175655,1.5479933
TDR67_CGCATAATCGAGTTGT-1,72.0,microglia,0.09893430235851516,0.06452468461524524,1.0069056584004246,1.4114923
TDR46_GAGACCCTCCAACCGG-1,24.0,erythroblast,0.25519355242942277,-0.05176269105859041,1.0633148533655794,0.30239782
TDR48_GACTGATTCCGAGATT-1,48.0,neutrophil,-0.009143939329889744,0.02422407578219024,0.9933486160117541,6.599343e-08
TDR41_CTGCCATAGTTCATCG-1,16.0,macrophage,0.004065805614994339,-0.07378008950479684,1.0156910101406766,31.685461
TDR68_CGCCATTTCCACTTTA-1,72.0,non_specific_hematopoietic,-0.05131816816210448,-0.07384673533616243,1.0045158794242004,1.0844909
TDR53_AGCCAGCTCGCATTGA-1,120.0,macrophage,-0.09292415678098938,-0.02554415568701375,0.9866143945631982,1.0686457
TDR50_ATATCCTCAGTAGATA-1,48.0,non_specific_hematopoietic,0.1469582663029174,0.006421981802309212,1.0285059928701998,1.590662
TDR72_AGGTCATCAGGTTCAT-1,240.0,erythroblast,-0.08063955584633252,0.014481632029952632,,
TDR74_GGGACAACACTCGATA-1,240.0,erythroblast,-0.017671448310629945,-0.01792474104650419,,
TDR51_TGAGACTTCACTGAAC-1,120.0,macrophage,-0.029583194064156326,-0.02862078325759962,0.9998075363621913,1.1027377
TDR51_CGAGGAAGTGTTGCCG-1,120.0,neutrophil,-0.035703892668295115,-0.03991582786531392,1.0008427419470154,1.0996375
TDR44_TGCTCCATCGCTTAAG-1,24.0,hematopoietic_stem_and_progenitor_HSPC,0.09322056613125645,-0.027216632073116254,1.0243798853839867,1.8919026
TDR67_TCCTCTTAGATGTTGA-1,72.0,erythroblast,-0.0850160649683702,0.04443772825833872,0.9744415331077394,0.12189953
TDR47_CACGGGTGTCGCTTAA-1,48.0,erythroblast,-0.002326517599682054,-0.07966573738757475,1.015588090239528,0.052339662
TDR44_ACACTGAAGTTCTACG-1,24.0,macrophage,0.1962220790047441,-0.037558593611786345,1.047866439469847,3.3952858
TDR74_GGGAGTACATCCTTGC-1,240.0,microglia,-0.11898915916135458,0.007145545204928383,,
TDR72_TTCAATCAGAAGTCTA-1,240.0,erythroblast,-0.032452100353340244,0.052610686051864745,,
TDR51_TAGACTGTCGGCTGTG-1,120.0,macrophage,-0.12247083769475238,-0.0019130322860250876,0.9761768003431751,1.0673566
TDR43_GCACTAAGTGGTAATA-1,24.0,erythroblast,0.1812515450001958,-0.06908293712286301,1.05134142500601,0.28457594
TDR44_CACACAAGTGGCTAGA-1,24.0,non_specific_hematopoietic,0.20307497017549506,-0.035117990792725456,1.0487915453702117,0.11732859
TDR48_ATCGCCTAGTTGAATG-1,48.0,erythroblast,0.003801265111290378,-0.00970213642314885,1.0027043304291459,1.2914212
TDR73_CCTCTAGTCACACCCT-1,240.0,hematopoietic_stem_and_progenitor_HSPC,-0.10616418135885515,0.03354432796574511,,
TDR71_GTATTTCCAGTAACCT-1,240.0,hematopoietic_stem_and_progenitor_HSPC,0.17727622272468654,0.005486088546449885,,
TDR43_GGGTCTGAGCTTCGTA-1,24.0,erythroblast,0.138401880700027,-0.03403616329066163,1.035089202297398,0.06464637
TDR43_TATTGCTCAAACAGGC-1,24.0,macrophage,0.1316382317499823,-0.040888162690724206,1.0351074925783594,3.4484594
TDR53_AACGGGATCGTACCTC-1,120.0,macrophage,-0.10627413378852123,0.028150643959393512,0.973473227775,0.99431694
TDR51_CTGAATGCAAGAATGT-1,120.0,erythroblast,0.30834881025218364,-0.009426521794231618,1.06561816395181,1.3134699
TDR46_TGTACAGGTACCCACG-1,24.0,erythroblast,0.15974188694862906,-0.044784981143519365,1.0417535235149042,3.3874106
TDR71_CATACTTTCTTGATTC-1,240.0,erythroblast,-0.07723106831421346,0.027709602861716677,,
TDR44_CACGAATCAATTGAGA-1,24.0,macrophage,-0.12214180211099743,-0.07408843396238529,0.9904353613004869,2.8556213
TDR43_TTGTGGAGTAACGCGA-1,24.0,erythroblast,0.22293656236844553,-0.03390093375711241,1.0527096922008508,0.06383841
TDR71_GAGGCCTGTGTCCAAT-1,240.0,hematopoietic_stem_and_progenitor_HSPC,-0.09514611929810206,0.0735792338176242,,
TDR53_CTTTCGGAGGACGCAT-1,120.0,neutrophil,-0.10172168664764938,-0.02999273859168404,0.9857566209237043,1.0689253
TDR73_TACAGGTGTCCTCCAT-1,240.0,hematopoietic_stem_and_progenitor_HSPC,-0.08912928753880975,-0.00981771190897214,,
TDR74_GTAACCATCCGCAAAT-1,240.0,non_specific_hematopoietic,0.1747432150545666,-0.05058609562667543,,
TDR74_CTTGATTTCTGATTCT-1,240.0,erythroblast,-0.1231779138959624,0.08853197507300303,,
TDR72_GTAGGTTTCTGAATCG-1,240.0,erythroblast,-0.04586254838392273,-0.017548001138868348,,
TDR69_GCTTCACAGCGATTCT-1,72.0,hematopoietic_stem_and_progenitor_HSPC,0.12503702278791745,-0.006173818263710662,1.0265895257216566,1.5735744
TDR72_GTGTAACTCAGATTGC-1,240.0,erythroblast,-0.05958702347746056,-0.005443114973304741,,
TDR44_GCAGCCACACGGAAGT-1,24.0,erythroblast,0.2361004127986357,-0.08270322246316039,1.0658373422060798,0.1573002
TDR41_CTATCCGTCCGTGGCA-1,16.0,erythroblast,0.21874683675036072,-0.06432570492267864,1.058247786054118,0.030324878
TDR54_GTTGCTCTCTTGGTGA-1,120.0,innate-lymphoid-cell,-0.09423156743429288,0.030642849747621423,0.9753344087694202,1.0531973
TDR19_AGTTCGATCAAGTGTC-1,14.0,macrophage_immature,0.19677935222083717,-0.056851003480994186,1.0520346711510633,2.3081394e-07
TDR46_CAGATACGTGGGTATG-1,24.0,erythroblast,0.319161540749033,-0.041887568326899896,1.0748808538564147,0.0364954
TDR74_TTCCTAAGTTCACCGG-1,240.0,erythroblast,-0.05327843593820248,-0.053368343727216244,,
TDR71_TTACGCCAGGTGTGAC-1,240.0,erythroblast,-0.06705904455113232,-0.0151000754268849,,
TDR53_ATTATCCGTCTAACGT-1,120.0,macrophage,-0.09181905111780235,-0.06208796847973597,0.9940714272293616,1.0947384
TDR44_CCTTGTGGTTCGTAAC-1,24.0,erythroblast,0.18906012793048768,-0.06565173166257621,1.0522622516812106,0.21199198
TDR69_TCATCCGCATGTGCTA-1,72.0,erythroblast,-0.05576719983087837,-0.030985554635236806,0.9950559332925623,0.43429843
TDR74_CTTTCAAGTTGCTAGT-1,240.0,erythroblast,-0.08407075080610503,0.03319466721928382,,
TDR18_TAGACTGTCGTTGTGA-1,14.0,erythroblast,0.2858438584853717,-0.046317830113909025,1.0686886517178538,2.3734396
TDR43_GTTGCGGGTGGGCTCT-1,24.0,macrophage,0.10437871235424045,-0.042556349845964014,1.029823071702125,3.3898633
TDR51_GGGAGATGTTGCATTG-1,120.0,hematopoietic_stem_and_progenitor_HSPC,-0.08493492585375793,-0.02344532903649764,0.9877773910104559,1.0938209
TDR53_GTGAGTTCACGCCACA-1,120.0,neutrophil,0.013831737364604774,0.05603888491693518,0.9915940993139828,1.086595
TDR71_CACAGATCACCATTCC-1,240.0,non_specific_hematopoietic,-0.10387816066477187,-0.017137528105698407,,
TDR51_GGGTGAAGTGCCGTAC-1,120.0,neutrophil,-0.058682915606847144,0.0019905300979901064,0.9879386392936944,1.0236658
TDR69_TGACAGTCAAGCTGTT-1,72.0,erythroblast,-0.035009347530649604,0.047162980977015934,0.9836998433574853,0.1265074
TDR68_TCAGGGCTCTAACGCA-1,72.0,erythroblast,-0.05111432012069287,-0.003594324784578329,0.990541021194849,0.73849535
TDR69_TCGCTCATCGTGCACG-1,72.0,erythroblast,-0.07653231314664083,-0.04958158043591616,0.994624354232263,0.56893474
TDR74_GGGCTACAGTCAGGGT-1,240.0,neutrophil,-0.09596749320985358,0.006835237089434565,,
TDR74_GTCATCCCAACGTTAC-1,240.0,erythroblast,-0.04072683719350398,-0.02876268300841204,,
TDR52_CTAACCCAGAATTCAG-1,120.0,macrophage,-0.10622564363231406,-0.04787880492607112,0.9883984552569739,1.0759841
TDR68_CTAACCCCAAGTCCAT-1,72.0,macrophage,-0.16181615868445787,-0.04968462947614079,0.977823294402889,1.36119
TDR46_GGCGTCAGTCTATGAC-1,24.0,erythroblast,0.11143521392922284,-0.01053232936787464,1.0246934643160734,0.08327709
TDR74_GGACGTCTCGCGTAGC-1,240.0,innate-lymphoid-cell,0.07536280492102684,0.014766076272748452,,
TDR54_AACTTCTCATGCCGCA-1,120.0,erythroblast,0.017363958982045152,-0.05274475177513036,1.0141205078604514,0.9933534
TDR51_ACAGGGACAACTGCTA-1,120.0,macrophage,0.0979867260419773,-0.023749545512503994,1.0246460688835763,1.1312134
TDR42_GTGCTTCTCTGCCTGT-1,16.0,erythroblast,0.19750706158048364,-0.07521899170089778,1.0560602205100824,0.0023836156
TDR69_TCAGTTTTCGGTCGGT-1,72.0,macrophage,-0.07571312717006046,0.02104909971588348,0.9808336110451752,1.5279173
TDR45_ACGATCAGTCACCTTC-1,24.0,erythroblast,0.2318838554516173,-0.07169184080708496,1.0625961791278906,0.16856514
TDR74_AGGACTTGTAGATCGG-1,240.0,erythroblast,-0.04390998363770661,0.08250857244175222,,
TDR44_CGCCAGAGTCTACGAT-1,24.0,erythroblast,0.25938071844227084,-0.020932180294092162,1.0576638700033139,0.117508434
TDR71_CAACGATAGCGACTAG-1,240.0,hematopoietic_stem_and_progenitor_HSPC,-0.11089342068403196,-0.012490681788003763,,
TDR71_GGGAGTAGTACCCACG-1,240.0,neutrophil,-0.11786970495603116,-0.00438329511858479,,
TDR69_GGCACGTGTGATGGCA-1,72.0,non_specific_hematopoietic,-0.10907413891935157,0.0021733021902513305,0.9779962060767993,1.3359832
TDR71_TGTGAGTGTCGTACAT-1,240.0,neutrophil,-0.1052560450691972,-0.02878535491320884,,
TDR47_TCCGTGTTCGAACACT-1,48.0,neutrophil,-0.07728050769536003,0.07648980713504908,0.9697140323447051,4.016436e-06
TDR54_ATCCCTGAGTCCTGCG-1,120.0,macrophage,-0.12332986979119598,0.014495577789159192,0.9728113606719865,1.0688361
TDR54_CTCTCAGTCATGTCAG-1,120.0,macrophage,-0.12743087576974074,0.022558205241614365,0.9704476528075745,1.0729285
TDR40_GTAGAGGGTGGGCTCT-1,16.0,erythroblast,0.1840305985111893,-0.05654234765872351,1.049290885874613,0.013785948
TDR67_ATCTTCACAATTGCAC-1,72.0,erythroblast,-0.04433983653318407,0.03704878417510086,0.9838540420897423,0.036101814
TDR48_CTGCCATTCCAACACA-1,48.0,erythroblast,-0.07220470365219456,-0.06589538079720957,0.9987389312453281,0.7782412
TDR54_TCACTCGCACGCCACA-1,120.0,neutrophil,0.07399294132301065,0.07004245224654257,1.0007904100247924,0.9892205
TDR74_CCGGTGACACGCGCAT-1,240.0,non_specific_hematopoietic,0.16066868202705153,-0.08300328625829002,,
TDR47_GCGGAAAGTCGCAGTC-1,48.0,erythroblast,-0.03518239117459293,-0.010328139659863164,0.9950414839277534,1.0189581
TDR73_AACAAGACAGCTATTG-1,240.0,neutrophil,-0.1275169063308507,-0.00276933020951603,,
TDR47_GGGCCATCACACGGTC-1,48.0,non_specific_hematopoietic,0.11174691918959434,-0.011781593067826474,1.0250134171954548,1.6198685
TDR54_ATTCTACTCCTTGGAA-1,120.0,erythroblast,0.38077068031006567,0.0028104890883768746,1.078522488466406,1.1836327
TDR51_CTCCGATTCTGGGATT-1,120.0,hematopoietic_stem_and_progenitor_HSPC,0.3109520692459439,0.0031993712907955885,1.0634842432293394,1.1406035
TDR73_GACTTCCCAGAGTCAG-1,240.0,hematopoietic_stem_and_progenitor_HSPC,-0.13770423423630299,-0.04350867843474358,,
TDR53_CACAACATCACTGTCC-1,120.0,erythroblast,0.568288044206021,-0.046683743892020596,1.130878040085409,1.0998168
TDR69_CTTCGGTTCGCCGTGA-1,72.0,microglia,0.03650752542472563,0.014601090104107706,1.0043908989346206,1.4733146
TDR48_AGCCACGCAATCGTCA-1,48.0,non_specific_hematopoietic,0.008457343794832067,-0.07899071664113994,1.01764345090442,1.5784438
TDR41_TACCTGCCAATTGCGT-1,16.0,hematopoietic_stem_and_progenitor_HSPC,0.16591601514255516,-0.11220506654269455,1.0572003304691993,1.0727055
TDR74_TTCCGGTTCTTCGACC-1,240.0,erythroblast,-0.0673018532909822,0.016976286887610645,,
TDR48_CATAGACAGGTCTACT-1,48.0,erythroblast,-0.0344534411006565,0.026569126756742827,0.9878696594490917,1.8768659
TDR53_GAAGTAAGTCGGCCTA-1,120.0,macrophage_immature,0.2642702400144272,0.012766199603364864,1.0515873747855764,1.1392019
TDR51_AGGTGTTGTCGACTTA-1,120.0,macrophage,-0.05886531349595445,-0.036922807022889206,0.9956211141063178,1.0885718
TDR74_GCCAGTGTCTCAATCT-1,240.0,macrophage,-0.13084229351078266,-0.02505314330931832,,
TDR51_GCAGGCTTCAAGGCTT-1,120.0,hematopoietic_stem_and_progenitor_HSPC,0.28715941835649444,-0.057579832312501494,1.0713803353503146,1.1380109
TDR71_TATTGCTGTTGCCGAC-1,240.0,erythroblast,-0.0569281265642318,-0.019563537192997346,,
TDR44_TCATCATCACACGTGC-1,24.0,erythroblast,0.4394046353218251,-0.05420590381243508,1.1037595308018904,0.14446796
TDR68_TCTGGCTAGGATACGC-1,72.0,erythroblast,-0.04567197770632966,-0.01815794945019135,0.9945123070503296,0.9631556
TDR46_AGGTCTACAGCAGTGA-1,24.0,erythroblast,0.23778537965726365,-0.05338372751646507,1.0599628087618786,0.21828394
TDR43_GTTGTCCTCTGTCGTC-1,24.0,erythroblast,0.3606536487221189,-0.025229052197082158,1.0802327640508436,0.046771143
TDR45_TCTTAGTGTTCGGTAT-1,24.0,erythroblast,0.1585912774701741,-0.06865951410878171,1.0464988440491643,0.05554799
TDR73_GCGGAAACATGTGGTT-1,240.0,neutrophil,-0.0653239656694367,-0.005289304019684332,,
TDR46_AGCGCCAAGTGGCGAT-1,24.0,non_specific_hematopoietic,0.13784636723092006,-0.06746737527002651,1.0419174822536454,0.28511217
TDR49_AAGCGTTCACATCATG-1,48.0,macrophage,-0.11761934906617742,-0.025408149597405505,0.9817267775971681,1.437478
TDR67_GAAGGGTGTCGATTAC-1,72.0,hematopoietic_stem_and_progenitor_HSPC,-0.11355739010306529,0.0124626496243848,0.9751109613514132,1.5101935
TDR52_TCGACGGTCCCACAGG-1,120.0,macrophage,0.012237004827437253,-0.05469205030112642,1.0134758020802328,1.0502567
TDR74_GTGTGGCAGTATGGAT-1,240.0,non_specific_hematopoietic,-0.09788648531067823,-0.05699204768279644,,
TDR46_AGCATCAGTCGTTGGC-1,24.0,neutrophil,0.024709230492472145,0.02282166570601002,1.0003775842242766,1.5346334
TDR44_TCAGGTACAGTTGAAA-1,24.0,erythroblast,0.280160270501176,-0.04522838876635171,1.0672419798572428,0.14570133
TDR71_GAGGCAATCCCTCATG-1,240.0,innate-lymphoid-cell,-0.12316936619230748,-0.003541927470741127,,
TDR44_TTGGGATGTATACGGG-1,24.0,macrophage_immature,0.17288421166064954,-0.06459300817498838,1.048641423465605,0.1444305
TDR71_TGAATCGAGTGACACG-1,240.0,erythroblast,-0.06648633279206552,0.06650753911950547,,
TDR53_TGGTACACAGACGCTC-1,120.0,macrophage,-0.1549328485940816,-0.006647345588467024,0.9707783557976184,1.0703272
TDR48_CCACAAATCTGTGCTC-1,48.0,hematopoietic_stem_and_progenitor_HSPC,0.23861744433716126,-0.044915576040008925,1.0583452506559208,1.7069674
TDR50_AACACACAGCCTTGAT-1,48.0,erythroblast,-0.03811137684972296,-0.015051327145873893,0.9953986090458474,0.36952394
TDR51_GCAACATCACACACGC-1,120.0,neutrophil,-0.07999578034323902,0.03524968167242029,0.9772145087870714,1.0708915
TDR74_ATTCGTTTCTTACCAT-1,240.0,erythroblast,-0.06550751929341057,0.02411739178645758,,
TDR19_TAGATCGGTACGCGTC-1,14.0,macrophage_immature,0.5075448616635301,-0.002920973384117953,1.1074866481406398,4.146605e-15
TDR54_TTACGTTTCACACCGG-1,120.0,erythroblast,-0.014701228696118201,-0.04118080415587494,1.0053099632385973,1.060198
TDR51_GCACTAAGTCCAGTTA-1,120.0,macrophage,-0.1525683154254514,0.04387417904356762,0.9614732851508451,1.0212595
TDR73_TATTGGGAGATTGCGG-1,240.0,hematopoietic_stem_and_progenitor_HSPC,-0.09311715674487661,-0.015182265784877372,,
TDR74_TGGTAGTCACGACCTG-1,240.0,erythroblast,-0.05879285677977327,0.08786874040121426,,
TDR51_AGGCTGCGTCATCCCT-1,120.0,neutrophil,0.19841660719651444,0.021250225431613257,1.0360685155517817,0.98420376
TDR48_TAGCACAAGAGAGCCT-1,48.0,erythroblast,-0.04756667082172288,-0.03645777478374208,0.9977806871169465,1.5698051
TDR69_TCGTCCAAGACTGAGC-1,72.0,macrophage,-0.16625943941396165,-0.07114271226904435,0.9811564564570584,1.5331811
TDR73_TTCACCGAGCTAATCC-1,240.0,erythroblast,-0.07234188916022685,0.13776130747935877,,
TDR44_TACCGAAGTTTCGCTC-1,24.0,erythroblast,0.19420514287851165,-0.05824240016732496,1.0517858286009183,0.11953606
TDR74_GGGAGATTCTAATTCC-1,240.0,hematopoietic_stem_and_progenitor_HSPC,-0.053702819795536816,-0.06895929494981669,,
TDR74_GGAACCCCAGCAGAAC-1,240.0,non_specific_hematopoietic,0.18527156983539733,-0.052598463228423306,,
TDR54_CGCATAAAGCTCCGAC-1,120.0,erythroblast,0.09075684710139137,-0.04617857360353536,1.0277655575242115,0.9666208
TDR46_AAAGTCCAGAAGAACG-1,24.0,erythroblast,0.10101497518503758,-0.028134622819565733,1.0261664028391506,0.07930798
TDR46_CCATAAGGTGCGAACA-1,24.0,erythroblast,0.16055301058055674,-0.03964632426419057,1.0408522689903357,0.06221655
TDR71_AACCTTTCAACCCGCA-1,240.0,hematopoietic_stem_and_progenitor_HSPC,-0.110290889949589,-0.029682410064078887,,
TDR43_TATCTGTAGCTGGCCT-1,24.0,erythroblast,0.1663791214498178,-0.05635795821058321,1.0455545514787283,0.11665515
TDR74_CTGTACCTCACCATAG-1,240.0,erythroblast,-0.0791286812229425,0.027642310977430036,,
TDR51_ACGCACGTCCATCTGC-1,120.0,microglia,-0.06394382401056915,0.0075454605694298404,0.9858038720277771,1.0513446
TDR46_CTACCCAGTGACCGAA-1,24.0,erythroblast,0.27375279947445985,-0.05019495842985355,1.0669344660843412,0.12596996
TDR51_TTACGCCAGCATTTCG-1,120.0,erythroblast,0.2673613492937384,-0.07298424803180459,1.0704392941132614,1.1959525
TDR44_TTCACCGTCCACTTTA-1,24.0,erythroblast,0.2604315147892643,-0.06720210606221289,1.0677212708972996,0.054479204
TDR44_CTTCTCTCAATTGCTG-1,24.0,non_specific_hematopoietic,0.21357176504728995,-0.04845625600441128,1.0538030828092515,3.4316492
TDR52_GAGTTACGTTACCGTA-1,120.0,hematopoietic_stem_and_progenitor_HSPC,-0.11301434856861203,0.019752621074805507,0.9737960476506865,1.0075729
TDR54_GTCTCACCATCCTATT-1,120.0,hematopoietic_stem_and_progenitor_HSPC,-0.10401793239616304,0.005247611610465858,0.9783839404862015,1.0770658
TDR41_GTTCTATCATTAAGCC-1,16.0,erythroblast,0.2786640904876845,-0.01793355616714387,1.0611142437009489,1.3163635
TDR48_CTATAGGGTCTGATAC-1,48.0,macrophage_immature,0.325768949421518,-0.03397599510524585,1.0746005261165181,1.6659648
TDR54_TCCACCATCCCTCGAT-1,120.0,macrophage_immature,0.1576499393272657,0.008635087353659782,1.030251523903586,1.1151787
TDR51_GTTCTATTCTGCATGA-1,120.0,erythroblast,-0.12292733513277022,0.031927630649224714,0.96950369491021,1.0532614
TDR70_GGAATGGTCAACTACG-1,72.0,macrophage,-0.16616513382981732,-0.006945699373369141,0.9686577904550302,1.5137377
TDR39_GATTGGTGTTGAGAGC-1,16.0,macrophage,-0.024547692661642084,-0.05211117353352307,1.005527919044095,0.36235628
TDR52_ATGTCCCCACACACTA-1,120.0,hematopoietic_stem_and_progenitor_HSPC,-0.0542986706729475,0.004657078096448122,0.9882780934329132,1.1044666
TDR51_GATGCTAAGGAGGCAG-1,120.0,innate-lymphoid-cell,-0.07834659200976848,-0.053967619223807106,0.9951360728336022,0.7167537
TDR68_CTGCATCTCATTACTC-1,72.0,erythroblast,-0.053346249223881564,0.005380933091516327,0.9883232719094096,0.8209051
TDR51_ACCTACCGTTGCGGCT-1,120.0,macrophage,-0.04013836575492123,0.08111766481425133,0.9760404916202061,1.0506413
TDR54_AGGATCTCAGAAGTTA-1,120.0,erythroblast,0.07197257807334309,0.06261606339287258,1.0018730549160915,1.1026678
TDR48_ACTGCAAGTTGGCCTG-1,48.0,erythroblast,0.2563318654478275,-0.010205964279379587,1.0547540016480128,1.6992517
TDR46_ATTCTTGAGACCAGAC-1,24.0,erythroblast,0.38775305982405495,-0.07120486369263532,1.0961363466908833,0.1385548
TDR44_TCACAAGCACGACAGA-1,24.0,erythroblast,0.44456743203952453,-0.005228919619459399,1.0941297192572323,0.1705562
TDR54_CGTGTCTGTCAGTCCG-1,120.0,neutrophil,-0.06051365418633628,0.03221001422859557,0.981626161856074,1.0093179
TDR74_AAGAACAGTCAACACT-1,240.0,erythroblast,-0.03780819260593736,-0.04778041349452987,,
TDR40_TAACCAGGTGATAGAT-1,16.0,erythroblast,0.2969210656870071,-0.005089670499677734,1.0622636470519446,0.0035854983
TDR71_ACACAGTGTACCGCGT-1,240.0,hematopoietic_stem_and_progenitor_HSPC,-0.07933997389023212,-0.02079541402930414,,
TDR44_AACAAAGAGGATCACG-1,24.0,erythroblast,0.27824172502954914,-0.05360252602536769,1.068620805491311,0.07837407
TDR51_AGAAGCGTCTCAAAGC-1,120.0,neutrophil,-0.11966122799533765,-0.06543749900383776,0.9892138464600888,1.0374888
TDR53_CACGTGGCAGTGCGCT-1,120.0,macrophage,0.16248996823606682,0.0013814370477321092,1.0327464462544254,1.1400528
TDR73_AGAAGCGGTACGCTAT-1,240.0,erythroblast,-0.06170629385879602,-0.09339906871158847,,
TDR48_ACCCAAAAGCAACCAG-1,48.0,macrophage,-0.03729797975162516,0.04625399318742163,0.9834284495996881,1.5790708
TDR51_TGAGGGACACCAACAT-1,120.0,non_specific_hematopoietic,-0.002820483057490192,0.03414394838862436,0.9926343738761532,1.1399286
TDR53_CAACCAATCTTCGTGC-1,120.0,erythroblast,0.11528015217616513,-0.06752279552796547,1.0372371478364066,1.1448805
TDR51_CATTGCCTCTCTGGTC-1,120.0,macrophage,-0.10896963338666232,0.051602446258675966,0.9683957758379212,1.077989
TDR74_GCCAGTGGTTACGCCG-1,240.0,macrophage_immature,0.19317181824212912,-0.0482814986412716,,
TDR43_CGTCAAAAGACGTCGA-1,24.0,erythroblast,0.15559334947076034,-0.02960518701576892,1.037734225641508,0.048545647
TDR74_TGCAGGCCACTAACCA-1,240.0,erythroblast,-0.053577039842548586,-0.025879407786452764,,
TDR51_CCGATGGTCCAGCACG-1,120.0,erythroblast,0.35690014428983935,-0.014647069056700844,1.0771400670284514,1.3277402
TDR52_TATGTTCCAGGAGGTT-1,120.0,macrophage,-0.01065315932742153,-0.010230046219551883,0.999915380958819,1.0707533
TDR67_GTGTGGCCAGTCACGC-1,72.0,hematopoietic_stem_and_progenitor_HSPC,-0.089194828332769,0.02910065177430149,0.9766185861768264,1.4716103
TDR28_TGTTTGTGTGGAATGC-1,19.0,neutrophil,0.1653768649376126,-0.10288131128250753,1.055116972557529,0.32251644
TDR71_GTATTGGAGAAACCAT-1,240.0,non_specific_hematopoietic,-0.08297011007893998,-0.006302747429536987,,
TDR46_GCCAACGTCGAGTCTA-1,24.0,erythroblast,0.15278480482717366,-0.04023336545152813,1.0393584357068733,0.101159684
TDR73_GCGTTTCGTAGGTTTC-1,240.0,hematopoietic_stem_and_progenitor_HSPC,-0.06935181002729957,-0.034515669124457894,,
TDR46_CCACGAGGTATTCCTT-1,24.0,non_specific_hematopoietic,0.33938648745299815,-0.00841053621268567,1.0720357433104875,0.13501103
TDR69_CGCCATTCATCCTATT-1,72.0,erythroblast,-0.05387723787409597,0.04551166369591231,0.9803184802020543,0.3889403
TDR71_CCTGCATAGTGATGGC-1,240.0,macrophage,-0.0909012296237949,-0.027223242269813916,,
TDR69_CCCTTAGAGGGACACT-1,72.0,erythroblast,-0.08343134082671372,0.1253690742640104,0.9590998573147869,0.59162885
TDR43_ATCATTCGTCCTTTGC-1,24.0,erythroblast,0.25045710486990647,-0.03790255771550963,1.0593673947004476,0.16107747
TDR46_AAAGTCCCATTGTGCA-1,24.0,macrophage_immature,0.3211819688639982,-0.02562993825665738,1.071824548086842,3.4453773
TDR72_AGACTCAAGGTTGAGC-1,240.0,erythroblast,-0.06340111241028998,-0.028796917478435477,,
TDR52_ATTCACTAGGAAGTAG-1,120.0,erythroblast,0.21024597738665698,0.011165179044280202,1.0406194487818086,0.99970907
TDR70_AACCTTTCAACAACAA-1,72.0,erythroblast,0.11308499629129354,-0.11624730772314312,1.0469345948164561,1.5231333
TDR52_ATGACCAAGCCACAAG-1,120.0,erythroblast,0.20180904064101243,0.00763448578532,1.0395988431191472,0.9902344
TDR51_CACCGTTCAGCAATTC-1,120.0,non_specific_hematopoietic,0.19984925907885887,-0.030379819153331655,1.0471223844469038,1.1585603
TDR52_GACCCTTAGTTGCATC-1,120.0,erythroblast,0.20031340264253633,-0.05162634544966366,1.0516790157177005,1.1546636
TDR44_TGTCAGATCAGGAAAT-1,24.0,non_specific_hematopoietic,0.17278959451899353,-0.05750521024068196,1.0471361492810114,0.15011609
TDR54_CACCAAATCCTTACCG-1,120.0,erythroblast,-0.04850464370959937,-0.01343760462262844,0.9930111287320936,1.2815661
TDR67_TGCTCCACATCTAACG-1,72.0,erythroblast,-0.06478725364954227,0.02163049903404822,0.982864953234547,0.13402762
TDR71_TACGGTATCAACTGAC-1,240.0,erythroblast,-0.05679109335083572,0.08137579547802225,,
TDR74_GATTCGATCCACGGAC-1,240.0,innate-lymphoid-cell,-0.09418219729427751,0.037232930341588505,,
TDR40_CCAATGAAGCAAACAT-1,16.0,erythroblast,0.372128489905983,-0.015010255290434288,1.0805041621744915,0.0055600894
TDR71_TGCATCCTCGGCTATA-1,240.0,erythroblast,-0.08215511307128942,0.010319227885636856,,
TDR44_AATCGTGCACGCTGAC-1,24.0,erythroblast,0.23349434194570337,-0.05684312670959048,1.059786522242976,0.18755923
TDR52_TCTCAGCGTGCCCTTT-1,120.0,erythroblast,0.2031544264879258,-0.02215254402774927,1.0460920818224335,1.0035986
TDR73_GACATCAGTATATGGA-1,240.0,hematopoietic_stem_and_progenitor_HSPC,-0.11795325267285034,0.03798741124614362,,
TDR53_CTTTCGGTCAACCCGG-1,120.0,innate-lymphoid-cell,0.08077464841890822,0.01957985296469507,1.0123141616377902,1.0668783
TDR29_TCGCACTTCTTACGTT-1,19.0,non_specific_hematopoietic,0.08987125347454425,-0.020552601023380704,1.022330444668723,0.003879412
TDR53_GAAACCTTCCACACCT-1,120.0,macrophage,-0.06231998081769882,0.11530375416664046,0.9650988506362442,1.0059836
TDR74_CAGGTATTCACCATGA-1,240.0,erythroblast,-0.08378358990419386,0.036597945903874315,,
TDR73_TGGGCGTAGCAATTAG-1,240.0,macrophage,-0.1840230018526735,0.06025309109649413,,
TDR39_TGATCAGAGAAACCAT-1,16.0,erythroblast,0.32400762728236415,-0.05572834900483864,1.0789056013205551,2.2100214e-05
TDR47_CTGTGAACAGTTAAAG-1,48.0,non_specific_hematopoietic,-0.03747289527788636,-0.044823658575118386,1.0014712338636476,1.5269008
TDR68_TTCAATCAGGCATCAG-1,72.0,erythroblast,-0.05484222482343343,0.005182710502714606,0.988066785296134,0.69587106
TDR53_TCATTTGCATGGCGCT-1,120.0,macrophage,-0.09247019193938685,0.08617778062436507,0.9649011727817103,1.0447648
TDR44_CTACCTGAGTACCCTA-1,24.0,macrophage,0.15570057298444426,0.0007404311011698916,1.0314772813053734,3.4174721
TDR73_CTTCAATAGCAAGTCG-1,240.0,neutrophil,-0.1105902157929308,0.04299279277963275,,
TDR73_CGAGAAGGTATCGTTG-1,240.0,macrophage,-0.1454229406890369,0.0727312581486684,,
TDR67_GATAGAAAGCCTGACC-1,72.0,erythroblast,-0.053986068697639444,-0.0014531681503074656,0.9895484212095427,0.1871278
TDR51_AAAGGTACAGCGTGCT-1,120.0,erythroblast,0.15007599418232706,0.003100879590356473,1.0298313211105894,1.131533
TDR51_GTCTTTAGTCCTATAG-1,120.0,hematopoietic_stem_and_progenitor_HSPC,-0.047201642554367526,0.013893013159178055,0.9878554168705833,1.0561831
TDR43_TTCAATCAGTTCGCAT-1,24.0,erythroblast,0.29962687598089277,-0.05339969343481303,1.0731575818718884,0.09437026
TDR73_TATCGCCCACGTAACT-1,240.0,hematopoietic_stem_and_progenitor_HSPC,-0.08497885308193062,-0.06410643879086243,,
TDR71_ATCGGATCACAATGAA-1,240.0,erythroblast,-0.05539633409582123,0.0005312079200806077,,
TDR49_TACCGGGTCACGGTCG-1,48.0,macrophage,-0.15072648401593158,0.03632664846849262,0.963280505627046,1.4924799
TDR44_AGAAGTAGTTGCATCA-1,24.0,erythroblast,0.23400616988709194,-0.070647779678185,1.0628253534065344,0.20085452
TDR53_GTCATTTAGCGTGAGT-1,120.0,macrophage,0.07735110360670117,-0.0047095771509028245,1.016547555081687,1.1266042
TDR46_CTAGGTACAGCGACCT-1,24.0,erythroblast,0.41725255150957696,-0.02501129387401471,1.0924826524275835,0.111445256
TDR43_GAAATGACACATCATG-1,24.0,erythroblast,0.16223846437017742,-0.05247820658640265,1.0438787409416028,0.36039662
TDR44_TCAGGTAAGGATTCAA-1,24.0,macrophage_immature,0.1847435480003438,-0.06385954950550712,1.0509774327565675,3.3179345
TDR69_CGTTCTGTCTGTGTGA-1,72.0,macrophage,-0.16722630676746092,-0.040703074751652746,0.9750128326260487,1.5137005
TDR46_ATGGTTGGTCTGTGGC-1,24.0,erythroblast,0.42185600476387225,-0.04145463429275406,1.0970909961043533,0.09161416
TDR71_TCCTCGACATGTTACG-1,240.0,erythroblast,-0.09694320404945553,-0.0063327442108784965,,
TDR74_TCGGTCTGTTATGTCG-1,240.0,hematopoietic_stem_and_progenitor_HSPC,0.03577552701274578,-0.02444137275314945,,
TDR74_ATCCTATAGTATAACG-1,240.0,macrophage,-0.12505454785428066,0.10411631440322885,,
TDR45_ACGGTCGGTTGCATAC-1,24.0,erythroblast,0.421986011588231,-0.06919213379190868,1.1032227058316935,0.058013774
TDR43_CGTTGGGCAGCTGCCA-1,24.0,erythroblast,0.2512550318703064,-0.060934848319569135,1.0644284368014616,1.3923937
TDR54_GAACGTTAGGGTATAT-1,120.0,macrophage_immature,0.27845900744998386,-0.07115836784651505,1.072426110769505,1.1764941
TDR51_TTGCCTGGTGTGACCC-1,120.0,neutrophil,-0.05611608732130477,0.04038581487253283,0.98088467941616,0.92022246
TDR53_ACTATGGTCAATCCGA-1,120.0,neutrophil,-0.08257274892441863,-0.028571288046885482,0.9892578215767007,1.083562
TDR48_TCCGGGAGTTGACTAC-1,48.0,macrophage_immature,0.27235979529182786,-0.03488519942958829,1.0633762618338203,1.6609535
TDR74_ATCCCTGGTCACTAGT-1,240.0,erythroblast,-0.06652502699212713,0.040119210047166454,,
TDR74_TATGTTCTCTCATAGG-1,240.0,erythroblast,-0.06527867565408754,0.02480919823106488,,
TDR73_GACCCTTAGCTGAGCA-1,240.0,hematopoietic_stem_and_progenitor_HSPC,-0.0993952787012086,-0.030795539250888307,,
TDR51_TTTACTGCATAGGCGA-1,120.0,macrophage,-0.10662876196810339,0.004784282534850637,0.9779638147151319,1.0526749
TDR51_TACCTGCGTTAAGGGC-1,120.0,neutrophil,-0.12259057763685996,-0.05410406286205839,0.9863960782560305,1.0312098
TDR72_CGAGTTATCCGCAGTG-1,240.0,innate-lymphoid-cell,-0.10214451410555761,-0.013463867779259273,,
TDR72_ATGCGATTCGCTATTT-1,240.0,macrophage,-0.14010132596008762,0.06883040846385946,,
TDR52_AGGCATTGTATTGAGA-1,120.0,microglia,-0.02988503483510649,0.025587415797570928,0.9889668267596919,1.0579252
TDR74_GGTCTGGCATCCAATG-1,240.0,erythroblast,-0.041820985659115205,-0.00492379675612805,,
TDR53_TACCGAACACATCCCT-1,120.0,macrophage_immature,-0.05791107944056825,-0.057776429482960155,0.9999730703710873,1.0508637
TDR43_TCCATCGAGCGGTAAC-1,24.0,erythroblast,0.14074231168542128,-0.04190926467354939,1.0372057467152684,0.11212925
TDR43_TAGTGCAAGATTCGCT-1,24.0,erythroblast,0.22871606112307888,-0.04678814832203119,1.0566471635991137,0.13309076
TDR73_AACCAACGTTATAGAG-1,240.0,erythroblast,0.17687534400670774,-0.0008375400250404674,,
TDR46_ATGATCGTCAAAGCCT-1,24.0,macrophage,0.12323629976077324,-0.030152172538073424,1.0311531039639983,3.2796278
TDR48_TCACAAGCACGGCGTT-1,48.0,erythroblast,-0.046032687485597246,-0.04720880792656702,1.000235251755549,1.0632094
TDR51_TCAGTCCTCCACACCT-1,120.0,erythroblast,-0.017035288504605478,0.011697261613732177,0.9942699695832057,1.0426525
TDR51_GGGCCATTCGGAGATG-1,120.0,hematopoietic_stem_and_progenitor_HSPC,0.011083469754909064,-0.059326048570490626,1.0141815207205171,1.1109291
TDR28_CAGATTGCATCGCCTT-1,19.0,macrophage,0.19816860009968013,-0.03938929367884475,1.048658343209764,0.81918687
TDR46_TCATATCAGATCCTAC-1,24.0,macrophage,0.18865730075310344,-0.09099967852114862,1.0575251306403564,3.4093466
TDR44_CTGCGAGTCTCATTGT-1,24.0,erythroblast,0.21325999080318925,-0.0115732376254251,1.045992970948587,0.58325183
TDR74_CTACATTTCACGGGCT-1,240.0,erythroblast,-0.10797433361327784,0.04852553483816609,,
TDR70_TCTACATAGGGAGTGG-1,72.0,erythroblast,0.3971454615213289,-0.00907503502764373,1.0846356230626366,1.6128148
TDR70_GTAACACCAAAGCGTG-1,72.0,non_specific_hematopoietic,-0.06184538022525421,-0.0920511183883321,1.0060594321662872,1.2686511
TDR71_TCTCTGGTCCTAGAGT-1,240.0,erythroblast,-0.06998799943455111,-0.025934056607357477,,
TDR69_AACGGGATCCAATCCC-1,72.0,microglia,-0.1817328381359129,0.0732527017209457,0.9502814187695209,1.3193438
TDR67_TTACGCCTCTACACAG-1,72.0,erythroblast,-0.004187117180016228,0.05777835039700864,0.987683384608509,0.10501704
TDR52_CCAAGCGTCTCATTTG-1,120.0,neutrophil,-0.043712168565393075,-0.044974997807624054,1.0002525977458854,1.0949874
TDR70_TCCGAAAGTATCGCAT-1,72.0,macrophage,-0.13035007103206062,0.04703301840806226,0.9651453011016717,1.5167383
TDR46_CCGTGAGCAAGGCTTT-1,24.0,erythroblast,0.2172977520317753,-0.046679608743803766,1.0542140069492145,0.16231403
TDR40_ACAGGGAGTTCGAAGG-1,16.0,erythroblast,0.21503766958759957,-0.026974567980518005,1.0495929764214103,0.006911283
TDR43_AAGCGAGCAAAGGTTA-1,24.0,erythroblast,0.2640270501587785,-0.049138591101396095,1.0646361826379822,0.3102035
TDR74_CATTGAGGTGCCGAAA-1,240.0,erythroblast,-0.10195764726771539,0.07007468367416372,,
TDR43_CGAAGTTAGTATAGAC-1,24.0,erythroblast,0.32270767229564484,-0.060283174197390973,1.0796081695119013,0.22005554
TDR43_CGTGTCTTCACGGGCT-1,24.0,erythroblast,0.19225472207011485,-0.05083003929719704,1.049818143259562,0.109527394
TDR51_TCACTCGCAGCCTATA-1,120.0,erythroblast,0.025900641419833753,-0.011493457880189059,1.0075068560822913,1.0732381
TDR73_TTTGGTTGTCCACGCA-1,240.0,neutrophil,-0.0919325747102907,-0.049801173417464546,,
TDR71_TACGTCCAGATCGCCC-1,240.0,hematopoietic_stem_and_progenitor_HSPC,-0.12853427761571357,-0.00861386643643669,,
TDR68_ACAGCCGCATAGGTTC-1,72.0,erythroblast,-0.03820642107641259,-0.004661570360631119,0.9933134847525639,0.5600826
TDR46_TCACGCTAGGAGGCAG-1,24.0,macrophage_immature,0.2037426350087772,-0.008955979820738813,1.0434575047773296,3.197174
TDR74_TTTAGTCGTTAAACAG-1,240.0,neutrophil,-0.13876953632449607,-0.026666937370935034,,
TDR51_AGCGTATCAACACAGG-1,120.0,non_specific_hematopoietic,0.22083328582428313,-0.06388219210388707,1.0585955699205851,1.1654154
TDR46_GAGAGGTAGACTCAAA-1,24.0,erythroblast,0.24142698953899547,-0.05699237961955949,1.0615009252786785,0.1644513
TDR74_GTGTTAGCAAGTGGGT-1,240.0,macrophage,-0.052215252102788795,-0.0929801493195264,,
TDR74_ATCTCTACATGACTAC-1,240.0,erythroblast,-0.06260198255207627,0.04606128430020981,,
TDR68_CTCAACCAGCAAGGAA-1,72.0,non_specific_hematopoietic,-0.10678436048738249,-0.06598870532204244,0.9918740643334062,1.1799358
TDR73_GGCTGTGGTGGCTAGA-1,240.0,macrophage,0.11850247637761771,0.029307536904810583,,
TDR74_GTCTTTAAGTAGGAAG-1,240.0,erythroblast,-0.06457123174956017,0.08042578625538244,,
TDR71_AACGTCAGTCATCGGC-1,240.0,neutrophil,-0.12694583491642902,0.025133524667941554,,
TDR43_GTCAAACAGAATCGAT-1,24.0,erythroblast,0.3017566965521244,-0.024025987567788995,1.0673260871439498,0.14292438
TDR74_GGTTCTCCAGGTACGA-1,240.0,non_specific_hematopoietic,-0.05335657131885641,-0.06848906882015275,,
TDR70_ACTTCCGGTTATAGAG-1,72.0,microglia,-0.16767995467368915,0.012752414709511967,0.9645568809039387,1.2783295
TDR19_CATAGACTCGCCACTT-1,14.0,erythroblast,0.2884136994955556,-0.050560320952984183,1.070145696427473,0.00087894127
TDR74_CCTCAGTGTTCAAGGG-1,240.0,erythroblast,-0.08242911082691187,0.006467317421463184,,
TDR72_GAGACCCCAATAGGGC-1,240.0,hematopoietic_stem_and_progenitor_HSPC,-0.12699243031831425,-0.07725906512843495,,
TDR67_GCTTGGGCACTAACCA-1,72.0,erythroblast,0.07622489054032505,0.020841014557990464,1.011138349810215,0.13917129
TDR67_CCCGGAACACTGTCGG-1,72.0,erythroblast,-0.09665608909839332,0.03694459743161901,0.973633687145527,0.14303866
TDR40_GTAGATCGTTGACTAC-1,16.0,hematopoietic_stem_and_progenitor_HSPC,0.2804004933210336,-0.03543686380452901,1.06520521572992,0.0058458727
TDR44_TACCTCGTCTGTGCTC-1,24.0,erythroblast,0.3171349532254427,-0.0310477331256713,1.0721184353362978,0.08195302
TDR74_AGCTCAACAACCGCTG-1,240.0,hematopoietic_stem_and_progenitor_HSPC,0.1719952087814187,-0.01938955628993494,,
TDR48_CTGCAGGGTTGGCCTG-1,48.0,erythroblast,0.0847844938149865,0.044501645809466396,1.0080891110901926,0.92531496
TDR73_GGTTAACGTCGAGCAA-1,240.0,erythroblast,0.13625180987418217,-0.015268640497712385,,
TDR43_GTAGAAACAGGTCAGA-1,24.0,erythroblast,0.2508460542565944,-0.07839423149296243,1.068064420084299,0.24378936
TDR46_TACGGGCTCAACACCA-1,24.0,erythroblast,0.3810970551296077,-0.0816570579909664,1.096968890981238,0.05145351
TDR47_GATTTCTTCGACCCAG-1,48.0,erythroblast,0.11975733983348924,-0.062465756027786826,1.0371168660367738,1.468269
TDR74_CTCAACCTCATGCCGG-1,240.0,neutrophil,-0.05548965159192444,0.032255277413548916,,
TDR47_TGCGGGTCACCCGTAG-1,48.0,erythroblast,0.027982102337659437,-0.05695439472802531,1.0171324040647571,0.66384554
TDR51_TGGGTTAAGTTGGCTT-1,120.0,macrophage,-0.12059112506172939,0.004270033495949593,0.9753369950913353,1.0645236
TDR68_GAACACTCAAAGCAAT-1,72.0,erythroblast,-0.06130805272046647,0.024639762606085844,0.9829573345675127,1.1570458
TDR53_AGATGAAAGGTCACTT-1,120.0,macrophage,-0.0709457409963319,-0.0665327461573365,0.9991177904081072,1.061362
TDR45_GAAACCTTCCGTATAG-1,24.0,erythroblast,0.20062389473062917,-0.017483703564138614,1.0445869244464228,0.05947557
TDR43_CAACGGCGTTGTTTGG-1,24.0,erythroblast,0.14600039265715184,-0.021056440973307458,1.0339757950049224,0.044169206
TDR73_CATAGACAGAGTGAAG-1,240.0,hematopoietic_stem_and_progenitor_HSPC,-0.10642598951761495,-0.0308329812058568,,
TDR44_TACTGCCCATCTCATT-1,24.0,erythroblast,0.15643776826875067,-0.03739365927327147,1.039527502615396,0.05594672
TDR51_GAAATGACAGAACCGA-1,120.0,erythroblast,0.28779728648426767,-0.05415596334254684,1.0707835283329243,1.0505952
TDR74_AAGAACATCTGAATCG-1,240.0,innate-lymphoid-cell,-0.09188889495573085,-0.03900340943328808,,
TDR72_GGCTTTCAGCTCCACG-1,240.0,erythroblast,-0.06211137330345917,0.055827175489498344,,
TDR51_AGTCATGCACTATGTG-1,120.0,hematopoietic_stem_and_progenitor_HSPC,-0.10643772546647946,-0.08297109911023322,0.9953176711697838,1.1051906
TDR71_AGCGCCAAGGATATGT-1,240.0,neutrophil,-0.08519921005863845,-0.04874661502438851,,
TDR44_GATCATGGTACAAGCG-1,24.0,erythroblast,0.2626740560978392,-0.06505220792527744,1.0677410544975732,0.13720582
TDR74_TCTAACTTCGAGAGAC-1,240.0,hematopoietic_stem_and_progenitor_HSPC,-0.08378630614772521,-0.003949531994388106,,
TDR74_CTACGGGAGAGGGTGG-1,240.0,neutrophil,-0.1325401355426436,-0.006102925145491711,,
TDR53_GATTGGTCATCCGAAT-1,120.0,microglia,-0.06907339232124665,0.023857659571796613,0.9815854480908859,1.0558895
TDR53_CGAAGTTGTAGCTTTG-1,120.0,neutrophil,-0.13446695191887317,-0.02853197291277458,0.9790358718539284,0.9917421
TDR46_GTGAGGACACTGAGGA-1,24.0,erythroblast,0.3383170579976835,-0.008341521136682656,1.0717916804508747,0.062495094
TDR74_TTACGCCTCATTGAGC-1,240.0,erythroblast,-0.10629140272153371,-0.03850007607485106,,
TDR70_AGCGCTGTCTTGTGCC-1,72.0,macrophage,-0.14051629563436957,0.0010174884632333792,0.9720901257845797,1.5217993
TDR69_GAACGTTCATTGCTGA-1,72.0,hematopoietic_stem_and_progenitor_HSPC,-0.15266305623037038,0.05239379732313171,0.9598182160704898,1.5041614
TDR48_GTACAACAGCCTGAGA-1,48.0,erythroblast,-0.08014717304295191,-0.015547396768118442,0.9871631490804896,0.7513157
TDR51_GAGTTTGGTGGACCTC-1,120.0,neutrophil,-0.08935778279375291,-0.003366021398440902,0.9829486951833568,1.0763205
TDR46_ACAAAGATCAGCTAGT-1,24.0,erythroblast,0.36762389283615066,-0.005974357126863547,1.0775820084097592,0.05448294
TDR47_AACCCAAGTGCTTATG-1,48.0,erythroblast,-0.0744884684385995,-0.008550604504407616,0.9868990022617145,1.0741639
TDR48_TTGAGTGGTGCACGCT-1,48.0,erythroblast,-0.09027553767580643,-0.010421821076704876,0.9841561127747317,1.5310594
TDR70_CCCTAACTCATTACTC-1,72.0,erythroblast,-0.11224791797250365,-0.003285132872437646,0.978443185170273,1.3510631
TDR43_CGATCGGGTTAACCTG-1,24.0,erythroblast,0.23330932405382443,-0.045514029261250685,1.057348829257429,0.13118917
TDR72_CCACCATAGAACAGGA-1,240.0,hematopoietic_stem_and_progenitor_HSPC,-0.10802499110330524,0.019059642565487145,,
TDR68_GTGTGGCAGCAACTCT-1,72.0,hematopoietic_stem_and_progenitor_HSPC,-0.06961079349815673,0.004098289958648776,0.9853663118989365,1.5247854
TDR67_TTTAGTCCACCTCTGT-1,72.0,hematopoietic_stem_and_progenitor_HSPC,-0.08885676338191387,0.1275823194367618,0.9576357269744837,1.4870151
TDR71_GTGTTCCAGTACAACA-1,240.0,erythroblast,-0.060786177497482816,0.009606233861455336,,
TDR41_AGGAATAGTAACACCT-1,16.0,erythroblast,0.26695765400980853,-0.03631934822725469,1.062532702798686,0.032926377
TDR45_TAACGACGTACAACGG-1,24.0,erythroblast,0.08812258021551586,-0.00555885305215259,1.0189129122504348,0.5642538
TDR74_GATTGGTCAGAATTCC-1,240.0,neutrophil,-0.10640200511416834,0.04818484582250884,,
TDR71_GTCCTCAAGAGTACCG-1,240.0,hematopoietic_stem_and_progenitor_HSPC,-0.023257351675450927,0.024279268083557015,,
TDR69_AAAGGGCGTGAATATG-1,72.0,macrophage,-0.08507697945825163,0.07161236986701872,0.9691480718244949,1.5082141
TDR53_GGAGAACCAGCGTACC-1,120.0,neutrophil,-0.12311688649854334,-0.12944191147163872,1.0012658054509287,1.0845128
TDR47_GTAGGAGGTGTCATCA-1,48.0,macrophage,0.10798074043116543,0.011318422042101345,1.0195205458290517,1.5813396
TDR51_GATAGAACACCGAATT-1,120.0,macrophage,-0.1321196757600283,-0.04311028066912584,0.9823556383434643,1.0770955
TDR53_AGCGTATGTCTTGCGG-1,120.0,hematopoietic_stem_and_progenitor_HSPC,0.05734552207286356,-0.06132471868573372,1.0240179422084161,1.1203327
TDR54_TGCAGGCCATCGCCTT-1,120.0,macrophage,-0.0891738552198673,0.044009907937984094,0.9737148766584794,1.0636255
TDR54_TCACAAGCACTGAGGA-1,120.0,neutrophil,-0.0951432126046882,0.10424688280876515,0.9609066442777011,0.9677523
TDR74_TGATGGTGTGCTATTG-1,240.0,neutrophil,-0.09148602196079515,-0.007174876321085155,,
TDR73_GTCGTTCCATAGCACT-1,240.0,neutrophil,-0.11001289598234408,0.005538750129941344,,
TDR44_CAGCACGGTGCCCTTT-1,24.0,erythroblast,0.26317760805093604,-0.0822193382954764,1.0715212730626096,0.1103539
TDR46_TGTTGGACAGGACTAG-1,24.0,neutrophil,0.2159101803545918,-0.05715864074530938,1.0561326196832665,2.5806851
TDR45_ACGGTTAGTTTGCCGG-1,24.0,erythroblast,0.36866164758114867,-0.04531622854407859,1.0863197151850132,0.10195727
TDR41_AACCCAAGTTGAAGTA-1,16.0,erythroblast,0.3067410216249664,-0.047794199860102374,1.0734814350089301,0.11290504
TDR52_GGTGGCTAGCCTCATA-1,120.0,erythroblast,0.14168625833994167,-0.0888682462103061,1.0471905389012302,0.9823236
TDR51_TCATGTTCAGTCCGTG-1,120.0,neutrophil,-0.09178320493269729,-0.04633752760935776,0.9909520458650729,0.67069304
TDR74_CCTATCGAGCACACCC-1,240.0,hematopoietic_stem_and_progenitor_HSPC,0.012902732085740387,-0.034023172037613,,
TDR71_AGCATCATCTTGGATG-1,240.0,hematopoietic_stem_and_progenitor_HSPC,0.055694434094433615,-0.05419470594573008,,
TDR71_GATGCTATCAGGGATG-1,240.0,macrophage_immature,-0.061086392370473676,-0.07600685990886924,,
TDR42_CTTGAGAGTGGATCAG-1,16.0,erythroblast,0.2787208043795826,-0.07028056406808424,1.0722939945423027,0.04591054
TDR74_ACTTAGGTCGAAACAA-1,240.0,macrophage,-0.014196023119192297,-0.07642236769487316,,
TDR46_TGTGTGATCAAGGACG-1,24.0,macrophage_immature,0.22325717712014037,-0.005757458288056572,1.0468680812786928,3.313975
TDR71_CGAAGGACATTCAGCA-1,240.0,innate-lymphoid-cell,-0.12863500417485413,0.02696007039044021,,
TDR74_TAACGACGTGCTCTCT-1,240.0,macrophage,-0.001980757616792117,0.011588959174327673,,
TDR69_TCTCAGCAGTTGTCAC-1,72.0,erythroblast,-0.14079691396183378,-0.13923593215000482,0.9996878523658475,1.4279351
TDR74_GTCTACCGTGCCTGCA-1,240.0,erythroblast,0.22637311862984535,-0.025304174653573888,,
TDR47_TACTTACGTATATGGA-1,48.0,neutrophil,0.21385254941741375,-0.04201462648916937,1.0525054189227303,0.002839075
TDR70_GATCCCTCATTAAAGG-1,72.0,erythroblast,0.13257246618673527,0.004823481595074688,1.0258789906108268,1.4522173
TDR53_TTTGGTTGTCTACAGT-1,120.0,microglia,-0.14444972792640687,-0.06020902742702221,0.983292996073588,1.0339328
TDR44_CAACCTCAGCAAGTCG-1,24.0,erythroblast,0.32912210258923674,-0.02984976384566794,1.0744343889357022,0.41807678
TDR52_GTAGGAGTCTAATTCC-1,120.0,microglia,-0.09874425148582423,0.04414132456592637,0.9718273485860421,1.0304321
TDR48_GACACGCGTCACGTGC-1,48.0,erythroblast,0.22114012648150574,0.05272100193169062,1.0342575485534833,1.6626459
TDR73_TATTGGGCAGTCGGTC-1,240.0,hematopoietic_stem_and_progenitor_HSPC,-0.0395080490288809,-0.018931946572730188,,
TDR54_CACACAAGTGTACGCC-1,120.0,macrophage_immature,-0.09607584419934442,-0.024263914080633636,0.9857402610359085,1.0380113
TDR71_AGGGCCTAGAGGTCGT-1,240.0,erythroblast,-0.06245171963099871,0.049355455962676105,,
TDR52_CAGAGCCAGAGTGTGC-1,120.0,macrophage,-0.114795467879746,-0.016351016823220377,0.9805036701501785,1.0749893
TDR46_CGCAGGTGTGATCGTT-1,24.0,non_specific_hematopoietic,0.17714400577342923,-0.06794113634225188,1.0502382344888124,0.21670711
TDR52_GTTACCCGTGACACAG-1,120.0,macrophage_immature,0.20769178538692926,-0.011078780144053127,1.0447254390105387,1.1603581
TDR52_ACTGTGAGTGGTCTCG-1,120.0,microglia,-0.12285365878168225,-0.0018557423362793313,0.976090878888013,1.0380657
TDR54_ACATCCCAGTAATCCC-1,120.0,macrophage,-0.12233237618997374,0.004768705342446861,0.974900156998325,1.0387856
TDR53_GCACGTGGTATGACAA-1,120.0,neutrophil,0.017399550320809337,0.09624778514131063,0.9843540428833151,1.0772508
TDR46_TCATCATTCCGGCAAC-1,24.0,macrophage,0.0475540847292934,-0.02473231969312259,1.0145622928218505,3.3765848
TDR44_TGACCCTCACTTGTGA-1,24.0,erythroblast,0.15767234462475488,-0.042267023205309215,1.0407981529457673,0.22932053
TDR53_TCATACTCATGATCTG-1,120.0,hematopoietic_stem_and_progenitor_HSPC,-0.03534844047144839,0.13316995970868833,0.9668579615102869,1.0711997
TDR74_GGTGGCTGTGGAAGTC-1,240.0,innate-lymphoid-cell,-0.07662904804465809,0.08305425562016502,,
TDR53_GCATTAGCAGAGTCAG-1,120.0,non_specific_hematopoietic,-0.07994428101086033,0.06603013784477163,0.9712271696085223,1.0646696
TDR74_TGATCAGCAATATCCG-1,240.0,erythroblast,-0.0735133900862106,-0.0003667054992815,,
TDR29_GTCCCATCAAACGGCA-1,19.0,neutrophil,0.17356169086351136,-0.028960153996400534,1.0413358592597723,0.46616507
TDR71_CCCGGAACATGCGTGC-1,240.0,hematopoietic_stem_and_progenitor_HSPC,-0.13551522073475455,-0.02840617236691781,,
TDR53_TCTAACTTCTGGCCTT-1,120.0,macrophage_immature,0.20520327942941788,-0.010208434464786864,1.0440238591370326,1.1379621
TDR74_ACTGCAACAAATTAGG-1,240.0,hematopoietic_stem_and_progenitor_HSPC,-0.0981220410098592,-0.003112992354765143,,
TDR43_CATCAAGCATCGTCCT-1,24.0,erythroblast,0.20550433398442208,-0.05941967700542587,1.0544136202281262,0.22539887
TDR74_GTAGGTTAGATTCGCT-1,240.0,macrophage,-0.09543909125643381,-0.033966514031476255,,
TDR46_TCGCACTTCTTCTCAA-1,24.0,erythroblast,0.25961098436539815,0.0014258442037667352,1.0529934660294258,0.27506995
TDR46_GCACGGTTCGTAGTCA-1,24.0,hematopoietic_stem_and_progenitor_HSPC,0.10090851166906994,-0.003120628915931109,1.02102377827898,0.16090982
TDR44_CTCCTCCAGAGTACCG-1,24.0,erythroblast,0.12312275033615816,-0.04698541147761362,1.0346069874797041,0.09306238
TDR47_GCTTTCGCAGCGAGTA-1,48.0,erythroblast,0.09334403435710953,-0.01316221759835047,1.0215297415234985,1.0687207
TDR43_TTCATTGCATCCGATA-1,24.0,erythroblast,0.16274500137720355,-0.0312474293537314,1.0395609766029117,0.061431274
TDR71_TCAGGGCGTGAGATCG-1,240.0,erythroblast,-0.0522458971960135,0.023878881256873416,,
TDR46_ATTCTTGCACGGTGCT-1,24.0,non_specific_hematopoietic,0.35586599949722186,-0.0499465693342257,1.0845471360855021,0.06408643
TDR54_TGTTCTACACTCCTGT-1,120.0,erythroblast,0.2165247190382431,0.005791223887404134,1.0430474815817723,1.0846174
TDR43_ACGTAACTCCCGTTCA-1,24.0,erythroblast,0.3021750281535984,-0.029608580225331763,1.0686078447648566,0.4840818
TDR19_TGCAGTAGTGTAAATG-1,14.0,erythroblast,0.2911463157781774,-0.08277771105640881,1.0776522209562098,26.072517
TDR68_AAACGAACATGGCCAC-1,72.0,erythroblast,-0.06791169726138448,0.023578164978047815,0.9818684190287903,0.65686095
TDR52_ACCACAATCTCAACCC-1,120.0,hematopoietic_stem_and_progenitor_HSPC,0.09074613226616063,0.013267771633350911,1.0156163525897637,1.1063657
TDR46_GCCAACGTCGCATGAT-1,24.0,macrophage_immature,0.15470855283397042,0.005974170666385975,1.030193734635403,2.7533228
TDR71_CTCCGATGTCCGACGT-1,240.0,erythroblast,-0.04756534702175266,0.0035611453135680204,,
TDR44_TCGGGCAGTCGTGATT-1,24.0,erythroblast,0.09363052863846721,-0.03384317989574602,1.0258225121807663,0.081667155
TDR47_AGACAGGTCTTCCACG-1,48.0,macrophage_immature,0.2554815064006075,-0.08718472696796771,1.0709362294265004,1.7146324
TDR68_AGGTTACGTTTACCAG-1,72.0,erythroblast,-0.0232118221199855,0.038041691849197166,0.9878240315714982,0.632782
TDR53_CTTGATTGTAGACAAT-1,120.0,macrophage,-0.13902956213545703,-0.05039166572333277,0.9824286298194014,1.0743436
TDR43_CACTGGGAGTTGTCGT-1,24.0,macrophage_immature,0.2561159351967377,-0.06655200488837382,1.0666614046843936,0.1344653
TDR73_TCCTTCTCATCGCTGG-1,240.0,hematopoietic_stem_and_progenitor_HSPC,-0.10894792086820235,-0.03450690074691322,,
TDR51_GTTCATTTCGTAGAGG-1,120.0,neutrophil,-0.11208255704207204,-0.03313782889549924,0.9843350463474936,1.0651784
TDR74_TTCTTCCCACTCATAG-1,240.0,erythroblast,-0.06680458777438522,-0.01968713342279628,,
TDR74_AGTTAGCAGAGAACCC-1,240.0,erythroblast,-0.07186456733249115,-0.05380284344708478,,
TDR47_GTAAGTCGTTCTCCAC-1,48.0,non_specific_hematopoietic,0.1599442753553712,-0.08863538826785289,1.0509725070717497,1.6658775
TDR51_GAGATGGGTCTGCCTT-1,120.0,neutrophil,-0.06775774969538903,0.03146617744023994,0.9803508262330347,1.0525594
TDR54_GTGCTTCAGGGTCACA-1,120.0,innate-lymphoid-cell,-0.09853284292329548,0.06428766788107955,0.9679603994892981,1.0720136
TDR47_CGTGATAGTGGATTTC-1,48.0,erythroblast,0.261687960311216,-0.09179507361518012,1.073255558014184,1.4935064
TDR70_CTAACTTAGCTCCGAC-1,72.0,non_specific_hematopoietic,0.3061604861834386,-0.07681394365610644,1.0796046248070756,1.6387872
TDR53_GGAGATGGTTATGACC-1,120.0,hematopoietic_stem_and_progenitor_HSPC,0.28390315849932257,-0.008008320614399628,1.0601201977750405,1.161768
TDR48_TTCCTTCGTCTGCCTT-1,48.0,erythroblast,-0.0003497237526706304,-0.024225772546941214,1.0047866292425491,0.7868174
TDR70_TTGTTGTTCAGGGTAG-1,72.0,macrophage,-0.15420340960348,-0.014314212276931748,0.9724099156861484,1.5192679
TDR43_TCACACCTCCCGAGTG-1,24.0,erythroblast,0.18916468976066594,-0.04205310613444846,1.0473294666001565,0.15908095
TDR44_TCACGGGGTCTTTCAT-1,24.0,erythroblast,0.16374016918611134,-0.02697807528034564,1.038880456188153,0.18318194
TDR44_GCTACAATCCCATTCG-1,24.0,erythroblast,0.14478785704389713,-0.004864653271497474,1.0303829219777871,0.31188956
TDR54_TGCCGAGAGGTTAAAC-1,120.0,macrophage,-0.1305753656221489,0.0030196228784959422,0.9736347967048278,1.0657883
TDR46_ATCAGGTTCCGTCCTA-1,24.0,non_specific_hematopoietic,0.30630087439715575,-0.06411182560462561,1.0768956887984926,0.08067353
TDR74_CGTTCTGCAGGTACGA-1,240.0,microglia,-0.041741777886676934,-0.005746270787376773,,
TDR18_GTTGTCCAGGCCCGTT-1,14.0,non_specific_hematopoietic,0.2496192742386879,-0.04547651160870325,1.060795562385876,7.752689e-06
TDR70_GACATCATCCGACATA-1,72.0,microglia,-0.14149925117205855,-0.054724602819576876,0.9827947996893436,1.4050676
TDR47_GATCGTACATGCCGCA-1,48.0,macrophage,-0.09262485265134272,0.02281007930532425,0.9771774789336138,1.5333645
TDR51_CCTCATGAGGTAGGCT-1,120.0,hematopoietic_stem_and_progenitor_HSPC,-0.07870067363302902,-0.050641568322624494,0.9944038957919342,1.0866915
TDR71_CATGCCTTCCTGTACC-1,240.0,microglia,0.11713782443415571,0.04348645873179821,,
TDR74_GAGGCAATCTTGGAAC-1,240.0,hematopoietic_stem_and_progenitor_HSPC,-0.10022364127881868,-0.004969568452205433,,
TDR45_GAGATGGAGTGGAATT-1,24.0,erythroblast,0.24180067660653662,-0.037171359735346576,1.0573802716897873,0.15840138
TDR47_TATCAGGGTGAGTAAT-1,48.0,neutrophil,0.03025379736161035,-0.020274131706307402,1.0101568196832216,6.178547e-07
TDR48_CGTTCTGAGCATGTTC-1,48.0,erythroblast,-0.022127113099591866,-0.04484884404905753,1.0045546873897702,0.99679446
TDR69_AGGTCTACACGACGAA-1,72.0,erythroblast,-0.09434622690492406,0.0009309007989675572,0.9811249813531122,0.3325243
TDR51_AGCCACGAGTTGAATG-1,120.0,macrophage,-0.0903468304478366,0.0029978644636710072,0.9815042462562636,1.0898184
TDR52_GTCACTCGTGTTGACT-1,120.0,erythroblast,0.31086663694218075,0.04082409911941472,1.055493581796665,1.134535
TDR44_CTTCGGTTCAAACGAA-1,24.0,erythroblast,0.25569949424953986,-0.02774085732345867,1.0583256357199347,0.11405177
TDR74_TTAGTCTCATCGGCCA-1,240.0,neutrophil,-0.0976779208561118,-0.06089880488217038,,
TDR46_GAAGGGTCAGCGTTGC-1,24.0,erythroblast,0.3181624177749248,-0.03296540657551264,1.072750128709186,0.06292551
TDR53_ATCCACCCAAAGCTCT-1,120.0,macrophage_immature,0.17960681668912742,-0.012792571667247843,1.0392298164235996,1.1420251
TDR47_GTGGTTAGTGGAGAAA-1,48.0,erythroblast,0.0642624552961901,-0.028059708451431284,1.01863595444513,1.4566079
TDR53_TGCTTGCTCAGTCATG-1,120.0,macrophage,-0.03127338298373261,0.0022731962475287804,0.9933131413610762,1.090425
TDR47_ACCCTCATCTGGACCG-1,48.0,erythroblast,0.3187690811348439,0.0014838611830067794,1.0655137146010119,1.722285
TDR74_ACAGGGATCCTGGTCT-1,240.0,erythroblast,-0.07672999375170311,0.0023535225126478376,,
TDR74_ATGTCTTTCACGGGAA-1,240.0,erythroblast,-0.08725880341008607,0.08535238203027207,,
TDR51_TTGCATTAGTATGGAT-1,120.0,microglia,-0.11301078174944806,0.06432363338132602,0.9651546967035947,1.038425
TDR52_GGTCACGAGGGTCTTT-1,120.0,hematopoietic_stem_and_progenitor_HSPC,-0.09756634234003139,0.0004712691949505382,0.9805834549249015,0.99512774
TDR74_GGGTCACCAAGAATGT-1,240.0,microglia,-0.1170953736453243,-0.04780333411994317,,
TDR44_TTCGCTGCAGAGTAAT-1,24.0,erythroblast,0.13193789633432287,-0.03297515460642448,1.033532566148165,0.056378044
TDR74_CACTGAATCAGCGTCG-1,240.0,microglia,-0.08142970040834131,-0.014114816919553047,,
TDR46_CAGCACGAGGTCACAG-1,24.0,erythroblast,0.3699962724075626,-0.07087080989290934,1.09217750716356,0.43465853
TDR67_GTGGGAAAGATTGCGG-1,72.0,hematopoietic_stem_and_progenitor_HSPC,-0.12179884753384433,0.020500182593566285,0.971941359547273,1.47612
TDR74_GCCATGGGTGGCTAGA-1,240.0,hematopoietic_stem_and_progenitor_HSPC,0.048690229099289134,-0.030937892291344943,,
TDR71_CTGTATTCAGAGGTTG-1,240.0,neutrophil,-0.08077558210779986,0.08694949843713307,,
TDR67_AGCTCAAAGTTCACTG-1,72.0,hematopoietic_stem_and_progenitor_HSPC,-0.15915741044385184,-0.0046905784023364705,0.9695789572504604,1.4712068
TDR74_ACGGTTAGTTGTGCCG-1,240.0,hematopoietic_stem_and_progenitor_HSPC,-0.10154620457964181,-0.0464288087794682,,
TDR51_TGTCCTGGTATCGGTT-1,120.0,erythroblast,0.2309089450310346,-0.0649598857694842,1.0609595835962868,1.0176911
TDR46_GTACAGTGTTACCTTT-1,24.0,macrophage,-0.05797634922701983,0.009888679700965075,0.9865186921165489,3.091455
TDR54_CACCGTTCACACCGAC-1,120.0,macrophage,-0.012923388226496052,-0.007458761950301929,0.9989076717700468,1.1029819
TDR51_GCATTAGAGGCTTAGG-1,120.0,macrophage,-0.1147099343802351,-0.008445190986637388,0.9789713037502537,1.0608994
TDR74_ACTGCAAAGCTAGAGC-1,240.0,non_specific_hematopoietic,0.3184637868015987,-0.0452600272829278,,
TDR68_TATTTCGCACGATTCA-1,72.0,erythroblast,-0.026808433687156033,0.05461228143381803,0.9838477268664801,0.61610615
TDR68_CCAATGATCTATCGCC-1,72.0,microglia,-0.14322327401841656,0.03881127669231518,0.9642478514139258,1.3710566
TDR44_GTGTTCCGTTGGGATG-1,24.0,erythroblast,0.27514265202731325,-0.04776301296948747,1.0667121202876664,0.06751276
TDR73_ATTCATCGTAGTACGG-1,240.0,neutrophil,-0.13725964479279099,-0.03054915137401014,,
TDR74_ACCTGTCTCGGTGCAC-1,240.0,hematopoietic_stem_and_progenitor_HSPC,-0.1013959293354447,-0.029511299942106703,,
TDR48_CAGCAATCACACTGGC-1,48.0,erythroblast,-0.00898319209083924,-0.07974287904339072,1.0142525501178734,0.6534813
TDR73_TATCTTGGTCTTTCAT-1,240.0,erythroblast,-0.04198025004216098,0.005844553823568341,,
TDR74_ACAACCAGTACGTACT-1,240.0,hematopoietic_stem_and_progenitor_HSPC,0.01443352589883945,-0.07518573371684494,,
TDR70_TGGTACAGTATTGGCT-1,72.0,macrophage,-0.12570224423295437,0.03971175499904303,0.9674584508614534,1.5131423
TDR47_ATTACCTTCTTCCGTG-1,48.0,hematopoietic_stem_and_progenitor_HSPC,-0.03694892770779347,-0.01739622045446325,0.9960970947594044,1.5563474
TDR52_AGACACTGTATCGAGG-1,120.0,erythroblast,0.12122002199524876,-0.038092285346677725,1.0323755041291127,1.074948
TDR48_CTGCATCTCAGGTAAA-1,48.0,erythroblast,0.19017167982164318,-0.03949655439670663,1.0470049365698058,1.5128621
TDR73_ATGGATCCAGCCTACG-1,240.0,non_specific_hematopoietic,-0.10852055955029694,-0.01941149700602983,,
TDR46_GTAACACCATCCTATT-1,24.0,erythroblast,0.24866434747781602,-0.06163298802163354,1.064025617364368,0.09154682
TDR69_GTCATCCCAAATCAGA-1,72.0,erythroblast,-0.049004513545833336,0.0002696151958635623,0.9901935739263232,0.47214368
TDR43_TGAGGAGGTTTGTTCT-1,24.0,macrophage_immature,0.2301358557032417,-0.026036684319848874,1.0525697003631085,3.4279547
TDR52_CATGCCTCAATAGTGA-1,120.0,erythroblast,0.2035071368389376,-0.03272697443099541,1.0483807408454549,1.1028944
TDR51_GTGACGCGTCTCCTGT-1,120.0,erythroblast,0.270034732528107,-0.07886517719754083,1.0722722360473989,1.0349448
TDR72_TGTAACGCATGTTCAG-1,240.0,erythroblast,-0.05776901692812765,0.03705178162006044,,
TDR28_AGTCTCCAGTTGCCCG-1,19.0,hematopoietic_stem_and_progenitor_HSPC,0.040518287613094506,-0.04994680762482917,1.0182576893451296,0.29793727
TDR46_GATCACACAAACTAGA-1,24.0,erythroblast,0.20511869331626092,-0.058371640121943194,1.0541113257419856,0.10686865
TDR74_GGGAGTAGTTCTTCAT-1,240.0,microglia,-0.11903189329460266,-0.027344251664428387,,
TDR36_TCATTACTCTCAACGA-1,12.0,macrophage_immature,0.45330091468718364,-0.0250609692744011,1.100398488848166,0.14918593
TDR51_TTTATGCAGCAATAGT-1,120.0,macrophage,-0.08133841765186611,0.0048432362956253305,0.9829113649649565,1.0650369
TDR68_CCCATTGAGTTGTACC-1,72.0,macrophage,-0.14717158269211117,-0.010985449444396611,0.9731303616847232,1.5328825
TDR74_TGATTCTTCCCAATAG-1,240.0,neutrophil,-0.12163179539889529,-0.04001030458664291,,
TDR40_GGAGCAATCTCGTTTA-1,16.0,macrophage_immature,0.29190604638474194,-0.07663199444707848,1.0764920020051172,0.0022562365
TDR52_TCATCCGGTTCTGAGT-1,120.0,macrophage,-0.1636608002248793,0.07847904583106294,0.9527259624369117,1.0127099
TDR70_ATAGGCTAGGCTTAGG-1,72.0,hematopoietic_stem_and_progenitor_HSPC,-0.13227040202764273,0.02337454060233543,0.9693505299156059,1.4902911
TDR73_TCTGTCGAGGCACAAC-1,240.0,macrophage,-0.20581583975826312,0.0461569285431154,,
TDR71_CTAGACAGTCCTTTGC-1,240.0,innate-lymphoid-cell,-0.1034878242077891,-0.0003222659014273377,,
TDR18_GAAGGGTGTCGCATTA-1,14.0,macrophage_immature,0.3381162972539428,-0.07323881214303607,1.0857500319716489,0.0042046364
TDR67_ACACCAAAGAGATGCC-1,72.0,erythroblast,-0.10025945862570962,0.061934417636562156,0.9680817185757539,0.36965787
TDR44_GTCAAACGTTAAGAAC-1,24.0,erythroblast,0.11977953126670907,-0.05500706580781962,1.0355755088877623,0.07553114
TDR51_CACATGAGTTGCAAGG-1,120.0,microglia,-0.11199752286562045,0.08985482961723257,0.9604335609369605,1.0354505
TDR74_ATTCCATAGATTGATG-1,240.0,neutrophil,-0.10940719128850108,0.03207274873091595,,
TDR45_GGCGTCACAGACCGCT-1,24.0,erythroblast,0.28239975313885674,-0.061744912682971956,1.0712529376227502,0.05857387
TDR70_TTTGTTGGTGCAGTGA-1,72.0,macrophage,-0.09357151813260711,0.006840506101639998,0.9801179035131564,1.5343922
TDR46_GGGACAAAGTAGCAAT-1,24.0,erythroblast,0.07896619656652712,-0.03271707295731582,1.0225879847670416,0.10535587
TDR44_GAGATGGGTGCACATT-1,24.0,macrophage_immature,0.28085091677111007,-0.029929304916373647,1.064128382981566,0.13090986
TDR53_ACATTTCAGACCAAGC-1,120.0,hematopoietic_stem_and_progenitor_HSPC,0.22171899410532414,0.06367845350993427,1.0321129493541534,1.1326021
TDR67_AGAGAGCAGTGCAGGT-1,72.0,microglia,-0.1670511197556598,0.027491755979520555,0.9618386410830594,1.4319081
TDR51_GCCTGTTTCCCACAGG-1,120.0,neutrophil,-0.1297535913400115,0.06552940661460563,0.9616962759901204,1.0570631
TDR67_TCCTAATTCCTCGCAT-1,72.0,erythroblast,-0.062113058330329235,0.03145172643328763,0.9814610433822414,0.034592062
TDR46_AGCATCACAACACAGG-1,24.0,erythroblast,0.4179577521696839,-0.01950933839835854,1.0914350807176054,0.08826671
TDR52_ATTCAGGGTGGTATGG-1,120.0,erythroblast,0.2047887968699873,-0.035383327635653994,1.0492067735422261,1.0892513
TDR74_TAAGTCGTCAGTGGGA-1,240.0,erythroblast,-0.050613504663147124,-0.045987680434412814,,
TDR72_ATTCATCGTTTCGTAG-1,240.0,erythroblast,-0.08017367713594335,0.08246674911347501,,
TDR74_TCTGTCGCATGCCGAC-1,240.0,macrophage,-0.12500319965363282,0.03473655497970213,,
TDR52_CATGCTCAGCTGACCC-1,120.0,macrophage,-0.15230444037939556,0.03244288122532385,0.9637248366075087,1.0506619
TDR74_TCCATGCCATTCACCC-1,240.0,erythroblast,-0.03464068053705007,-0.004196153106832787,,
TDR73_CACTTCGCAAACTAAG-1,240.0,neutrophil,-0.12460678906621836,0.012090944309613438,,
TDR51_AACCAACCAAGTGACG-1,120.0,neutrophil,-0.03490430487358251,0.008742352294717093,0.9913086585572056,1.0836799
TDR52_TATCAGGGTATCTCTT-1,120.0,macrophage,-0.07722913346034105,-0.011718923790891261,0.9869834161850978,1.0455872
TDR52_GTGAGCCTCGGCCTTT-1,120.0,macrophage,0.012241810963566163,-0.0021606727882667875,1.0028846493673738,1.109033
TDR46_TTCTAGTTCCCAGGAC-1,24.0,erythroblast,0.3479219706182146,-0.01700342949269859,1.0757144871586866,0.080819994
TDR74_CATCGTCCATCATTTC-1,240.0,macrophage,0.014475305769423769,0.00333743957953625,,
TDR51_GCATGATCATAGCTGT-1,120.0,hematopoietic_stem_and_progenitor_HSPC,-0.08009104238715686,-0.1326319847577884,1.0105635933849841,1.1100171
TDR72_CAGTTAGTCGACACTA-1,240.0,erythroblast,-0.05909756795045886,-0.02077085582786392,,
TDR51_CCGAACGTCACCATAG-1,120.0,neutrophil,-0.11196022542979599,-0.027999102909335896,0.9833479790244826,1.0678476
TDR51_ACTGTCCCATAATCCG-1,120.0,hematopoietic_stem_and_progenitor_HSPC,0.1754565644728464,-0.06704104400999239,1.049694869747546,1.1693088
TDR71_AGAACCTTCACTGTTT-1,240.0,hematopoietic_stem_and_progenitor_HSPC,-0.09468158227712038,0.04019441491995711,,
TDR51_CTCCCAAGTAGGTTTC-1,120.0,macrophage,-0.12103476387378406,-0.018789558211002574,0.9797586225921934,1.074102
TDR74_GTTAGTGTCGCGGACT-1,240.0,innate-lymphoid-cell,-0.0890552606430039,-0.0905070016445553,,
TDR43_GAACACTAGATGAACT-1,24.0,erythroblast,0.29928074916341707,-0.0589874022376838,1.0742831804502544,0.98692006
TDR46_AAACGCTGTGAATATG-1,24.0,erythroblast,0.3446333925457894,-0.04950036275661957,1.082016847559523,0.031358916
TDR44_ATTACCTCACATCCCT-1,24.0,erythroblast,0.38079433128602563,-0.03736853791511768,1.0872293439081555,3.2222009
TDR69_AGAGAGCGTGACTATC-1,72.0,non_specific_hematopoietic,-0.09916960966479049,-0.030086795169054284,0.9862784477292359,1.2553874
TDR44_TTAGTCTTCCGTTGGG-1,24.0,erythroblast,0.13363133333587496,-0.03153650810561126,1.033585234346101,0.058461253
TDR45_TCAGTTTAGACATACA-1,24.0,erythroblast,0.3376569865226562,-0.0295309308902333,1.0762013618344533,0.14687307
TDR53_GACCCTTCATGACAAA-1,120.0,macrophage,-0.07166213919391563,-0.034615660571181775,0.9926180854402372,1.0874856
TDR46_TGGGAAGGTCCTATAG-1,24.0,erythroblast,0.11268132387936769,-0.05231147278270219,1.0335490502396176,0.03344716
TDR54_CAGTTAGAGGAACTCG-1,120.0,innate-lymphoid-cell,-0.12094251141971951,0.010808189645993477,0.9739939954316801,1.0309256
TDR44_GACAGCCCAAGAAACT-1,24.0,neutrophil,-0.00689284495818307,-0.045364085026985204,1.007723924804711,1.5912544
TDR74_AACAAGAAGTCAGCCC-1,240.0,erythroblast,-0.06971696294156118,-0.0023800320223461707,,
TDR51_TACCCACAGCTCCCTT-1,120.0,macrophage,-0.1696307017023172,0.0644247819836013,0.9542676448368984,0.98909956
TDR39_TTGTGGAAGACCTGGA-1,16.0,macrophage_immature,0.17716751554602025,-0.06524979114788422,1.0496780114077466,0.2770102
TDR43_GACATCATCTCTCAAT-1,24.0,erythroblast,0.22503335488332082,-0.06540736810404706,1.0598084079788541,0.09213074
TDR50_TCTATACAGAGCATAT-1,48.0,non_specific_hematopoietic,0.005223127585374854,-0.08921613702195597,1.0190673567818878,1.654108
TDR52_TAGCACATCATCGGGC-1,120.0,erythroblast,0.24490229627036716,0.015001449032106262,1.0470536470988987,1.0076592
TDR45_ACATCGAGTAACCCTA-1,24.0,macrophage,0.1651490591890163,-0.02250063093004212,1.038243079562587,3.321317
TDR71_TCGAAGTGTACTAAGA-1,240.0,hematopoietic_stem_and_progenitor_HSPC,-0.0696448347438432,-0.04068936715507405,,
TDR44_CACATGAAGTCCGTCG-1,24.0,erythroblast,0.17924006785504362,-0.04642636745256311,1.0461672911804194,0.09764104
TDR48_TGAATGCAGGACGGAG-1,48.0,erythroblast,0.0016956681618691405,0.006244068624380775,0.9990907335409988,0.8609898
TDR43_AGGATAATCGGATTAC-1,24.0,erythroblast,0.21917196420522836,-0.03559346366683705,1.0522735253171775,0.13596797
TDR54_GTGTCCTGTGAGATAT-1,120.0,macrophage,-0.1347835577175478,-0.0469320748227294,0.9825831610024796,1.0173526
TDR74_GTTCCGTCAATAGTCC-1,240.0,hematopoietic_stem_and_progenitor_HSPC,-0.11680199979977363,-0.000785631450094082,,
TDR44_TACGGGCCACTATCGA-1,24.0,erythroblast,0.3983365485634628,-0.07569113330564636,1.0994450322686342,0.19599509
TDR44_CGGGTGTTCTCCGAGG-1,24.0,hematopoietic_stem_and_progenitor_HSPC,-0.08625397877999302,-0.03811594829467184,0.9904185909280598,2.5016758
TDR21_GCGGATCCATTGAAGA-1,14.0,non_specific_hematopoietic,0.30758829376061847,-0.0552963120157976,1.0752755143439172,3.1902928
TDR53_GGGATCCAGACCAGCA-1,120.0,macrophage,-0.16457551790152486,-0.06631070768967534,0.9805388984845222,1.0577013
TDR44_ACACCAATCTCCTGAC-1,24.0,erythroblast,0.420511062089616,-0.06363130441226438,1.1016713913558924,0.24966136
TDR48_TTCCGGTGTCGGTACC-1,48.0,neutrophil,0.29078916612562244,0.06792601730256584,1.0455809142484433,0.004167689
TDR69_ACGTTCCCATCATCCC-1,72.0,erythroblast,-0.07159947124501058,-0.022237031228172485,0.9901760850293403,0.31870118
TDR73_TGCTTCGGTCTTCAAG-1,240.0,hematopoietic_stem_and_progenitor_HSPC,-0.10088348768339789,0.006741003649758187,,
TDR53_AGATGAAGTGAATGAT-1,120.0,neutrophil,0.15528216857498311,-0.014761399019807497,1.034593621639978,0.8267676
TDR51_TGGATGTGTCCTTGTC-1,120.0,macrophage,-0.07212535348130669,0.0008843782059428373,0.9855041450728768,1.0782285
TDR51_GTGGTTATCACATTGG-1,120.0,macrophage,0.057245971859133465,-0.035747135318995676,1.0187726530369698,1.1068301
TDR18_ACTATTCCACAAGTGG-1,14.0,non_specific_hematopoietic,0.23422141633144988,-0.07348816150372474,1.0634750717552555,9.216203
TDR73_GCAACATCAGGTGTGA-1,240.0,macrophage,-0.07787342163462481,-0.04866990003928788,,
TDR70_GGCAGTCCATAAGATG-1,72.0,microglia,-0.15658994876559307,0.029624706561118763,0.9634420569124612,1.39769
TDR74_GAAGAATAGATCCAAA-1,240.0,erythroblast,-0.06894048194056052,-0.020436065176514872,,
TDR70_CATGCAAGTCGAGCTC-1,72.0,erythroblast,0.09878363777544541,-0.047288141132872774,1.0296452812406405,1.5509537
TDR44_TCACGCTCATCTTCGC-1,24.0,non_specific_hematopoietic,0.19918306246644066,-0.06982478913733604,1.0552751834621559,0.082867905
TDR69_CCTCTCCGTCTAATCG-1,72.0,microglia,-0.10568370418280151,0.13129512404985988,0.9537098772843271,1.4332013
TDR71_TCAGGGCAGACGGTCA-1,240.0,erythroblast,-0.06321261419550357,0.04995388621229416,,
TDR72_CAGGTATAGTAGGTTA-1,240.0,neutrophil,-0.09535830401951394,0.007469548503365869,,
TDR44_TACGGGCTCGTACCTC-1,24.0,macrophage_immature,0.1948539782425377,-0.07664377076358354,1.0558008197169402,3.1587029
TDR44_TCGGGTGCAGTCAACT-1,24.0,erythroblast,0.25475139878999065,-0.0309287916890921,1.0587998377124503,0.10192888
TDR46_GGATCTACAAACCACT-1,24.0,erythroblast,0.33346789176003977,-0.03748807277464444,1.0770127030020162,0.05179815
TDR51_CACCAAATCCTTTAGT-1,120.0,erythroblast,0.18015257521173916,-0.08038221634784438,1.0534884158301645,1.0065074
TDR40_CGGGTCAGTAGTCTTG-1,16.0,hematopoietic_stem_and_progenitor_HSPC,-0.06026249317987725,-0.015805336972173678,0.9911479806373844,0.45830244
TDR42_TGGAGAGGTAGAATGT-1,16.0,macrophage,-0.09844071465649082,-0.03172058785275242,0.9867446114503565,59.34683
TDR46_CTCTCAGTCAATCAGC-1,24.0,erythroblast,0.44857449550860323,-0.019453771384377927,1.0981266179998395,0.5403607
TDR73_ACTATTCGTATGTCTG-1,240.0,macrophage,-0.14252952237751573,0.03999503453572591,,
TDR74_GCCATGGTCATCTATC-1,240.0,erythroblast,-0.05078374014347533,-0.032190233261049014,,
TDR54_ATCCACCCAAAGTGTA-1,120.0,macrophage,-0.10515448210072559,-0.041702123975728186,0.9873897128586554,1.040873
TDR47_TCCCAGTCACACCTTC-1,48.0,erythroblast,0.04359438807743235,-0.022817051033146976,1.0133708892489834,1.4488785
TDR51_GGTTGTATCCACGGGT-1,120.0,hematopoietic_stem_and_progenitor_HSPC,0.032891724944827144,-0.00023841013271068412,1.0066480276980418,1.1168034
TDR48_TGTCAGACAAGAGGTC-1,48.0,erythroblast,-0.024675147713138473,0.0714464185062558,0.9809592954001107,0.6293083
TDR71_TCGGGTGGTGAATGAT-1,240.0,neutrophil,-0.09503091867659073,0.06290194147450912,,
TDR52_TGAGCATTCGTCACCT-1,120.0,hematopoietic_stem_and_progenitor_HSPC,-0.08388096713964617,-0.05016360165160379,0.9932792130938828,1.0833924
TDR71_TTTGGTTAGATGAATC-1,240.0,hematopoietic_stem_and_progenitor_HSPC,-0.10128699148783732,0.08794285620148311,,
TDR67_TCAGTTTCAATTGAGA-1,72.0,microglia,-0.1653088862527789,0.004473936922500282,0.9666134889353503,1.2107114
TDR18_TCCCACAAGATAGCAT-1,14.0,erythroblast,0.24846696620137332,-0.009717042639379642,1.052993227774755,0.00037364906
TDR46_GCGGAAACACCGTCTT-1,24.0,erythroblast,0.17441107737252726,-0.07515410089518393,1.0511796772473379,0.10612692
TDR46_TGGGAGACAAACCATC-1,24.0,erythroblast,0.15049538664765413,-0.048773798645662475,1.040658657345451,0.047288768
TDR72_AGGATCTCATGTGCTA-1,240.0,erythroblast,-0.08143112385964747,-0.0972662560733748,,
TDR47_AGGACTTGTGCGAGTA-1,48.0,erythroblast,0.1745174424138537,-0.020533828791660838,1.0397811457620547,1.6734673
TDR43_TCGTCCAAGGAATCGC-1,24.0,non_specific_hematopoietic,0.32248191958519906,-0.04040893194052204,1.0752768575250162,0.39330247
TDR53_CCGGTAGCAAGACAAT-1,120.0,macrophage,-0.09416115980789981,0.012227294397686855,0.9789470821829217,1.0576572
TDR70_TACCGAATCGAAGCAG-1,72.0,microglia,-0.14967824652035477,-0.0328913952033493,0.9769133016194145,1.4723121
TDR49_CATAAGCTCTGAATGC-1,48.0,non_specific_hematopoietic,-0.06220366733713556,0.015032211555566971,0.9846715198843755,1.5142925
TDR47_ATTCCCGTCAGCACCG-1,48.0,non_specific_hematopoietic,-0.01637653529540592,-0.08100004383011397,1.0130085866705125,1.6606438
TDR73_CACCGTTAGCCTGACC-1,240.0,non_specific_hematopoietic,-0.053970019813215475,-0.008413219477499415,,
TDR43_GAGGGATTCACTGCTC-1,24.0,erythroblast,0.29593056847370264,-0.0298399763982653,1.0673234958398934,0.16325247
TDR70_AGTCAACTCTTACCGC-1,72.0,erythroblast,0.187418251044952,-0.07363598834937193,1.0535978679708393,1.4591879
TDR43_AGGGTTTAGTGGCAGT-1,24.0,erythroblast,0.2825689591951446,-0.029645987946822064,1.0644337732101643,0.19480674
TDR74_AGACTCACATCTGTTT-1,240.0,erythroblast,-0.06775614692683576,0.02302608116301426,,
TDR44_GCCAGCAGTCAGGTAG-1,24.0,erythroblast,0.1566305715407575,-0.06397025353538688,1.0451079327539148,0.25095063
TDR43_AAGTGAATCTTACCGC-1,24.0,macrophage_immature,0.32450854226254494,-0.014466513246217866,1.0701459179605455,3.526741
TDR71_GTCATCCTCTAGTTCT-1,240.0,hematopoietic_stem_and_progenitor_HSPC,-0.1015736180370383,-0.029271319804496182,,
TDR43_ATCCTATCATCACCAA-1,24.0,erythroblast,0.23004783143513644,-0.039400082663445454,1.0553680649554502,0.2716665
TDR73_ACGGTTATCTAGCCTC-1,240.0,innate-lymphoid-cell,-0.09392862742820961,0.0013982470292783905,,
TDR52_CTGCCTAAGATACGAT-1,120.0,erythroblast,0.2561574791400263,-0.07356876797146267,1.0681682327371542,1.0709902
TDR68_GTTACGAAGCTTTGTG-1,72.0,macrophage,-0.12396377900305433,0.04307513920389319,0.9671440936258676,1.2982026
TDR72_CACGGGTCACATGAAA-1,240.0,non_specific_hematopoietic,-0.12325821699653952,-0.039884332169529205,,
TDR40_CCCTCTCAGAGGATCC-1,16.0,erythroblast,0.3172798683309178,-0.04069555592805674,1.0742202879222584,0.0013217314
TDR54_TGATCAGCAAGGTCAG-1,120.0,macrophage,-0.08511360018428453,-0.030290064092483568,0.9890951860798004,1.0819004
TDR47_GACTCTCAGGATTTAG-1,48.0,macrophage,-0.11594600762065167,-0.03017704639137911,0.9829924963857402,1.5192714
TDR51_GTCAAACAGGGTATAT-1,120.0,erythroblast,0.25067943119235137,0.01622261056577526,1.0480081516130375,1.1148878
TDR44_AGATAGAGTTAAGCAA-1,24.0,hematopoietic_stem_and_progenitor_HSPC,-0.0749310779369289,-0.052048627177170376,0.995433966022163,2.766483
TDR48_GTGGAAGGTAGGGTAC-1,48.0,macrophage,0.039939234880484537,-0.06070061467120037,1.0203319034546816,1.6154964
TDR69_CGTAATGTCTCATTGT-1,72.0,macrophage,-0.15317797704034397,-0.005201831915912225,0.9708384212428206,1.5111145
TDR71_CTCAAGAAGCAGCCCT-1,240.0,innate-lymphoid-cell,-0.08097731253993704,-0.008381471541768687,,
TDR74_GTGAGCCTCCATAGGT-1,240.0,hematopoietic_stem_and_progenitor_HSPC,-0.08398886114870258,-0.028431267106142716,,
TDR71_GAGTTTGTCTACCACC-1,240.0,innate-lymphoid-cell,-0.0968119396233986,0.0062318863052228946,,
TDR73_TATCTTGTCCTGATAG-1,240.0,neutrophil,-0.11310908415194812,-0.015038359632302656,,
TDR47_CTTCAATTCTATCGTT-1,48.0,macrophage,-0.019135742893516855,0.029320546650336232,0.9903555509967238,1.5617862
TDR74_GTCGTAATCCTTATAC-1,240.0,erythroblast,-0.08857842841221,0.02859720758897799,,
TDR46_GATAGAACATAGCTGT-1,24.0,erythroblast,0.1896358756952854,-0.014189833668183077,1.041607446842208,0.07213895
TDR71_GTCAAACGTGTTCCTC-1,240.0,erythroblast,0.010841521606386476,0.021542944066062518,,
TDR52_GTAGGAGGTGATTGGG-1,120.0,macrophage,0.022369231795308586,0.01789923157029044,1.0008943997821567,1.0971819
TDR45_ATCCTATAGAAAGTCT-1,24.0,erythroblast,0.35402771446179493,-0.10255019561104153,1.0956147070033955,0.40126738
TDR44_CTGCCTAGTTCTCCTG-1,24.0,macrophage,-0.06233374983767495,-0.10520771006647132,1.0086116608805926,3.3340762
TDR74_TCGCTCACAGTGCGCT-1,240.0,neutrophil,-0.11926973613903016,0.0016897473358301884,,
TDR74_ATTCAGGAGCTACGTT-1,240.0,neutrophil,-0.08858893697652968,-0.07375806650037864,,
TDR43_CGGAGAAAGACTAGAT-1,24.0,macrophage,0.008012899719085337,-0.0515916676401004,1.0119922507475116,3.3322852
TDR48_CGATGCGAGAGAGTTT-1,48.0,non_specific_hematopoietic,0.15578914323890972,-0.10214158686270845,1.0529398889663144,1.6207161
TDR44_CACGAATCAATACGCT-1,24.0,erythroblast,0.18727985100408773,-0.06950650225386976,1.0526989245374376,0.069317944
TDR71_CATTCCGCACTTCTCG-1,240.0,neutrophil,-0.1421141615625473,0.02902900104041517,,
TDR74_GGCACGTCAATTCACG-1,240.0,hematopoietic_stem_and_progenitor_HSPC,-0.0917815329230128,-0.002730504070247178,,
TDR53_AGGGTCCGTCGAACGA-1,120.0,microglia,-0.07218049554804604,0.003179973002345224,0.9850409217884939,1.0367935
TDR67_AAAGAACAGCGGGTAT-1,72.0,erythroblast,-0.04254529087764577,0.023692354551899907,0.9868398332237781,0.014058925
TDR54_GACTCTCAGTCAAGCG-1,120.0,erythroblast,0.13742291502164744,-0.017192036633330264,1.0314060725878138,0.9665524
TDR47_CTACCTGTCGAGATAA-1,48.0,erythroblast,0.21110824120166516,0.022001210938073334,1.038545738332048,1.8732142
TDR40_GACGTTATCGTCACCT-1,16.0,hematopoietic_stem_and_progenitor_HSPC,0.3139092583083592,-0.028362412895493377,1.0708517225774714,0.002435975
TDR69_ATGTCTTTCATTGTTC-1,72.0,erythroblast,-0.09216813759834108,-0.04686689172070063,0.9909806712058314,0.71224463
TDR74_CACGGGTCACAATTCG-1,240.0,erythroblast,-0.09959862000086829,0.07459663781694871,,
TDR45_AATTTCCCAAGCAATA-1,24.0,erythroblast,0.4001618918688604,-0.09039421530737393,1.1030854650346837,0.25446653
TDR52_TCCACGTTCGATTGAC-1,120.0,macrophage,-0.1432719797671634,0.11260853028719744,0.9501113392817745,0.98340315
TDR52_TTAGTCTAGGGCGAAG-1,120.0,erythroblast,0.1407857767299625,-0.014890561997090629,1.0316250400422151,1.0018665
TDR50_GAGCTGCCACCCTAAA-1,48.0,erythroblast,0.025341092255480008,-0.008318253505377127,1.0067545791148773,1.3968654
TDR73_GAAACCTCATACTGAC-1,240.0,macrophage_immature,-0.13263003033251347,-0.07947826436688295,,
TDR51_CATACTTAGCTATCTG-1,120.0,hematopoietic_stem_and_progenitor_HSPC,-0.0008405455601613043,-0.03632874291748113,1.007122887412745,1.1036745
TDR74_AGTAGCTGTGTAGTGG-1,240.0,erythroblast,-0.0806679786090472,-0.00904225496854183,,
TDR73_AGAGAGCGTGCTCGTG-1,240.0,macrophage,-0.1424256829643654,0.08485715823089057,,
TDR50_AGTACTGAGTGTACAA-1,48.0,erythroblast,0.17248645287523473,-0.07903492303542149,1.0515910207503985,1.3806995
TDR44_AGAAGTAGTGGAAATT-1,24.0,erythroblast,0.19794706260397277,-0.038711384554672046,1.0484697177356852,0.12473625
TDR43_CGAAGGATCAAGCCCG-1,24.0,erythroblast,0.26792599906208014,-0.03809427511160948,1.0631158259796702,0.2855255
TDR18_TATCTTGTCTTAGCCC-1,14.0,erythroblast,0.28204230357622945,-0.052166477685581275,1.0691262822382546,4.172884
TDR53_GTGCTTCAGGGCAATC-1,120.0,neutrophil,0.03546581573515745,0.036509553783373755,0.9997912741766231,0.7951595
TDR44_CCTCTCCGTGGCCCAT-1,24.0,erythroblast,0.1110794085768668,-0.016380709086575296,1.0258197238203164,0.069444194
TDR71_CGACAGCCAGCCTACG-1,240.0,neutrophil,-0.11846493385834159,-0.030026769612466392,,
TDR44_GGAAGTGCATGGAACG-1,24.0,erythroblast,0.126097114140849,-0.02603026800621472,1.0308930613542164,0.07477943
TDR68_ATGAGTCTCTAACGGT-1,72.0,hematopoietic_stem_and_progenitor_HSPC,-0.13780214559923873,0.032311207878288895,0.9665495920376286,1.2493858
TDR68_CATACTTCAACACACT-1,72.0,non_specific_hematopoietic,-0.09023053535312867,-0.04017747120388847,0.9900393265744969,1.3706506
TDR71_CAGCAATTCTTGATTC-1,240.0,non_specific_hematopoietic,0.253477865895348,0.04452099623503508,,
TDR46_GTAATCGGTGCTGTCG-1,24.0,erythroblast,0.09064386763829177,-0.054228369292557664,1.0293982903220724,0.1345401
TDR46_ACAGGGATCAGTCATG-1,24.0,erythroblast,0.3620447515131353,-0.05831358347026111,1.0877068436983308,0.16110052
TDR46_TATCGCCAGATACATG-1,24.0,erythroblast,0.3038864802045585,-0.07023463771347069,1.0776947009222064,0.31902012
TDR45_GCCATGGTCCAGTGTA-1,24.0,erythroblast,0.23799688127060625,-0.07228806930015756,1.064022981791354,0.081856236
TDR44_ATTGGGTGTGCATTAC-1,24.0,macrophage_immature,0.22017044485109444,-0.019791956557039914,1.0491627658862803,3.3791392
TDR74_GTGCTTCCACTAAACC-1,240.0,hematopoietic_stem_and_progenitor_HSPC,-0.052999709699111164,-0.0004991717192669859,,
TDR74_AGTAGCTAGAAGCGAA-1,240.0,erythroblast,-0.07771418328595019,0.07885282371099189,,
TDR53_CCCTCTCCACTAACCA-1,120.0,hematopoietic_stem_and_progenitor_HSPC,-0.09608161141928942,0.11049463335570633,0.9595265925074167,1.0362526
TDR53_TACCGGGGTCCACGCA-1,120.0,neutrophil,-0.10026384478293796,-0.04473390287439219,0.9889554554321348,1.0874115
TDR48_GACATCAGTTCGTACA-1,48.0,macrophage_immature,0.3205814219633462,0.04832737713300342,1.0559605313457918,1.6388606
TDR52_GGAGAACCATTCAGGT-1,120.0,erythroblast,0.20412339371754204,-0.012724897775737043,1.0443238664911403,1.3288578
TDR46_CATGGTATCGGTCACG-1,24.0,non_specific_hematopoietic,0.1753928155643484,-0.06906129414204686,1.050105695979911,0.07405646
TDR71_GCCGTGACAACTGGTT-1,240.0,innate-lymphoid-cell,-0.08641507159958048,0.04391418012699898,,
TDR71_CTCATCGAGCAGGCAT-1,240.0,macrophage,-0.10904319103866822,-0.0757902883037213,,
TDR47_TATTTCGGTTTAGACC-1,48.0,erythroblast,0.05696642493061735,-0.0414834760621358,1.0198851064317533,0.93870896
TDR44_TGGTTAGAGAGCAGCT-1,24.0,non_specific_hematopoietic,0.18695379183291008,-0.05516892002912471,1.0496161672862028,0.057270292
TDR67_GATTCTTAGCCTGGAA-1,72.0,erythroblast,-0.06350937812618376,0.06682107158073225,0.9742706979876321,0.013884252
TDR67_CCTCACACATATGCGT-1,72.0,microglia,-0.1505147004738832,0.0820399390326606,0.954554129239656,1.3488413
TDR51_TGTCCTGAGACGCCAA-1,120.0,neutrophil,-0.0247127421540701,-0.01288654928366087,0.9976375563986476,0.5761676
TDR74_GGACGTCGTACCACGC-1,240.0,hematopoietic_stem_and_progenitor_HSPC,-0.0977029567466252,-0.048819452732145566,,
TDR74_TACGTCCAGAGGACTC-1,240.0,neutrophil,-0.11706944035959767,-0.07038208162407047,,
TDR46_CTCTCAGAGAGGTGCT-1,24.0,non_specific_hematopoietic,0.31125705616768784,-0.043949267778483625,1.0736255278854192,0.09693776
TDR70_AGCCAGCCAGGGAGAG-1,72.0,macrophage,-0.10533771132466788,0.009494575325417642,0.9772952643160273,1.5150552
TDR28_TGCGGCATCACATTGG-1,19.0,macrophage,0.24029825275657213,-0.042980478069696515,1.058291426796919,0.20473069
TDR74_GTCTAGACACTATCGA-1,240.0,hematopoietic_stem_and_progenitor_HSPC,-0.040240544116356844,-0.06576275956675498,,
TDR48_GGCTGTGCAACGATCT-1,48.0,macrophage,-0.09093737524094,-0.003657275223949541,0.9826954536574152,1.5134068
TDR45_ACGTCCTCATCGGCCA-1,24.0,erythroblast,0.211018116533446,-0.04551710067611835,1.0526460517356642,0.19987105
TDR40_GTAATCGCAAGAAACT-1,16.0,non_specific_hematopoietic,0.32537830103471,-0.01759532556313695,1.0710020711595907,0.0022161363
TDR51_ACACTGAGTTGTCATG-1,120.0,microglia,-0.04000076645482867,-0.08607489219354292,1.00925741235972,1.083009
TDR44_ATTCCATAGAACCCGA-1,24.0,erythroblast,0.17754895261930365,-0.0502868324470213,1.046621290213707,0.15201646
TDR48_CCCAACTGTGTCCGGT-1,48.0,microglia,0.024040166569142207,-0.05665439799212027,1.0162698486054764,1.6010422
TDR74_GGCTTTCAGGTATTGA-1,240.0,microglia,-0.08484517588927058,0.05139683909270307,,
TDR74_CGGGCATCATGGAATA-1,240.0,macrophage_immature,0.05368903825479321,-0.09173517462647991,,
TDR74_TGACCCTGTTGTGCCG-1,240.0,hematopoietic_stem_and_progenitor_HSPC,-0.10925135953545409,-0.06590935368724747,,
TDR73_GATGAGGCAGCCCACA-1,240.0,non_specific_hematopoietic,-0.1069674514404997,-0.06773153369745387,,
TDR74_TCAATTCGTCATCTAG-1,240.0,erythroblast,-0.07776253900937959,0.001209293970547247,,
TDR48_CTACGGGGTGGGCTTC-1,48.0,erythroblast,0.24567770280428006,-0.07766722864958783,1.066805838575094,1.5448729
TDR73_AGACTCACAGTGTGCC-1,240.0,non_specific_hematopoietic,0.04635728784946894,-0.0006653168991056085,,
TDR48_GAAATGAAGTGATTCC-1,48.0,neutrophil,0.1561569246226293,-0.006137165022485042,1.032991351544845,3.133836e-07
TDR51_GTAGGAGCAAGTGGGT-1,120.0,macrophage,-0.11835716981889656,-0.0995734902843633,0.9962503117972139,1.0949461
TDR51_ATGGTTGCATGCCGGT-1,120.0,microglia,-0.10548408379415936,0.10071647519138763,0.9595986913171132,1.0308201
TDR74_GTGTTCCGTAACGATA-1,240.0,neutrophil,-0.09333838719679988,0.04945741721013511,,
TDR54_TCTTGCGTCCGAAGGA-1,120.0,macrophage,-0.1319737487522329,0.08067765520006753,0.9583614451394638,1.0031127
TDR53_TACTGCCTCGGTAGAG-1,120.0,microglia,-0.07087738466602955,-0.04738675901727271,0.9953128937972628,1.0767779
TDR43_CAGAGCCCAGCCATTA-1,24.0,neutrophil,0.07799282246801653,0.02889099904304543,1.0098687426998334,3.2333272
TDR43_AACGTCACATGTAACC-1,24.0,erythroblast,0.1763097586189595,-0.012161978712916327,1.0384137905614088,0.082606025
TDR51_GAGACCCGTACCATAC-1,120.0,erythroblast,0.20502801383647107,-0.01633777915311639,1.0452678397929065,1.1099162
TDR43_ATCAGGTAGCAACAGC-1,24.0,erythroblast,0.2708356945184193,-0.049143788127315596,1.066088024091396,0.12998739
TDR51_TCTACCGTCGTCGCTT-1,120.0,macrophage_immature,0.4161938508627432,-0.05978649109202051,1.0998744846067963,1.1969467
TDR53_TACATTCTCTGGCCAG-1,120.0,macrophage,-0.09892266929689714,0.014366822542199759,0.977596864056804,1.0812159
TDR73_CTGGTCTTCAGTGTCA-1,240.0,hematopoietic_stem_and_progenitor_HSPC,-0.0760189484786914,-0.0336800420149897,,
TDR74_GATCAGTTCGCGTTTC-1,240.0,erythroblast,-0.10087236712749739,-0.015337758978015953,,
TDR50_AGAAATGGTTTCCCAC-1,48.0,macrophage_immature,0.10869148376476606,0.02067754067724517,1.0177586307769921,1.5990424
TDR41_ACAAGCTAGGTAGACC-1,16.0,macrophage,-0.04098765025921172,-0.00947529375073225,0.9937173476126543,374.319
TDR71_TATCCTACATTCTGTT-1,240.0,erythroblast,-0.03729568420404272,0.06993725961469159,,
TDR74_GGGCTCACACCACATA-1,240.0,erythroblast,-0.09721732731152297,-0.004353497147368157,,
TDR51_GCGGATCTCATGAGAA-1,120.0,neutrophil,-0.011232915355769896,-0.014393112189783827,1.0006322391457705,0.42024824
TDR51_GGTGAAGCACATACTG-1,120.0,hematopoietic_stem_and_progenitor_HSPC,0.11274943964913878,-0.04555291318151175,1.0321669947287775,1.1297991
TDR74_TCCTAATCATCCGTGG-1,240.0,erythroblast,-0.048613002733708985,0.03596075849384629,,
TDR43_AAGTTCGAGCACAAAT-1,24.0,erythroblast,0.19868993955883926,-0.039677094018273754,1.0488280591819108,0.3265854
TDR51_ATGAGGGTCGATACGT-1,120.0,microglia,-0.1431142624619151,0.040142220831403674,0.964012231032854,1.030562
TDR43_TCCACCATCGTAGTGT-1,24.0,erythroblast,0.1979273816489842,-0.05689371585589996,1.0522852413185557,0.08265883
TDR43_CATTGTTAGGACATCG-1,24.0,erythroblast,0.4475271037807579,-0.03777534860599702,1.101927027696933,0.1109149
TDR74_GTGTGGCGTATACCTG-1,240.0,erythroblast,0.5132314663988697,0.05136473666450636,,
TDR54_GAGAAATGTGGATGAC-1,120.0,erythroblast,-0.043744635742846455,0.03086285301900589,0.9851892761399945,0.95126545
TDR47_TCGGGACAGCCTAACT-1,48.0,erythroblast,0.1846093646450863,0.03701032698954296,1.0299598362313436,1.6295174
TDR54_CACATGATCACGTCCT-1,120.0,non_specific_hematopoietic,0.022443405925043958,-0.051474001224618156,1.0148932975791922,1.1503174
TDR48_TCATCATAGTGACACG-1,48.0,erythroblast,-0.02616762463150628,0.047655733183258275,0.9853437917357559,0.7976957
TDR74_CCGATGGGTGAGTTGG-1,240.0,erythroblast,-0.09990242021677234,-0.00527954651857665,,
TDR44_GACCCTTTCAAACCTG-1,24.0,erythroblast,0.31377926428055564,-0.06618999155119294,1.0789559398162973,3.1021576
TDR52_TCAAGTGTCCCGAGGT-1,120.0,macrophage_immature,0.10616359390779476,0.020953688260629738,1.017188024130998,1.1089538
TDR47_CACATGAGTTGGCCGT-1,48.0,erythroblast,0.2043535187314741,-0.05061499095385393,1.0523162657082652,1.6518458
TDR68_CGGAGAATCGCTGTTC-1,72.0,erythroblast,-0.06544042174150103,0.035327124710820154,0.980048215252552,0.6038727
TDR54_CATCCACGTCCTACAA-1,120.0,microglia,-0.1950070928143747,0.046625672267191,0.9528225891784563,1.0260677
TDR52_GACAGCCAGACTCGAG-1,120.0,erythroblast,0.17599138561783442,-0.027849467672203664,1.0416106016523234,1.0583355
TDR71_GAAGCGACAGAGTTCT-1,240.0,innate-lymphoid-cell,-0.03181498553083195,-0.020186934878092838,,
TDR44_TATTGCTGTAGGGAGG-1,24.0,erythroblast,0.28015262669213414,-0.05590260406367188,1.0695211726848641,0.13628942
TDR45_AACCTTTTCTTGTTAC-1,24.0,erythroblast,0.20025109562635743,-0.01791791959405266,1.0445997555887205,0.13991584
TDR47_TGATTCTGTTAGGAGC-1,48.0,macrophage_immature,0.20521492341223402,-0.028100543807926065,1.0477689493807454,1.6503264
TDR41_ATGACCAGTGAATATG-1,16.0,hematopoietic_stem_and_progenitor_HSPC,0.24899439579125474,-0.08952481850333836,1.0700483590848324,0.3338909
TDR73_TTCACGCCAGGCTATT-1,240.0,non_specific_hematopoietic,-0.10045271101819772,0.009688926267803072,,
TDR71_GATCGTAAGCGTGTCC-1,240.0,hematopoietic_stem_and_progenitor_HSPC,-0.0791902983742503,-0.020700626711146648,,
TDR53_TCGATTTCAGAGTTCT-1,120.0,macrophage,-0.10202347386060295,-0.03602859465844261,0.9868877486636629,1.0959176
TDR48_TCTGTCGCAAGGTCGA-1,48.0,non_specific_hematopoietic,0.24877556616432156,-0.00996446967828804,1.053110332819473,1.6376724
TDR46_AAGGAATGTGTCCATA-1,24.0,non_specific_hematopoietic,0.10575599427716864,-0.04425797120768475,1.0304574121169736,0.77337575
TDR70_TGTTGAGCATGTTACG-1,72.0,non_specific_hematopoietic,-0.07414265706724393,0.014705434385577129,0.9823873303623362,1.3369604
TDR43_AAAGTGACAGCCCAGT-1,24.0,erythroblast,0.3007543654668899,-0.0016340798609882495,1.0623438954209306,0.11842407
TDR51_CCGGTAGAGGTTGGAC-1,120.0,hematopoietic_stem_and_progenitor_HSPC,0.14565311128150435,-0.007299792555411272,1.0310632803221877,1.1266818
TDR74_GCGATCGCAAAGGTTA-1,240.0,hematopoietic_stem_and_progenitor_HSPC,-0.09750343508083328,0.007731490025133833,,
TDR51_CACTGTCAGCAAACAT-1,120.0,macrophage,-0.12763999220445615,0.032451064498336235,0.9684889444366013,1.029073
TDR46_CCGGTAGTCCGAAATC-1,24.0,hematopoietic_stem_and_progenitor_HSPC,-0.017553229448720398,-0.002075931172312029,0.996909326340398,3.0987737
TDR74_CCCGGAATCCTACGGG-1,240.0,erythroblast,-0.0608983025882707,-0.016497144888500598,,
TDR71_AACGTCATCTGGCTGG-1,240.0,erythroblast,-0.0336542751326229,0.021454706284159054,,
TDR74_GCTCAAAGTCCCTGTT-1,240.0,erythroblast,-0.07990835755000528,0.055278487571515655,,
TDR43_GTGTTAGGTGCATTTG-1,24.0,erythroblast,0.22382875100160257,-0.08146075071727979,1.0629604581814183,0.10437601
TDR53_AACCATGCACTGTCCT-1,120.0,erythroblast,-0.12033617234032393,0.05120298008859894,0.9662740102529582,1.0398357
TDR70_GATGCTAGTCTACTGA-1,72.0,erythroblast,0.2603027176070999,-0.08851004689851885,1.0722535475302726,1.4857032
TDR74_AGGTTACTCTCGAGTA-1,240.0,hematopoietic_stem_and_progenitor_HSPC,-0.08701173651073627,0.026733282363613123,,
TDR42_GTAGTACCAAGTGGGT-1,16.0,macrophage_immature,0.2604354940767069,-0.030952690240201697,1.060009252504151,50.0884
TDR45_TAAGTCGGTTCTGACA-1,24.0,erythroblast,0.26719055278742043,-0.05358356400580415,1.0662574675452294,0.0596878
TDR69_AACGTCACACCCTTGT-1,72.0,erythroblast,-0.05569234101189016,0.04368306486055022,0.9803211262219711,0.52404326
TDR44_GTAATCGTCCTCCACA-1,24.0,erythroblast,0.42633247956481307,-0.034609019084445136,1.0965712867186412,0.12071994
TDR40_GAGGGTACAGCGTAGA-1,16.0,erythroblast,0.18277075351812902,-0.0925881849842819,1.0566164640191795,0.009236471
TDR43_TGATTCTGTGACATCT-1,24.0,erythroblast,0.3856202898674534,-0.07835607866542159,1.0972370789921528,0.22957872
TDR69_GCGGATCCACGGCACT-1,72.0,erythroblast,-0.04296462380957323,-0.005360577161505349,0.9925074011905898,0.40753657
TDR43_AATTCCTGTAACAAGT-1,24.0,erythroblast,0.2552956330516515,-0.04291018240565711,1.0614555887565698,1.2343551
TDR52_TCCATGCAGACAGCTG-1,120.0,erythroblast,-0.046711971306125165,0.01916428298254009,0.9869111628361751,1.2750701
TDR46_GCTTTCGTCACATCAG-1,24.0,hematopoietic_stem_and_progenitor_HSPC,0.23516027576688492,0.00890383461887198,1.0462907474266345,3.4206934
TDR46_ATGATCGTCGCTACAA-1,24.0,erythroblast,0.3579628537885712,-0.05370963099690067,1.0858189522266248,3.2579608
TDR51_TTGTGTTTCGGTGTTA-1,120.0,non_specific_hematopoietic,-0.08067184354106609,-0.06478620304961519,0.9968279136323649,1.1023889
TDR44_TGTTCCGCACGGTGTC-1,24.0,erythroblast,0.18330356354471664,-0.03733272534573648,1.0451153454829352,0.14781018
TDR53_GACACGCTCGCGAAGA-1,120.0,non_specific_hematopoietic,-0.02119387330084105,-0.03772409891352753,1.0033115161171704,1.1185514
TDR51_CAACCAAGTGCATTTG-1,120.0,erythroblast,0.23115766844079289,0.03634080014047096,1.0397324013603804,1.0608194
TDR71_TCATCCGCAACTACGT-1,240.0,macrophage,-0.06077175980614449,-0.09213999267297603,,
TDR53_GTAGGTTTCCAAGCCG-1,120.0,non_specific_hematopoietic,-0.07478904588065764,0.010470259528741102,0.9830926990618761,1.0922029
TDR71_TCCGAAAGTTATGTCG-1,240.0,erythroblast,-0.027037465073640854,0.0026677359961337216,,
TDR52_ACATCGAGTCATGGCC-1,120.0,macrophage,-0.1494963777301995,-0.0004934385394896323,0.9706390714865866,0.95236313
TDR72_ATTCAGGGTTAATCGC-1,240.0,non_specific_hematopoietic,0.17278706043332395,-0.021303713097728466,,
TDR52_ATACTTCCAATAGTAG-1,120.0,neutrophil,0.19486732299051604,-0.03804602318403866,1.0476846867800718,0.38189653
TDR71_TGCGGGTCATCCGGTG-1,240.0,neutrophil,-0.10696222891071204,0.032043929005334676,,
TDR74_CTCCATGAGCCTGAAG-1,240.0,macrophage_immature,0.3401587476522587,-0.019262448473125138,,
TDR53_TTCTAGTAGAATTGTG-1,120.0,neutrophil,-0.0713257848262695,-0.027380202831405506,0.9912493949749926,0.98726696
TDR53_TTCCAATGTCGTTCAA-1,120.0,erythroblast,0.06992328990188343,-0.10808273642791322,1.036242516020816,1.1286414
TDR67_TCCTAATAGGTCACAG-1,72.0,erythroblast,-0.04705043902672025,-0.011244706549570258,0.9928644334172128,0.16805659
TDR43_TTACGCCTCATCACCC-1,24.0,erythroblast,0.281068886381274,-0.018237593477282932,1.0616892757527319,0.18664226
TDR73_ACAGCCGGTCACTGAT-1,240.0,hematopoietic_stem_and_progenitor_HSPC,-0.08682750189306651,0.026990535242609998,,
TDR45_CCGCAAGCATCGCCTT-1,24.0,erythroblast,0.36126088983915616,-0.05942465884034119,1.0877780285428913,0.29602364
TDR68_ACTTTCAAGTTCCGTA-1,72.0,erythroblast,-0.04782645131940899,0.023573679496572658,0.985821449809644,0.76700824
TDR73_TTGCCTGGTGGCTGAA-1,240.0,neutrophil,-0.09788333866346632,0.004003455801414535,,
TDR71_CTCAGTCCACGCCACA-1,240.0,hematopoietic_stem_and_progenitor_HSPC,-0.1661908928957752,0.03642196598964165,,
TDR67_TCCTCCCCAGCTATTG-1,72.0,erythroblast,-0.05545805294389138,0.0394149988617746,0.9812042743487303,0.024245437
TDR48_CTACCTGTCCGTGCGA-1,48.0,erythroblast,-0.06494576266810731,0.123634901471632,0.9629862622828782,0.95037085
TDR69_GATGATCTCTAGTTCT-1,72.0,microglia,-0.11050388059658375,0.0022182994418674107,0.9777077907971407,1.345706
TDR53_GAAGTAAAGAACGTGC-1,120.0,hematopoietic_stem_and_progenitor_HSPC,0.17198163104788147,-0.06473790492284574,1.0484825277678522,1.1566739
TDR71_CTCCATGGTCCAGCCA-1,240.0,hematopoietic_stem_and_progenitor_HSPC,-0.13842204774945188,0.040130651067548456,,
TDR53_CACTGTCCAACCGCTG-1,120.0,erythroblast,0.15803825513737865,-0.008787068383897173,1.033927920943425,1.1323805
TDR52_TTACCATAGTGGCGAT-1,120.0,macrophage,-0.0767220300586554,-0.0028088708366684756,0.9853260948428578,1.0022789
TDR43_GGATGTTCAAATGAGT-1,24.0,erythroblast,0.41239704421105716,-0.058390937821556646,1.098732888628457,0.14757566
TDR73_ATACCTTAGTCTCCTC-1,240.0,erythroblast,0.12094303481905636,-0.08839429346259664,,
TDR74_TTAGTCTCAGTTAGAA-1,240.0,erythroblast,-0.06164329388892234,-0.004708714467251872,,
TDR53_GAAGAATAGCACTAAA-1,120.0,erythroblast,0.004667958042077841,-0.0744096152384436,1.0159412418469518,0.9897185
TDR69_CAATGACTCTCTCTTC-1,72.0,erythroblast,-0.04690499551176266,0.007492838210465758,0.9891794016977178,0.43997088
TDR71_TACGCTCTCAACGTGT-1,240.0,neutrophil,-0.07523182395889462,0.04401384062877087,,
TDR41_GTGTGATCAGGGCTTC-1,16.0,erythroblast,0.4287881430895636,-0.028453016946601156,1.0957600499258988,0.008203653
TDR51_CACTGGGCATATCTGG-1,120.0,neutrophil,-0.05564822727760094,8.768927839836183e-05,0.988914716321007,1.0049677
TDR46_GTGCGTGTCAAGTGTC-1,24.0,macrophage,-0.018299253914934005,-0.004479872559707637,0.997239939718525,3.0965433
TDR54_GGTGAAGCACAAATCC-1,120.0,non_specific_hematopoietic,-0.057326427038313005,-0.03715120331932638,0.9959730851107933,1.1010302
TDR71_GAACTGTAGTCTCGTA-1,240.0,neutrophil,-0.09331460259244324,0.01185998722103035,,
TDR69_TCAGCAACACATTCTT-1,72.0,erythroblast,-0.10163262083922504,0.09204411340284527,0.9620052731866843,0.64550793
TDR51_TTCTGTACACGACAGA-1,120.0,erythroblast,0.13380720728000328,-0.03209668042771098,1.0337373988563519,0.9954241
TDR48_AACACACCATCCGTGG-1,48.0,erythroblast,0.08684051665171322,-0.016675162302571087,1.0209189323556689,0.69493395
TDR53_CGTCAAATCAGTGGGA-1,120.0,macrophage,0.05570566785204542,-0.03656651816314353,1.0186257726729808,1.1184438
TDR52_TCCTCCCGTGGAACAC-1,120.0,erythroblast,0.36597204052094257,0.07079623325243473,1.0608125397954147,0.97270685
TDR40_CATCGCTGTCTCAAGT-1,16.0,hematopoietic_stem_and_progenitor_HSPC,-0.04647867920910301,-0.06771681171812424,1.0042566604536767,0.11200935
TDR68_TACCCGTCAGACCAGA-1,72.0,erythroblast,-0.04767377151789315,0.054562670533143884,0.9797603398385326,0.6000059
TDR41_GGATCTACATCCTGTC-1,16.0,hematopoietic_stem_and_progenitor_HSPC,0.28863751198345927,-0.006390513493307048,1.060781186503196,0.017474543
TDR51_CCCTAACGTCAACGCC-1,120.0,erythroblast,0.12574900334249556,0.027845273271275034,1.0197737061985335,1.1517855
TDR71_ATCGGATTCGCCATAA-1,240.0,hematopoietic_stem_and_progenitor_HSPC,-0.07233835300866961,0.0802724422847975,,
TDR71_AGTCTCCCACTACAGT-1,240.0,hematopoietic_stem_and_progenitor_HSPC,-0.06995611058417739,-0.04342196106718742,,
TDR74_GAGATGGCACATACTG-1,240.0,hematopoietic_stem_and_progenitor_HSPC,-0.017601316550206844,0.0192688452064895,,
TDR44_CTCTCGATCATTCCTA-1,24.0,erythroblast,0.20124024611253005,-0.07875341532119039,1.057596343006858,0.06149704
TDR38_TAGAGTCCAGCAGTCC-1,12.0,non_specific_hematopoietic,0.4110511587101392,-0.07187264719383088,1.1014029334005808,0.00012911069
TDR69_GTAATGCCACAGCGCT-1,72.0,non_specific_hematopoietic,-0.0885667021986559,-0.09814231189680689,1.0019169569568924,1.273448
TDR73_GGGATGAAGGACACTG-1,240.0,non_specific_hematopoietic,-0.04704925613594532,-0.014515566813069133,,
TDR46_AGGTAGGGTCCACACG-1,24.0,erythroblast,0.3363204297105632,-0.0792123691983205,1.0866575963753016,0.042600274
TDR53_ATGGGAGCAATCGCAT-1,120.0,neutrophil,-0.08046497573323026,-0.08408632716119002,1.0007245326326482,1.084989
TDR71_TAGGTACAGCCAGTAG-1,240.0,innate-lymphoid-cell,0.009146336146763412,0.04538811347334856,,
TDR74_TTACTGTAGATGTTGA-1,240.0,non_specific_hematopoietic,0.23113648970048506,-0.0501246110636639,,
TDR50_AGTAACCTCAGAATAG-1,48.0,non_specific_hematopoietic,0.09985916405393366,-0.0711911535365442,1.0348019580383658,1.5306199
TDR54_TTCAGGAGTCCGAAAG-1,120.0,non_specific_hematopoietic,0.1390715835686017,-0.11903689820089458,1.0529773219959766,1.1348312
TDR74_CTGAATGGTCAGATTC-1,240.0,erythroblast,0.08643519701423594,-0.001669693812208023,,
TDR71_TCATGCCGTCATCAGT-1,240.0,erythroblast,0.0472650012782435,-0.022071669707039776,,
TDR74_CATACCCCATCGAACT-1,240.0,macrophage_immature,-0.12111311668556321,0.03386190688808438,,
TDR71_TGGGAGAGTGATATAG-1,240.0,innate-lymphoid-cell,-0.02276398309605049,-0.041409365284910016,,
TDR47_CCTTGTGAGCGTGCCT-1,48.0,neutrophil,0.2602500986129028,-0.055893480809734386,1.0652704556452954,0.0015556416
TDR74_GTGCTTCCAGAAGTGC-1,240.0,hematopoietic_stem_and_progenitor_HSPC,-0.09438572812452697,-0.02272749817377767,,
TDR44_AGGATCTGTGGTCTCG-1,24.0,erythroblast,0.18911508457587592,-0.07960210099888308,1.055213838715837,0.16568784
TDR49_GTAGAAACAGTCCGTG-1,48.0,macrophage_immature,0.3355637973412535,-0.06873974957519877,1.084219864394762,1.540593
TDR73_GGTGATTTCGGTGTAT-1,240.0,microglia,-0.10454543525367796,0.024853500575067133,,
TDR53_GTCAAACTCTATCGTT-1,120.0,non_specific_hematopoietic,-0.03237321786345465,-0.046110012713005896,1.002751136419109,1.1215078
TDR52_GATTCTTTCATCTATC-1,120.0,erythroblast,0.26322380185058314,-0.07086259056276617,1.0691001127316324,1.1186616
TDR51_TATCAGGTCAAATGAG-1,120.0,hematopoietic_stem_and_progenitor_HSPC,0.18351024409261585,-0.005317536849074628,1.038487737313099,1.1426938
TDR53_GGGATCCCACTCCGGA-1,120.0,hematopoietic_stem_and_progenitor_HSPC,0.1352527786087204,-0.033530662217193946,1.0343329106707377,1.1254244
TDR44_AGTCAACCAAATCAGA-1,24.0,erythroblast,0.3321071529884846,-0.02821468974209189,1.0747245202922489,0.32238588
TDR74_CTTCCTTAGAAGAGCA-1,240.0,erythroblast,-0.062415102531575783,-0.018703433498540235,,
TDR47_CAGATACCACCAAAGG-1,48.0,neutrophil,-0.06829679175473051,-0.031066314929669353,0.9925815581236737,0.00021754586
TDR51_CCGGTGACACGAAAGC-1,120.0,erythroblast,-0.06524030618500293,-0.03496115366361888,0.9939624690789125,1.2263341
TDR44_TGAACGTTCTGTCAGA-1,24.0,erythroblast,0.27849393366204533,-0.0541005045639464,1.0687811506437026,0.1730695
TDR67_TGAGGGAAGCTTGTTG-1,72.0,microglia,-0.13575961127868616,0.019592659868863854,0.9694072718275802,1.3404727
TDR74_TCTTGCGGTTATGTCG-1,240.0,neutrophil,-0.1207907959655091,0.004955242861360232,,
TDR41_TTAGTCTCACCGTCTT-1,16.0,macrophage,-0.04526038521949971,-0.05258085698257259,1.0014651666620074,3.6866834
TDR45_ATCCGTCAGCATTTGC-1,24.0,erythroblast,0.3127606878948046,-0.03150351202366368,1.0712785481793166,0.5726743
TDR69_CTCCAACTCCTCTAAT-1,72.0,macrophage,-0.13976366546127822,0.025839699639214397,0.9674218108333388,1.523604
TDR53_TAACTTCAGCGTTAGG-1,120.0,hematopoietic_stem_and_progenitor_HSPC,0.1903904135479549,-0.05903972698934476,1.0511512878471294,1.1496878
TDR74_CTACGGGGTACGAAAT-1,240.0,erythroblast,0.054594265474665477,0.05004751893441266,,
TDR44_CATCCACAGCTATCTG-1,24.0,erythroblast,0.19062867878902295,-0.038291274381464555,1.0468482575038849,0.15747626
TDR40_GTTACGATCGCGTTTC-1,16.0,hematopoietic_stem_and_progenitor_HSPC,-0.017434127422249646,-0.04777217691967195,1.006086055131717,0.23851997
TDR54_TGTGGCGTCTTTGATC-1,120.0,macrophage,-0.10176009650126527,0.027432219801701574,0.9744924932351062,1.0500686
TDR69_GGTGATTGTTCTCACC-1,72.0,erythroblast,-0.022089658023443703,0.09829746083552902,0.9762101249619786,0.37999573
TDR44_ATAGAGATCGTGACTA-1,24.0,non_specific_hematopoietic,0.25235958183940166,-0.05252829400429595,1.0628750791256472,0.10253139
TDR70_TAACCAGGTAAGGCCA-1,72.0,macrophage,-0.1537203529516764,-0.007122525846324668,0.971106082951344,1.444389
TDR51_GGCGTCAGTGGCTTAT-1,120.0,non_specific_hematopoietic,0.0015707951095813577,-0.01920995325793902,1.0041647984412652,1.1327423
TDR44_CGAGAAGGTTCCACAA-1,24.0,erythroblast,0.2838761011391723,-0.029237426997382868,1.0646250863924092,0.12842974
TDR47_TGCGATATCATCAGTG-1,48.0,erythroblast,0.08446560703951982,-0.020629196287289264,1.0212414148706792,0.1665054
TDR73_TGCAGGCCAAACCACT-1,240.0,hematopoietic_stem_and_progenitor_HSPC,0.13720926343992493,-0.03326555758602698,,
TDR43_CAGGGCTAGTTCCAGT-1,24.0,erythroblast,0.308863565221742,0.009156287772260033,1.0617743836645974,0.16007718
TDR52_ACTGTCCGTCGTTCAA-1,120.0,erythroblast,0.31281913491097035,0.012505224553475247,1.0619032129360502,1.1202965
TDR67_TCGGATAGTTCAAGTC-1,72.0,non_specific_hematopoietic,-0.03420995697939305,-0.02759949532619932,0.9986787812484001,1.3325441
TDR68_CTCAACCTCCTACGGG-1,72.0,erythroblast,-0.03968697524562561,0.0982617183967873,0.9727873819336507,0.8953836
TDR74_GCTACAATCCACTTCG-1,240.0,erythroblast,-0.023660519790943586,-0.003614704038145976,,
TDR70_AGGCTGCTCTTGGCTC-1,72.0,erythroblast,-0.059382764971828525,-0.06293885028304685,1.0007114700370683,1.546488
TDR53_CGAATTGTCTGAGGCC-1,120.0,macrophage,-0.09814029136144381,-0.00964664337907628,0.982456972985685,1.0582066
TDR29_TTTACTGGTTCCGTTC-1,19.0,erythroblast,0.34768168116801734,-0.04653822319903045,1.0820354906679996,0.47931597
TDR71_TAACTTCTCAGACTGT-1,240.0,innate-lymphoid-cell,-0.08497894565471226,-0.008784962161151683,,
TDR54_GTGCGTGCAGCAGTGA-1,120.0,neutrophil,0.062358776333016286,-0.049534969859653055,1.0226310318555993,1.0378133
TDR69_CATAGACGTATTGGCT-1,72.0,non_specific_hematopoietic,-0.09897273225271337,0.051888473047982345,0.9702783973752716,1.1873933
TDR51_TAACCAGCATTGAAAG-1,120.0,hematopoietic_stem_and_progenitor_HSPC,-0.11093310736175765,-0.0811735074237285,0.9940657575989149,1.0930642
TDR39_CATCCACGTCATTGCA-1,16.0,macrophage,-0.0913478755711912,0.016901643827789498,0.9785827731192547,0.16250207
TDR44_CCTCATGTCTTCTGTA-1,24.0,macrophage,-0.008972122224741919,-0.04702415622438849,1.0076394395493713,3.1544883
TDR51_TCGTAGACATCCTCAC-1,120.0,non_specific_hematopoietic,-0.031674796583014975,0.0011523276711431635,0.9934560804613292,1.0938715
TDR40_ATGGATCGTAACAAGT-1,16.0,erythroblast,0.2523833969642782,-0.04579858964192117,1.061450530115187,0.19722024
TDR50_GGTGTTATCCTAGCCT-1,48.0,non_specific_hematopoietic,0.0635888658784271,-0.012083121032018668,1.0152495023223578,1.5935248
TDR53_CCTCTAGCATGGGCAA-1,120.0,macrophage,-0.04205772218985529,-0.030062863088332364,0.997603903412932,1.0828773
TDR48_TCAATTCCACCTGATA-1,48.0,macrophage,-0.05592205113061066,-0.007039563603383259,0.9902711370867471,1.5310215
TDR53_TGCTTCGGTTACGATC-1,120.0,erythroblast,0.08110895724983283,-0.009532792428713355,1.0182936659291726,1.0856658
TDR41_TGTAAGCCAGAAGTTA-1,16.0,erythroblast,0.2639357982169968,-0.029439186320404695,1.0604305415236404,0.56440604
TDR74_TACAACGGTACTCCCT-1,240.0,neutrophil,-0.10405669437568035,0.03462565130785594,,
TDR72_TCTTCCTAGCGACCCT-1,240.0,erythroblast,-0.0684612436333166,0.02522038863156985,,
TDR53_CTGGACGCAAGGCGTA-1,120.0,microglia,-0.0885693588536301,-0.04285111864983748,0.9908980279886107,1.0406955
TDR67_GCCCAGAAGGCCACCT-1,72.0,erythroblast,-0.06863661096439394,0.02703939345467813,0.9810467148930718,0.19001263
TDR74_GGTCTGGAGATGGCGT-1,240.0,hematopoietic_stem_and_progenitor_HSPC,0.07875179322395157,0.05670900032588119,,
TDR51_GCACGGTTCCACTTTA-1,120.0,erythroblast,0.213301785235371,-0.04516315671364851,1.0530523935689942,1.1052792
TDR50_TATCCTAGTAACTGCT-1,48.0,erythroblast,0.27820722345720256,0.03685100323016198,1.0494552752163246,0.26273045
TDR74_GTAGTACGTTCAAACC-1,240.0,non_specific_hematopoietic,0.22246882106059543,0.017933317620589154,,
TDR48_GAAGGACTCACCTCAC-1,48.0,erythroblast,0.013082177445496446,0.0783465732762843,0.9870319402143214,1.2587409
TDR43_CAAGGGAAGCATGATA-1,24.0,macrophage_immature,0.2851191663181297,-0.03573822527244022,1.066275226168019,3.41778
TDR53_CGTGAATTCTGAGATC-1,120.0,neutrophil,-0.10519358460466963,0.021999844926310935,0.974882151148947,0.9882941
TDR69_GCCGTGAGTCCGGACT-1,72.0,macrophage,-0.1382901794215905,0.018508355718623942,0.9691269086111632,1.4909837
TDR74_TAAGCACTCACCCTTG-1,240.0,erythroblast,-0.07972341588588264,0.023424198726013146,,
TDR46_CGGAGAAGTAGTGATA-1,24.0,neutrophil,0.07844158140983751,-0.04940106724131446,1.0258982083889892,1.7298833
TDR51_TCCGTGTCAAGATGGC-1,120.0,neutrophil,-0.08266910656307024,0.05500719000815832,0.9728403802640413,1.0643877
TDR70_TAATTCCTCGTAACCA-1,72.0,erythroblast,0.2557018089551836,-0.03761876038947032,1.060419000879976,1.410659
TDR74_AAGATAGTCTTCGATT-1,240.0,neutrophil,-0.019784348654981437,0.0002543962072187045,,
TDR51_TGTACAGTCTATACTC-1,120.0,hematopoietic_stem_and_progenitor_HSPC,-0.0020663813540810066,0.013928435146968593,0.9968061479312216,1.0879459
TDR54_TCTCACGCATAATCCG-1,120.0,erythroblast,0.20023665919983252,-0.08007549714862948,1.0576637129639535,1.0728339
TDR67_CGGCAGTCACAAGCCC-1,72.0,microglia,-0.17759807925705096,0.06282205422975273,0.9530537017579332,1.4233224
TDR71_CTAGACACAGATTCGT-1,240.0,erythroblast,-0.04384374870416491,-0.030111960038918674,,
TDR71_GTCAGCGTCTGTTGGA-1,240.0,hematopoietic_stem_and_progenitor_HSPC,-0.10460954220832279,-0.01901315836514829,,
TDR45_AGGTTACGTCGTACTA-1,24.0,erythroblast,0.20599518925416946,-0.07932378096536995,1.0587233484849927,0.09741708
TDR74_ATTCCCGGTCCATACA-1,240.0,neutrophil,-0.10033526688107455,0.09033873461294864,,
TDR74_TGCATCCCATGGAAGC-1,240.0,macrophage_immature,0.350049609891569,0.041392329938297806,,
TDR48_TCCTTTCCATTGCCTC-1,48.0,neutrophil,-0.02716614377735345,-0.09809868424027055,1.014287614146701,0.00050736836
TDR74_TCGACCTGTACAATAG-1,240.0,macrophage_immature,0.3694942208873483,0.026163743121996402,,
TDR74_TCGCACTGTGAGGCAT-1,240.0,erythroblast,-0.14644811441610148,0.003619346577700147,,
TDR28_GCGGAAAGTCGCTTAA-1,19.0,non_specific_hematopoietic,0.04329194634641462,-0.04570136387631002,1.0179580021730448,0.001515563
TDR43_TAAGCACTCCTCAGGG-1,24.0,erythroblast,0.37028819345798203,-0.04022509413128954,1.0855672457484962,0.4046175
TDR44_TGGGCTGGTATCAAGA-1,24.0,macrophage_immature,0.198521092100274,-0.05992582448374757,1.0530485972450858,0.1298012
TDR52_TGTCCACTCATACGAC-1,120.0,erythroblast,0.19325271291679466,-0.034377416614812986,1.0465782424067982,1.1257634
TDR74_CGGCAGTGTACGATTC-1,240.0,hematopoietic_stem_and_progenitor_HSPC,-0.06943022358594475,0.013823632072903283,,
TDR53_TCTCTGGGTGCAATGG-1,120.0,macrophage,0.08743087286109844,0.03645518116584978,1.0102472858282163,1.1035979
TDR46_TCCCAGTGTCCAGCGT-1,24.0,erythroblast,0.39584323551375805,-0.058589427111549394,1.0951447349005154,0.0512886
TDR51_ACCTACCAGAATTCAG-1,120.0,microglia,-0.0494123256985613,0.032014032876817894,0.9838466164071491,1.0532441
TDR74_ACGTAGTAGAATAGTC-1,240.0,erythroblast,-0.044771242481861956,0.031995811900078955,,
TDR51_TGTTCTAGTTTGCCGG-1,120.0,macrophage,0.0006710726883408236,0.04690919969264884,0.9907950023837871,1.0405817
TDR54_TCTAACTGTACCTTCC-1,120.0,erythroblast,0.2903675815515351,-0.03195752831344892,1.0665882704388512,1.1438941
TDR52_AGATGAAGTAGTCACT-1,120.0,macrophage,-0.09782228694156067,0.10716986592201157,0.959830636331007,1.0161747
TDR51_GGGACAAGTGAATTAG-1,120.0,hematopoietic_stem_and_progenitor_HSPC,0.1833534340741709,-0.006734560589219563,1.038749513600396,1.1597571
TDR71_CCTCAGTCAGACTCTA-1,240.0,erythroblast,-0.060088016165458835,-0.016113293823604616,,
TDR44_TCAGTCCTCTCTGCTG-1,24.0,erythroblast,0.3141607072373128,-0.07314242621742777,1.0805396871979447,0.17624904
TDR51_CCACTTGAGAAGCGCT-1,120.0,macrophage_immature,0.19241016226879362,-0.029906183177274337,1.0454665750656973,1.13829
TDR53_CTTGAGAAGAGAGTGA-1,120.0,non_specific_hematopoietic,-0.07712021443984952,0.008085778369995703,0.9831031813632377,1.090019
TDR44_ACGATCAAGTTTGGCT-1,24.0,erythroblast,0.3852191499232418,-0.064879603943899,1.094195894706995,0.06916257
TDR44_CGTCCATCAATCTAGC-1,24.0,macrophage_immature,0.19369303635464297,-0.015706046959820197,1.0427691477435563,0.38575968
TDR48_TGAGACTCACTACTTT-1,48.0,erythroblast,-0.031058546838122383,-0.029605246780383218,0.9997093822259809,0.8356535
TDR47_GGGTTTAGTACTGCCG-1,48.0,neutrophil,0.31663984140955415,0.09807137629068222,1.0446832119756013,0.13730167
TDR72_TCATCCGGTCTAGGCC-1,240.0,hematopoietic_stem_and_progenitor_HSPC,-0.1189380848731796,-0.03914966253074856,,
TDR52_AATGAAGAGTCTGTAC-1,120.0,erythroblast,0.2032537280513483,0.016328190451850827,1.0380927211826934,1.1194229
TDR43_CGTGAATGTCAGCTTA-1,24.0,macrophage,-0.05685883244958853,-0.05505778478539508,0.9996398553348262,3.149473
TDR73_GTTTACTAGGACTGGT-1,240.0,erythroblast,0.003293597521247804,-0.03530111555380009,,
TDR54_TGGCGTGCACTACCCT-1,120.0,erythroblast,-0.12873282200894376,-0.04642963204662838,0.983674098015906,1.0778776
TDR69_TCTACCGCAGGGCTTC-1,72.0,erythroblast,-0.06937871042740282,0.047600772773713995,0.9768756654144315,1.1357083
TDR44_CCTTGTGAGCCACCGT-1,24.0,non_specific_hematopoietic,0.3699236041529228,-0.04907023650756525,1.0874100502348294,0.06368602
TDR27_CGTGCTTAGACCAAGC-1,19.0,erythroblast,0.3373897929767986,-0.03169856887956618,1.076610491762029,0.2772279
TDR67_CTAACCCCACTAACGT-1,72.0,hematopoietic_stem_and_progenitor_HSPC,-0.05708125948974892,-0.07934366444138768,1.0044624080116353,1.5156037
TDR51_GGGCCATTCCATTCGC-1,120.0,macrophage,-0.057097579988413805,-0.03703494002853615,0.9959955114420551,1.1054906
TDR46_ATCTTCATCCGCGATG-1,24.0,erythroblast,0.2699482747348766,-0.07628643173590438,1.0717008236632197,0.081321076
TDR41_CAAAGAAGTACTTCCC-1,16.0,erythroblast,0.29501175932831825,-0.07332391247465224,1.07644843315862,0.04568918
TDR68_AGATGAACAGTCTTCC-1,72.0,non_specific_hematopoietic,0.12481241382476058,-0.05229610713399743,1.036056526069248,1.2238302
TDR67_TTGTGTTAGACTGTTC-1,72.0,macrophage,-0.17323703821026706,-0.01063092677617547,0.9680019063992192,1.4808124
TDR51_CTGTCGTGTTGACTAC-1,120.0,macrophage,-0.07512124329834102,-0.07803915321858929,1.0005837523011454,1.084776
TDR46_ACCTACCTCTCCAATT-1,24.0,erythroblast,0.2692179314911377,-0.013287757841797199,1.058127818807831,0.16036336
TDR70_TTCACGCGTTCAATCG-1,72.0,macrophage,-0.11098528594117599,-0.0058390135670373655,0.9791903184519254,1.5296642
TDR47_TCATTTGCAACGCCCA-1,48.0,macrophage_immature,0.41095091564383657,0.06945775851599323,1.0706850009294548,1.6715206
TDR51_CGAGGAAGTCGCAACC-1,120.0,macrophage,-0.10891096537251542,-0.041992578593493146,0.9867054858336108,1.0948349
TDR51_TAAGCACTCTAGACAC-1,120.0,macrophage_immature,0.28744641449815944,-0.049732251763663735,1.0697615072958628,1.153479
TDR37_GCATCTCAGAGGACTC-1,12.0,non_specific_hematopoietic,0.29238190718048307,-0.043017349253402115,1.069380866203605,3.3419503e-05
TDR70_TCGGGCACAATGGCCC-1,72.0,non_specific_hematopoietic,-0.067788424877066,-0.015802365762216067,0.9896566523431946,1.4850601
TDR52_AGTGTTGTCCCACAGG-1,120.0,macrophage,-0.1459463970404221,-0.05302149111777946,0.9815866546506494,1.0339317
TDR44_GCACTAAAGGCTCTCG-1,24.0,hematopoietic_stem_and_progenitor_HSPC,0.29840826825505395,-0.031996833337485875,1.0683132687410275,0.72679335
TDR70_AACCACAGTGATACAA-1,72.0,non_specific_hematopoietic,-0.0730926854545633,-0.018123837740780913,0.9890664410923439,1.281479
TDR70_CACATGATCATCCTAT-1,72.0,hematopoietic_stem_and_progenitor_HSPC,-0.046334345243743386,-0.04746070377812614,1.000225297082453,1.5276116
TDR54_CTCCCAACATCGTTCC-1,120.0,macrophage_immature,0.32231279619171693,0.005043576497002683,1.065510304907787,1.1667175
TDR51_CCGTAGGAGTGGACGT-1,120.0,erythroblast,0.25168239578061746,-0.01779364912470245,1.055374002643168,1.1752621
TDR27_ATCTTCAGTAGATGTA-1,19.0,macrophage,-0.025680924270891692,0.001864456836088213,0.9945060709106771,0.22599962
TDR74_TACGCTCGTACAGAGC-1,240.0,microglia,-0.10953897498627033,0.061566365385849,,
TDR50_CTTTCGGAGGCATCTT-1,48.0,neutrophil,-0.01478235762496663,-0.07333556695836754,1.01177947988316,1.143271e-12
TDR53_CTGTACCGTATAGGAT-1,120.0,neutrophil,0.08828468322753907,-0.059819407829084,1.0300638784295946,0.1209856
TDR54_GACTATGCAACGCCCA-1,120.0,macrophage,-0.14432330282294775,0.0036554426130785134,0.9708379163464713,1.0245562
TDR71_GGCAGTCTCCCAAGTA-1,240.0,erythroblast,-0.03686775136182413,0.010792172409422082,,
TDR53_AGATCGTTCTCCGAAA-1,120.0,macrophage,-0.08725392113813023,0.02784944745205578,0.97724228033308,1.0597785
TDR74_TGAGGAGTCGACGATT-1,240.0,erythroblast,-0.09520672354506049,0.03689206919872308,,
TDR45_AGTGACTCAAGTTCGT-1,24.0,erythroblast,0.4161793008851757,-0.03518754490203774,1.094473438095171,0.13114865
TDR46_AGGGCTCCACTTGTGA-1,24.0,erythroblast,0.19919287301176242,-0.04078974259264419,1.0491670074912687,0.07124821
TDR44_TCCGATCAGGTCACCC-1,24.0,erythroblast,0.18694040237053156,-0.046957604487097154,1.047891029881065,0.13341647
TDR41_TGTTCCGGTTCCACGG-1,16.0,erythroblast,0.2610451852192832,-0.054658501364502676,1.0651767387989166,9.998043
TDR18_AAGCATCAGGAACTAT-1,14.0,non_specific_hematopoietic,0.3445872436076294,-0.04796999497754051,1.08167573780917,0.0001403587
TDR74_GCAACCGGTTCGATTG-1,240.0,erythroblast,-0.06085481927738223,0.01776076118215334,,
TDR67_CCGCAAGCATCGCCTT-1,72.0,erythroblast,-0.04465499195446737,0.053945006571722104,0.980473167651662,0.029615838
TDR72_AATCGACAGCAAACAT-1,240.0,innate-lymphoid-cell,-0.10671203597469413,0.008535624958146859,,
TDR51_GGATCTAAGGTGCTAG-1,120.0,innate-lymphoid-cell,0.14161713899664274,0.01484304029840458,1.0256789871182577,1.0046158
TDR51_GAGAAATCAGTCTGGC-1,120.0,erythroblast,0.20874255864128846,-0.08581973888255932,1.0606823840146775,1.032607
TDR51_TCGCTTGGTAATGTGA-1,120.0,hematopoietic_stem_and_progenitor_HSPC,-0.021249186043475476,-0.028500789221550152,1.0014513728592136,1.120126
TDR73_CTGTACCGTTCTCGTC-1,240.0,neutrophil,-0.07412779282025111,0.018317372326689646,,
TDR41_GACAGCCCACGTTCGG-1,16.0,hematopoietic_stem_and_progenitor_HSPC,0.005675673829537042,-0.03741663921538438,1.0086557084816827,1.9372928
TDR48_CCACTTGCATCAGTCA-1,48.0,erythroblast,-0.01956759515883308,-0.023771366507406848,1.000841107802657,0.6194283
TDR51_TCCTCGACAAGTCCAT-1,120.0,erythroblast,0.11871579598433621,0.011214351500482,1.0217330855127285,0.9908502
TDR71_AACAGGGGTTTGGAGG-1,240.0,macrophage,-0.15377220466735853,0.04169231170105536,,
TDR52_CCGTGAGTCTACTCAT-1,120.0,erythroblast,-0.004720240354492006,-0.019014081197340382,1.002862858342982,1.086839
TDR67_TTGTTTGGTGCTCTTC-1,72.0,erythroblast,-0.08793225034206663,-0.01579262800134771,0.985675659269589,0.07365331
TDR71_CAGCGTGTCTCTGACC-1,240.0,neutrophil,-0.10769754104217125,0.03323555248627022,,
TDR72_GTCTTTATCAGGTAAA-1,240.0,innate-lymphoid-cell,-0.1055718528206279,0.013041476824561304,,
TDR44_CACAGGCGTTGATCGT-1,24.0,erythroblast,0.13963930642234815,-0.03301163200914892,1.035133276183082,0.026614701
TDR54_TACACCCAGGTGCATG-1,120.0,erythroblast,-0.03332488940863888,0.005334577186735995,0.9922979208785243,0.9644769
TDR52_CATTCATAGTCGGGAT-1,120.0,erythroblast,0.16771401949004217,-0.07554476375037217,1.0498546821593564,1.1016964
TDR69_ACAACCAGTTGCATTG-1,72.0,erythroblast,-0.04888040896714112,0.03359015257974114,0.9836411707485215,0.43755704
TDR74_CTGTGAACAAAGCTAA-1,240.0,erythroblast,0.11726565018126744,-0.02076315585477853,,
TDR43_GTTCTATGTTAGAAGT-1,24.0,erythroblast,0.14376966911449765,-0.04138761480457348,1.0377256638365984,0.24310054
TDR71_CAGTTCCCAAGCGATG-1,240.0,macrophage,0.14274242203291243,0.04080748366081005,,
TDR70_AGGAGGTGTAGGACTG-1,72.0,macrophage,-0.1414487059828356,0.025900903979233364,0.9670839987538044,1.5089655
TDR74_GGGTATTAGTTGCCCG-1,240.0,hematopoietic_stem_and_progenitor_HSPC,-0.0924081292344537,-0.026206273003668804,,
TDR74_CCGAACGAGATGCAGC-1,240.0,non_specific_hematopoietic,0.15979521357762644,-0.0817178691898823,,
TDR47_ATTCGTTTCCGTATGA-1,48.0,macrophage_immature,0.29461641372318825,-0.002515747927237244,1.061227686059564,1.7392215
TDR53_TAAGTCGTCGTGGAAG-1,120.0,neutrophil,-0.045575444685004005,0.12644259134928384,0.9661814681283595,1.054893
TDR46_GCCGATGAGGTTCTAC-1,24.0,erythroblast,0.22909959889064987,-0.04461048753813141,1.0562680806160614,0.06390181
TDR44_GGATGTTCAAGTCCCG-1,24.0,erythroblast,0.19827523320677748,-0.08285628245584567,1.0578370484888666,0.10082903
TDR53_GTTAGTGAGCCTGAAG-1,120.0,hematopoietic_stem_and_progenitor_HSPC,0.22109674557063858,0.034274968676073075,1.038071178759713,1.1200387
TDR74_TCGAAGTGTAGTCACT-1,240.0,erythroblast,-0.0691387082837739,-0.013891176261123767,,
TDR28_TGTAGACGTACCAATC-1,19.0,neutrophil,0.07618071734617968,-0.06402737302160749,1.028438485159301,0.4840467
TDR46_GTACAGTGTACACGCC-1,24.0,macrophage_immature,0.19395649551265107,-0.002586635030602108,1.0400914334926195,3.3354518
TDR74_GCCAGCACAATAAGGT-1,240.0,non_specific_hematopoietic,0.23670914037530538,-0.018206198754261993,,
TDR51_CCACCATCACGTATAC-1,120.0,hematopoietic_stem_and_progenitor_HSPC,0.23764950686253078,-0.03359901335568308,1.0557481938368256,1.1498489
TDR51_TTACCATGTCACCTTC-1,120.0,neutrophil,-0.023048554180168046,0.015288613268718637,0.9923618862946942,1.0599421
TDR37_CCCATTGGTATTGAGA-1,12.0,erythroblast,0.3290119026262038,-0.020811655031246212,1.072470334750811,0.008478325
TDR74_GCAGCTGGTAACAGTA-1,240.0,macrophage_immature,-0.12651460187752767,-0.07441600323747194,,
TDR50_CCACGAGCACGCTTAA-1,48.0,erythroblast,-0.06004709716658613,-0.07318255342083213,1.0026305450789141,0.69864595
TDR53_AACAACCCAATTGCCA-1,120.0,macrophage,0.03066166616115862,-0.013493435778287682,1.0088701288863131,1.1058458
TDR51_TCTTGCGAGGGCAGGA-1,120.0,macrophage,-0.09253992919451197,-0.08922792699985843,0.9993378188998073,1.101415
TDR44_GGAAGTGAGCTGAAAT-1,24.0,macrophage_immature,0.16847927386944112,-0.05713180694539127,1.0461557092325788,0.123193584
TDR74_TCACACCTCTATCGCC-1,240.0,erythroblast,-0.08201324522828513,0.0012972006795231028,,
TDR47_GGGCGTTAGCCGCACT-1,48.0,neutrophil,0.15654705798485757,0.0011476301980543335,1.0315679079723143,0.8154358
TDR46_CGCATAACAGTTAGAA-1,24.0,erythroblast,0.2847350468220958,-0.0034753206399455866,1.05933576349551,0.14790083
TDR71_GTTGCTCAGTAATACG-1,240.0,erythroblast,-0.07070392349769734,0.03673090630171444,,
TDR45_TTCATTGTCGGTCTAA-1,24.0,erythroblast,0.27720295185525223,-0.08424018463394811,1.074965563698654,0.15822022
TDR67_GAGTGAGCACTACCCT-1,72.0,hematopoietic_stem_and_progenitor_HSPC,-0.12904803031713993,0.023135738352326643,0.9700217803828155,1.4709526
TDR45_GACTGATCAACATCGT-1,24.0,macrophage,-0.006392100672283352,-0.01918360064635019,1.0025615752366666,2.9917593
TDR51_ACCAACATCCCGAGGT-1,120.0,non_specific_hematopoietic,0.0038457944394536814,-0.043106004363800715,1.0094345875186546,1.1372213
TDR67_TGGTACAGTACCTTCC-1,72.0,erythroblast,-0.045358386369759994,0.08625637390763288,0.9740204768939812,0.027069584
TDR47_GTCAGCGCACATCATG-1,48.0,macrophage_immature,0.31115345525585303,0.019989692454560753,1.0599616757952803,1.7023107
TDR41_TGCGATATCGACGACC-1,16.0,hematopoietic_stem_and_progenitor_HSPC,0.2840544911508319,-0.042534268932578,1.0674981701955897,0.03831187
TDR70_AAGACTCCAATTGCTG-1,72.0,microglia,-0.15419623584721573,0.1182307813094626,0.9469723313036017,1.2936823
TDR72_CATGCAAAGACTCATC-1,240.0,erythroblast,-0.043515518034770814,0.03404760885417814,,
TDR41_GTCTAGACAGGAGGAG-1,16.0,erythroblast,0.25553000666903514,-0.07205978888564382,1.0677119122979952,0.12586968
TDR50_TTGCATTAGGCAATGC-1,48.0,erythroblast,0.1816660713179621,0.004199210764321337,1.0361307807452207,1.7291998
TDR67_GATCCCTCAGAATTCC-1,72.0,erythroblast,-0.06809593033004593,-0.03015492107045311,0.9924405158672278,0.041135855
TDR73_TCGAAGTTCTCCGAAA-1,240.0,neutrophil,-0.07279506616792814,-0.08589534406308774,,
TDR48_CGGGTCACACTGCGTG-1,48.0,macrophage,-0.1614406467288451,-0.03992612772709697,0.9759900338891294,1.5494128
TDR44_CTCAACCGTTCGTTCC-1,24.0,erythroblast,0.15271057605467622,-0.05435698095087205,1.042283012355692,0.11801629
TDR47_CAGATTGCAGGAGGTT-1,48.0,macrophage,-0.0934223363319987,0.010819675713793525,0.979367423058085,1.5747313
TDR52_CGTCAAACAAGTACCT-1,120.0,macrophage,-0.10990314744721723,-0.061024818187494514,0.9902719606495475,1.0243291
TDR54_TGAATCGTCAATCCAG-1,120.0,macrophage,-0.14512370212335038,0.11347447808430006,0.9495950617558735,1.0449569
TDR74_AAGACAATCACCACAA-1,240.0,erythroblast,-0.056442181443993426,0.021266079243318532,,
TDR52_ATGCGATAGACTCCGC-1,120.0,microglia,-0.13046261012634608,-0.006365236772751207,0.9754859960646888,1.0299481
TDR29_TCCAGAAGTCTTAGTG-1,19.0,erythroblast,0.25890141566732333,-0.06241795099107923,1.0663737492334566,0.068972185
TDR46_GTTCCGTCAACATCGT-1,24.0,erythroblast,0.4201471176132753,-0.04431697443103638,1.0973441138766198,3.448111
TDR73_TTCCTCTCAAGCACAG-1,240.0,neutrophil,-0.1268822936761671,-0.04950219626331995,,
TDR54_CAGATACTCCGATAAC-1,120.0,erythroblast,-0.1209023689658329,0.045590637962599295,0.9672496943643581,0.9982218
TDR47_AGACTCACACTTACAG-1,48.0,macrophage,-0.10370945251123603,-0.003016745730618664,0.9800628846596738,1.5296831
TDR74_AAACGAAAGAACAAGG-1,240.0,neutrophil,-0.09906028940977793,-0.017428828898259405,,
TDR53_TTCCTTCCAGAGTAAT-1,120.0,macrophage,-0.09845409273802486,-0.041507304514599816,0.9886752555555044,1.0901643
TDR74_TGACAGTGTGCACATT-1,240.0,erythroblast,-0.07586147729569556,0.10685219306556755,,
TDR51_AGTCACAAGCTGTACT-1,120.0,macrophage,-0.07677671768220837,0.05571966713881275,0.973848747962785,1.0468829
TDR73_ATCACAGCAAGACCTT-1,240.0,neutrophil,-0.07606914404248924,0.06289399674805146,,
TDR71_CTAAGTGTCAGATGCT-1,240.0,neutrophil,-0.11203050760490163,-0.008216850743521548,,
TDR48_AGGTAGGAGGAGGTTC-1,48.0,erythroblast,0.27323034141986197,0.05692227348741255,1.0442110389148984,1.5924438
TDR70_TACCGGGTCCGTCACT-1,72.0,macrophage,-0.06433537782720916,0.021537643315903438,0.9829720385757288,1.334726
TDR46_TCAGGGCCACCAAAGG-1,24.0,non_specific_hematopoietic,0.24207679229318604,-0.05112573528443366,1.0603939664289563,0.15722163
TDR71_CTATAGGAGCATGCAG-1,240.0,hematopoietic_stem_and_progenitor_HSPC,0.0078235150762484,-0.005472940779218602,,
TDR71_GGTTAACGTCGTCATA-1,240.0,hematopoietic_stem_and_progenitor_HSPC,-0.09319786428830654,-0.017457099480457483,,
TDR54_GATAGCTAGGAGGTTC-1,120.0,macrophage,-0.08217740453275522,0.07050538869295717,0.9699249722761573,1.0502596
TDR51_CTCCACACACATGGTT-1,120.0,erythroblast,0.24258132090291837,0.0216167435106,1.045183967605905,1.1756779
TDR44_TCACGGGTCTTGCAAG-1,24.0,neutrophil,0.31388601579256126,-0.03646021265530547,1.0725824503941797,2.6622798
TDR43_GGGTGAACATTGGATC-1,24.0,erythroblast,0.39262250727809234,-0.024365895676216123,1.0869739910662612,0.15023467
TDR54_GCCGATGCAGTGTACT-1,120.0,neutrophil,0.19900740356327645,0.03135581971238649,1.0340987937865325,1.1064591
TDR43_GTAGATCAGTACCCTA-1,24.0,erythroblast,0.25027729708817004,-0.017005304079572806,1.0549111234811512,0.11008376
TDR51_ACCTACCCAAGCGCAA-1,120.0,innate-lymphoid-cell,-0.09268858045287873,0.03517081081003383,0.9747523129547041,0.8001429
TDR44_GTCATTTAGTGAATAC-1,24.0,erythroblast,0.20926313030712862,-0.07586238490466592,1.0586823862107175,0.09826356
TDR71_TTGCCTGGTCCCTGAG-1,240.0,non_specific_hematopoietic,-0.09173118688018192,-0.05801317542071504,,
TDR71_GATTTCTCAGCACGAA-1,240.0,erythroblast,-0.07492535935216771,0.007980487772807979,,
TDR71_ACCCTCAAGTGAGTGC-1,240.0,hematopoietic_stem_and_progenitor_HSPC,0.1190304413636066,-0.016675076558906043,,
TDR74_TATTCCACAAGTATAG-1,240.0,hematopoietic_stem_and_progenitor_HSPC,-0.028675181240113395,-0.017983853529040944,,
TDR52_ATCCGTCAGCTGAAGC-1,120.0,erythroblast,0.13642851485897173,-0.0038016614130729626,1.0284430279681183,1.1647232
TDR44_TGTAAGCGTTCGTGCG-1,24.0,non_specific_hematopoietic,0.16286186819846907,-0.06894704403572677,1.047453292631593,0.08236547
TDR51_TGTACAGAGCTGGTGA-1,120.0,erythroblast,-0.01166398721507042,-0.04200408609720948,1.0060864675032792,0.97378874
TDR74_GCACTAATCTAGGCCG-1,240.0,erythroblast,-0.07895056776672241,0.01705723492227699,,
TDR39_TGTACAGCATCTAACG-1,16.0,macrophage_immature,0.17105856079666376,-0.03713283625841779,1.0425173105645236,1.6075133e-05
TDR46_CGCCATTAGAATTGCA-1,24.0,macrophage_immature,0.2073366783293589,-0.08130851792700497,1.059427893440092,3.2723625
TDR51_CTCTGGTAGGGTGGGA-1,120.0,neutrophil,-0.11228361856002028,0.01646450163533593,0.974579070235244,0.9852511
TDR44_TCACAAGAGTCACTGT-1,24.0,erythroblast,0.14339555821621924,-0.04277429693307021,1.0379358393480596,0.18162073
TDR74_TTCGATTTCTCTCGCA-1,240.0,erythroblast,-0.09729920914574397,-0.020658042759775022,,
TDR53_TCGGGCACAATCGTCA-1,120.0,macrophage_immature,-0.10746646439475269,-0.048540485269973434,0.9882839775879548,0.99049175
TDR72_CAGGCCACATAAGCGG-1,240.0,non_specific_hematopoietic,0.017363602002277878,-0.03783500700053258,,
TDR67_CCTCCTCGTACGTACT-1,72.0,erythroblast,-0.07205754305462814,-0.028866032247446074,0.9913989007702222,0.05475454
TDR51_TAATTCCTCTCACGAA-1,120.0,neutrophil,-0.06783695180498384,0.02313021262102849,0.9819710684893002,0.9977159
TDR71_TTTACGTTCCTGCTAC-1,240.0,erythroblast,-0.07725236900789972,0.026757252581069632,,
TDR53_GTTCGCTGTACTCGTA-1,120.0,macrophage,-0.0007567346682088028,-0.027717126292434988,1.0054066417431071,1.0828245
TDR74_TTCTTCCTCAGCTGTA-1,240.0,hematopoietic_stem_and_progenitor_HSPC,-0.06441298709661257,-0.03991309929713088,,
TDR73_GACTTCCCAAATGCGG-1,240.0,neutrophil,0.2350053286033029,-0.011980945681348262,,
TDR73_TGGTAGTAGGATTCAA-1,240.0,hematopoietic_stem_and_progenitor_HSPC,-0.04353184925238934,0.022299390932084162,,
TDR52_TTACCATTCTTCTTCC-1,120.0,erythroblast,0.3316459001225269,-0.030542225077532348,1.0751257430734438,1.0247158
TDR18_TTTATGCAGGGCAGGA-1,14.0,erythroblast,0.22099933539692646,-0.075647514735379,1.0611246858544852,0.029099647
TDR54_GAGGCCTCACATCATG-1,120.0,erythroblast,0.10183409769364535,-0.000804491665052337,1.0207398605876252,0.9669425
TDR47_TAGGAGGAGGAACGTC-1,48.0,non_specific_hematopoietic,0.2071090131222409,-0.04732403253523561,1.0522035762412465,1.6599424
TDR72_ACCTGAAGTGACACAG-1,240.0,innate-lymphoid-cell,-0.08917550744637143,-0.056138034156107214,,
TDR44_CCAAGCGGTCATACCA-1,24.0,erythroblast,0.20632704702994717,-0.06107679644516571,1.0549367037630275,0.10329122
TDR51_TCGCTCAAGCCGATAG-1,120.0,erythroblast,0.08347368050982135,-0.019023929049235416,1.0207110802531654,0.9839781
TDR71_ACGTAACGTAGATCCT-1,240.0,erythroblast,-0.049096959216851636,0.03503017801785431,,
TDR70_TTACGTTGTACTGAGG-1,72.0,hematopoietic_stem_and_progenitor_HSPC,-0.02307841166931468,-0.02215596545593622,0.9998155277744182,1.5114549
TDR71_CGCATAAAGATACATG-1,240.0,hematopoietic_stem_and_progenitor_HSPC,-0.10022078474201815,-0.03810664248351313,,
TDR40_CTCCTTTTCCCAGGAC-1,16.0,macrophage,-0.11643248779226276,-0.04000349525988134,0.9848304363105389,1.5682915
TDR53_ACCTACCAGGTATAGT-1,120.0,neutrophil,-0.03356433057224266,-0.016515237185754122,0.9965959881524544,1.0816113
TDR51_CAATTTCAGTGTTCCA-1,120.0,macrophage,-0.04067197262447922,-0.018475509880053642,0.9955705465453584,1.0811727
TDR51_AATGAAGGTGGACAGT-1,120.0,macrophage,-0.12709588412492062,0.023702283860276743,0.9702906302014751,1.0870694
TDR46_ATTTCACCAAGAGCTG-1,24.0,erythroblast,0.3652564447924009,-0.07473256942474643,1.091985722761956,0.059785843
TDR70_CGCAGGTCAGCACACC-1,72.0,hematopoietic_stem_and_progenitor_HSPC,-0.0074286662569297834,0.029657026035966108,0.9926103006311244,1.4149898
TDR53_GGATCTAGTGGCTACC-1,120.0,macrophage,-0.10178228980984236,0.0667403467355463,0.9668571423179396,1.0302224
TDR43_TAGGGTTGTCTATGAC-1,24.0,erythroblast,0.35264370508085496,-0.03824895975478414,1.0813156919370528,0.073517784
TDR67_ATCCTATCACACCTAA-1,72.0,macrophage,-0.13172828982463342,0.026961936786874807,0.96876032014124,1.4965396
TDR74_GTCTTTAGTCTACACA-1,240.0,hematopoietic_stem_and_progenitor_HSPC,-0.09288188179770669,-0.08098614970906985,,
TDR45_TTGGATGTCCGTAGTA-1,24.0,erythroblast,0.13143453640309927,-0.04087180663870023,1.0350619382104447,0.32517448
TDR46_AGTAGTCCAATTGTGC-1,24.0,non_specific_hematopoietic,0.17076912095419403,-0.05959035287412724,1.0471496928325,0.098154634
TDR45_GAGCTGCTCTCTTAAC-1,24.0,erythroblast,0.33866211975933114,-0.04069446506387625,1.0788237389112652,2.9039118
TDR45_ATCCTATTCTCTCGCA-1,24.0,erythroblast,0.3410441688197827,-0.03583551285027564,1.0782894428780243,2.619366
TDR74_TACGGGCGTCACTCGG-1,240.0,erythroblast,-0.08192935706058264,0.04412469234251554,,
TDR52_ATCTCTAGTTTGGGTT-1,120.0,hematopoietic_stem_and_progenitor_HSPC,-0.1017860433097885,-0.01662795868728728,0.9831126011466443,1.0715076
TDR53_CCTTGTGAGATTAGCA-1,120.0,macrophage,-0.12748912337291948,0.014085379583632124,0.9720822093366711,1.0648942
TDR70_TTCACCGCATTACGGT-1,72.0,erythroblast,0.04735700623111641,-0.07028083294486079,1.0238065244871328,1.4462805
TDR43_GGGATGAGTGAGTAGC-1,24.0,erythroblast,0.20241033709621487,-0.02919184540908823,1.047409985579842,0.103091046
TDR74_AAATGGAGTACGTACT-1,240.0,neutrophil,-0.04782868100885761,-0.018976439600405487,,
TDR46_ATTCATCGTCAGGTGA-1,24.0,erythroblast,0.30152365480610144,-0.03625331267962453,1.069889522878718,0.08924152
TDR53_TCGGGCAGTTCGTTCC-1,120.0,macrophage,-0.015000302469383359,-0.10452086768416519,1.018065352520716,1.122071
TDR71_TGACCCTTCAACTACG-1,240.0,erythroblast,-0.09579175134971005,0.02382381539541871,,
TDR44_GTCGAATTCATTTGCT-1,24.0,erythroblast,0.18521526080003384,-0.035607403667140755,1.0451543030040547,0.117169924
TDR74_ACTGTCCTCGCACGAC-1,240.0,erythroblast,-0.04361525547166586,-0.013409267493108237,,
TDR72_GTAGAAAGTGGGCTCT-1,240.0,erythroblast,-0.08104032825729579,0.02682999955411247,,
TDR46_CGTTCTGTCTGAGTCA-1,24.0,erythroblast,0.42217222691409634,-0.05544592997622119,1.1002348217917615,0.037655037
TDR69_CCTAACCTCCTACGGG-1,72.0,macrophage,-0.1514995210543519,0.007875839741205704,0.9686275830734221,1.5230373
TDR70_TATATCCGTGGATTTC-1,72.0,microglia,-0.13798140023332445,0.05248175701401403,0.9626237675262562,1.3541842
TDR40_GCCAGTGCACAGTACT-1,16.0,macrophage,0.09017622657012497,-0.08120358111841733,1.0348701516849803,2.434574
TDR47_AAGCGAGCATGACACT-1,48.0,non_specific_hematopoietic,0.09830675119606311,-0.05580734803480804,1.0313027613159316,1.6313422
TDR46_CTAGGTACAGGTCTCG-1,24.0,macrophage_immature,0.3452193919693502,-0.026922135089458593,1.0772681064602334,3.4536266
TDR53_AGAGCCCCACGGAAGT-1,120.0,macrophage,-0.1450823328456875,-0.021288728304467278,0.9755452623094967,1.0444884
TDR44_CTCGAGGTCTTTGCAT-1,24.0,erythroblast,0.23456347766859303,-0.031225280357315796,1.0545959962091556,0.28867662
TDR71_TCTGCCAGTATGAGGC-1,240.0,macrophage_immature,0.0008262261044480468,-0.002387011236742634,,
TDR71_GGGATCCTCAGCTTGA-1,240.0,erythroblast,-0.0597842693374822,-0.006894132493326759,,
TDR74_CGATGGCCAGTACTAC-1,240.0,innate-lymphoid-cell,-0.07840253568141475,-0.04092138970467716,,
TDR51_TCTACATTCTCGCAGG-1,120.0,neutrophil,-0.12468996296642326,0.03383781291820384,0.968791795816198,1.0637678
TDR74_CAGCGTGAGCCGAACA-1,240.0,macrophage_immature,0.28484738697223355,0.06166428695490331,,
TDR44_TTCTTCCTCTAGCCAA-1,24.0,erythroblast,0.09395372358755683,0.010673481485118042,1.0167955337436494,0.06725609
TDR51_CACACAAGTAGAGCTG-1,120.0,non_specific_hematopoietic,-0.04551636420257846,-0.07070714801597903,1.0050508696152776,1.1326237
TDR54_ATACCGACATGTCTAG-1,120.0,neutrophil,0.017637791145461518,0.0018493293500112806,1.003162683121322,1.0301247
TDR74_ACGGAAGAGGTATTGA-1,240.0,hematopoietic_stem_and_progenitor_HSPC,0.03414310244252647,-0.027899312896237094,,
TDR49_CATACTTGTGCAACGA-1,48.0,macrophage,0.10774279113263552,-0.005719963479157236,1.0229519855505982,1.5751098
TDR73_TCCATCGTCTACAGGT-1,240.0,neutrophil,-0.12642792237846062,0.02428899627824782,,
TDR51_GGGATGAGTCCAAGAG-1,120.0,hematopoietic_stem_and_progenitor_HSPC,0.24989575793661775,-0.05964421048576449,1.0638644579760081,1.1846868
TDR53_TCCTCCCTCACCCTGT-1,120.0,macrophage,-0.04042215985279218,-0.02428821153174915,0.9967784108264263,1.0963813
TDR74_TCACGGGCAGGTCCCA-1,240.0,hematopoietic_stem_and_progenitor_HSPC,-0.06566297852144966,-0.11198569967806883,,
TDR54_AGGGCTCTCGGCCTTT-1,120.0,macrophage,0.1526557225171647,0.01812127221353707,1.0272721490629857,1.1147174
TDR44_GTAGAAAAGAGTCTGG-1,24.0,non_specific_hematopoietic,0.264502318782891,-0.04399152449619623,1.0636418941880683,0.07028482
TDR41_CAACGATCAAACCATC-1,16.0,erythroblast,0.21567208117456918,-0.03961749417258409,1.0523838404014925,0.07709922
TDR53_GGTAACTAGCGTGCCT-1,120.0,macrophage_immature,0.24952722023235296,0.015405098085306185,1.0479380006140313,1.138351
TDR54_AATTTCCAGTCTGTAC-1,120.0,erythroblast,-0.1260865588121063,-0.010377575873816713,0.9771239211119204,1.063222
TDR54_ATCGGCGCACAGCATT-1,120.0,erythroblast,0.197673433714573,-0.037658574436533795,1.0481916084004579,1.0035678
TDR39_AGTCATGGTACTGTTG-1,16.0,erythroblast,0.28513141335700093,-0.04338935927812347,1.067910733871026,0.05205103
TDR70_TTGGATGAGACCTCAT-1,72.0,microglia,-0.010938667648900835,-0.026851662627100897,1.0031876688408248,1.5297868
TDR74_ACCATTTCAGCATTGT-1,240.0,hematopoietic_stem_and_progenitor_HSPC,-0.09482015507148138,-0.08610955547787333,,
TDR72_ACAACCAAGATGGTAT-1,240.0,non_specific_hematopoietic,0.052387813687991,-0.08243164175374496,,
TDR51_AACCCAATCCCGATCT-1,120.0,neutrophil,-0.12560210214176917,-0.0017782681998039507,0.9755393642975903,1.0146337
TDR71_TCCGAAATCATGCGGC-1,240.0,erythroblast,0.17873771142380437,0.01698719847285486,,
TDR45_GAGACCCGTAATTGGA-1,24.0,erythroblast,0.26475220476705397,0.004325228356828761,1.0534656996729,2.236013
TDR74_AGTGATCAGCTATCTG-1,240.0,microglia,-0.1264330711901613,0.024016635109516987,,
