official_fine_cell_type,names,scores,logfoldchanges,pvals,pvals_adj,pct_nz_group,pct_nz_reference
erythroblast,hbae1.3,54.99645,7.3671007,0.0,0.0,0.963952502120441,0.39020434641582874
erythroblast,hbbe1.3,54.14573,7.2844386,0.0,0.0,0.96225614927905,0.4816736944534544
erythroblast,hbae3,56.294945,7.270494,0.0,0.0,0.9779474130619169,0.6153097632176452
erythroblast,hbae1.3-1,55.458435,7.203584,0.0,0.0,0.9291772688719253,0.1790463833927992
erythroblast,hbbe1.1,56.29302,7.10818,0.0,0.0,0.9686174724342663,0.537463509568602
erythroblast,hbbe1.2,51.707855,6.8592362,0.0,0.0,0.9317217981340119,0.27116445021083363
erythroblast,hbae1.1,55.04872,6.7319226,0.0,0.0,0.9508057675996607,0.2627311060655206
erythroblast,hbbe2,53.775703,6.329093,0.0,0.0,0.9372349448685326,0.3292247810574116
erythroblast,epb41b,54.021324,6.045497,0.0,0.0,0.914334181509754,0.10671423937722997
erythroblast,cahz,53.50622,5.9251766,0.0,0.0,0.9003392705682782,0.12617580278949075
erythroblast,alas2,52.954975,5.876503,0.0,0.0,0.8816793893129771,0.08563087901394745
erythroblast,hemgn,52.255882,5.7575035,0.0,0.0,0.8765903307888041,0.08465780084333442
erythroblast,si:ch211-250g4.3,39.872192,5.733774,0.0,0.0,0.6721798134011875,0.056438533895556274
erythroblast,slc4a1a,49.367878,5.4048324,0.0,0.0,0.8731976251060221,0.1410963347388907
erythroblast,BX005417.1,22.298273,5.252897,3.840402187998904e-110,1.005915871347783e-108,0.37234944868532655,0.024002594875121634
erythroblast,si:ch211-227m13.1,48.084377,5.2390537,0.0,0.0,0.8473282442748091,0.11579630230295167
erythroblast,si:ch211-207c6.2,44.119106,5.178104,0.0,0.0,0.7459711620016963,0.06292572169964321
erythroblast,nt5c2l1,47.806885,5.1046557,0.0,0.0,0.8176420695504665,0.07784625364904314
erythroblast,sptb,50.104454,4.941098,0.0,0.0,0.8922815945716709,0.11903989620499514
erythroblast,hbbe3,24.390512,4.7975397,2.1564130190288427e-131,6.63819512868054e-130,0.5203562340966921,0.1865066493674992
erythroblast,zgc:163057,44.514305,4.735276,0.0,0.0,0.7862595419847328,0.07914369120986052
erythroblast,rfesd,44.158928,4.709484,0.0,0.0,0.7905004240882103,0.09633473889069089
erythroblast,tfr1a,43.09236,4.655576,0.0,0.0,0.7709923664122137,0.09633473889069089
erythroblast,slc20a1a,35.328426,4.5327773,2.1503702001146165e-273,1.1264921785161832e-271,0.6005089058524173,0.046059033409017194
erythroblast,aqp1a.1,42.326973,4.412729,0.0,0.0,0.7497879558948262,0.08433344145313007
erythroblast,hbae5,37.620792,4.3792953,9.8282337347972e-310,5.989205292266217e-308,0.6759966072943172,0.08076548816088226
erythroblast,rhag,42.905575,4.2960014,0.0,0.0,0.7888040712468194,0.11157963023029517
erythroblast,blvrb,47.113625,4.047974,0.0,0.0,0.8977947413061916,0.25040544923775543
erythroblast,hmbsb,34.179375,3.9660158,4.897135010628391e-256,2.4784483291078603e-254,0.6505513146734521,0.14563736620175155
erythroblast,ucp3,14.167358,3.919113,1.458848459175207e-45,2.4610855927102645e-44,0.24003392705682783,0.014920531949399934
erythroblast,spns2,35.825237,3.7531266,4.4696950996820237e-281,2.4715758458612076e-279,0.6789652247667515,0.10801167693804736
erythroblast,igfbp5a,14.18083,3.569886,1.2041346643469618e-45,2.0429239248522887e-44,0.2472434266327396,0.02270515731430425
erythroblast,klf17,25.606535,3.3177836,1.2901627887225567e-144,4.328568637219724e-143,0.4855810008481764,0.07979240999026922
erythroblast,tal1,35.037437,3.1685562,6.05822405890731e-269,3.1189408689477977e-267,0.7362171331636981,0.1579630230295167
erythroblast,ptger4a,6.961601,2.9831402,3.3642779407482517e-12,3.0909950557151634e-11,0.12510602205258695,0.014920531949399934
erythroblast,cpox,26.67081,2.8817036,1.0267721254524537e-156,3.7389531300012525e-155,0.5843935538592027,0.22283490107038598
erythroblast,rbm24a,32.447853,2.7572875,5.808109150480538e-231,2.709845925521076e-229,0.6687871077184054,0.13558222510541681
erythroblast,crhbp,9.734151,2.6421654,2.156110791227077e-22,2.6278150296343072e-21,0.1878710771840543,0.03373337658125203
erythroblast,lmo2,33.897293,2.636764,7.302022072078752e-252,3.6339729845378585e-250,0.775657336726039,0.2124554005838469
erythroblast,fabp10b,5.541425,2.6366775,3.000197523214789e-08,2.427802114991696e-07,0.09923664122137404,0.011352578657152125
erythroblast,blf,23.400307,2.603008,4.242928121899937e-121,1.2066079401898298e-119,0.5288379983036472,0.16088225754135582
erythroblast,hmbsa,24.660976,2.5326483,2.8063041705839024e-134,8.728775263920347e-133,0.585665818490246,0.27570548167369446
erythroblast,aqp8a.2,6.8911176,2.526523,5.535578395669536e-12,5.054812565586922e-11,0.12765055131467345,0.018164125851443398
erythroblast,atf5a,8.474448,2.4650846,2.3619723839631094e-17,2.5834613694189906e-16,0.15436810856658184,0.019137204022056438
erythroblast,ezra,20.106012,2.3001037,6.537331864294101e-90,1.5742316892566278e-88,0.4083969465648855,0.08271164450210834
erythroblast,slc14a2,13.259523,2.2127898,3.974129603116792e-40,6.148575645029399e-39,0.2680237489397795,0.055465455724943234
erythroblast,phlda2,20.047703,2.2122197,2.113832044306951e-89,5.049521987440445e-88,0.4393553859202714,0.1132014271813169
erythroblast,pdgfbb,18.711203,2.1931496,4.0121447570683403e-78,9.287026546206251e-77,0.38676844783715014,0.08271164450210834
erythroblast,si:dkeyp-72h1.1,3.8930717,2.0409184,9.898290677642769e-05,0.0006157561659050272,0.07718405428329092,0.015244891339604282
erythroblast,si:dkey-187j14.6,6.177063,1.9903109,6.530493860316789e-10,5.571444190544551e-09,0.1255301102629347,0.026597469996756405
erythroblast,pappa2,8.284315,1.9659536,1.187903689424401e-16,1.253385306226594e-15,0.1692111959287532,0.03665261109309115
erythroblast,si:ch211-14k19.8,10.410011,1.9419425,2.2319488028378408e-25,2.84811928430504e-24,0.2154368108566582,0.04865390853065196
erythroblast,anxa13l,12.73453,1.9150188,3.801262914138329e-37,5.6752855308085245e-36,0.26675148430873624,0.06130392474862147
erythroblast,cplx2-1,5.5291295,1.8787348,3.21823957752872e-08,2.5972063185137183e-07,0.12001696352841391,0.03211157963023029
erythroblast,morc3b,5.6669607,1.8507087,1.4535245239592488e-08,1.189102528367758e-07,0.1263782866836302,0.036328251702886796
erythroblast,si:ch1073-441p17.1,3.4280424,1.8114138,0.0006079504018276506,0.003497764739609566,0.06785411365564037,0.013298734998378203
erythroblast,hsp70l,7.6085243,1.7773892,2.77242810013807e-14,2.7142525596761564e-13,0.16327396098388464,0.04086928316574765
erythroblast,smtnl1,7.9722524,1.7024609,1.5580807365276419e-15,1.5824588705005234e-14,0.17302798982188294,0.0454103146286085
erythroblast,CABZ01072077.1,3.191287,1.6688596,0.0014164050071255076,0.007675835483260918,0.06658184902459711,0.015893610120012974
erythroblast,kcnab1b,8.026756,1.6491857,1.0008354112631155e-15,1.0234570335724873e-14,0.16412213740458015,0.03503081414206941
erythroblast,igfbp1b,3.0105681,1.6439183,0.0026075946188357686,0.013471068394193089,0.0640373197625106,0.016217969510217322
erythroblast,hsp90aa1.2,18.283749,1.6362962,1.1149156745306241e-74,2.412418988513365e-73,0.6085665818490246,0.31008757703535517
erythroblast,ela2l,15.887989,1.6359404,7.674993201675094e-57,1.4234490497019769e-55,0.3833757421543681,0.10995783327927343
erythroblast,pabpc4,15.226515,1.5714595,2.3583311474113782e-52,4.1916528608157e-51,0.37871077184054286,0.1271488809601038
erythroblast,rpgrip1,3.6127932,1.515789,0.0003029162953647612,0.0017946588451570973,0.07718405428329092,0.019461563412260786
erythroblast,uraha,5.227063,1.4893706,1.7222355967615997e-07,1.3427142276579992e-06,0.1111111111111111,0.027570548167369445
erythroblast,podxl,12.290818,1.4595069,1.0147321539184493e-34,1.4637633872466134e-33,0.2824427480916031,0.07979240999026922
erythroblast,map1b,3.8652406,1.4333495,0.0001109797454043732,0.0006875218252644365,0.08312128922815945,0.021407719753486862
erythroblast,fgd5a,10.012557,1.420266,1.342373898631601e-23,1.649517885314387e-22,0.23536895674300254,0.07168342523516055
erythroblast,espn,13.134902,1.4170132,2.0776004918958015e-39,3.165160749388196e-38,0.43299406276505514,0.20499513460914692
erythroblast,twist1a,2.8256345,1.4091316,0.004718707446464069,0.023022974567225015,0.06955046649703138,0.02465131365553033
erythroblast,cox5b2,4.0872097,1.408919,4.36592460899992e-05,0.00028279069159379086,0.0835453774385072,0.018488485241647746
erythroblast,tspan2a,11.1274185,1.3586824,9.226918966327762e-29,1.2354968624867576e-27,0.27438507209499574,0.09114498864742135
erythroblast,CR318620.1,3.9544115,1.3349915,7.672329781872715e-05,0.00048537238831932047,0.09541984732824428,0.03211157963023029
erythroblast,fabp6,4.385897,1.2823027,1.1550875157314784e-05,7.965568872919617e-05,0.10008481764206956,0.02984106389879987
erythroblast,si:dkey-269i1.4,11.411198,1.218707,3.676331009310251e-30,5.0355616485322977e-29,0.2951653944020356,0.10314628608498216
erythroblast,gadd45gb.1,2.6273687,1.2054584,0.008604801891010094,0.04033585313431105,0.062340966921119595,0.020434641582873826
erythroblast,bmp6,4.735596,1.1894147,2.1841191209953546e-06,1.5984754155127766e-05,0.12044105173876166,0.044112877067791115
erythroblast,stmn2a,6.5260224,1.1890881,6.75392623140982e-11,5.966634238754356e-10,0.18447837150127228,0.07849497242945183
erythroblast,sfrp5,2.765566,1.1884674,0.005682408499318935,0.027367212546719904,0.07167090754877015,0.027570548167369445
erythroblast,tuba8l3,8.316727,1.1794069,9.04257592562738e-17,9.608943670435358e-16,0.2196776929601357,0.08368472267272138
erythroblast,b3galt2,11.171568,1.1662327,5.618004764138621e-29,7.55646947104411e-28,0.28965224766751485,0.10152448913396042
erythroblast,CR848833.1,3.1128707,1.1533011,0.0018527717199137079,0.00980917793557151,0.07591178965224767,0.025948751216347713
erythroblast,ctslb-1,12.434729,1.1423264,1.6931523414566167e-35,2.478310240975224e-34,0.3617472434266327,0.14628608498216022
erythroblast,BX005003.1,9.557525,1.1415662,1.2060677312815625e-21,1.440527298242698e-20,0.31679389312977096,0.1586117418099254
erythroblast,hapln1a,4.2870255,1.1396878,1.810815650496368e-05,0.0001237321632124063,0.1102629346904156,0.041193642555951995
erythroblast,rdh8a,8.418167,1.1322103,3.824189922536643e-17,4.1223939020557457e-16,0.20483460559796438,0.06616931560168667
erythroblast,pax7b,4.214069,1.1284664,2.5081050186835352e-05,0.00016716967825421955,0.10432569974554708,0.036328251702886796
erythroblast,tnni2b.1,9.583387,1.1230091,9.391294516776624e-22,1.1262010211684739e-20,0.27184054283290926,0.11060655205968213
erythroblast,pbx1a,11.50271,1.118416,1.278364567375639e-30,1.7754402782249572e-29,0.34139100932994065,0.14271813168991243
erythroblast,itga2b,2.7813103,1.1172194,0.005413995590036834,0.02611662493029077,0.058524173027989825,0.014271813168991242
erythroblast,wu:fb59d01,4.9092355,1.116473,9.143209067158389e-07,6.808384607115947e-06,0.10347752332485156,0.02465131365553033
erythroblast,ctslb,4.7035418,1.1113685,2.55686612171588e-06,1.8666998140448942e-05,0.11068702290076336,0.03438209536166072
erythroblast,dlx3b,2.6408315,1.1062871,0.008270284146476226,0.03895121208419245,0.07039864291772689,0.028219266947778137
erythroblast,zgc:174154,3.1267948,1.0799397,0.0017672315138220068,0.009389596619701979,0.08227311280746395,0.03211157963023029
erythroblast,ccn1,4.1770077,1.0727503,2.9536931422564886e-05,0.00019599394939506389,0.10602205258693809,0.03859876743431722
erythroblast,slc6a9,14.947289,1.0657706,1.6221783778469185e-50,2.7998986336710397e-49,0.6878710771840543,0.37852740836847226
erythroblast,si:ch211-113g11.6,3.1746285,1.0652546,0.0015002847586146203,0.008100995098052904,0.08608990670059373,0.03503081414206941
erythroblast,cdh16,3.823703,1.0563415,0.00013146224464974704,0.0008060498203781205,0.10432569974554708,0.042166720726565035
erythroblast,myl13,9.278309,1.0531815,1.7219017059451767e-20,2.0242513755717707e-19,0.26717557251908397,0.11190398962049951
erythroblast,gap43,3.3641424,1.0483549,0.000767818845226057,0.0043504878023624405,0.0810008481764207,0.026921829386960753
erythroblast,si:dkey-239j18.3,6.551459,1.0393153,5.697777226016356e-11,5.048534954565235e-10,0.1662425784563189,0.0587090496269867
erythroblast,si:dkey-26g8.5,10.874169,1.0387082,1.5304263706280257e-27,2.0220589126970288e-26,0.29855810008481765,0.1132014271813169
erythroblast,celf4,9.6131,1.0377922,7.039720680770249e-22,8.510366782502009e-21,0.2824427480916031,0.11676938047356471
erythroblast,he1.1,5.4305363,1.0266103,5.6184910655943685e-08,4.461918702623613e-07,0.1361323155216285,0.04768083036003892
erythroblast,kidins220a,10.228012,1.024739,1.4853652921813826e-24,1.8557743775956518e-23,0.34902459711620015,0.17353227375932534
erythroblast,si:dkey-239j18.2,10.707715,1.0194927,9.36448915798366e-27,1.2104919751402255e-25,0.3023748939779474,0.11871553681479079
erythroblast,si:dkey-269i1.4-1,3.1073236,1.0163249,0.0018878958794778984,0.009977446187824788,0.07506361323155217,0.024975673045734673
erythroblast,mmp30,6.444227,1.0138428,1.1619086870234832e-10,1.0085637614686398e-09,0.1895674300254453,0.08206292572169964
erythroblast,hapln1b,7.9706154,1.0107127,1.5788619897406407e-15,1.5928426146741735e-14,0.24385072094995758,0.11190398962049951
erythroblast,CABZ01072309.2,3.6631782,1.0055902,0.0002491051356502686,0.0014906371443921883,0.09584393553859202,0.03665261109309115
hematopoietic_stem_and_progenitor_HSPC,si:ch211-214p16.1,31.852543,7.5552716,1.2137958262490857e-222,1.2081314457265901e-219,0.8122137404580153,0.08065190137902215
hematopoietic_stem_and_progenitor_HSPC,CT573231.1,8.552353,6.0724783,1.206047647279923e-17,2.55408388282117e-16,0.21068702290076335,0.005432511491851233
hematopoietic_stem_and_progenitor_HSPC,si:ch211-119e14.1,29.813951,5.5845804,2.5762797199999826e-195,1.5385542487839896e-192,0.7816793893129771,0.10927705808608441
hematopoietic_stem_and_progenitor_HSPC,sla2,21.140991,5.489263,3.33991800434699e-99,5.24894482156848e-97,0.5541984732824428,0.07020476389469285
hematopoietic_stem_and_progenitor_HSPC,mef2b,7.3207293,5.3980045,2.4662687098876003e-13,4.256808305042991e-12,0.18473282442748093,0.009820309235269536
hematopoietic_stem_and_progenitor_HSPC,BX005105.1,6.88402,5.2357388,5.818670489342769e-12,9.192883640834659e-11,0.17251908396946564,0.007312996239030506
hematopoietic_stem_and_progenitor_HSPC,tnfsf14,9.359413,5.2030625,8.018057705388946e-21,1.9786710998587926e-19,0.23511450381679388,0.010029251984956121
hematopoietic_stem_and_progenitor_HSPC,ccr9b,8.048463,5.145217,8.384006391218264e-16,1.6470159923801143e-14,0.20305343511450383,0.010447137484329294
hematopoietic_stem_and_progenitor_HSPC,ccl36.1,7.2838902,5.0750904,3.243284858544208e-13,5.565775050352302e-12,0.18473282442748093,0.010238194734642709
hematopoietic_stem_and_progenitor_HSPC,zgc:136605,8.839425,4.966317,9.621213609769083e-19,2.209918756828499e-17,0.22442748091603054,0.012954450480568324
hematopoietic_stem_and_progenitor_HSPC,ccl33.3,5.6125607,4.8177323,1.993540024583504e-08,2.5548113791443533e-07,0.1450381679389313,0.01065608023401588
hematopoietic_stem_and_progenitor_HSPC,ccl20a.3,4.4662986,4.7930226,7.958459293001917e-06,8.338231385580254e-05,0.11297709923664122,0.005641454241537819
hematopoietic_stem_and_progenitor_HSPC,si:ch211-266a5.12,3.984568,4.701707,6.760295218571998e-05,0.0006408330642113011,0.10076335877862595,0.005014625992478061
hematopoietic_stem_and_progenitor_HSPC,eomesa,5.9129214,4.652736,3.3609291810400195e-09,4.624762458334331e-08,0.15419847328244274,0.013372335979941497
hematopoietic_stem_and_progenitor_HSPC,si:ch211-132g1.4,8.456503,4.633702,2.755165049378491e-17,5.713140859336232e-16,0.2152671755725191,0.01211867948182198
hematopoietic_stem_and_progenitor_HSPC,runx3,23.722498,4.605599,2.1129869277212332e-124,6.309378966175603e-122,0.6946564885496184,0.2087338069368993
hematopoietic_stem_and_progenitor_HSPC,si:dkey-183i3.6,10.122926,4.5873384,4.371506071484967e-24,1.2551266470628953e-22,0.26564885496183205,0.027162557459256165
hematopoietic_stem_and_progenitor_HSPC,FP236331.1,5.400545,4.5207667,6.643875086212175e-08,8.197773143565931e-07,0.14045801526717558,0.011282908483075638
hematopoietic_stem_and_progenitor_HSPC,ccl38a.5,2.940375,4.4445343,0.0032781513802006457,0.02459437191276163,0.07480916030534351,0.004178854993731718
hematopoietic_stem_and_progenitor_HSPC,slc6a14,4.4158273,4.3850822,1.0062442766979611e-05,0.00010505753182587803,0.11297709923664122,0.006895110739657334
hematopoietic_stem_and_progenitor_HSPC,sox12,12.517904,4.312126,5.958761264522162e-36,2.541837305123311e-34,0.332824427480916,0.03928123694107814
hematopoietic_stem_and_progenitor_HSPC,spi2,3.1173556,4.1552744,0.0018248130305816032,0.014264114422294942,0.08091603053435115,0.00605933974091099
hematopoietic_stem_and_progenitor_HSPC,si:ch211-214p16.2,15.455893,4.135508,6.885114883377964e-54,3.953644815724346e-52,0.4305343511450382,0.0739657333890514
hematopoietic_stem_and_progenitor_HSPC,rorc,10.732624,4.127503,7.153571082970612e-27,2.3733959170833606e-25,0.3236641221374046,0.08671124111993314
hematopoietic_stem_and_progenitor_HSPC,satb1b,10.169445,4.127438,2.7145153540715166e-24,7.869459075007329e-23,0.2870229007633588,0.05348934391976599
hematopoietic_stem_and_progenitor_HSPC,mpl,7.443327,4.0635257,9.818086034210893e-14,1.7347221833227058e-12,0.1984732824427481,0.021521103217718347
hematopoietic_stem_and_progenitor_HSPC,ms4a17c.1,4.720073,3.917437,2.3575999497604935e-06,2.60733090740179e-05,0.12366412213740458,0.010029251984956121
hematopoietic_stem_and_progenitor_HSPC,myh11a,24.679169,3.9107645,1.7901861945500167e-134,7.6364228241805e-132,0.7312977099236642,0.20643543669034684
hematopoietic_stem_and_progenitor_HSPC,slc6a2,2.8391411,3.6959853,0.004523515400588443,0.03270512587447238,0.07633587786259542,0.008357709987463435
hematopoietic_stem_and_progenitor_HSPC,si:dkey-262k9.2,15.037656,3.6716878,4.1602320972471336e-51,2.3004542671073963e-49,0.44580152671755724,0.10969494358545759
hematopoietic_stem_and_progenitor_HSPC,ccr9a,21.832125,3.5969322,1.1495157974317355e-105,2.1452838569569766e-103,0.7038167938931298,0.2632678646050982
hematopoietic_stem_and_progenitor_HSPC,CR848749.2,6.3510895,3.545665,2.1379559076273745e-10,3.1521251806358864e-09,0.17251908396946564,0.02026744671959883
hematopoietic_stem_and_progenitor_HSPC,rgs13,23.545359,3.4391618,1.400608731995871e-122,3.802016067036064e-120,0.7770992366412214,0.3161303802758044
hematopoietic_stem_and_progenitor_HSPC,ncaldb,17.516006,3.3986082,1.0815620130126404e-68,9.22726905958784e-67,0.5328244274809161,0.16485582950271627
hematopoietic_stem_and_progenitor_HSPC,gata3,10.054022,3.3240132,8.819314963850168e-24,2.461165839444542e-22,0.29770992366412213,0.06310071040534894
hematopoietic_stem_and_progenitor_HSPC,socs1a,10.508872,3.3161492,7.86284807626682e-26,2.4204602428590435e-24,0.3053435114503817,0.061011282908483074
hematopoietic_stem_and_progenitor_HSPC,si:dkey-262k9.4,23.808165,3.2655184,2.74895908464799e-125,9.120435363065441e-123,0.8091603053435115,0.3610530714584204
hematopoietic_stem_and_progenitor_HSPC,lmo7b,8.461674,3.252737,2.6356597543092945e-17,5.503552465991296e-16,0.24274809160305344,0.0442958629335562
hematopoietic_stem_and_progenitor_HSPC,ptprc,24.111628,3.241861,1.8877857798705939e-128,7.046160423366992e-126,0.8473282442748091,0.4176765566234852
hematopoietic_stem_and_progenitor_HSPC,cd74a,7.4237933,3.2197328,1.1381268539835712e-13,1.987395781283593e-12,0.21068702290076335,0.03301295445048057
hematopoietic_stem_and_progenitor_HSPC,nr4a2b,4.6098213,3.2109087,4.030147464725977e-06,4.360152293359336e-05,0.13282442748091602,0.023610530714584205
hematopoietic_stem_and_progenitor_HSPC,tnfrsf9a,4.172237,3.1908495,3.016236556797231e-05,0.0002998641472727201,0.12061068702290076,0.02131216046803176
hematopoietic_stem_and_progenitor_HSPC,slc7a10a,3.3126097,3.1493907,0.0009242986088708785,0.007520315111957611,0.09312977099236641,0.013999164229001253
hematopoietic_stem_and_progenitor_HSPC,coro1a,23.09389,3.081639,5.333130681262725e-118,1.3270606845208748e-115,0.8641221374045801,0.45633096531550355
hematopoietic_stem_and_progenitor_HSPC,mylka,9.35692,3.0799167,8.20946121674244e-21,1.992963511641701e-19,0.29465648854961835,0.08754701211867948
hematopoietic_stem_and_progenitor_HSPC,roraa,13.86149,2.9845624,1.0840071720150662e-43,5.3063039600606356e-42,0.44274809160305345,0.1435436690346845
hematopoietic_stem_and_progenitor_HSPC,scgn,8.554925,2.9815829,1.1794524053142303e-17,2.515603487334494e-16,0.26564885496183205,0.06895110739657334
hematopoietic_stem_and_progenitor_HSPC,samsn1b,12.355843,2.974258,4.529852387621675e-35,1.8786304485331002e-33,0.3816793893129771,0.10217300459674049
hematopoietic_stem_and_progenitor_HSPC,itpkb,17.168982,2.950721,4.533094852920354e-66,3.470723392517994e-64,0.5587786259541985,0.2292101964061847
hematopoietic_stem_and_progenitor_HSPC,bcl11ba,7.6083856,2.9499886,2.7754063082588706e-14,5.022644385733931e-13,0.24885496183206107,0.07772670288340995
hematopoietic_stem_and_progenitor_HSPC,si:ch211-161c3.6,8.640431,2.885512,5.600101105155485e-18,1.22057678102148e-16,0.38625954198473283,0.26138737985791893
hematopoietic_stem_and_progenitor_HSPC,si:dkey-185m8.2,20.201971,2.8648114,9.40680719726348e-91,1.221248969175163e-88,0.7206106870229008,0.29690764730463853
hematopoietic_stem_and_progenitor_HSPC,oaz2b,5.091459,2.8640916,3.55318804638907e-07,4.227019723712256e-06,0.1480916030534351,0.026535729210196406
hematopoietic_stem_and_progenitor_HSPC,tmsb4x,15.60362,2.844164,6.878145619851671e-55,4.0270868276229586e-53,1.0,0.9143334726284998
hematopoietic_stem_and_progenitor_HSPC,atp2a3,17.021824,2.776013,5.658010779655529e-65,4.120687850744246e-63,0.5755725190839694,0.24759715837860427
hematopoietic_stem_and_progenitor_HSPC,si:ch211-222l21.1,21.3041,2.7675471,1.0400604697396196e-100,1.7253447570236133e-98,0.9267175572519084,0.6878395319682407
hematopoietic_stem_and_progenitor_HSPC,si:dkey-261h17.1,10.061978,2.7550175,8.134716734732362e-24,2.291534355651965e-22,0.3435114503816794,0.124111993313832
hematopoietic_stem_and_progenitor_HSPC,gadd45ga,6.4617653,2.723545,1.0348866890033302e-10,1.5450858266819719e-09,0.1969465648854962,0.04471374843292938
hematopoietic_stem_and_progenitor_HSPC,wasb,21.399275,2.667019,1.3570389787032887e-101,2.3835990531811884e-99,0.8274809160305343,0.4791057250313414
hematopoietic_stem_and_progenitor_HSPC,tpm1,17.119942,2.6405673,1.0538051776210385e-65,7.866655650941052e-64,0.583206106870229,0.23422482239866277
hematopoietic_stem_and_progenitor_HSPC,scinlb,15.928459,2.6385162,4.0214264035990744e-57,2.501662341905591e-55,0.6,0.24885081487672378
hematopoietic_stem_and_progenitor_HSPC,itpr3,10.111972,2.6039526,4.8890200966830025e-24,1.3903441913043282e-22,0.33587786259541985,0.11408274132887589
hematopoietic_stem_and_progenitor_HSPC,sftpba,3.222462,2.5897634,0.0012709409144649215,0.010201692394065202,0.1099236641221374,0.0355202674467196
hematopoietic_stem_and_progenitor_HSPC,eno1a,17.205408,2.5860603,2.4186456411738205e-66,1.9005462854065863e-64,0.6091603053435114,0.2705808608441287
hematopoietic_stem_and_progenitor_HSPC,si:ch211-117c9.5,5.878973,2.4893007,4.12819129079586e-09,5.5526032406830805e-08,0.19389312977099238,0.058921855411617215
hematopoietic_stem_and_progenitor_HSPC,ptmab,27.436451,2.4397626,1.0081777688992485e-165,5.017364696555261e-163,0.9954198473282443,0.899080651901379
hematopoietic_stem_and_progenitor_HSPC,arpc1b,17.314413,2.419182,3.66234422332371e-67,2.9556107704985398e-65,0.8534351145038168,0.47262849979105725
hematopoietic_stem_and_progenitor_HSPC,msi2a,11.599239,2.4087224,4.157563266387428e-31,1.47791475159915e-29,0.44122137404580153,0.21771834517342248
hematopoietic_stem_and_progenitor_HSPC,srgn,16.361336,2.3499315,3.611151354443647e-60,2.450658623720166e-58,0.7206106870229008,0.32783117425825326
hematopoietic_stem_and_progenitor_HSPC,ifi46,8.694881,2.3016615,3.471930868543209e-18,7.679396721088905e-17,0.29465648854961835,0.09297952361053072
hematopoietic_stem_and_progenitor_HSPC,arhgef9b,3.7620497,2.238127,0.00016852664336413953,0.001502150916672599,0.13587786259541984,0.04951943167572085
hematopoietic_stem_and_progenitor_HSPC,si:dkey-33i11.9,7.7680473,2.1928298,7.970523870781084e-15,1.4782598930529389e-13,0.2900763358778626,0.11533639782699541
hematopoietic_stem_and_progenitor_HSPC,calm1b,13.839517,2.1890876,1.4719340764126828e-43,7.089024438981083e-42,0.5694656488549619,0.26556623485165065
hematopoietic_stem_and_progenitor_HSPC,BX248410.4,2.7406652,2.172249,0.006131492826212276,0.04243415489878319,0.12213740458015267,0.06268282490597576
hematopoietic_stem_and_progenitor_HSPC,plk2b,3.474526,2.16646,0.0005117571044288176,0.004353580381266238,0.1267175572519084,0.04638529043042206
hematopoietic_stem_and_progenitor_HSPC,epas1a,3.7067382,2.1662343,0.00020994579545452455,0.0018602318849472118,0.14961832061068703,0.06707062264939406
hematopoietic_stem_and_progenitor_HSPC,pgam1a,16.20487,2.1208405,4.6586662755471765e-59,3.091283888618637e-57,0.6549618320610687,0.384454659423318
hematopoietic_stem_and_progenitor_HSPC,crip1,16.146402,2.0830748,1.203796658730858e-58,7.814210484718135e-57,0.815267175572519,0.5137902214793146
hematopoietic_stem_and_progenitor_HSPC,klf2a,3.654848,2.0803506,0.0002573342867576641,0.00225337296263456,0.1297709923664122,0.04366903468449645
hematopoietic_stem_and_progenitor_HSPC,cd74b,7.0280075,2.0320168,2.0950395193697334e-12,3.456236466761339e-11,0.26259541984732826,0.0990388633514417
hematopoietic_stem_and_progenitor_HSPC,unc119b,6.0108004,2.0151105,1.8460976104724098e-09,2.5639290534281935e-08,0.23511450381679388,0.10300877559548684
hematopoietic_stem_and_progenitor_HSPC,hmgn2,19.657476,1.9837765,4.989394398507162e-86,5.959332669576954e-84,0.9862595419847329,0.8760969494358546
hematopoietic_stem_and_progenitor_HSPC,fcer1g,12.287429,1.9779625,1.0581776444325262e-34,4.328381433254141e-33,0.5694656488549619,0.3681571249477643
hematopoietic_stem_and_progenitor_HSPC,pbxip1b,9.444191,1.9773403,3.5816154574517686e-21,8.987146013404186e-20,0.39083969465648855,0.21249477643125783
hematopoietic_stem_and_progenitor_HSPC,cxcr4a,2.920245,1.9662844,0.003497563155196475,0.02604419845739819,0.1099236641221374,0.041370664437944
hematopoietic_stem_and_progenitor_HSPC,ccl34b.4,3.2774284,1.9632603,0.0010475727747118787,0.008454195419701811,0.10687022900763359,0.02737150020894275
hematopoietic_stem_and_progenitor_HSPC,laptm5,14.304313,1.9599465,2.056602886104395e-46,1.0235027029846206e-44,0.7862595419847328,0.4463017133305474
hematopoietic_stem_and_progenitor_HSPC,rplp1,34.0807,1.930944,1.425034557394885e-254,4.255153188381126e-251,1.0,1.0
hematopoietic_stem_and_progenitor_HSPC,foxo1a,10.421376,1.92819,1.980663051385782e-25,5.855702843007866e-24,0.4870229007633588,0.33389051399916425
hematopoietic_stem_and_progenitor_HSPC,syne1b,10.643656,1.9264055,1.866583254478941e-26,5.929380423270338e-25,0.4366412213740458,0.22022565816966153
hematopoietic_stem_and_progenitor_HSPC,actb2,12.168863,1.9103273,4.5538009360391305e-34,1.7432884096170312e-32,0.9984732824427481,0.9690764730463853
hematopoietic_stem_and_progenitor_HSPC,rpl39,32.78598,1.8745915,9.328725640487208e-236,1.3927787381247402e-232,1.0,0.9995821145006268
hematopoietic_stem_and_progenitor_HSPC,thrb,7.202654,1.8711846,5.905173340392315e-13,1.0075912911092258e-11,0.30381679389312977,0.1581696615127455
hematopoietic_stem_and_progenitor_HSPC,lrp8,10.720596,1.8687046,8.147657398979413e-27,2.6735060432255523e-25,0.5022900763358779,0.34245716673631427
hematopoietic_stem_and_progenitor_HSPC,si:dkey-151g10.6,31.057072,1.8541943,9.157045321967454e-212,6.835734332848704e-209,1.0,1.0
hematopoietic_stem_and_progenitor_HSPC,dusp2,9.876643,1.8507887,5.2564278092943707e-23,1.4014011998708028e-21,0.4595419847328244,0.25616381111575426
hematopoietic_stem_and_progenitor_HSPC,si:ch73-1a9.3,19.35498,1.8372478,1.8506369711946755e-83,2.0466674059212224e-81,0.9450381679389313,0.8625156707062265
hematopoietic_stem_and_progenitor_HSPC,si:dkey-27i16.2,11.966144,1.8317372,5.3456204400063594e-33,1.9706200782541962e-31,0.5633587786259542,0.29168407856247386
hematopoietic_stem_and_progenitor_HSPC,hlfa,10.838287,1.8226441,2.2667586049561875e-27,7.605102465617052e-26,0.4900763358778626,0.325950689511074
hematopoietic_stem_and_progenitor_HSPC,mhc2a,2.8881536,1.7979434,0.0038751070350867382,0.02843014645397789,0.10076335877862595,0.03134141245298788
hematopoietic_stem_and_progenitor_HSPC,hmga1a,15.784194,1.7768811,3.997240914650218e-56,2.4358696675807247e-54,0.9572519083969465,0.7837442540743836
hematopoietic_stem_and_progenitor_HSPC,tagapa,5.4710135,1.7493035,4.4746890408453364e-08,5.614042636959738e-07,0.2198473282442748,0.09235269536147096
hematopoietic_stem_and_progenitor_HSPC,pfkpa,7.640371,1.747036,2.1659662363018583e-14,3.9678375347222996e-13,0.3251908396946565,0.16443794400334308
hematopoietic_stem_and_progenitor_HSPC,maptb,3.0042398,1.733228,0.00266245394172896,0.020280835382659887,0.15267175572519084,0.08984538236523193
hematopoietic_stem_and_progenitor_HSPC,eno3,13.288007,1.72545,2.717189323450442e-40,1.267738643722347e-38,0.8610687022900764,0.6002925198495612
hematopoietic_stem_and_progenitor_HSPC,nr4a1,11.21515,1.7129332,3.4360494064630064e-29,1.1930283171742485e-27,0.5679389312977099,0.3460091934809862
hematopoietic_stem_and_progenitor_HSPC,lcp1,12.218526,1.6845682,2.475336856452715e-34,9.599163445932216e-33,0.6793893129770993,0.3890513999164229
hematopoietic_stem_and_progenitor_HSPC,oaz2a,3.3186302,1.6724151,0.000904601417236603,0.007400383101009579,0.1450381679389313,0.06978687839531968
hematopoietic_stem_and_progenitor_HSPC,ponzr1,8.392571,1.6525748,4.75622811958957e-17,9.727463811708531e-16,0.3816793893129771,0.20915169243627246
hematopoietic_stem_and_progenitor_HSPC,arg2,4.565225,1.6318269,4.989588754695261e-06,5.3021039222491275e-05,0.1984732824427481,0.09632260760551609
hematopoietic_stem_and_progenitor_HSPC,camk1db,4.184941,1.6268269,2.8524019700646608e-05,0.00028581450612795564,0.18167938931297709,0.0873380693689929
hematopoietic_stem_and_progenitor_HSPC,si:ch211-195b13.1,4.7373652,1.5862122,2.1651468744823097e-06,2.41521254036686e-05,0.1984732824427481,0.08817384036773925
hematopoietic_stem_and_progenitor_HSPC,pkma,13.10844,1.5845487,2.945929073479498e-39,1.3533144943707356e-37,0.7770992366412214,0.5453405766819891
hematopoietic_stem_and_progenitor_HSPC,gapdhs,11.609742,1.5714525,3.6772271543392695e-31,1.322915696729766e-29,0.8564885496183207,0.6410363560384454
hematopoietic_stem_and_progenitor_HSPC,mef2ca,3.8248534,1.4809617,0.00013084993736281244,0.0011698141106747243,0.2152671755725191,0.14103635603844547
hematopoietic_stem_and_progenitor_HSPC,pde6ha,7.6814933,1.4352219,1.5724478988714338e-14,2.8983514975494454e-13,0.38778625954198476,0.23338905139991642
hematopoietic_stem_and_progenitor_HSPC,aldocb,9.291636,1.4193473,1.5193366109065512e-20,3.629391296133569e-19,0.500763358778626,0.33326368575010445
hematopoietic_stem_and_progenitor_HSPC,ptpn6,9.798696,1.4037585,1.1404911110540842e-22,2.987286366322364e-21,0.6519083969465649,0.4203928123694108
hematopoietic_stem_and_progenitor_HSPC,gfi1aa,3.2568343,1.3747177,0.0011266221654730425,0.00906763823747306,0.13893129770992366,0.059548683660676976
hematopoietic_stem_and_progenitor_HSPC,si:ch211-165d12.4,6.69956,1.3500032,2.0904760646741358e-11,3.1686099132573446e-10,0.37251908396946565,0.2469703301295445
hematopoietic_stem_and_progenitor_HSPC,gpr183a,7.1209,1.336738,1.0722442353948141e-12,1.798719824094896e-11,0.37251908396946565,0.2175094024237359
hematopoietic_stem_and_progenitor_HSPC,rab44,8.78784,1.3351774,1.52462456272944e-18,3.4752129345878685e-17,0.5938931297709924,0.4231090681153364
hematopoietic_stem_and_progenitor_HSPC,vsir,8.69825,1.3122791,3.370431368132679e-18,7.510528406898642e-17,0.5450381679389313,0.3238612620142081
hematopoietic_stem_and_progenitor_HSPC,stx3a,2.8359053,1.2834426,0.004569597929187278,0.0328329667188562,0.15267175572519084,0.09109903886335144
hematopoietic_stem_and_progenitor_HSPC,ldha,8.317873,1.2819854,8.955623217324638e-17,1.8191490426483924e-15,0.4870229007633588,0.3299206017551191
hematopoietic_stem_and_progenitor_HSPC,slc12a2,7.182789,1.1542989,6.830347380128148e-13,1.1588305271058325e-11,0.44732824427480916,0.30693689928959467
hematopoietic_stem_and_progenitor_HSPC,soul5,5.877382,1.1152427,4.168058402134564e-09,5.581086272992738e-08,0.35419847328244275,0.2206435436690347
hematopoietic_stem_and_progenitor_HSPC,csf1rb,5.8849673,1.1020037,3.9813300857692885e-09,5.3792993828538894e-08,0.38625954198473283,0.26389469285415795
hematopoietic_stem_and_progenitor_HSPC,ppp1r18,6.2453465,1.0895758,4.228615794287153e-10,6.09982935349828e-09,0.3709923664122137,0.2365231926452152
hematopoietic_stem_and_progenitor_HSPC,opn1sw1,5.334108,1.053376,9.601554692775221e-08,1.1702139719439515e-06,0.3480916030534351,0.24153781863769327
innate-lymphoid-cell,si:dkey-21e2.12-1,4.1917715,30.28446,2.7678478499402236e-05,0.0005437364263106255,0.23008849557522124,0.0
innate-lymphoid-cell,si:dkey-21e2.14,3.0632176,29.078972,0.002189707848794936,0.03041147737907758,0.168141592920354,0.0
innate-lymphoid-cell,si:dkey-21e2.13,11.922468,13.096854,9.039041963717916e-33,1.5876811355095117e-30,0.6548672566371682,0.0009384384384384384
innate-lymphoid-cell,si:dkey-21e2.16,13.020732,12.6534815,9.327201730303194e-39,2.785102436668534e-36,0.7168141592920354,0.006756756756756757
innate-lymphoid-cell,si:dkey-21e2.10,11.586135,12.483346,4.84505269448743e-31,7.614382813547087e-29,0.6371681415929203,0.003003003003003003
innate-lymphoid-cell,si:dkey-21e2.15,12.360775,12.332618,4.2602798255735614e-35,9.785535045509733e-33,0.6814159292035398,0.008821321321321322
innate-lymphoid-cell,si:dkey-21e2.8,13.008629,12.1615,1.0928574267663647e-38,2.9666111602948776e-36,0.7168141592920354,0.008633633633633633
innate-lymphoid-cell,si:ch211-212d10.1,15.890471,10.867746,7.377064939355918e-57,1.1013957954458385e-53,0.8761061946902655,0.022334834834834835
innate-lymphoid-cell,CR847844.1,14.305364,10.71905,2.0257485528376368e-46,1.2097770357546368e-43,0.7876106194690266,0.006006006006006006
innate-lymphoid-cell,si:dkey-78l4.2,3.7018116,10.281018,0.00021406559973532032,0.003591010566346441,0.20353982300884957,0.00037537537537537537
innate-lymphoid-cell,si:dkey-8e10.2,14.572494,9.903959,4.2026418321053614e-48,3.1372721276666526e-45,0.8053097345132744,0.007132132132132132
innate-lymphoid-cell,il13,8.665954,8.90208,4.4774910490848985e-18,3.61345628988311e-16,0.4778761061946903,0.0020645645645645644
innate-lymphoid-cell,ccl34b.4,14.17543,8.574321,1.3004356653475795e-45,6.471834827879788e-43,0.7876106194690266,0.021021021021021023
innate-lymphoid-cell,osm,3.353163,7.7891393,0.0007989365137711794,0.011988062462918302,0.18584070796460178,0.0020645645645645644
innate-lymphoid-cell,il4,11.737977,7.3425393,8.14107970255532e-32,1.350514666212788e-29,0.6637168141592921,0.028903903903903905
innate-lymphoid-cell,il11b,5.537043,6.787502,3.0762112797323486e-08,7.987449461983299e-07,0.30973451327433627,0.0075075075075075074
innate-lymphoid-cell,gata3,15.0873575,6.7368474,1.9614244797347907e-51,1.9522711654960286e-48,0.8672566371681416,0.07488738738738739
innate-lymphoid-cell,si:dkey-21e2.3-1,6.0133862,6.271547,1.8168758294040793e-09,5.1668487872386486e-08,0.336283185840708,0.006006006006006006
innate-lymphoid-cell,cfd,7.275051,6.0084496,3.462896608465755e-13,1.7687574695609614e-11,0.4247787610619469,0.039602102102102105
innate-lymphoid-cell,si:ch211-145b13.6,5.974866,6.004749,2.302794896079902e-09,6.426304261396812e-08,0.336283185840708,0.008821321321321322
innate-lymphoid-cell,si:zfos-2330d3.7-1,12.2493,5.918131,1.6945278804656123e-34,3.373240167380212e-32,0.7433628318584071,0.09572072072072071
innate-lymphoid-cell,si:ch73-359m17.2,6.3049955,5.696577,2.882017778338664e-10,8.96427613137422e-09,0.37168141592920356,0.03734984984984985
innate-lymphoid-cell,scgn,13.766929,5.644215,4.02984309745434e-43,1.5041389361248325e-40,0.8053097345132744,0.07751501501501501
innate-lymphoid-cell,tnfrsf9a,7.0009613,5.291974,2.5421178154667976e-12,1.132949820445352e-10,0.40707964601769914,0.02533783783783784
innate-lymphoid-cell,si:dkey-262k9.2,13.619535,5.2025876,3.065121229237829e-42,1.0169391100560174e-39,0.8495575221238938,0.13532282282282282
innate-lymphoid-cell,gata2a,9.833603,5.074213,8.067983637928242e-23,8.603928265304903e-21,0.6017699115044248,0.1218093093093093
innate-lymphoid-cell,sla2,11.096569,4.9336147,1.3035288329516502e-28,1.621807122997345e-26,0.7079646017699115,0.11617867867867868
innate-lymphoid-cell,srgn,14.133219,4.717583,2.370575024900078e-45,1.011219574907376e-42,0.9911504424778761,0.36204954954954954
innate-lymphoid-cell,laptm5,16.644535,4.7151423,3.3153016234850935e-62,9.89949064772649e-59,1.0,0.47635135135135137
innate-lymphoid-cell,bcl11ba,10.242891,4.594465,1.2737238751935047e-24,1.462822881279925e-22,0.6371681415929203,0.0868993993993994
innate-lymphoid-cell,cldni,11.5113945,4.5434923,1.1559397017767198e-30,1.6436361664310884e-28,0.7168141592920354,0.17398648648648649
innate-lymphoid-cell,samsn1b,12.351062,4.4749284,4.807259897542957e-35,1.0253198610045192e-32,0.7787610619469026,0.12218468468468469
innate-lymphoid-cell,si:ch211-119e14.1,12.852581,4.2446265,8.318765899077228e-38,2.0699862478870505e-35,0.8849557522123894,0.17548798798798798
innate-lymphoid-cell,sult5a1,5.013253,4.1759906,5.351743110499457e-07,1.2682781688850301e-05,0.3008849557522124,0.02702702702702703
innate-lymphoid-cell,si:dkey-78l4.5,4.0251937,3.8997397,5.692847547349537e-05,0.0010624276735241073,0.2831858407079646,0.07826576576576577
innate-lymphoid-cell,calm1b,12.023383,3.7281113,2.677785222575285e-33,4.997416671631126e-31,0.8672566371681416,0.29016516516516516
innate-lymphoid-cell,lmo7b,6.6780334,3.5790794,2.421698485665009e-11,9.046455955710917e-10,0.4247787610619469,0.060623123123123124
innate-lymphoid-cell,oaz2b,4.8263106,3.53897,1.3908551793360877e-06,3.099323556341461e-05,0.3008849557522124,0.03566066066066066
innate-lymphoid-cell,rgs13,11.236034,3.4811485,2.71298442831503e-29,3.522161523021165e-27,0.9026548672566371,0.36036036036036034
innate-lymphoid-cell,si:dkey-33i11.9,8.5236435,3.375251,1.5461063895908957e-17,1.099208018885337e-15,0.6017699115044248,0.1265015015015015
innate-lymphoid-cell,pdia2,5.737784,3.3187416,9.592352314451678e-09,2.5573896438350633e-07,0.3805309734513274,0.07451201201201202
innate-lymphoid-cell,krt17,6.669349,3.294482,2.569406528525403e-11,9.471910980465252e-10,0.45132743362831856,0.11336336336336336
innate-lymphoid-cell,plxna4,7.2830396,3.2920418,3.2638172544073066e-13,1.709782161694775e-11,0.5132743362831859,0.1859984984984985
innate-lymphoid-cell,wasb,11.564379,3.2151263,6.24416632242888e-31,9.322540319386318e-29,0.9911504424778761,0.5110735735735735
innate-lymphoid-cell,runx3,9.420835,3.1780565,4.4751736699835645e-21,4.310602767280943e-19,0.7876106194690266,0.2561936936936937
innate-lymphoid-cell,unc119b,6.961322,3.1773682,3.370949547983132e-12,1.4176979366588215e-10,0.4778761061946903,0.1112987987987988
innate-lymphoid-cell,gpr183a,9.247236,3.143229,2.3037197279270753e-20,2.084517305330378e-18,0.6902654867256637,0.22653903903903905
innate-lymphoid-cell,crip1,11.436593,3.1322553,2.744518700757905e-30,3.725060382028684e-28,1.0,0.5405405405405406
innate-lymphoid-cell,ncaldb,8.902007,3.104204,5.484577259298019e-19,4.549152137851079e-17,0.6548672566371682,0.1996996996996997
innate-lymphoid-cell,tfa,6.666202,2.8896384,2.625079209599105e-11,9.559129902271863e-10,0.5221238938053098,0.22203453453453453
innate-lymphoid-cell,atp2a3,9.704909,2.866184,2.8733126789733173e-22,2.9585212618670085e-20,0.7522123893805309,0.2772147147147147
innate-lymphoid-cell,ccr9a,8.927849,2.8643837,4.343736286034242e-19,3.705827585742356e-17,0.8230088495575221,0.3055555555555556
innate-lymphoid-cell,ca2,4.8295183,2.8411362,1.3686385696686073e-06,3.072747946639444e-05,0.34513274336283184,0.0853978978978979
innate-lymphoid-cell,stx3a,5.2957544,2.8381767,1.185258883094918e-07,2.9993076482384957e-06,0.37168141592920356,0.09271771771771772
innate-lymphoid-cell,si:dkey-27h10.2,6.941865,2.6951764,3.869570836238116e-12,1.6047970162509742e-10,0.5486725663716814,0.15165165165165165
innate-lymphoid-cell,sh3gl2a,2.922935,2.6863039,0.0034674878911597055,0.04443741992705099,0.20353982300884957,0.0457957957957958
innate-lymphoid-cell,ponzr1,7.85591,2.6156645,3.968798611027701e-15,2.4185372760262687e-13,0.6371681415929203,0.22128378378378377
innate-lymphoid-cell,eno1a,8.527093,2.5053144,1.500707595101668e-17,1.099208018885337e-15,0.7345132743362832,0.30236486486486486
innate-lymphoid-cell,coro1a,6.9805365,2.4864411,2.9405509879196756e-12,1.2725340941924858e-10,0.9734513274336283,0.4954954954954955
innate-lymphoid-cell,aldocb,8.575296,2.409397,9.88318155162714e-18,7.766100029778589e-16,0.7433628318584071,0.34515765765765766
innate-lymphoid-cell,sulf2b,6.8097525,2.3760355,9.776680492527892e-12,3.9450226960389574e-10,0.5663716814159292,0.21546546546546547
innate-lymphoid-cell,scinlb,7.9736495,2.3678057,1.5405631750520194e-15,9.787492852564532e-14,0.7699115044247787,0.28096846846846846
innate-lymphoid-cell,nfkbiaa,7.0108867,2.3481364,2.368126432093683e-12,1.0713978070048089e-10,0.6548672566371682,0.27984234234234234
innate-lymphoid-cell,pfkpa,6.098052,2.334113,1.0736891457693746e-09,3.174292860660745e-08,0.49557522123893805,0.17717717717717718
innate-lymphoid-cell,ptprc,6.647381,2.310195,2.983547277571754e-11,1.0605800203368163e-09,0.9292035398230089,0.45964714714714716
innate-lymphoid-cell,rab44,6.7279615,2.2486024,1.7205656843169087e-11,6.586678376115756e-10,0.831858407079646,0.43543543543543545
innate-lymphoid-cell,glipr1a,7.231659,2.2214286,4.771289430451412e-13,2.374511706554653e-11,0.7079646017699115,0.27646396396396394
innate-lymphoid-cell,samsn1a,6.906159,2.201358,4.9795230316598075e-12,2.0368295578816692e-10,0.6371681415929203,0.27815315315315314
innate-lymphoid-cell,nupr1b,3.788656,2.1365433,0.00015146449362754558,0.0026294940579758785,0.34513274336283184,0.172484984984985
innate-lymphoid-cell,socs3a,6.798496,2.1109178,1.0571694985543768e-11,4.153563319320223e-10,0.7079646017699115,0.3119369369369369
innate-lymphoid-cell,itpr1b,5.3921003,2.0887408,6.963879012350872e-08,1.792598511282733e-06,0.4778761061946903,0.21433933933933935
innate-lymphoid-cell,pkma,7.720318,2.0821722,1.1604005499719508e-14,6.537652909841972e-13,0.9292035398230089,0.5656906906906907
innate-lymphoid-cell,pgam1a,7.749942,2.0763552,9.193475460529967e-15,5.382689750027937e-13,0.7610619469026548,0.4097222222222222
innate-lymphoid-cell,arpc1b,5.3729463,2.065728,7.746038825326264e-08,1.9768950369593354e-06,0.9380530973451328,0.5095720720720721
innate-lymphoid-cell,itgb2,6.7955003,2.0418706,1.0793727866473488e-11,4.185723559648031e-10,0.7787610619469026,0.38156906906906907
innate-lymphoid-cell,si:ch211-222l21.1,6.9639544,2.0317385,3.308520009068985e-12,1.4113201067257127e-10,1.0,0.7105855855855856
innate-lymphoid-cell,ldha,7.1875105,2.0279264,6.598328612481166e-13,3.177840199494962e-11,0.7079646017699115,0.34121621621621623
innate-lymphoid-cell,ptpn6,6.463525,1.9945154,1.022918578505522e-10,3.4574458111816776e-09,0.8407079646017699,0.43993993993993996
innate-lymphoid-cell,tpm1,6.196092,1.9575009,5.788220800075457e-10,1.7458209403055874e-08,0.5929203539823009,0.2695195195195195
innate-lymphoid-cell,mylka,3.7245061,1.9557484,0.00019569799852089422,0.0033014362914315825,0.30973451327433627,0.10829579579579579
innate-lymphoid-cell,soul5,5.8916225,1.92089,3.824223046852579e-09,1.0573268535094258e-07,0.5663716814159292,0.22972972972972974
innate-lymphoid-cell,nr4a1,6.205049,1.8995866,5.467985193305036e-10,1.6660616109396776e-08,0.6902654867256637,0.36599099099099097
innate-lymphoid-cell,CABZ01073834.1,5.7951555,1.8319664,6.8257919709156126e-09,1.8528922568321834e-07,0.7256637168141593,0.34684684684684686
innate-lymphoid-cell,pnp5a,4.8974204,1.7451936,9.710306036253187e-07,2.23038260186554e-05,0.48672566371681414,0.20983483483483484
innate-lymphoid-cell,syne1b,4.808034,1.7320949,1.5242187363669958e-06,3.3713460346606294e-05,0.48672566371681414,0.24117867867867868
innate-lymphoid-cell,alox5ap,5.2352357,1.7310879,1.6477428152169215e-07,4.066247972097295e-06,0.5398230088495575,0.21715465465465467
innate-lymphoid-cell,gapdhs,5.1738396,1.712509,2.293317019886145e-07,5.612987394573795e-06,0.9557522123893806,0.6608483483483484
innate-lymphoid-cell,si:dkey-185m8.2,5.287706,1.6949637,1.2386006910462152e-07,3.1079509777008394e-06,0.6637168141592921,0.34121621621621623
innate-lymphoid-cell,tram1,6.55049,1.6786824,5.734855230655653e-11,1.9911950835741605e-09,0.7168141592920354,0.49605855855855857
innate-lymphoid-cell,myh11a,4.9843554,1.6141237,6.216872623286544e-07,1.4616993427664267e-05,0.5663716814159292,0.2633258258258258
innate-lymphoid-cell,eno3,4.8776608,1.6117839,1.073513261090562e-06,2.4469546546690212e-05,0.9557522123893806,0.6248123123123123
innate-lymphoid-cell,itpkb,4.0499153,1.5521915,5.123614097056741e-05,0.0009682982084690778,0.45132743362831856,0.265015015015015
innate-lymphoid-cell,hlfa,4.5839934,1.4818524,4.561783943367091e-06,9.729633467781524e-05,0.5398230088495575,0.3415915915915916
innate-lymphoid-cell,ela3l,3.2822955,1.4414614,0.0010296564299613223,0.01537277049932254,0.3274336283185841,0.13776276276276275
innate-lymphoid-cell,ppp1r18,4.4625626,1.3938167,8.098525054665562e-06,0.0001691062644281914,0.5132743362831859,0.24718468468468469
innate-lymphoid-cell,prss1,4.5668063,1.3141268,4.952114916009969e-06,0.00010487244779578558,0.6194690265486725,0.3581081081081081
innate-lymphoid-cell,roraa,2.962363,1.2739439,0.003052875673288625,0.03963429026278189,0.336283185840708,0.17623873873873874
innate-lymphoid-cell,pbxip1b,3.158444,1.2361253,0.0015861386110960012,0.022687182672630434,0.3893805309734513,0.23066816816816818
innate-lymphoid-cell,lcp1,3.9105105,1.2044295,9.210126104936869e-05,0.0016567130451410536,0.7433628318584071,0.4172297297297297
innate-lymphoid-cell,apoda.2,2.9957695,1.145162,0.0027375334781415354,0.036655941550361545,0.40707964601769914,0.24380630630630631
innate-lymphoid-cell,pde6ha,3.009477,1.1186832,0.002616979597282135,0.03568174007983769,0.39823008849557523,0.24887387387387389
innate-lymphoid-cell,si:dkey-151g10.6,7.4243813,1.0664111,1.133085467496222e-13,6.041773582042355e-12,1.0,1.0
innate-lymphoid-cell,si:dkey-262k9.4,3.3763416,1.0513252,0.0007345664264485837,0.011190894639670771,0.6991150442477876,0.40897147147147145
innate-lymphoid-cell,rpl39,7.0826316,1.0061145,1.414423548990636e-12,6.599169870759437e-11,1.0,0.9996246246246246
macrophage,si:dkey-5n18.1,36.585964,7.039835,4.781692414391245e-293,2.8556267098744513e-290,0.8678090575275398,0.12997404844290658
macrophage,ctsl.1,32.15275,6.791701,8.085012970863848e-227,1.049645596999976e-224,0.758873929008568,0.08542387543252596
macrophage,si:ch211-194m7.3,33.81178,6.4043126,1.3238605256679232e-250,3.040805792034168e-248,0.8017135862913096,0.06833910034602077
macrophage,lygl1,38.684708,6.255219,0.0,0.0,0.9302325581395349,0.13300173010380623
macrophage,mpeg1.1,37.94227,6.1234155,0.0,0.0,0.9192166462668299,0.11786332179930796
macrophage,ctss2.2,38.065,5.9522386,0.0,0.0,0.9143206854345165,0.11937716262975778
macrophage,ccl34a.4,27.532808,5.9071035,7.109547113019007e-167,5.05454944749399e-165,0.6560587515299877,0.0625
macrophage,si:ch211-147m6.1,31.018534,5.9061117,3.032345167588626e-211,3.482531796315245e-209,0.7233782129742962,0.052768166089965395
macrophage,MFAP4-5,28.50322,5.9020543,1.0686045696302184e-178,9.384862485046566e-177,0.7160342717258262,0.10596885813148789
macrophage,csf1ra,36.06095,5.8482623,9.289463700258743e-285,3.962619801281801e-282,0.8849449204406364,0.10575259515570934
macrophage,marco,31.97545,5.6385255,2.3931464097718957e-224,2.9774729914912004e-222,0.7662178702570379,0.08866782006920415
macrophage,slc7a7,36.385235,5.5739193,7.288638448340918e-290,3.6273124011243304e-287,0.9106487148102815,0.17668685121107267
macrophage,itgae.1,34.799297,5.503805,2.492641503270178e-265,6.766388662513412e-263,0.8592411260709915,0.11916089965397923
macrophage,zgc:174904,26.307043,5.482477,1.5929919061946688e-152,9.909737149786003e-151,0.6193390452876377,0.061634948096885814
macrophage,tnfb,28.224442,5.4097233,2.931852479932392e-175,2.3038188171258218e-173,0.6670746634026927,0.05817474048442907
macrophage,havcr1,33.799145,5.3456283,2.030079209277503e-250,4.329868942073303e-248,0.8751529987760098,0.13083910034602075
macrophage,cd180,10.949523,5.3335643,6.679827407323312e-28,1.0281425071271862e-26,0.24969400244798043,0.010596885813148788
macrophage,lgals2a,34.6622,5.2382865,2.925592727185254e-263,7.27984990281264e-261,0.9094247246022031,0.19377162629757785
macrophage,slc22a21,35.72134,5.2276235,1.843950723334103e-279,6.882546074844539e-277,0.9057527539779682,0.1518166089965398
macrophage,c1qc,23.579039,5.227184,6.324842592190733e-123,2.950934371918989e-121,0.5495716034271726,0.04238754325259515
macrophage,cxcl19,11.266607,5.211667,1.9181986501769342e-29,3.03055088329541e-28,0.2607099143206854,0.014922145328719723
macrophage,grna,34.942623,5.2022796,1.6760610779722327e-267,5.004718378825087e-265,0.8482252141982864,0.13170415224913495
macrophage,slc3a2a,35.16825,5.190739,6.115917275252494e-271,2.029125442655994e-268,0.8922888616891065,0.15203287197231835
macrophage,mfap4,30.814795,5.178967,1.6604322259641635e-208,1.8363150469366635e-206,0.7711138310893513,0.10683391003460208
macrophage,cmklr1,33.4274,5.10395,5.483601036234466e-245,1.0233770433872572e-242,0.8164014687882497,0.10640138408304499
macrophage,mrc1b,30.012766,5.057106,6.6878072462340864e-198,6.886135323191373e-196,0.7600979192166463,0.11202422145328719
macrophage,c1qb,27.206182,5.0501356,5.4882864052832926e-163,3.7245507286763435e-161,0.6499388004895961,0.061418685121107264
macrophage,stoml3b,24.963196,5.0413265,1.5353887745771817e-137,8.186912287299044e-136,0.5960832313341493,0.05990484429065744
macrophage,slc2a6,28.231277,5.025923,2.4166771852248172e-175,1.950323804076028e-173,0.6756425948592412,0.06444636678200692
macrophage,plaua,13.633496,4.991188,2.531561887624276e-42,4.754241381412634e-41,0.3157894736842105,0.01838235294117647
macrophage,sftpbb,28.118645,4.98686,5.796255517441606e-174,4.3269047437701586e-172,0.6744186046511628,0.08131487889273356
macrophage,cx32.2,28.196802,4.972095,6.400117411685795e-175,4.900192459306098e-173,0.6817625458996328,0.06942041522491349
macrophage,NPC2,14.095007,4.9057264,4.0760999914003565e-45,7.703313021722446e-44,0.32802937576499386,0.02032871972318339
macrophage,mhc2dab,15.482884,4.7500405,4.527123092719846e-54,9.258896955384561e-53,0.3635250917992656,0.025735294117647058
macrophage,tspan36,36.908497,4.725271,3.3763706981279205e-298,2.5204607261524925e-295,0.9436964504283966,0.37521626297577854
macrophage,fcer1gl,32.38595,4.7184176,4.328825699556883e-230,5.875397063125842e-228,0.9632802937576499,0.2930363321799308
macrophage,ccl34b.1,23.965847,4.6525464,6.316854765305035e-127,3.143688054866806e-125,0.6462668298653611,0.10402249134948097
macrophage,grn1,14.544521,4.5799646,6.327143255035645e-48,1.2348267816690482e-46,0.34394124847001223,0.025086505190311418
macrophage,ctsc,32.420498,4.572868,1.4116424832261434e-230,2.0072211690063162e-228,0.8433292533659731,0.22707612456747406
macrophage,slc43a2b,25.587845,4.555808,2.0832224383785886e-144,1.2197063139212676e-142,0.6340269277845777,0.09039792387543252
macrophage,ctsk,27.225847,4.53752,3.2112669250303097e-163,2.229963497241978e-161,0.6817625458996328,0.10250865051903114
macrophage,ctss2.1,32.45555,4.513971,4.5227591147192093e-231,7.107873008711347e-229,0.8531211750305998,0.23680795847750866
macrophage,cd83,23.949575,4.4801,9.334595467403825e-127,4.569360994371774e-125,0.598531211750306,0.10813148788927336
macrophage,cndp2,33.203655,4.479777,9.533616038903919e-242,1.6745516171863002e-239,0.8739290085679314,0.2954152249134948
macrophage,fabp7b,9.460006,4.4711246,3.0792649756088075e-21,4.316753623083521e-20,0.22276621787025705,0.016219723183391002
macrophage,slc43a3b,10.726034,4.4419293,7.682299366118916e-27,1.1585528235975295e-25,0.2607099143206854,0.03092560553633218
macrophage,fgl2a,9.03703,4.413788,1.609864302232627e-19,2.1950021947336182e-18,0.211750305997552,0.014273356401384083
macrophage,il1b,27.92346,4.4061484,1.3850365634835278e-171,1.0087119947711741e-169,0.7674418604651163,0.16868512110726644
macrophage,spi1a,32.452652,4.3857393,4.969410054759434e-231,7.419329211755835e-229,0.8800489596083231,0.19658304498269896
macrophage,lgals3bpb,23.247942,4.3746033,1.4923623511098718e-119,6.7518090612334505e-118,0.594859241126071,0.0823961937716263
macrophage,nfkbiaa,28.287256,4.2060313,4.9585094870957994e-176,4.112808146796682e-174,0.7600979192166463,0.2041522491349481
macrophage,si:ch211-212k18.7,33.77182,4.2051673,5.114386252735569e-250,1.0181038233778939e-247,0.8947368421052632,0.2774653979238754
macrophage,cfp,26.01581,4.2031355,3.280611590054992e-149,1.959181241580841e-147,0.6695226438188494,0.12867647058823528
macrophage,selenop,28.31922,4.2024217,2.0043394205197136e-176,1.709987859906247e-174,0.773561811505508,0.22188581314878894
macrophage,si:dkey-56f14.7,22.509031,4.1780863,3.385947185740364e-112,1.3849915474822914e-110,0.554467564259486,0.06877162629757785
macrophage,spi1b,30.670198,4.17515,1.421675493774053e-206,1.5161153658604723e-204,0.9645042839657283,0.33304498269896193
macrophage,il1fma,19.088816,4.1644316,3.127836100040751e-81,8.339034459572931e-80,0.4638922888616891,0.046929065743944634
macrophage,FQ311879.1,4.6617336,4.1439443,3.13556922409614e-06,2.8720275163040105e-05,0.11383108935128519,0.012759515570934256
macrophage,cxcl8a,5.0695252,4.104855,3.988096608005904e-07,3.866381971268061e-06,0.11995104039167687,0.009083044982698962
macrophage,plxnc1,32.648647,4.0993237,8.375117473833969e-234,1.389338932048235e-231,0.9302325581395349,0.2977941176470588
macrophage,slc24a3,26.34658,4.064754,5.617066289684935e-153,3.5686297746806843e-151,0.6952264381884945,0.1444636678200692
macrophage,si:ch73-335l21.4,20.0028,4.0532136,5.206523613098456e-89,1.5093863600691253e-87,0.5226438188494492,0.11397058823529412
macrophage,ccl35.1,16.984156,4.0529184,1.0759101234026866e-64,2.4524180370079555e-63,0.42105263157894735,0.05211937716262976
macrophage,slc40a1,26.356522,4.0063086,4.3208569250960664e-153,2.8047997344210553e-151,0.7099143206854345,0.19139273356401384
macrophage,slc8a4b,13.177434,3.973267,1.1834886120557676e-39,2.1288536118063387e-38,0.32313341493268055,0.038278546712802765
macrophage,FO704661.1,13.53356,3.927861,9.91062275493501e-42,1.8267357744590087e-40,0.3329253365973072,0.04152249134948097
macrophage,epdl1,10.507727,3.8995235,7.958863920389381e-26,1.176493448825876e-24,0.2582619339045288,0.031141868512110725
macrophage,si:ch73-380l3.2-1,5.608117,3.8631673,2.0453964455120114e-08,2.1133404104840367e-07,0.1346389228886169,0.012110726643598616
macrophage,prdm1a,19.2747,3.7971473,8.760719044049924e-83,2.378137005957552e-81,0.5030599755201959,0.10315743944636678
macrophage,zgc:64065-1,5.955425,3.7707572,2.593972338153565e-09,2.826861825447644e-08,0.14443084455324356,0.014057093425605537
macrophage,grn2,5.0189586,3.7650368,5.195228763670676e-07,5.004178415587303e-06,0.11995104039167687,0.009948096885813149
macrophage,fthl28,12.344443,3.7617626,5.219387406967858e-35,8.956948734026452e-34,0.31211750305997554,0.04671280276816609
macrophage,aatka,14.346811,3.7258615,1.115499386786296e-46,2.135180236502487e-45,0.35495716034271724,0.040008650519031144
macrophage,CABZ01073834.1,28.79995,3.7042375,2.1481276661757803e-182,1.943730064000267e-180,0.8555691554467564,0.266219723183391
macrophage,CR855311.1,18.107775,3.6463912,2.7671079014729135e-73,6.8854868281651e-72,0.4700122399020808,0.08455882352941177
macrophage,mxc,3.399438,3.6258202,0.000675245021780245,0.0051832432777270225,0.08200734394124846,0.007569204152249135
macrophage,apba1a,17.97875,3.613215,2.8586636203273374e-72,7.054520306030933e-71,0.4614443084455324,0.08001730103806229
macrophage,fcer1g,28.959572,3.60953,2.126284635228701e-184,1.9840893502477817e-182,0.9045287637698899,0.30190311418685123
macrophage,tmsb4x,26.46489,3.584123,2.4592684004439903e-154,1.6318612097168345e-152,1.0,0.9113321799307958
macrophage,acp5a,20.161795,3.579462,2.12046474661003e-90,6.331707733377548e-89,0.5299877600979193,0.11137543252595156
macrophage,cx43,16.137154,3.5555472,1.3984484811903052e-58,3.0480052298060227e-57,0.4173806609547124,0.07525951557093426
macrophage,ca2,13.585455,3.5431554,4.884903957610821e-42,9.059828085357708e-41,0.3427172582619339,0.046280276816609
macrophage,igf2b,15.9356,3.5364583,3.58736757103002e-57,7.543577159926506e-56,0.4112607099143207,0.06942041522491349
macrophage,cxcl20,4.115338,3.4715226,3.866125149654933e-05,0.0003279616391156145,0.10159118727050184,0.011678200692041523
macrophage,ddit3,23.988039,3.4614608,3.707042852748395e-127,1.8761406708994417e-125,0.6707466340269278,0.18728373702422146
macrophage,fxyd1,17.976576,3.45915,2.9729793384791743e-72,7.276488774343291e-71,0.4749082007343941,0.09602076124567474
macrophage,rgs2,18.51919,3.4405167,1.4459622655354462e-76,3.690293440075934e-75,0.4944920440636475,0.09969723183391004
macrophage,smox,25.51551,3.4102063,1.3263241429188962e-143,7.472460171237403e-142,0.780905752753978,0.24783737024221453
macrophage,gstp1,31.384878,3.40578,3.2541776695045714e-216,3.88678980845626e-214,0.9351285189718482,0.5170847750865052
macrophage,ncf1,23.947052,3.3901894,9.9174369704477e-127,4.776365611896263e-125,0.7025703794369645,0.19355536332179932
macrophage,ptprc,25.136131,3.3226962,2.0039219615894096e-139,1.0879474504192684e-137,0.9412484700122399,0.3860294117647059
macrophage,anxa4,29.44674,3.2900038,1.385964510928148e-190,1.3794966765438166e-188,0.847001223990208,0.4102508650519031
macrophage,si:ch211-198c19.3,6.6191034,3.2759316,3.6138352634393384e-11,4.231730233972496e-10,0.1701346389228886,0.026384083044982697
macrophage,tgfbi,15.630585,3.265781,4.50649722209555e-55,9.344722711928688e-54,0.42105263157894735,0.09580449826989619
macrophage,CU499330.1,21.957478,3.2642722,7.34670017026518e-107,2.7768666719508643e-105,0.6217870257037944,0.13905709342560554
macrophage,slc7a8a,26.078964,3.2451017,6.316817273965865e-150,3.849391097971852e-148,0.7662178702570379,0.2750865051903114
macrophage,nr4a1,25.487076,3.2388344,2.7419701774444708e-143,1.516207953675776e-141,0.7870257037943696,0.2995242214532872
macrophage,CABZ01078737.1,22.053307,3.2206564,8.879412330818571e-108,3.3992211820287507e-106,0.6328029375764994,0.1468425605536332
macrophage,rgs5b,11.126215,3.215638,9.352273712950205e-29,1.4469372697859747e-27,0.29008567931456547,0.047145328719723184
macrophage,abcb4,3.4124358,3.1358142,0.0006438507820620733,0.0049677995742567205,0.08690330477356181,0.012326989619377162
macrophage,si:dkey-88j15.3,4.252396,3.1300473,2.114955348196848e-05,0.0001825218690669303,0.10648714810281518,0.013192041522491349
macrophage,ccl38.1,13.435689,3.1175067,3.73577345802754e-41,6.843570273417321e-40,0.3537331701346389,0.059039792387543255
macrophage,mrc1a,11.44638,3.0864222,2.4517333153813092e-30,3.914906780603524e-29,0.3023255813953488,0.05536332179930796
macrophage,fabp11a,17.087765,3.0620112,1.8305845135573728e-65,4.2047118134479354e-64,0.5336597307221542,0.21410034602076125
macrophage,sox4b,16.555212,3.0214355,1.4682273630823783e-61,3.223622725120575e-60,0.4589963280293758,0.10726643598615918
macrophage,si:dkey-27i16.2,22.869299,3.0147383,9.392821679227702e-116,4.006709362024845e-114,0.7405140758873929,0.2508650519031142
macrophage,laptm5,25.515814,3.0124867,1.3161277226888504e-143,7.472460171237403e-142,0.9057527539779682,0.4132785467128028
macrophage,lgals9l1,19.419308,3.0077431,5.299961454484167e-84,1.4518976975311672e-82,0.5777233782129743,0.14641003460207613
macrophage,hdac9b,19.052309,2.9920397,6.286608871051568e-81,1.661222485748671e-79,0.5569155446756426,0.17214532871972318
macrophage,mitfa,7.767293,2.9902816,8.018121321393741e-15,1.001761935802582e-13,0.20685434516523868,0.0393598615916955
macrophage,aoc2,11.750212,2.9844246,7.044214881873463e-32,1.1431535672431609e-30,0.3157894736842105,0.06358131487889274
macrophage,actb2,28.974466,2.9730134,1.3804580242173698e-184,1.3296927936493762e-182,1.0,0.9677768166089965
macrophage,ptpn6,24.304096,2.9651332,1.7743047661878906e-130,9.134610399719036e-129,0.8629130966952264,0.375
macrophage,tppp,12.236208,2.953531,1.991199600258279e-34,3.359164975350973e-33,0.34516523867809057,0.08001730103806229
macrophage,cd74b,12.058369,2.9444635,1.7521933590480998e-33,2.9393535787177676e-32,0.3390452876376989,0.07980103806228374
macrophage,BX649485.4,5.708742,2.939019,1.138141275032144e-08,1.188283163372721e-07,0.1481028151774786,0.022707612456747406
macrophage,zgc:158423,4.54265,2.9335067,5.555132124037388e-06,5.0265528855683754e-05,0.1175030599755202,0.018166089965397925
macrophage,CU861453.1,15.962575,2.9179842,2.3292003149255523e-57,4.96785152883407e-56,0.45165238678090575,0.12348615916955018
macrophage,vsir,22.588346,2.9082115,5.641990890225875e-113,2.372814760311896e-111,0.7478580171358629,0.28027681660899656
macrophage,plecb,23.134308,2.8986254,2.091712955770831e-118,9.322171471539853e-117,0.7013463892288861,0.2789792387543253
macrophage,zgc:153911,4.4381113,2.883098,9.075162212631138e-06,8.137667978053028e-05,0.1211750305997552,0.025086505190311418
macrophage,rab44,21.72889,2.8824306,1.0941566648137532e-104,4.033520742140577e-103,0.8567931456548348,0.37067474048442905
macrophage,samsn1a,22.16751,2.87906,7.071723834846537e-109,2.8154889827802347e-107,0.6878824969400245,0.21453287197231835
macrophage,csf1rb,21.584028,2.878618,2.537672279405641e-103,9.020820745601481e-102,0.6866585067319462,0.2065311418685121
macrophage,dusp5,20.11925,2.8721147,5.005915835200054e-90,1.465457321951702e-88,0.6181150550795593,0.2041522491349481
macrophage,ifi30,19.231745,2.8592112,2.0076246368186895e-82,5.400691140126674e-81,0.5777233782129743,0.1907439446366782
macrophage,slc16a9a,6.687041,2.8509007,2.2772862734757926e-11,2.6877378705923786e-10,0.17870257037943696,0.0328719723183391
macrophage,socs3a,20.345348,2.8395753,5.1047779862083776e-92,1.55539459865492e-90,0.6744186046511628,0.25756920415224915
macrophage,si:ch211-136m16.8,22.08788,2.8235965,4.1335610520801e-108,1.6240543817777864e-106,0.7380660954712362,0.23897058823529413
macrophage,BX908750.1,16.712238,2.7832534,1.0675235757062164e-62,2.396710824856212e-61,0.4944920440636475,0.13083910034602075
macrophage,ndrg1a,17.39969,2.7618062,8.295035312902623e-68,1.9657917019307328e-66,0.5238678090575275,0.16306228373702422
macrophage,loxl4,10.193349,2.7604043,2.123213114882974e-24,3.1078011573728237e-23,0.28151774785801714,0.06206747404844291
macrophage,hcls1,23.027111,2.7510989,2.494773570150692e-117,1.0796223015173864e-115,0.806609547123623,0.3241782006920415
macrophage,itgb2,22.325645,2.7436426,2.0825566826557213e-110,8.403397641094573e-109,0.824969400244798,0.3129325259515571
macrophage,arpc1b,20.141079,2.7404366,3.222425676710901e-90,9.5268941293651e-89,0.9179926560587516,0.44788062283737023
macrophage,lcp1,21.296093,2.7337747,1.2339405496161446e-100,4.23511089787794e-99,0.7968176254589964,0.35813148788927335
macrophage,myh9a,21.348616,2.7282424,4.0165669750186335e-101,1.410996351459487e-99,0.769889840881273,0.32461072664359863
macrophage,clic2,18.738813,2.6883323,2.388946804621098e-78,6.202952311824869e-77,0.5960832313341493,0.29325259515570934
macrophage,tagapa,11.245588,2.642915,2.4346832516178113e-29,3.8262969417530443e-28,0.31701346389228885,0.07071799307958478
macrophage,stab1,11.882474,2.629385,1.4598188183843886e-32,2.395065380052629e-31,0.3427172582619339,0.08412629757785467
macrophage,fosl1a,9.920006,2.6205776,3.407349049253984e-23,4.868107301948515e-22,0.28151774785801714,0.06769031141868512
macrophage,pkma,24.752535,2.6187015,2.911388038662538e-135,1.5251587163940945e-133,0.9106487148102815,0.5136245674740484
macrophage,mfge8b,5.6653757,2.6057527,1.4670286401206845e-08,1.5210234442362375e-07,0.16401468788249693,0.04325259515570934
macrophage,anxa5b,7.022087,2.595717,2.185779118240866e-12,2.631748567365817e-11,0.19461444308445533,0.041306228373702424
macrophage,si:dkey-262k9.4,20.88707,2.593606,7.019690613595944e-97,2.3551456373255606e-95,0.795593635250918,0.3477508650519031
macrophage,timd4,8.638081,2.5829692,5.716516661664524e-18,7.620320871308156e-17,0.2386780905752754,0.04865916955017301
macrophage,robo4,6.9724393,2.552086,3.114924900751388e-12,3.735407933190219e-11,0.19706242350061198,0.045847750865051905
macrophage,tnfrsf18,2.732896,2.5340571,0.006278012064277733,0.042316352198495055,0.07466340269277846,0.014922145328719723
macrophage,sgk1,21.168747,2.5227633,1.854207463115309e-99,6.2916630509799e-98,0.7343941248470012,0.39576124567474047
macrophage,rgs13,19.677465,2.5214841,3.364069391172006e-86,9.301028890777416e-85,0.7527539779681762,0.30428200692041524
macrophage,CABZ01049847.1,4.652142,2.517323,3.2850443414623e-06,2.9997377381059414e-05,0.13219094247246022,0.03157439446366782
macrophage,coro1a,16.805603,2.4909863,2.2204184288258833e-63,5.022855627631884e-62,0.9216646266829865,0.4318771626297578
macrophage,si:ch211-125e6.5,5.993271,2.4907093,2.0566181394428366e-09,2.2660744517993766e-08,0.17747858017135862,0.04865916955017301
macrophage,itpr1b,15.896088,2.4830413,6.744771799846987e-57,1.4083838177862311e-55,0.5006119951040392,0.17019896193771628
macrophage,slc29a1b,20.546877,2.430664,8.207688046385929e-94,2.6352856458611166e-92,0.6988984088127295,0.4463667820069204
macrophage,eno3,22.054815,2.4096727,8.588000841888414e-108,3.3303598069972474e-106,0.9143206854345165,0.5817474048442907
macrophage,sulf2b,15.336476,2.4089096,4.362392988411385e-53,8.80142261040297e-52,0.4908200734394125,0.1753892733564014
macrophage,hmox1a,10.822105,2.400613,2.7049232376013447e-27,4.1208677487130696e-26,0.3671970624235006,0.16414359861591696
macrophage,zfhx4,17.388203,2.400524,1.0136409558643698e-67,2.383253460008668e-66,0.5801713586291309,0.2398356401384083
macrophage,ehd4,17.639355,2.3796093,1.2285669955254615e-69,2.9584685876121196e-68,0.5887392900856793,0.2954152249134948
macrophage,slc1a3a,15.349801,2.3784626,3.5527662069090903e-53,7.216707410769078e-52,0.5067319461444308,0.21215397923875431
macrophage,gapdhs,20.264957,2.356591,2.621879178766355e-91,7.90801134120842e-90,0.9388004895960832,0.6189446366782007
macrophage,gpr183a,15.938898,2.345796,3.40299358043715e-57,7.206623284528602e-56,0.5275397796817626,0.1846885813148789
macrophage,si:ch1073-303k11.2,3.2854526,2.3432677,0.00101818706127563,0.007658202934430809,0.09302325581395349,0.021193771626297576
macrophage,si:dkey-102c8.3,3.5996494,2.336791,0.0003186466207203582,0.0025440609878903467,0.11260709914320685,0.03546712802768166
macrophage,ccr9a,16.702417,2.332881,1.2586081696905576e-62,2.8046298467880637e-61,0.6376988984088128,0.25951557093425603
macrophage,si:ch211-276a23.5,12.914044,2.329846,3.7507093087449357e-38,6.588010585830811e-37,0.408812729498164,0.11916089965397923
macrophage,tnfrsf21,12.933819,2.3137374,2.900449406111423e-38,5.124699364880893e-37,0.43451652386780903,0.20177335640138408
macrophage,wasb,18.572052,2.287972,5.409618012945981e-77,1.3925102919531637e-75,0.8886168910648715,0.456098615916955
macrophage,tie1,6.047763,2.2777145,1.468707025590219e-09,1.6303193971793286e-08,0.18604651162790697,0.05687716262975778
macrophage,fthl29,2.6861954,2.263418,0.007227079320766076,0.047955686337350006,0.07466340269277846,0.01578719723183391
macrophage,zgc:113232,5.9099684,2.259446,3.4217359701596205e-09,3.701921596701677e-08,0.18849449204406366,0.06487889273356401
macrophage,si:zfos-2330d3.7-1,7.8806744,2.2245371,3.2561864884840614e-15,4.102520191820003e-14,0.25458996328029376,0.08347750865051903
macrophage,ahcyl1,13.1468115,2.1994877,1.7750398752276648e-39,3.154922063946314e-38,0.42472460220318237,0.14121972318339102
macrophage,ckbb,17.599962,2.1622298,2.464897536026195e-69,5.888147234059374e-68,0.7111383108935129,0.40268166089965396
macrophage,pvalb7,6.4665956,2.133086,1.0023546468117072e-10,1.1556104152045396e-09,0.19583843329253367,0.056012110726643596
macrophage,egr3,8.744166,2.1171703,2.2466884736505555e-18,3.008346090726708e-17,0.27050183598531213,0.07742214532871973
macrophage,slc24a4a,5.434759,2.1158733,5.4870480097125326e-08,5.535245053041088e-07,0.1664626682986536,0.04865916955017301
macrophage,f13a1b,17.161572,2.114766,5.150038134140126e-66,1.1920940983366212e-64,0.6829865361077111,0.481401384083045
macrophage,ly75,9.45248,2.1130607,3.3089640365703004e-21,4.617087202429401e-20,0.3157894736842105,0.11721453287197232
macrophage,si:dkey-33i11.9,9.627783,2.1120548,6.103220924554207e-22,8.596329094678708e-21,0.3157894736842105,0.1046712802768166
macrophage,nfil3-6,9.766387,2.1068902,1.5694979190833872e-22,2.221099898759713e-21,0.31946144430844553,0.11224048442906574
macrophage,ppp1r18,15.612126,2.0987225,6.019663415952476e-55,1.2396355144851099e-53,0.5410036719706243,0.20177335640138408
macrophage,si:ch211-165d12.4,15.266293,2.096401,1.2826074122183954e-52,2.5532438219227522e-51,0.5556915544675642,0.2102076124567474
macrophage,caspb,3.254673,2.062642,0.0011352297162020026,0.008474489831447949,0.09791921664626684,0.026816608996539794
macrophage,dusp23a,3.9188714,2.0439615,8.896458506835918e-05,0.0007358677313410541,0.1211750305997552,0.03633217993079585
macrophage,anxa2a,5.798604,2.0323935,6.686915516901815e-09,7.055522874017251e-08,0.19583843329253367,0.07288062283737025
macrophage,crip1,16.673197,2.0251641,2.0531640841518423e-62,4.541294781686964e-61,0.8298653610771114,0.5006487889273357
macrophage,slc4a4b,12.2957735,2.0202188,9.543841431728991e-35,1.6191994610876575e-33,0.4259485924112607,0.17625432525951557
macrophage,tspan18a,5.4255905,2.0169082,5.776322033631094e-08,5.787952212222298e-07,0.17747858017135862,0.0629325259515571
macrophage,ptgs2b,3.4744537,2.0070336,0.0005118945334841245,0.004022413360483147,0.10771113831089352,0.03200692041522491
macrophage,camkvl,3.5390084,2.0019343,0.00040163294227696963,0.0031811033571327095,0.11138310893512852,0.03460207612456748
macrophage,spock3,7.9703913,1.998468,1.5817251250263993e-15,2.0098005205654587e-14,0.26438188494492043,0.09364186851211073
macrophage,BX539325.2,5.9709716,1.9727098,2.3584492514964942e-09,2.5890917150619604e-08,0.1799265605875153,0.046280276816609
macrophage,mhc2a,2.8300424,1.9647752,0.0046541851607574585,0.032394864545505296,0.09179926560587515,0.030493079584775085
macrophage,si:dkey-102g19.3,13.622008,1.9429631,2.9630682847916076e-42,5.529826186492338e-41,0.49938800489596086,0.17214532871972318
macrophage,cadm4,9.245902,1.918576,2.332638141625129e-20,3.224656245783627e-19,0.35495716034271724,0.17755190311418684
macrophage,slc4a2a,4.07847,1.9023138,4.533299740737803e-05,0.0003823851137243808,0.13096695226438188,0.0426038062283737
macrophage,rbp2a,5.0144773,1.8808988,5.317786235437428e-07,5.10575874566436e-06,0.1689106487148103,0.06076989619377163
macrophage,qki2,11.893672,1.8601624,1.2766767424054734e-32,2.10616395183577e-31,0.42472460220318237,0.16500865051903113
macrophage,zgc:92380,6.442617,1.8497801,1.174307395638066e-10,1.3434796488027835e-09,0.2460220318237454,0.11872837370242215
macrophage,alox5ap,12.724041,1.8455037,4.347822563436146e-37,7.592162675099609e-36,0.47980416156670747,0.17863321799307957
macrophage,si:ch1073-190k2.1,6.707009,1.8322864,1.9865450018185238e-11,2.353898164853219e-10,0.23011015911872704,0.08672145328719723
macrophage,pnp5a,10.607857,1.8243401,2.7396087671436734e-26,4.090235889345504e-25,0.4039167686658507,0.18230968858131488
macrophage,slc2a12,4.8798714,1.8001418,1.0615500881733418e-06,9.999333007210091e-06,0.1664626682986536,0.06185121107266436
macrophage,acvrl1,4.141527,1.7999309,3.450011424396012e-05,0.00029349669838309097,0.13341493268053856,0.0426038062283737
macrophage,hlx1,6.5282874,1.7992295,6.652599225377828e-11,7.729440189485679e-10,0.2215422276621787,0.07936851211072664
macrophage,arpp21,5.4094276,1.7876445,6.322644567115705e-08,6.314186179734947e-07,0.18482252141982863,0.0685553633217993
macrophage,mt2,4.883435,1.7668486,1.0425352292619131e-06,9.851298084101496e-06,0.2350061199510404,0.14641003460207613
macrophage,ldha,13.41467,1.7443321,4.961392988516615e-41,8.97861785679431e-40,0.5605875152998776,0.31141868512110726
macrophage,fthl31,9.116805,1.7361279,7.737152222901569e-20,1.0597769053937653e-18,0.3818849449204406,0.2231833910034602
macrophage,cdx1a,2.919699,1.7069644,0.0035036971511725533,0.02490961831762201,0.09914320685434516,0.035899653979238756
macrophage,si:ch211-195b13.1,5.8262067,1.7062254,5.6701404669154686e-09,6.025280937441135e-08,0.20807833537331702,0.08261245674740485
macrophage,glipr1a,12.600971,1.6971109,2.085606491081944e-36,3.620709873471328e-35,0.5410036719706243,0.2402681660899654
macrophage,pdgfrb,3.9766614,1.6913911,6.988959069658932e-05,0.0005829338486592618,0.13953488372093023,0.05406574394463668
macrophage,apoa2,12.32113,1.6846763,6.971108446933701e-35,1.1894702755739447e-33,0.6193390452876377,0.43079584775086505
macrophage,atf3,9.329459,1.6480229,1.0641289473272232e-20,1.4779018775437622e-19,0.45532435740514077,0.33174740484429066
macrophage,plekhf1,2.8621385,1.6139933,0.004207930568127457,0.029425950061893646,0.10281517747858017,0.04087370242214533
macrophage,ponzr1,10.847787,1.6004678,2.0431272732252163e-27,3.1286041219746136e-26,0.44063647490820074,0.19269031141868512
macrophage,zgc:110339,13.430808,1.6004391,3.990322188720486e-41,7.265306131414251e-40,0.5973072215422277,0.3948961937716263
macrophage,apoa1b,12.003877,1.596405,3.3903707802949025e-33,5.655668798860659e-32,0.6242350061199511,0.4366349480968858
macrophage,tcnbb,3.1710806,1.5760701,0.0015187303987202491,0.011197355482910282,0.10526315789473684,0.03546712802768166
macrophage,rcan1a,6.3477902,1.5603589,2.1842961476686437e-10,2.4799651319158062e-09,0.2766217870257038,0.15570934256055363
macrophage,glula,9.90214,1.5437244,4.074607475127031e-23,5.7937037717758645e-22,0.4186046511627907,0.21150519031141868
macrophage,slco2b1,6.4544673,1.5327022,1.0860017181440021e-10,1.2472312039915348e-09,0.22766217870257038,0.08369377162629758
macrophage,tram1,14.09619,1.532382,4.008314244134342e-45,7.623456263047863e-44,0.6450428396572827,0.4751297577854671
macrophage,prkcaa,10.077382,1.5295094,6.955432231316109e-24,1.0033294996478214e-22,0.4283965728274174,0.22448096885813149
macrophage,si:dkey-185m8.2,11.482848,1.526774,1.608910497047804e-30,2.582906851712227e-29,0.5605875152998776,0.3103373702422145
macrophage,epd,4.403225,1.5124185,1.066535171236749e-05,9.450071279860334e-05,0.15789473684210525,0.061634948096885814
macrophage,prdm1b,2.8099172,1.4912808,0.004955423658528115,0.034172967769895965,0.10159118727050184,0.04022491349480969
macrophage,vil1,3.1681814,1.4830923,0.0015339579913810951,0.011281769857792981,0.11505507955936352,0.045847750865051905
macrophage,tfa,8.439996,1.4825915,3.173498533351872e-17,4.1561695704336357e-16,0.37454100367197063,0.20242214532871972
macrophage,abhd6a,6.3157306,1.478075,2.6888856896018773e-10,3.0412926777087902e-09,0.27050183598531213,0.1472750865051903
macrophage,tcf7l2,8.783933,1.4559835,1.5785587939215582e-18,2.1232326840764742e-17,0.379436964504284,0.20198961937716264
macrophage,lpin1,5.233811,1.4347923,1.660502836709811e-07,1.6256594984968837e-06,0.21664626682986537,0.10553633217993079
macrophage,s100a10b,5.6845584,1.4301401,1.3115113862735555e-08,1.364520208854647e-07,0.3390452876376989,0.2597318339100346
macrophage,zgc:175088,7.4621077,1.4164194,8.514919077316584e-14,1.0550020068409678e-12,0.34149326805385555,0.2045847750865052
macrophage,scinla,4.5043817,1.3972232,6.656652868088086e-06,6.0050650948975904e-05,0.18482252141982863,0.08910034602076125
macrophage,pgam1a,11.838684,1.3850446,2.4628563649761898e-32,4.018627926676996e-31,0.6034271725826194,0.38408304498269896
macrophage,slc12a2,10.176619,1.3783723,2.5217264104423535e-24,3.6731097861370087e-23,0.49326805385556916,0.293901384083045
macrophage,ifi46,5.3369,1.3682711,9.454895911822736e-08,9.379508037442754e-07,0.21664626682986537,0.09969723183391004
macrophage,alcama,5.308223,1.3511497,1.1069927061605059e-07,1.0909175645528946e-06,0.2350061199510404,0.1258650519031142
macrophage,pvalb6,2.7430432,1.3312553,0.006087266987791445,0.041171918744449865,0.11015911872705018,0.05060553633217993
macrophage,CR855337.1,8.327738,1.3280308,8.240197812874329e-17,1.0697926377931629e-15,0.3880048959608323,0.2069636678200692
macrophage,timp2b,7.3661094,1.3188044,1.7567989256926584e-13,2.1676866083133377e-12,0.3182374541003672,0.1546280276816609
macrophage,pvalb2,10.469555,1.2939234,1.19202427447292e-25,1.753391371219773e-24,0.6119951040391677,0.43771626297577854
macrophage,gnal,5.864379,1.2643533,4.508168447108554e-09,4.8248713200953917e-08,0.26560587515299877,0.14273356401384082
macrophage,bzw2,3.4650557,1.2591085,0.000530121740355098,0.004154707392914233,0.1456548347613219,0.07028546712802768
macrophage,gamt,8.017164,1.2529817,1.0821402996569173e-15,1.3808850148613484e-14,0.4479804161566707,0.32374567474048443
macrophage,zgc:123103,3.5391052,1.2460101,0.00040148593495007107,0.0031811033571327095,0.16523867809057527,0.09147923875432526
macrophage,ndrg3a,5.4323554,1.2339399,5.561504285189459e-08,5.591465251035598e-07,0.2717258261933905,0.16608996539792387
macrophage,soul5,6.493449,1.2239009,8.389315455922124e-11,9.70949455479979e-10,0.3427172582619339,0.2179930795847751
macrophage,fabp10a,8.374716,1.215922,5.535719379591234e-17,7.21819129583381e-16,0.4663402692778458,0.3157439446366782
macrophage,apobb.1,2.7722764,1.2111114,0.005566573691527766,0.03803613053295631,0.12729498164014688,0.06833910034602077
macrophage,il6r,8.944039,1.2027006,3.7519941775418087e-19,5.092479370063564e-18,0.38555691554467564,0.1611159169550173
macrophage,pvalb1,8.544292,1.164723,1.2932565165288619e-17,1.7011735499362033e-16,0.5275397796817626,0.38559688581314877
macrophage,slc39a10,5.5701623,1.1552457,2.5450228773372133e-08,2.5936649528085047e-07,0.28518971848225216,0.1753892733564014
macrophage,glra3,3.282481,1.1527458,0.001028979693271409,0.007719933075649315,0.1554467564259486,0.08715397923875433
macrophage,gsta.1,4.272521,1.1282375,1.9327540734741597e-05,0.00016728126560561855,0.3219094247246022,0.27530276816608995
macrophage,col12a1a,4.974988,1.1190913,6.525162644638369e-07,6.224963468655006e-06,0.2802937576499388,0.18901384083044984
macrophage,ctrl,3.456769,1.1174957,0.0005466934877175653,0.004273368466818456,0.17870257037943696,0.10856401384083045
macrophage,dusp2,7.968869,1.1154138,1.6013255544989236e-15,2.0260839431075365e-14,0.4479804161566707,0.25108131487889274
macrophage,lgals2b,2.8556273,1.1083738,0.00429518859801918,0.02996596531234877,0.15299877600979192,0.09558823529411764
macrophage,pfkpa,5.8708053,1.0839353,4.33683019677113e-09,4.6717896006984755e-08,0.29253365973072215,0.16457612456747406
macrophage,lrmp,3.0944219,1.0499384,0.001971969032844546,0.014361706175789793,0.13953488372093023,0.07136678200692041
macrophage,ndufa4,2.803539,1.0475621,0.005054510189659398,0.03469601707200681,0.1554467564259486,0.09839965397923875
macrophage,lect2l,7.6018476,1.0419906,2.919327778922541e-14,3.6321303116094617e-13,0.3378212974296206,0.14922145328719724
macrophage,crp3,2.730903,1.0366619,0.006316106035325063,0.0424772356339654,0.1346389228886169,0.0759083044982699
macrophage,slc44a1b,5.4490013,1.0245938,5.0653430742835204e-08,5.127157430444269e-07,0.3072215422276622,0.1996107266435986
macrophage,cela1.6,6.0806565,1.0091729,1.196914478110721e-09,1.3335771013576915e-08,0.3733170134638923,0.26211072664359863
macrophage,aldoab,3.4138975,1.006634,0.0006404066042163074,0.004966893818675048,0.2423500611995104,0.1883650519031142
macrophage_immature,ube2c,8.786458,3.0359452,1.5434972145237124e-18,1.280245189602168e-16,0.36990595611285265,0.08746583365872707
macrophage_immature,hmga1a,18.995916,2.8141048,1.8433912313973513e-80,5.504366216952491e-77,0.9623824451410659,0.7948067161265131
macrophage_immature,tmsb4x,13.406938,2.4775822,5.506597002457096e-41,2.740449774889482e-38,1.0,0.9199531433033971
macrophage_immature,si:dkey-5n18.1,8.549104,2.435541,1.2404764871157797e-17,8.819197120304091e-16,0.5203761755485894,0.2233502538071066
macrophage_immature,si:ch73-281n10.2,17.129396,2.3882198,8.95778914761416e-66,1.3373979197387942e-62,0.9341692789968652,0.7422881686841077
macrophage_immature,si:ch211-194m7.3,8.016592,2.3726256,1.0871948382463397e-15,6.011784790747352e-14,0.4263322884012539,0.16302225693088637
macrophage_immature,lgals2a,9.969994,2.3463793,2.06242700311774e-23,2.6775682744824225e-21,0.5799373040752351,0.2838734869191722
macrophage_immature,lygl1,9.509191,2.3264668,1.921516001988624e-21,2.0491595649778681e-19,0.5454545454545454,0.23447871925029284
macrophage_immature,si:zfos-2330d3.7-1,6.081375,2.3229926,1.1915607921771333e-09,4.043182415273773e-08,0.29780564263322884,0.09742288168684107
macrophage_immature,mfap4,8.871208,2.280294,7.235631308797342e-19,6.173027168019675e-17,0.4827586206896552,0.18937914877001172
macrophage_immature,tppp,5.3399987,2.2232318,9.294731920752165e-08,2.6183084448458455e-06,0.27899686520376177,0.10991800078094495
macrophage_immature,ifi30,10.505977,2.2208052,8.1078893102795e-26,1.513134842530912e-23,0.5517241379310345,0.22998828582584926
macrophage_immature,hmgn2,16.600615,2.186276,6.898168375360796e-62,6.865976922942446e-59,0.9623824451410659,0.88481062085123
macrophage_immature,si:ch211-222l21.1,11.860851,2.131311,1.8904398068670684e-32,8.064076090435809e-30,0.9122257053291536,0.7044123389301055
macrophage_immature,gstm.3,3.9875858,2.0923145,6.67490446209637e-05,0.0012776451746038307,0.18495297805642633,0.05310425614994143
macrophage_immature,ctsc,10.38741,2.083411,2.8293088833182536e-25,4.969597838581356e-23,0.6269592476489029,0.3004685669660289
macrophage_immature,ptmab,16.463276,2.0750573,6.735539910669866e-61,5.028080543315056e-58,1.0,0.9051151893791488
macrophage_immature,cndp2,10.004856,2.0444224,1.4510243580531988e-23,1.9694357877940237e-21,0.64576802507837,0.36587270597422883
macrophage_immature,ccl34a.4,5.844903,2.0425591,5.06862881725033e-09,1.5765547550322383e-07,0.329153605015674,0.1405700898086685
macrophage_immature,fabp11a,8.340478,2.0274029,7.399069368966826e-17,4.70077045441169e-15,0.49843260188087773,0.24736431081608748
macrophage_immature,slc4a2a,4.2652025,2.0181704,1.9972086789581277e-05,0.0004229549727212035,0.19122257053291536,0.047442405310425616
macrophage_immature,havcr1,8.05849,2.0015345,7.724273563578678e-16,4.4355155501626793e-14,0.5015673981191222,0.22647403358063256
macrophage_immature,clul1,4.601928,1.9971328,4.185975640353696e-06,0.0001033001922487284,0.2413793103448276,0.09429910191331511
macrophage_immature,MFAP4-5,5.561188,1.9696985,2.6794399576075293e-08,7.921591795461468e-07,0.3542319749216301,0.18781725888324874
macrophage_immature,fthl28,5.008067,1.9688163,5.49793687640424e-07,1.4528176560126603e-05,0.2445141065830721,0.07672784068723155
macrophage_immature,ckbb,10.690375,1.9656951,1.1291333233269246e-26,2.408280073895855e-24,0.6959247648902821,0.4336196798125732
macrophage_immature,slc3a2a,8.508584,1.9469491,1.7607056569373448e-17,1.1948788844579344e-15,0.5329153605015674,0.2463881296368606
macrophage_immature,tg,3.1303244,1.942637,0.001746133896416699,0.024364279507945157,0.15047021943573669,0.046661460367044126
macrophage_immature,mpeg1.1,7.6945057,1.867787,1.42041983932803e-14,7.441006386374557e-13,0.49216300940438873,0.22237407262787973
macrophage_immature,gapdhs,11.604413,1.8589365,3.9136509828081456e-31,1.4607702293331405e-28,0.8714733542319749,0.6542366263178446
macrophage_immature,gstp1,10.51112,1.7926,7.677624707408713e-26,1.513134842530912e-23,0.774294670846395,0.5677469738383444
macrophage_immature,ctss2.1,8.278283,1.7874722,1.2496339542329713e-16,7.77376455695761e-15,0.5642633228840125,0.3147208121827411
macrophage_immature,s100a10b,6.973738,1.7750361,3.0862784569626296e-12,1.3355981844189003e-10,0.45454545454545453,0.26024990238188206
macrophage_immature,slc2a6,6.1453333,1.7459476,7.97958097655099e-10,2.738738942066811e-08,0.34796238244514105,0.14427957828973056
macrophage_immature,jam2a,4.6799564,1.7446885,2.869361768087944e-06,7.260944270771696e-05,0.2445141065830721,0.09098008590394377
macrophage_immature,CR855311.1,5.7888436,1.725886,7.087268501651866e-09,2.1594473210135178e-07,0.322884012539185,0.1311987504880906
macrophage_immature,si:ch73-1a9.3,13.629799,1.715409,2.6631294167030153e-42,1.5904208876550406e-39,0.9780564263322884,0.8658727059742288
macrophage_immature,arpc1b,8.876168,1.7128054,6.920332641348728e-19,6.077680372666853e-17,0.768025078369906,0.5029285435376806
macrophage_immature,slc7a7,7.3415794,1.7017456,2.110875302878558e-13,1.0004878816500594e-11,0.5297805642633229,0.2717688402967591
macrophage_immature,actb2,8.577538,1.6712316,9.692536216908928e-18,7.124663152071986e-16,1.0,0.9709098008590394
macrophage_immature,grna,7.246212,1.6555241,4.285890989191334e-13,1.9996360146445818e-11,0.46394984326018807,0.22530261616556033
macrophage_immature,grn1,3.08591,1.6416687,0.0020293018151461032,0.027923941106111818,0.16927899686520376,0.0669660288949629
macrophage_immature,si:ch211-212k18.7,8.449879,1.639519,2.916045789967683e-17,1.9349583841874446e-15,0.5987460815047022,0.3559156579461148
macrophage_immature,ca16b,3.1182566,1.6373425,0.0018192442968047889,0.025149367917866202,0.18495297805642633,0.08473252635689184
macrophage_immature,ndrg1a,6.654352,1.6179918,2.8455022256854276e-11,1.1328892861195582e-09,0.4106583072100313,0.20519328387348693
macrophage_immature,csf1ra,6.185927,1.5960163,6.173860469149028e-10,2.1946604001046427e-08,0.4263322884012539,0.21007418976962125
macrophage_immature,tspan36,7.6425605,1.5901889,2.1294358769996027e-14,1.0962923325380714e-12,0.6300940438871473,0.45001952362358455
macrophage_immature,myl6,3.4334912,1.5771385,0.0005958614746352568,0.009514665044175813,0.2006269592476489,0.09019914096056228
macrophage_immature,lcp1,7.636205,1.5639929,2.2371751140388082e-14,1.132238117037268e-12,0.5987460815047022,0.41311987504880904
macrophage_immature,ptpn6,8.44143,1.5540096,3.134792884562082e-17,2.0348894681092123e-15,0.6489028213166145,0.4357672784068723
macrophage_immature,acy3.2,3.5428555,1.533797,0.00039581967107146744,0.00652993114817349,0.22570532915360503,0.11714174150722374
macrophage_immature,anxa5b,3.378203,1.5328951,0.0007296119919816119,0.01134698650029736,0.1724137931034483,0.05759468957438501
macrophage_immature,tram1,9.568134,1.5325562,1.0885230149334233e-21,1.2501268163812313e-19,0.677115987460815,0.48965247950019525
macrophage_immature,adarb2,5.1663456,1.5195253,2.3871503590958204e-07,6.480028156600108e-06,0.34796238244514105,0.20285044904334246
macrophage_immature,si:ch211-147m6.1,6.061776,1.5161669,1.3462631706282554e-09,4.466602030551078e-08,0.3573667711598746,0.14076532604451386
macrophage_immature,prdx1,7.8295856,1.5084848,4.894808893915909e-15,2.609982028077304e-13,0.5705329153605015,0.3951581413510348
macrophage_immature,cfp,6.1619015,1.5037171,7.187663142985951e-10,2.4956235052274477e-08,0.4043887147335423,0.19777430691136275
macrophage_immature,anxa2a,2.9840033,1.4870121,0.0028450361737887915,0.03725999129356724,0.18181818181818182,0.0857087075361187
macrophage_immature,hmox1a,5.4904523,1.4848455,4.00905620022058e-08,1.162237069306665e-06,0.3573667711598746,0.1844982428738774
macrophage_immature,marco,5.8097467,1.4744819,6.256750534907795e-09,1.9260471234262553e-07,0.3824451410658307,0.17844591956267083
macrophage_immature,f13a1b,7.426771,1.4741688,1.1128056084117362e-13,5.447274666749909e-12,0.6144200626959248,0.5052713783678251
macrophage_immature,slc40a1,6.6427436,1.4637375,3.078970467616834e-11,1.2097112916189297e-09,0.47335423197492166,0.25654041390082
macrophage_immature,anxa4,8.167064,1.4484357,3.159847972065115e-16,1.8500600087424376e-14,0.6520376175548589,0.46485747754783285
macrophage_immature,slc44a1b,6.253375,1.4432143,4.0167634496738955e-10,1.4807476124353398e-08,0.40752351097178685,0.2038266302225693
macrophage_immature,ctsk,5.5400834,1.4423717,3.0232798760460064e-08,8.850503637130759e-07,0.36363636363636365,0.1786411557985162
macrophage_immature,gsta.1,5.2427573,1.440169,1.5819448411101706e-07,4.3737845329212675e-06,0.4043887147335423,0.27469738383443965
macrophage_immature,spon1a,3.0274074,1.4301091,0.0024666126444063416,0.03258984670883777,0.18181818181818182,0.08395158141351035
macrophage_immature,eno3,8.238351,1.426944,1.746001652003212e-16,1.0639920271186921e-14,0.8369905956112853,0.6188988676298322
macrophage_immature,rida,7.1040053,1.4178317,1.2119201617176701e-12,5.401184481923826e-11,0.4952978056426332,0.2756735650136665
macrophage_immature,slc22a21,6.066607,1.4149098,1.3064054114998775e-09,4.383063549144533e-08,0.47335423197492166,0.2520499804763764
macrophage_immature,coro1a,6.8820443,1.3934245,5.899962662763935e-12,2.481308240987762e-10,0.7460815047021944,0.49043342444357674
macrophage_immature,atp2a2a,3.6577117,1.3753406,0.000254477093129945,0.004392304046739976,0.219435736677116,0.09820382663022256
macrophage_immature,zgc:110339,8.517657,1.3737136,1.6281254226673453e-17,1.1306005842057427e-15,0.6520376175548589,0.41116751269035534
macrophage_immature,necab2,2.8940911,1.3700492,0.0038025778352915583,0.048112277187205905,0.19122257053291536,0.09996095275283093
macrophage_immature,zgc:175088,5.9906917,1.3589123,2.0895068154448566e-09,6.78181233795472e-08,0.4012539184952978,0.21417415072237408
macrophage_immature,prkcaa,6.16304,1.3547314,7.136139651470011e-10,2.4956235052274477e-08,0.43573667711598746,0.24385005857087075
macrophage_immature,si:rp71-19m20.1,3.3761458,1.3499292,0.0007350896411140048,0.011372941286872634,0.22884012539184953,0.1231940648184303
macrophage_immature,tgfbi,4.5824394,1.347395,4.595826247004503e-06,0.00011248473093078235,0.2884012539184953,0.13568918391253418
macrophage_immature,hcls1,7.217337,1.3377303,5.301539911091488e-13,2.435445873002951e-11,0.6112852664576802,0.383248730964467
macrophage_immature,tubb5,3.8163576,1.3311554,0.00013543614222124185,0.0024362187992327,0.26959247648902823,0.15189379148770013
macrophage_immature,aoc2,4.0439396,1.3307515,5.256049394590315e-05,0.0010325370718583342,0.23197492163009403,0.09332292073408825
macrophage_immature,acp5a,5.3773227,1.329283,7.560159558816148e-08,2.1499653754880973e-06,0.34796238244514105,0.16341272940257712
macrophage_immature,myh9a,6.6129136,1.3082991,3.768280629279507e-11,1.46130986480891e-09,0.5893416927899686,0.37914877001171415
macrophage_immature,col12a1a,5.204662,1.2979803,1.9435024912626074e-07,5.324127008174446e-06,0.3605015673981191,0.19289340101522842
macrophage_immature,slc12a2,7.0440884,1.2970866,1.8667947351418025e-12,8.19742511637268e-11,0.542319749216301,0.31023037875829756
macrophage_immature,si:dkey-261h17.1,3.1717262,1.2900908,0.00151535784121964,0.021650040736276768,0.2445141065830721,0.1446700507614213
macrophage_immature,si:dkey-27i16.2,6.771376,1.2884233,1.2756321055577689e-11,5.147347928642565e-10,0.5705329153605015,0.3090589613432253
macrophage_immature,itgae.1,6.0027227,1.2883036,1.9403590568816106e-09,6.366936421811527e-08,0.4482758620689655,0.2167122217883639
macrophage_immature,ctss2.2,5.687194,1.2844263,1.2914373540061585e-08,3.8951837768306965e-07,0.42946708463949845,0.2268645060523233
macrophage_immature,pik3r3b,3.123326,1.2690854,0.001788195194992061,0.02483512024300602,0.25391849529780564,0.16614603670441233
macrophage_immature,plxnc1,6.3146877,1.2669605,2.707072375123885e-10,1.01041476401499e-08,0.5611285266457681,0.38227254978524017
macrophage_immature,pou2f2a-1,3.1504743,1.2551975,0.0016300562647740228,0.023068000031351812,0.1974921630094044,0.09273721202655213
macrophage_immature,mbpb,4.065706,1.2476155,4.7887320809068733e-05,0.0009469638406349619,0.2507836990595611,0.11187036313939867
macrophage_immature,ifi46,3.896847,1.2370406,9.745312056498172e-05,0.001796265543253305,0.2445141065830721,0.10933229207340882
macrophage_immature,fbln2,3.0202072,1.2359034,0.002526019105900836,0.03322772268819337,0.2006269592476489,0.1023037875829754
macrophage_immature,mrc1a,2.9429138,1.2327502,0.0032513897432088533,0.04221152075313755,0.18495297805642633,0.08668488871534556
macrophage_immature,ldha,6.7980285,1.222342,1.0606062478913107e-11,4.338315419456786e-10,0.554858934169279,0.3360015618898868
macrophage_immature,ntrk3b,3.063703,1.2163975,0.0021861586839605346,0.029272958880296664,0.20376175548589343,0.103670441233893
macrophage_immature,fcer1gl,4.836306,1.2086635,1.3227410568838811e-06,3.434525909439365e-05,0.5642633228840125,0.38305349472862166
macrophage_immature,rgs2,3.9407287,1.1990583,8.123447933203587e-05,0.0015352288309206273,0.28213166144200624,0.151308082780164
macrophage_immature,apba1a,3.9268422,1.1979009,8.606837313725116e-05,0.0016163532213071194,0.26332288401253917,0.12944162436548223
macrophage_immature,gria4a,6.4422917,1.1944747,1.1768283920937393e-10,4.44811339087583e-09,0.5768025078369906,0.43674345958609917
macrophage_immature,lgals9l1,5.2874103,1.1890781,1.2406006059187702e-07,3.4620872983864e-06,0.3887147335423197,0.20011714174150722
macrophage_immature,loxl4,2.943667,1.1873763,0.0032434892750105434,0.04221152075313755,0.18808777429467086,0.08922295978133542
macrophage_immature,zfpm2a,3.4620354,1.1823542,0.0005361066539171007,0.0086530511816025,0.2507836990595611,0.13783678250683326
macrophage_immature,fxyd1,3.611185,1.1813217,0.00030480107827870583,0.0051704952458888655,0.26332288401253917,0.14603670441233893
macrophage_immature,qdpra,4.6549754,1.1800983,3.2401924462788583e-06,8.06267887049056e-05,0.34169278996865204,0.19836001561889888
macrophage_immature,lrp8,5.9015875,1.1765171,3.600205497753464e-09,1.143639746414026e-07,0.5203761755485894,0.35181569699336196
macrophage_immature,si:ch211-119e14.1,3.9458902,1.1761448,7.950407496916224e-05,0.0015120966105599903,0.3103448275862069,0.18274111675126903
macrophage_immature,pgam1a,6.8958755,1.16925,5.353402094040683e-12,2.283608378972211e-10,0.6144200626959248,0.40472471690745804
macrophage_immature,thrb,4.160945,1.1672928,3.1693368251805016e-05,0.0006437850176863251,0.30407523510971785,0.1677079265911753
macrophage_immature,csf1rb,5.432501,1.1530421,5.556972389925242e-08,1.5954922650304587e-06,0.45768025078369906,0.26747364310816085
macrophage_immature,sftpbb,4.2744236,1.132954,1.9163252978660836e-05,0.000408758504063768,0.3103448275862069,0.16165560327996875
macrophage_immature,pkma,6.5790796,1.1321863,4.733694987036341e-11,1.812155542473143e-09,0.7492163009404389,0.562280359234674
macrophage_immature,zgc:174904,4.274405,1.1300173,1.9164832742440564e-05,0.000408758504063768,0.2884012539184953,0.13647012885591567
macrophage_immature,fcer1g,5.8473096,1.1261197,4.99587619255568e-09,1.570282769575922e-07,0.6018808777429467,0.37934400624755954
macrophage_immature,abhd6a,3.4139476,1.1175551,0.0006402891627663987,0.010062649684318244,0.26959247648902823,0.15931276844982428
macrophage_immature,NPAS3,4.5432234,1.1171819,5.540046888370172e-06,0.00013313895821247045,0.39184952978056425,0.2567356501366654
macrophage_immature,pbx3b,3.2938197,1.1167556,0.000988359239673429,0.014875966721659188,0.2601880877742947,0.15579851620460758
macrophage_immature,il1fma,3.7442074,1.1118436,0.0001809641000141542,0.0031785811920133204,0.23510971786833856,0.10171807887543928
macrophage_immature,sec23b,3.6342921,1.0959588,0.00027874478709211163,0.004783516863546238,0.2852664576802508,0.17102694260054666
macrophage_immature,si:ch1073-190k2.1,3.2384763,1.0734576,0.0012017003887843953,0.0174188221403408,0.21316614420062696,0.10171807887543928
macrophage_immature,ponzr1,4.5151753,1.0729278,6.326442859949335e-06,0.00014992665380800566,0.36990595611285265,0.2212026552128075
macrophage_immature,ntm,3.5898778,1.0646336,0.00033083282291873595,0.005549813535030031,0.30094043887147337,0.18820773135493948
macrophage_immature,cx32.2,4.239928,1.0634518,2.2359149317641402e-05,0.0004668840549823582,0.3072100313479624,0.15228426395939088
macrophage_immature,slc7a8a,5.13152,1.0572336,2.8741218478901906e-07,7.73164670072082e-06,0.48589341692789967,0.34029675907848494
macrophage_immature,timp2b,4.541956,1.0528064,5.573466100655997e-06,0.00013313895821247045,0.3322884012539185,0.16966028894962906
macrophage_immature,ctsl.1,3.5284731,1.0499603,0.000417964403394285,0.006857372024919423,0.30094043887147337,0.17942210074189768
macrophage_immature,slc4a4b,4.208114,1.0493951,2.5751060649037978e-05,0.0005302942558484649,0.34169278996865204,0.20577899258102303
macrophage_immature,spi1b,4.734326,1.039219,2.197841721921818e-06,5.6091926338961954e-05,0.5862068965517241,0.41800078094494336
macrophage_immature,ptprc,5.042581,1.020823,4.5929442346019224e-07,1.2245117396894054e-05,0.6238244514106583,0.4597813354158532
macrophage_immature,nrxn2a,3.5540233,1.0181508,0.0003793856608123731,0.006328746274780705,0.3103448275862069,0.197383834439672
macrophage_immature,si:dkey-151g10.6,11.214806,1.0113156,3.449451454645929e-29,9.363692766884313e-27,1.0,1.0
macrophage_immature,myh11a,4.510124,1.0020766,6.478974551465965e-06,0.0001523324252809242,0.4169278996865204,0.26044513861772745
microglia,ccl34b.1,22.522598,9.672977,2.4931567703843674e-112,7.444566116367721e-109,0.9792746113989638,0.15625
microglia,apoc1,20.053238,8.377579,1.8912480142753124e-89,6.27474063402898e-87,0.8911917098445595,0.18159298780487804
microglia,BX539325.2,19.494707,7.238407,1.2175165543699372e-84,2.5967888795347374e-82,0.844559585492228,0.037728658536585365
microglia,g0s2,9.582227,7.1878667,9.497477822095939e-22,3.016964763487072e-20,0.41450777202072536,0.012195121951219513
microglia,glula,21.621984,7.141287,1.1157356100636767e-103,1.6657932658250694e-100,0.9481865284974094,0.21665396341463414
microglia,sall3a,13.753872,6.8178024,4.827549587440118e-43,3.4321578733562364e-41,0.5958549222797928,0.02191310975609756
microglia,mcamb,21.38526,6.7194424,1.8326125147201425e-101,1.824060322984782e-98,0.9430051813471503,0.14233993902439024
microglia,lgals9l1,21.343245,6.370274,4.505735063077642e-101,3.36353122458746e-98,0.9585492227979274,0.1836890243902439
microglia,havcr1,21.30937,6.316526,9.293820297424814e-101,5.550269481622099e-98,0.9740932642487047,0.21570121951219512
microglia,mrc1b,20.296892,6.133432,1.3697982083318023e-91,5.843167785826802e-89,0.9637305699481865,0.18159298780487804
microglia,slco2b1,17.684755,6.0661087,5.49589496582967e-70,7.814639222841617e-68,0.7823834196891192,0.08041158536585366
microglia,lgals3bpb,17.37669,6.0098495,1.239033713729405e-67,1.4799018676784011e-65,0.8082901554404145,0.13548018292682926
microglia,stab1,19.164944,5.967998,7.263555032249559e-82,1.445931688419812e-79,0.8601036269430051,0.09584603658536585
microglia,csf1ra,19.537354,5.6727223,5.285338950334032e-85,1.3151685088081184e-82,0.9378238341968912,0.19645579268292682
microglia,itgae.1,19.75777,5.60021,6.877692953554195e-87,1.8669810144829844e-84,0.9585492227979274,0.2035060975609756
microglia,slc7a7,19.767288,5.531786,5.695609067211382e-87,1.7007088674693186e-84,0.9481865284974094,0.2625762195121951
microglia,slc22a21,20.076872,5.3956804,1.1757090592232815e-89,4.388334063550898e-87,0.9585492227979274,0.23951981707317074
microglia,si:ch73-86n18.1,13.170704,5.369891,1.293864468394021e-39,8.220168728988398e-38,0.5906735751295337,0.05354420731707317
microglia,csf1rb,20.531937,5.3100123,1.1163565762804247e-93,5.555734561288914e-91,0.9585492227979274,0.2536204268292683
microglia,slc3a2a,18.35632,5.0426316,2.938638505439231e-75,4.387387288620772e-73,0.9067357512953368,0.23951981707317074
microglia,CU499330.1,19.100157,5.035007,2.5172702075831436e-81,4.697855524902042e-79,0.9067357512953368,0.18597560975609756
microglia,hbegfb,9.76646,4.9945107,1.5683649776784788e-22,5.2034864703865975e-21,0.44559585492227977,0.046303353658536585
microglia,selenop,18.562551,4.991229,6.456355565804495e-77,1.0710376510829013e-74,0.9378238341968912,0.2814405487804878
microglia,spi1a,19.497925,4.8627152,1.1432567893382095e-84,2.5967888795347374e-82,0.9637305699481865,0.27477134146341464
microglia,mpeg1.1,17.195581,4.8326902,2.8656523734420206e-66,3.291091533499182e-64,0.9222797927461139,0.21303353658536586
microglia,igf1,3.4839838,4.809226,0.0004940094656881665,0.00599639131928807,0.15544041450777202,0.008765243902439025
microglia,CR855337.1,18.775038,4.7389207,1.2086316074294292e-78,2.1229258704613387e-76,0.9015544041450777,0.20960365853658536
microglia,egr3,13.212557,4.666575,7.42587054563835e-40,4.82035857592959e-38,0.6217616580310881,0.08746189024390244
microglia,slc24a3,17.380539,4.5841618,1.1586030689069683e-67,1.4414953182317532e-65,0.8704663212435233,0.2035060975609756
microglia,acvrl1,9.610969,4.5587697,7.186957438721451e-22,2.3075542916152957e-20,0.44041450777202074,0.04211128048780488
microglia,si:dkey-27i16.2,18.373722,4.5393,2.1326870537247796e-75,3.3516860749590485e-73,0.927461139896373,0.3022103658536585
microglia,cmklr1,17.38714,4.5299897,1.0325848113002804e-67,1.3405644550185379e-65,0.8808290155440415,0.18845274390243902
microglia,CR556696.1,3.7253044,4.5127306,0.00019507974365489002,0.00256611504208591,0.17098445595854922,0.015053353658536585
microglia,timd4,11.024411,4.4348392,2.9141988208064005e-28,1.3184541937769563e-26,0.5129533678756477,0.061166158536585365
microglia,slc43a2b,14.501303,4.3051066,1.1887243925174404e-47,9.85980843349188e-46,0.7305699481865285,0.15148628048780488
microglia,bzw2,9.065945,4.2491183,1.2352929319787582e-19,3.4153561989708997e-18,0.43523316062176165,0.06859756097560976
microglia,fcer1gl,15.621866,4.23327,5.167095887961502e-55,4.821546350454077e-53,0.9740932642487047,0.3723323170731707
microglia,CABZ01073834.1,17.559803,4.1031814,5.00489794364912e-69,6.793011481698306e-67,0.9430051813471503,0.3330792682926829
microglia,tspan36,16.90555,4.0609994,4.0948946856589944e-64,4.528650196806577e-62,0.9067357512953368,0.44416920731707316
microglia,smox,15.981374,4.0367455,1.7230574439317958e-57,1.774155009510463e-55,0.8704663212435233,0.3079268292682927
microglia,il1b,14.095252,4.034818,4.061934437235609e-45,3.0322340573963823e-43,0.8186528497409327,0.2379954268292683
microglia,socs3a,15.256292,4.0185266,1.4950500880217565e-52,1.3130057537744015e-50,0.8290155440414507,0.3014481707317073
microglia,ctss2.2,15.100824,4.0093765,1.5992090058284906e-51,1.3643537404011065e-49,0.8860103626943006,0.2149390243902439
microglia,cx32.2,13.686823,3.9739194,1.2171672534794854e-42,8.260139588385781e-41,0.7098445595854922,0.14119664634146342
microglia,slc7a8a,16.21243,3.9365082,4.119559680191255e-59,4.3932161446611026e-57,0.8290155440414507,0.3311737804878049
microglia,qki2,14.45623,3.768437,2.2900207802202774e-47,1.8481086620912834e-45,0.7409326424870466,0.18426067073170732
microglia,aatka,9.728946,3.7229202,2.269317534267562e-22,7.446354019036197e-21,0.47668393782383417,0.07298018292682927
microglia,vsir,15.661153,3.6617188,2.7879669442945e-55,2.6854417082785087e-53,0.9067357512953368,0.33003048780487804
microglia,si:dkey-88j15.3,3.6768255,3.6579285,0.00023615440612152836,0.003052627950990838,0.17616580310880828,0.021722560975609755
microglia,si:dkey-5n18.1,12.005278,3.6573613,3.3334459078826684e-33,1.7774409787388656e-31,0.8290155440414507,0.2191310975609756
microglia,lgals2a,13.126144,3.646545,2.3323350348374483e-39,1.4212964110254328e-37,0.8704663212435233,0.28029725609756095
microglia,ctsc,14.382672,3.6465418,6.647759507503234e-47,5.223739444580172e-45,0.8186528497409327,0.3012576219512195
microglia,si:ch211-125e6.5,7.006228,3.6449473,2.4482895501037886e-12,5.0417879976620085e-11,0.3471502590673575,0.05773628048780488
microglia,MFAP4-5,10.830052,3.623932,2.480122865656915e-27,1.073282156065442e-25,0.6735751295336787,0.1800685975609756
microglia,igf2b,10.172441,3.570268,2.6322976510079554e-24,9.357191411797328e-23,0.5181347150259067,0.10613567073170732
microglia,CABZ01078737.1,13.8878765,3.5691843,7.50271004397826e-44,5.4641688271509965e-42,0.7512953367875648,0.20026676829268292
microglia,slc16a9a,6.377964,3.568508,1.7945771471062423e-10,3.4571660395220903e-09,0.31088082901554404,0.04535060975609756
microglia,slc1a3a,13.452384,3.560975,2.981035666855152e-41,1.9780827780509966e-39,0.7046632124352331,0.23990091463414634
microglia,rgs5b,8.684343,3.5532343,3.809357435979878e-18,9.639611274437218e-17,0.43523316062176165,0.07069359756097561
microglia,slc40a1,12.68685,3.5359633,6.994332122097856e-37,4.095112885604744e-35,0.7150259067357513,0.2528582317073171
microglia,rbp2a,7.1309476,3.5171719,9.96803099226468e-13,2.066981982145995e-11,0.35751295336787564,0.06669207317073171
microglia,ddit3,13.152157,3.5141113,1.6538922389370093e-39,1.0288587969720646e-37,0.7202072538860104,0.24294969512195122
microglia,ckbb,15.744813,3.5044448,7.455159209209846e-56,7.420368466233533e-54,0.8911917098445595,0.4327362804878049
microglia,igsf9ba,7.259003,3.494629,3.8995305034587576e-13,8.37697703836536e-12,0.3626943005181347,0.06916920731707317
microglia,dusp2,12.068173,3.4377532,1.555480408481747e-33,8.444844544957267e-32,0.7098445595854922,0.2648628048780488
microglia,ngfra,5.1097245,3.433923,3.2262867633557935e-07,5.264312718787104e-06,0.2538860103626943,0.0428734756097561
microglia,fabp11a,10.9345455,3.4226737,7.879965680020127e-28,3.511877241871657e-26,0.6321243523316062,0.24847560975609756
microglia,ccl35.1,8.974679,3.310768,2.8417804369285697e-19,7.644645391593433e-18,0.47150259067357514,0.09413109756097561
microglia,rgs2,10.306468,3.308039,6.587781861254633e-25,2.4588895797132917e-23,0.5544041450777202,0.1444359756097561
microglia,si:ch211-212k18.7,14.249017,3.2969317,4.546345001351779e-46,3.480868249752926e-44,0.8393782383419689,0.35289634146341464
microglia,cndp2,12.898658,3.259891,4.580040193940056e-38,2.7352000038210013e-36,0.7979274611398963,0.3669969512195122
microglia,samsn1a,13.712485,3.234201,8.5479423152036e-43,5.935850175162314e-41,0.7979274611398963,0.26676829268292684
microglia,slc29a1b,15.548308,3.225099,1.63364683995643e-54,1.478202867912091e-52,0.8601036269430051,0.47046493902439024
microglia,BX908750.1,10.68415,3.2007337,1.2075011476763393e-26,4.872430306704796e-25,0.5906735751295337,0.17054115853658536
microglia,zgc:158423,3.7701902,3.1186345,0.0001631231148361037,0.002174489379020561,0.18652849740932642,0.027439024390243903
microglia,dusp5,12.09092,3.096485,1.179583720749497e-33,6.64573017010943e-32,0.7150259067357513,0.2498094512195122
microglia,marco,11.072703,3.0719554,1.7018821703247852e-28,7.940344000921576e-27,0.6787564766839378,0.17244664634146342
microglia,arpp21,6.386223,3.023596,1.7003341827224577e-10,3.2968817335125054e-09,0.33678756476683935,0.07679115853658537
microglia,tmsb4x,10.840434,2.9680026,2.2141710218934354e-27,9.722815693196763e-26,1.0,0.921875
microglia,loxl4,7.5600243,2.9653625,4.02994816596574e-14,9.047688138025337e-13,0.39896373056994816,0.08384146341463415
microglia,si:dkey-56f14.7,9.190174,2.924177,3.922056144385491e-20,1.1153580616319121e-18,0.5077720207253886,0.12823932926829268
microglia,fosl1a,6.81068,2.9027023,9.713855693858286e-12,1.9466827585141507e-10,0.36787564766839376,0.0899390243902439
microglia,slc12a2,12.502056,2.8991313,7.274511527882383e-36,4.177248350433999e-34,0.7409326424870466,0.3084984756097561
microglia,slc4a4b,10.730716,2.8966875,7.302835197869022e-27,3.0286480417829025e-25,0.6113989637305699,0.1991234756097561
microglia,plxnc1,11.960812,2.874813,5.700227976750723e-33,2.986119427820642e-31,0.8652849740932642,0.3753810975609756
microglia,ehd4,11.879858,2.8741477,1.5062331195113708e-32,7.754503611829229e-31,0.689119170984456,0.32660060975609756
microglia,ctsk,10.243619,2.867246,1.2641769555529721e-24,4.603454133269725e-23,0.6062176165803109,0.17416158536585366
microglia,tnfb,8.406466,2.8607295,4.225509043127314e-17,1.034210655965423e-15,0.48704663212435234,0.13719512195121952
microglia,coro1a,11.065938,2.8535905,1.835334149078681e-28,8.431242721767602e-27,0.9430051813471503,0.4893292682926829
microglia,rab44,11.091786,2.8010056,1.3751340662778018e-28,6.517698923659549e-27,0.8963730569948186,0.4270198170731707
microglia,cx43,7.841238,2.7787006,4.461256540350522e-15,1.0407275023036451e-13,0.44041450777202074,0.11509146341463415
microglia,mt2,7.2257586,2.7742264,4.983118557854609e-13,1.0478585925178777e-11,0.43005181347150256,0.14977134146341464
microglia,ptpn6,12.072793,2.7739394,1.4705703471579e-33,8.131709364099054e-32,0.9119170984455959,0.43121189024390244
microglia,arpc1b,11.214804,2.6714377,3.449527535074964e-29,1.661336970924813e-27,0.927461139896373,0.5034298780487805
microglia,mfap4,8.777172,2.6297188,1.676369138382987e-18,4.390910743168069e-17,0.5803108808290155,0.19283536585365854
microglia,ca2,5.64915,2.6288779,1.612433142596582e-08,2.8830690801158045e-07,0.3160621761658031,0.08250762195121951
microglia,itgb2,11.527092,2.6087332,9.634304502984674e-31,4.794672207652039e-29,0.8393782383419689,0.37328506097560976
microglia,ptprc,9.8096895,2.6074197,1.0228269049501042e-22,3.4316417282932714e-21,0.9378238341968912,0.45217225609756095
microglia,sox4b,7.770666,2.5878732,7.807434215123546e-15,1.7933075820276084e-13,0.45595854922279794,0.14919969512195122
microglia,cfp,9.176947,2.563597,4.4348898371307605e-20,1.2493000994030613e-18,0.5751295336787565,0.19645579268292682
microglia,c1qb,8.237583,2.5535898,1.7572398952052053e-16,4.1643796246688434e-15,0.49740932642487046,0.1370045731707317
microglia,tie1,4.2544646,2.4853427,2.0954993444232717e-05,0.00030823453411073346,0.24352331606217617,0.0701219512195122
microglia,rbfox1l,4.170455,2.473659,3.0399226155067704e-05,0.0004406412101894765,0.24870466321243523,0.08479420731707317
microglia,spi1b,8.950463,2.4437335,3.5399310401765923e-19,9.43770900532795e-18,0.8601036269430051,0.41196646341463417
microglia,stoml3b,7.464233,2.4432123,8.378619225213384e-14,1.86705649302143e-12,0.45077720207253885,0.1290015243902439
microglia,hcls1,10.815286,2.4390488,2.9138491426133598e-27,1.242964791406213e-25,0.7927461139896373,0.3820503048780488
microglia,slc38a2,9.451582,2.4180853,3.3374942943438084e-21,1.0273977281351146e-19,0.6062176165803109,0.3044969512195122
microglia,laptm5,10.708716,2.4048872,9.263774641406758e-27,3.789264531402819e-25,0.8549222797927462,0.4737042682926829
microglia,fcer1g,9.957715,2.402331,2.3336356141364954e-23,8.009466602082271e-22,0.7875647668393783,0.3778582317073171
microglia,plk2b,3.3759215,2.3814428,0.0007356892679972814,0.008614777075450518,0.19170984455958548,0.051067073170731704
microglia,nr4a1,9.530108,2.300631,1.5711870644249455e-21,4.8870464316384246e-20,0.7046632124352331,0.36051829268292684
microglia,zfhx4,9.11139,2.2746813,8.133282200206863e-20,2.2697178177399714e-18,0.616580310880829,0.27896341463414637
microglia,actb2,9.821821,2.2121246,9.069031786867707e-23,3.077287376771247e-21,0.9948186528497409,0.9717987804878049
microglia,si:ch211-165d12.4,8.733079,2.1832163,2.4783197458696034e-18,6.325010906980031e-17,0.6217616580310881,0.24885670731707318
microglia,robo4,3.24124,2.171993,0.0011901089607384227,0.013309608077771274,0.19689119170984457,0.06383384146341463
microglia,si:ch1073-190k2.1,4.3743315,2.1383638,1.2180514499918977e-05,0.0001836920014987781,0.27461139896373055,0.10213414634146341
microglia,sgk1,8.995583,2.1255195,2.349823606361394e-19,6.437223200545984e-18,0.6787564766839378,0.4380716463414634
microglia,sat1a.1,5.532269,2.0970008,3.161147947806336e-08,5.519992849210362e-07,0.35233160621761656,0.12271341463414634
microglia,lcp1,8.762381,2.0595021,1.911691728208662e-18,4.9209581900267804e-17,0.8134715025906736,0.4096798780487805
microglia,wasb,8.673192,2.0429256,4.201723332565982e-18,1.0543147790791616e-16,0.8601036269430051,0.5085746951219512
microglia,plecb,8.424103,2.030708,3.6352502058347083e-17,8.970956293076396e-16,0.6269430051813472,0.3319359756097561
microglia,apba1a,5.8018413,2.025064,6.5590551394385765e-09,1.216480661264819e-07,0.37305699481865284,0.1286204268292683
microglia,grna,7.3473053,2.0179694,2.0224227179044451e-13,4.473299433824202e-12,0.5440414507772021,0.22808689024390244
microglia,sulf2b,6.956676,1.9594085,3.4839487066859094e-12,7.076918937526616e-11,0.49222797927461137,0.21284298780487804
microglia,pkma,9.532815,1.9559823,1.5307520632805815e-21,4.8113954325850696e-20,0.8860103626943006,0.5617378048780488
microglia,gapdhs,7.34082,1.8014503,2.122893252424975e-13,4.660999449809541e-12,0.9378238341968912,0.6570121951219512
microglia,si:ch73-335l21.4,4.5451503,1.7995127,5.489607440279558e-06,8.406137341884492e-05,0.3471502590673575,0.16901676829268292
microglia,ccl38.1,3.9776363,1.7864631,6.960370042480372e-05,0.0009801708228626366,0.26424870466321243,0.09737042682926829
microglia,CR855311.1,4.964988,1.7681894,6.870521023334518e-07,1.1029771922406919e-05,0.3471502590673575,0.13490853658536586
microglia,rgs13,6.989244,1.7660725,2.76371331528296e-12,5.652361616051314e-11,0.6735751295336787,0.36051829268292684
microglia,fxyd1,4.660398,1.7418038,3.1559837584677613e-06,4.882781089525769e-05,0.33678756476683935,0.14615091463414634
microglia,lpin1,3.197124,1.6728363,0.0013880524848499162,0.015237958528536212,0.24352331606217617,0.11775914634146341
microglia,nfkbiaa,5.5140953,1.6625307,3.5057880459473456e-08,6.086211107673706e-07,0.48704663212435234,0.28029725609756095
microglia,acp5a,4.72768,1.6538614,2.2709923032832907e-06,3.531866155002035e-05,0.35751295336787564,0.16749237804878048
microglia,ifi30,5.5611973,1.649438,2.6792977196174627e-08,4.733954432412866e-07,0.45077720207253885,0.24142530487804878
microglia,ctsl.1,5.652323,1.5886393,1.5829413597206844e-08,2.847387289232508e-07,0.44041450777202074,0.17721036585365854
microglia,gpr183a,5.7556024,1.5561649,8.63333768217874e-09,1.581542718956179e-07,0.47668393782383417,0.22732469512195122
microglia,ncf1,6.1426625,1.5537958,8.114961905156494e-10,1.54339339164314e-08,0.5544041450777202,0.25952743902439024
microglia,ppp1r18,5.6937556,1.5158234,1.2427477511030266e-08,2.248996839268871e-07,0.47150259067357514,0.24466463414634146
microglia,si:dkey-33i11.9,3.8989227,1.4952304,9.66216557402097e-05,0.0013357049261123433,0.3005181347150259,0.13033536585365854
microglia,gnal,4.351655,1.4930003,1.3511360287229163e-05,0.00020273830059128786,0.33678756476683935,0.15472560975609756
microglia,tnfrsf21,3.7105134,1.4889631,0.00020683935465773005,0.0027088697938946575,0.3471502590673575,0.23266006097560976
microglia,eno3,6.259403,1.4702871,3.864531382927589e-10,7.397109429116526e-09,0.8341968911917098,0.6242378048780488
microglia,apoa2,5.4773045,1.4682252,4.3185359201971695e-08,7.411004745809625e-07,0.6113989637305699,0.4535060975609756
microglia,pnp5a,5.0588665,1.4619876,4.2175646090100515e-07,6.8443738709260945e-06,0.43005181347150256,0.20769817073170732
microglia,alcama,3.7535331,1.4598808,0.00017435954897185825,0.0023037062532299504,0.29015544041450775,0.1368140243902439
microglia,cd83,3.9367163,1.4587786,8.260412782504113e-05,0.001147236863653827,0.33678756476683935,0.1760670731707317
microglia,fabp10a,5.3165874,1.4367765,1.0573139552061403e-07,1.7938292444576903e-06,0.5181347150259067,0.3317454268292683
microglia,c1qc,3.8233817,1.428145,0.00013163381279379977,0.0017866298409194823,0.2849740932642487,0.11242378048780488
microglia,slc2a6,3.9765632,1.3576921,6.991841435691279e-05,0.0009801708228626366,0.32642487046632124,0.14996189024390244
microglia,slc44a1b,3.8770862,1.354136,0.00010571492997245493,0.0014546764096670527,0.35233160621761656,0.2107469512195122
microglia,hmox1a,3.1478753,1.3497853,0.001644617950742432,0.017794279476732285,0.3005181347150259,0.19073932926829268
microglia,ndrg3a,3.2753246,1.3320808,0.0010554065319743962,0.011892241148964328,0.3005181347150259,0.17759146341463414
microglia,ahcyl1,3.8744266,1.3233513,0.00010687605219047283,0.0014612766759579264,0.33678756476683935,0.17816310975609756
microglia,opn1sw1,4.0766,1.2971696,4.569896606715906e-05,0.000652904845342282,0.39378238341968913,0.24923780487804878
microglia,ccr9a,4.9421253,1.2630419,7.727549348447895e-07,1.2339284681532308e-05,0.5544041450777202,0.3075457317073171
microglia,prss59.2,4.389612,1.2316383,1.135528903939799e-05,0.0001721162084854944,0.45595854922279794,0.29592225609756095
microglia,gsta.1,3.2811103,1.2229148,0.0010339931550276303,0.011695089245880697,0.37305699481865284,0.27896341463414637
microglia,apoa1b,4.1981235,1.2198023,2.6913564525665256e-05,0.00039201904231042173,0.5492227979274611,0.4616996951219512
microglia,gngt2b,3.6129026,1.2135562,0.00030278836683172533,0.003798849005712319,0.3471502590673575,0.2107469512195122
microglia,hlfa,4.7471604,1.1535621,2.0629216673805796e-06,3.242044262525479e-05,0.5077720207253886,0.3397484756097561
microglia,tcf7l2,3.6630144,1.1494658,0.00024926443307802826,0.0031944360393604825,0.36787564766839376,0.22351371951219512
microglia,hdac9b,3.6155622,1.1494179,0.0002996964476896386,0.0037759223324947714,0.36787564766839376,0.22484756097560976
microglia,clic2,3.3044631,1.1320888,0.0009515849937730193,0.010803926963521808,0.41450777202072536,0.3359375
microglia,fabp7a,3.3171778,1.1124291,0.0009093176336694353,0.010403151165275607,0.43005181347150256,0.34508384146341464
microglia,cela1.6,3.0577068,1.0424478,0.0022303770041789974,0.023533235810878045,0.36787564766839376,0.27553353658536583
microglia,eno1a,3.456455,1.0125035,0.0005473307376887498,0.0065373183309544265,0.42487046632124353,0.3071646341463415
neutrophil,npsn,36.090786,12.038116,3.1636008344023803e-285,4.723256045762754e-282,0.9743589743589743,0.030401297122010538
neutrophil,lyz,33.76165,10.860343,7.212498208729987e-250,3.07664566446682e-247,0.9211045364891519,0.07559789217673288
neutrophil,mpx,36.112995,9.985763,1.418139747273295e-285,4.2345652853580585e-282,0.9763313609467456,0.0581678151601135
neutrophil,si:ch211-9d9.1,30.23794,9.537144,7.516551186491285e-201,1.122221092143149e-198,0.8224852071005917,0.03364410214835833
neutrophil,BX908782.2,24.096775,9.175702,2.702035445106043e-128,2.0687891895093957e-126,0.6528599605522682,0.00790433725172274
neutrophil,si:ch73-359m17.5,19.86452,8.702625,8.253842149313315e-88,4.177283501330434e-86,0.5384615384615384,0.004864207539521687
neutrophil,mmp13a-1,32.359962,8.35198,1.0047624789451585e-229,2.1430148300930306e-227,0.8895463510848126,0.033238751520064856
neutrophil,scpp8,33.89638,8.328109,7.531865532090546e-252,3.748358413137062e-249,0.9230769230769231,0.031211998378597488
neutrophil,si:ch1073-429i10.1,25.512268,7.865827,1.4408977190079816e-143,1.2292915968450952e-141,0.6982248520710059,0.020672882042967168
neutrophil,ponzr6,20.144865,7.6085105,2.9851883044740243e-90,1.5502763438398667e-88,0.5483234714003945,0.007093635995135792
neutrophil,mmp9,25.207087,7.473151,3.3495329254328925e-140,2.77825147648406e-138,0.7001972386587771,0.05472233481961897
neutrophil,mmp13a,21.310844,7.453446,9.005561926142458e-101,5.171270752204111e-99,0.5877712031558185,0.022091609241994326
neutrophil,lect2l,32.81122,7.337602,4.073844448931605e-236,1.105863593137252e-233,0.9132149901380671,0.10194568301580867
neutrophil,cxcr1,13.893136,7.2822943,6.971468026604882e-44,1.8260353971440505e-42,0.378698224852071,0.004661532225374949
neutrophil,cfbl,30.983557,7.1899724,8.978173108096843e-211,1.5769897000457161e-208,0.8599605522682445,0.05451965950547223
neutrophil,il6r,34.89114,7.026008,1.0130759656546682e-266,7.562612083612099e-264,0.9723865877712031,0.11491690312119984
neutrophil,ly97.3,6.4523435,6.9574018,1.1013347824577709e-10,1.5085255323022495e-09,0.1755424063116371,0.0018240778273206323
neutrophil,si:dkey-27h10.2,33.543785,6.908979,1.1092162145830665e-246,3.814588692351162e-244,0.9368836291913215,0.0800567490879611
neutrophil,cpa5,30.969053,6.797462,1.4076799646833057e-210,2.3351846525246393e-208,0.863905325443787,0.09890555330360762
neutrophil,ppdpfa,34.15409,6.6543326,1.1627283121905216e-255,6.943813480401795e-253,0.9467455621301775,0.11876773408998784
neutrophil,slc7a11,27.212458,6.576211,4.6258139210358144e-163,5.115807543782571e-161,0.7593688362919132,0.05614106201864613
neutrophil,ca6,25.011639,6.5536575,4.5676079692588384e-138,3.686183080055917e-136,0.6923076923076923,0.03141467369274423
neutrophil,thy1,24.542568,6.5316114,5.192027288363923e-133,4.079840390277546e-131,0.6785009861932939,0.02959059586542359
neutrophil,si:dkey-195m11.11,22.989954,6.5241175,5.875208997975266e-117,3.9871304699895784e-115,0.6351084812623274,0.020064856100526957
neutrophil,srgn,35.299923,6.2954326,5.88818702801045e-273,5.860708821879735e-270,0.9940828402366864,0.31151195784353464
neutrophil,f8,15.090037,6.2708745,1.88335515782623e-51,5.355903334542023e-50,0.4181459566074951,0.016619375760032428
neutrophil,f5,27.795061,6.1394486,4.977012174533775e-170,5.715907058906865e-168,0.7909270216962525,0.05755978921767329
neutrophil,CT573383.1,14.440365,6.1224766,2.8831374845233606e-47,7.971341230358106e-46,0.40236686390532544,0.018646128901499796
neutrophil,hpgd,21.878885,6.0939865,4.1280666860938295e-106,2.5680014843075366e-104,0.611439842209073,0.03607620591811917
neutrophil,si:dkey-102g19.3,32.552975,5.8072467,1.900334878438076e-232,4.364923036166227e-230,0.9447731755424064,0.14693960275638426
neutrophil,scinlb,32.685097,5.643819,2.543492120548909e-234,6.329056226632535e-232,0.9723865877712031,0.22111876773408998
neutrophil,gapdh,33.084393,5.642821,4.983316498715134e-240,1.488018306516339e-237,0.9447731755424064,0.33400891771382246
neutrophil,si:ch211-188c18.1,13.390101,5.5681386,6.908646074328947e-41,1.7482387438937487e-39,0.3747534516765286,0.013984596676124847
neutrophil,cdaa,11.996683,5.5211453,3.6982243521143314e-33,8.302930763468716e-32,0.33530571992110453,0.014592622618565058
neutrophil,myh9a,33.542717,5.3632116,1.1497420707019578e-246,3.814588692351162e-244,0.9763313609467456,0.3313741386299149
neutrophil,cfl1l,29.650393,5.339354,3.3521803154105594e-193,4.549822919007241e-191,0.8599605522682445,0.2381434941224159
neutrophil,alox5ap,31.142263,5.2620754,6.455717234854238e-213,1.2047982289546722e-210,0.9112426035502958,0.15322253749493311
neutrophil,timp2b,29.194462,5.2518153,2.2800250731734341e-187,2.8367311952066144e-185,0.854043392504931,0.10985002026753142
neutrophil,ved,10.111587,5.249493,4.908302683417063e-24,9.970198512029491e-23,0.2879684418145957,0.018646128901499796
neutrophil,itln1,7.1909375,5.247891,6.434783384319733e-13,9.512011478009269e-12,0.20118343195266272,0.008107012565869477
neutrophil,si:ch211-276a23.5,26.658058,5.220457,1.4433186933501263e-156,1.5391962922655276e-154,0.7909270216962525,0.09809485204702068
neutrophil,glipr1a,31.790318,5.0042543,8.80917413685388e-222,1.7536129315097124e-219,0.9546351084812623,0.21665991082286176
neutrophil,cfh,17.314905,4.9996758,3.6312333469880024e-67,1.3901106120648943e-65,0.49506903353057197,0.032833400891771385
neutrophil,calm1b,30.37475,4.83776,1.1840652761787512e-202,1.8608520603525006e-200,0.9309664694280079,0.23753546817997567
neutrophil,sat1a.1,23.929443,4.803058,1.5127652976643956e-126,1.1017358972746062e-124,0.7100591715976331,0.0713417105796514
neutrophil,sult5a1,8.661624,4.7978783,4.6509124352217366e-18,8.169190900924768e-17,0.2445759368836292,0.010944466963923795
neutrophil,si:ch211-136m16.8,30.06559,4.6662736,1.3657413667956633e-198,1.9419541529770718e-196,0.9585798816568047,0.24766923388731252
neutrophil,s1pr4,10.534251,4.610034,6.005960315633732e-26,1.2541117134603023e-24,0.30177514792899407,0.018240778273206325
neutrophil,gra,15.15537,4.598812,6.982122468446327e-52,2.0046747779596858e-50,0.4339250493096647,0.029387920551276855
neutrophil,ppp1r14aa,22.409859,4.5483694,3.1543679072665012e-111,2.004030334276122e-109,0.6646942800788954,0.07884069720308066
neutrophil,f3b,12.390979,4.502028,2.9245145281447685e-35,6.876063292157699e-34,0.3629191321499014,0.03344142683421159
neutrophil,spi1b,28.55509,4.482335,2.4285155715552435e-179,2.9006189986655826e-177,0.9960552268244576,0.36947709768950143
neutrophil,il1b,23.839884,4.43492,1.2894126687655688e-125,9.16711006889045e-124,0.8244575936883629,0.20044588569112282
neutrophil,fcer1gl,25.741503,4.397298,4.0129172852181e-146,3.631082125351893e-144,0.9783037475345168,0.33360356708552896
neutrophil,dusp2,25.929232,4.319746,3.1186504344301032e-148,2.9100906866275903e-146,0.893491124260355,0.21767328739359545
neutrophil,ncf1,26.126389,4.254889,1.828499503283184e-150,1.7612579086463186e-148,0.8875739644970414,0.20652614511552492
neutrophil,cnksr2b,16.91807,4.2504983,3.311022249324879e-64,1.1769895757719153e-62,0.504930966469428,0.060397243615727604
neutrophil,hyal6,3.8766315,4.202673,0.00010591253285847353,0.0009612608605331367,0.11242603550295859,0.008309687880016214
neutrophil,slc16a3,12.944873,4.1618023,2.511798663295331e-38,6.1985378583469906e-37,0.378698224852071,0.029387920551276855
neutrophil,hbegfa,20.260998,4.1523705,2.841479249012956e-91,1.5151173281344083e-89,0.6252465483234714,0.11897040940413457
neutrophil,cst14b.2,7.345963,4.061885,2.0428258704504997e-13,3.1121826781455067e-12,0.21696252465483234,0.019659505472233482
neutrophil,rab44,25.605629,4.0377316,1.3205315070590362e-144,1.1597373764936124e-142,0.9546351084812623,0.39116335630320226
neutrophil,inhbaa,6.7285185,3.97286,1.713991902139759e-11,2.402807427131136e-10,0.20315581854043394,0.024726388325901905
neutrophil,crhr1,13.420637,3.928383,4.5775968293088896e-41,1.1682653104543886e-39,0.41420118343195267,0.06607215241183624
neutrophil,il4,7.4825664,3.7900841,7.288519646762787e-14,1.133516649230921e-12,0.22485207100591717,0.023307661126874747
neutrophil,camk1db,15.518031,3.7709248,2.619658190126867e-54,7.981938118080434e-53,0.47731755424063116,0.0597892176732874
neutrophil,itgb2,26.418566,3.761885,8.385597369232194e-154,8.34646458150911e-152,0.9467455621301775,0.3325901905147953
neutrophil,zgc:112433,4.062089,3.7417688,4.863549146469885e-05,0.00045668420601758104,0.11834319526627218,0.008715038508309687
neutrophil,kcnip3b,9.497006,3.5838106,2.1601020169163384e-21,4.215728511445874e-20,0.29191321499013806,0.04094041345764086
neutrophil,plxnc1,23.520096,3.5653913,2.5408387861300046e-122,1.7644057245079522e-120,0.9546351084812623,0.33502229428455615
neutrophil,myh11a,22.889883,3.5470285,5.859654868779041e-116,3.888206541816493e-114,0.8500986193293886,0.20997162545601947
neutrophil,cbx7a,17.484627,3.5398347,1.876379971155403e-68,7.37219814982899e-67,0.5601577909270217,0.09910822861775435
neutrophil,crip1,26.562592,3.5337095,1.8374215141001027e-155,1.891910565897554e-153,0.9704142011834319,0.506890960680989
neutrophil,cox6a2,8.811558,3.5226934,1.2341903066089595e-18,2.193626342579972e-17,0.2702169625246548,0.03486015403323875
neutrophil,arpc1b,24.06529,3.5007474,5.774926374480256e-128,4.310982538549511e-126,0.9881656804733728,0.4702067288204297
neutrophil,smox,21.017197,3.4810128,4.566098409403362e-98,2.5725226132978186e-96,0.777120315581854,0.2817186866639643
neutrophil,hlx1,14.742696,3.4640658,3.4282105820687264e-49,9.566950278558147e-48,0.4635108481262327,0.06343737332792866
neutrophil,actb2,29.516567,3.432078,1.7647705930414785e-191,2.2911326047051543e-189,1.0,0.9698013781921362
neutrophil,nme2b.2,19.680086,3.4320512,3.1945931057588883e-86,1.5898425022993401e-84,0.6646942800788954,0.19254154843940008
neutrophil,tmsb4x,21.867722,3.423242,5.27246189521035e-106,3.2129737181832874e-104,1.0,0.9169031211998379
neutrophil,coro1a,21.734,3.3852046,9.789375090787509e-105,5.73158314139049e-103,0.9861932938856016,0.4560194568301581
neutrophil,agr1,6.8153315,3.2393188,9.404658323151333e-12,1.343651184350712e-10,0.21893491124260356,0.039724361572760436
neutrophil,atf3,20.52586,3.225859,1.265039669477806e-93,6.995200839001349e-92,0.747534516765286,0.3094852047020673
neutrophil,plekhf1,6.1636395,3.098762,7.109160530907073e-10,9.392899710304655e-09,0.1992110453648915,0.03486015403323875
neutrophil,atp1a3a,15.508931,3.0676827,3.01861259954909e-54,9.104623456821801e-53,0.5266272189349113,0.11775435751925416
neutrophil,wasb,21.799465,3.0565608,2.347426757151516e-105,1.401883259370885e-103,0.9566074950690335,0.4762869882448318
neutrophil,vsir,20.144436,3.0336068,3.0112534475121324e-90,1.5502763438398667e-88,0.834319526627219,0.3007701661937576
neutrophil,cabp1b,2.8307328,3.0076377,0.004644148579418279,0.034668569145357445,0.09467455621301775,0.019659505472233482
neutrophil,SMIM36,2.9731698,2.9715087,0.002947412615672829,0.022979044570232553,0.09270216962524655,0.01256586947709769
neutrophil,ptprc,17.964697,2.952737,3.6828732124621963e-72,1.593776726436539e-70,0.9447731755424064,0.42055127685447913
neutrophil,socs3a,18.134018,2.9003413,1.7174082605642498e-73,7.541442744183603e-72,0.747534516765286,0.2762464531820024
neutrophil,BX248410.4,8.352849,2.8857307,6.663555789376874e-17,1.1305328174476902e-15,0.27218934911242604,0.04904742602351034
neutrophil,eno3,22.665161,2.8773274,9.888453966389114e-114,6.418896422529977e-112,0.9684418145956607,0.597081475476287
neutrophil,CABZ01073834.1,18.58854,2.8366878,3.9786649023216305e-77,1.885760856878157e-75,0.8579881656804734,0.3029995946493717
neutrophil,lcp1,19.194895,2.8132925,4.083086252147748e-82,1.9987041883464224e-80,0.8974358974358975,0.3753546817997568
neutrophil,rbpms2b,6.819325,2.7931209,9.146933737862521e-12,1.3131126990989176e-10,0.22879684418145957,0.04803404945277665
neutrophil,tcnbb,4.2604322,2.7470615,2.040320436559742e-05,0.00019975071552679965,0.14792899408284024,0.035468179975678964
neutrophil,ryr3,7.11413,2.7382236,1.1262087310600461e-12,1.6484604269339694e-11,0.24260355029585798,0.05492501013376571
neutrophil,pnp5a,14.230457,2.7222657,5.929279982426368e-46,1.5950297322094715e-44,0.5424063116370809,0.18200243210376976
neutrophil,gapdhs,20.517666,2.7209663,1.4973012778053285e-93,8.128984755503111e-92,0.9763313609467456,0.6351844345358735
neutrophil,si:ch211-165d12.4,16.301323,2.667479,9.657822050379862e-60,3.169039191476293e-58,0.6528599605522682,0.22192946899067695
neutrophil,nfil3-6,11.652281,2.5872378,2.2339798235990968e-31,4.8338143139615244e-30,0.4240631163708087,0.11451155249290636
neutrophil,syne1b,15.830354,2.5748196,1.921387871008383e-56,6.039225455611612e-55,0.6153846153846154,0.20835022294284555
neutrophil,ANPEP-1,3.678541,2.574524,0.0002345719687858791,0.0020600938199842205,0.1242603550295858,0.02573976489663559
neutrophil,aqp3a,5.816506,2.5674815,6.0090341383027765e-09,7.570875922773035e-08,0.20512820512820512,0.05147952979327118
neutrophil,ly6m5,3.0092578,2.566357,0.0026188671794142074,0.020524770072784315,0.09467455621301775,0.0131738954195379
neutrophil,laptm5,16.430088,2.512026,1.1648946927987588e-60,3.9082871378619037e-59,0.9447731755424064,0.4402107823267126
neutrophil,hcls1,17.518665,2.510597,1.0321731695539889e-68,4.1094254457176143e-67,0.8402366863905325,0.3510336441021484
neutrophil,si:dkey-262k9.4,17.041698,2.5071537,4.028578278282073e-65,1.4851030541913915e-63,0.873767258382643,0.36785569517632755
neutrophil,CR855337.1,16.224485,2.4913125,3.3853941115989498e-59,1.0987811757863547e-57,0.6607495069033531,0.19031211998378597
neutrophil,txn,17.64274,2.483971,1.1571198243673643e-69,4.669134858866148e-68,0.8067061143984221,0.3704904742602351
neutrophil,si:dkey-185m8.2,16.489809,2.4546478,4.343182955146512e-61,1.4737209436440324e-59,0.7810650887573964,0.3034049452776652
neutrophil,tpm1,15.743451,2.449059,7.617322605347759e-56,2.369304718705043e-54,0.6331360946745562,0.23956222132144306
neutrophil,alox5a,17.215591,2.4330025,2.02862150038235e-66,7.667675696381896e-65,0.6982248520710059,0.3263072557762465
neutrophil,si:ch211-153b23.5,5.794031,2.4104369,6.871679849218613e-09,8.621359676372597e-08,0.19723865877712032,0.041345764085934336
neutrophil,si:ch211-14a17.10,4.3013744,2.4021213,1.697419752087049e-05,0.00016727707523867748,0.15187376725838264,0.03790028374543981
neutrophil,ptpn6,15.064489,2.3168597,2.7730012761208584e-51,7.811492274053663e-50,0.8816568047337278,0.40372922578029996
neutrophil,ifitm1,5.9708486,2.3130813,2.3602249149953922e-09,3.050922768907463e-08,0.21696252465483234,0.05735711390352655
neutrophil,CABZ01078737.1,12.129516,2.2581868,7.3684190811874805e-34,1.6668257103352891e-32,0.5108481262327417,0.1899067693554925
neutrophil,pdia2,5.2579217,2.248489,1.456926440356248e-07,1.6861947096526186e-06,0.20512820512820512,0.06809890555330361
neutrophil,itpr1b,12.14056,2.1931634,6.438387530276774e-34,1.4675591729317897e-32,0.5029585798816568,0.19071747061207944
neutrophil,prdm1a,9.242238,2.1903572,2.4139402769434166e-20,4.477034575747231e-19,0.3806706114398422,0.14085934333198216
neutrophil,ptgs2b,4.16204,2.158039,3.1541707812914815e-05,0.0002999475781189925,0.14595660749506903,0.032833400891771385
neutrophil,s100z,3.8985426,2.1263177,9.677333521644028e-05,0.0008809913992569837,0.14595660749506903,0.04215646534252128
neutrophil,anxa1a,9.8192005,2.1103323,9.30785391383003e-23,1.8653189118588238e-21,0.4240631163708087,0.19639237940818807
neutrophil,ctss2.1,14.174225,2.1024153,1.3229612716535719e-45,3.5271092474621117e-44,0.7297830374753451,0.2882042967166599
neutrophil,socs1a,8.031665,2.0914466,9.615878883807668e-16,1.6040790138016592e-14,0.2938856015779093,0.06951763275233076
neutrophil,samsn1b,10.531326,2.0123343,6.195528498135862e-26,1.2847116732940056e-24,0.41025641025641024,0.10762059181191731
neutrophil,lim2.4,3.3035288,1.9826809,0.0009547619664297853,0.007963461541227203,0.1242603550295858,0.0356708552898257
neutrophil,rgs13,13.038262,1.9392033,7.412769016647267e-39,1.844544023642395e-37,0.7495069033530573,0.332792865828942
neutrophil,icn,7.8009896,1.9344268,6.142356297226542e-15,9.808061980491153e-14,0.5522682445759369,0.4858127280097284
neutrophil,pkma,14.255367,1.9298528,4.1511399829395796e-46,1.126845817187053e-44,0.9013806706114399,0.5395216862586137
neutrophil,arg2,5.896416,1.9014254,3.714810086192509e-09,4.740351674090099e-08,0.2485207100591716,0.09424402107823267
neutrophil,fbln2,4.9139943,1.8588556,8.92392610536608e-07,9.760748480081726e-06,0.21893491124260356,0.09667612484799351
neutrophil,samsn1a,11.926615,1.8425714,8.599984207318484e-33,1.916384540526343e-31,0.591715976331361,0.2541548439400081
neutrophil,tppp,7.911896,1.8157395,2.5349811009945673e-15,4.136313424901518e-14,0.3214990138067061,0.09910822861775435
neutrophil,spi1a,11.73752,1.8122892,8.185107033651977e-32,1.7839948614952412e-30,0.631163708086785,0.2650993109039319
neutrophil,aldocb,12.299594,1.8035992,9.103097652951845e-35,2.107120123388698e-33,0.6232741617357002,0.3256992298338062
neutrophil,gstp1,13.06427,1.7991884,5.26874828940385e-39,1.322057343878983e-37,0.873767258382643,0.5496554519659506
neutrophil,soul5,8.921588,1.7987564,4.596495150786355e-19,8.318263345604882e-18,0.4437869822485207,0.21544385893798135
neutrophil,sagb,5.0510726,1.7849666,4.3933636204150446e-07,4.876796940728373e-06,0.22682445759368836,0.09850020267531415
neutrophil,ca10a,3.5372472,1.7666444,0.00040432121373992536,0.00348931544574398,0.16765285996055226,0.07863802188893393
neutrophil,lrmp,5.3943167,1.7157404,6.878482136814996e-08,8.21565906421183e-07,0.21499013806706113,0.06789623023915688
neutrophil,prdm1b,3.0648818,1.694119,0.0021775604243549724,0.017385549270384888,0.1242603550295858,0.04175111471422781
neutrophil,sgk1,12.38182,1.6764336,3.2782493514063985e-35,7.647541065077739e-34,0.7080867850098619,0.4197405755978922
neutrophil,prkcaa,9.409926,1.5993829,4.9648451098140175e-21,9.382928796142187e-20,0.47534516765285995,0.23246858532630726
neutrophil,slc38a2,9.097144,1.5598868,9.273838875509701e-20,1.698876250446133e-18,0.4911242603550296,0.29712201053911635
neutrophil,ppp1r18,9.908864,1.5527415,3.8095258318118816e-23,7.685975766074512e-22,0.5069033530571992,0.22659100121605188
neutrophil,apoa2,9.424029,1.460895,4.341031468471115e-21,8.256254754684554e-20,0.6548323471400395,0.4389947304418322
neutrophil,ccr9a,9.2207575,1.4360355,2.950084134658947e-20,5.437624213636799e-19,0.5798816568047337,0.2892176732873936
neutrophil,tnnt3b,9.299183,1.43051,1.415285890639387e-20,2.641277293405756e-19,0.5424063116370809,0.32083502229428457
neutrophil,pvalb7,3.6345851,1.4198031,0.00027842821837558476,0.0024238678136136913,0.16568047337278108,0.06789623023915688
neutrophil,anxa4,10.379463,1.3917097,3.075004772756568e-25,6.332389138931802e-24,0.7258382642998028,0.4501418727199027
neutrophil,hdac9b,7.5738325,1.2889766,3.623710590994172e-14,5.665130798276753e-13,0.4260355029585799,0.20976895014187272
neutrophil,ak1,6.070176,1.2816768,1.2777007600950905e-09,1.6807112201074626e-08,0.40236686390532544,0.2837454398054317
neutrophil,apoa1b,7.87946,1.2582463,3.287992920002833e-15,5.3069983022315996e-14,0.6193293885601578,0.4489258208350223
neutrophil,gpr183a,7.849473,1.2295842,4.177886808769894e-15,6.707080651068228e-14,0.45759368836291914,0.213417105796514
neutrophil,ptn,3.4306903,1.2236229,0.000602047595783992,0.005136326060031429,0.15779092702169625,0.06282934738548845
neutrophil,maptb,3.6173205,1.1996474,0.0002976685377774915,0.002576342764648086,0.1854043392504931,0.0883664369679773
neutrophil,acp5a,6.2847743,1.166494,3.283305013560316e-10,4.416193139860858e-09,0.33925049309664695,0.15727604377786786
neutrophil,fabp10a,7.2781963,1.1544802,3.383132144401192e-13,5.07639828300601e-12,0.514792899408284,0.3202269963518444
neutrophil,s100a10b,4.664897,1.134796,3.0877202428667943e-06,3.22375267314694e-05,0.35700197238658776,0.26286988244831777
neutrophil,ahcyl1,5.0931726,1.0525472,3.5212077594368365e-07,3.952754274315186e-06,0.3116370808678501,0.1706526145115525
neutrophil,runx3,8.5550375,1.0396968,1.178306863999516e-17,2.0575580677792717e-16,0.5305719921104537,0.24017024726388325
neutrophil,si:ch73-1a9.3,9.64599,1.0368128,5.111542734139262e-22,1.0041491186934102e-20,0.9842209072978304,0.8609647344953385
neutrophil,pbxip1b,4.5627046,1.0353366,5.049890430864645e-06,5.181777603629495e-05,0.32938856015779094,0.22415889744629106
neutrophil,si:ch211-212k18.7,7.370858,1.0053695,1.6953319374318133e-13,2.5960313667545612e-12,0.6193293885601578,0.3445480340494528
non_specific_hematopoietic,lgals2a,7.274554,1.5161593,3.475671430602381e-13,6.918903261185807e-11,0.46551724137931033,0.28591520996584285
non_specific_hematopoietic,MFAP4-5,4.808445,1.3114653,1.5210888172350602e-06,6.779061504871478e-05,0.3254310344827586,0.18565400843881857
non_specific_hematopoietic,apoc1,3.3420978,1.248194,0.0008314774427386881,0.01986233315214178,0.2801724137931034,0.19991963029937712
non_specific_hematopoietic,stmn2a,3.202674,1.21473,0.0013615810468095538,0.02946145656357484,0.2025862068965517,0.117138838657826
non_specific_hematopoietic,si:dkey-151g10.6,14.497844,1.1982828,1.2501620448620076e-47,3.732983865957955e-44,1.0,1.0
non_specific_hematopoietic,hmga1a,8.304784,1.1877941,1.0000141027961266e-16,4.976736851582057e-14,0.9137931034482759,0.7944544906570223
non_specific_hematopoietic,tmsb4x,7.0155597,1.1685482,2.290305322830818e-12,3.7993620522071235e-10,0.9978448275862069,0.9178219811131203
non_specific_hematopoietic,si:dkey-5n18.1,4.7187247,1.1424992,2.3732767402530927e-06,0.0001012372049485105,0.3857758620689655,0.22724532851115128
non_specific_hematopoietic,mfap4,4.761337,1.1419331,1.923147500690652e-06,8.322490488496068e-05,0.33189655172413796,0.19489652401044807
non_specific_hematopoietic,hbbe3,3.4730241,1.1370268,0.0005146289846120334,0.01291329536177758,0.41379310344827586,0.3234880450070324
non_specific_hematopoietic,ckbb,6.746399,1.1284118,1.5155965028697745e-11,1.967639633725716e-09,0.5646551724137931,0.4382157926461724
non_specific_hematopoietic,lygl1,4.970535,1.0612439,6.676851542938498e-07,3.3228464512023926e-05,0.3879310344827586,0.24010448061080972
non_specific_hematopoietic,ptmab,8.001153,1.0075563,1.2325919990252083e-15,4.60064963636159e-13,0.9892241379310345,0.9033554350010046
thymocyte,si:ch73-226l13.2,6.2338386,11.12232,4.5514268675538134e-10,1.9415086609308124e-07,0.9333333333333333,0.01695539992628087
thymocyte,rorc,6.6527414,10.984229,2.8768319486524346e-11,2.8630926261250454e-08,1.0,0.11279026907482492
thymocyte,CR848749.2,6.656198,9.707123,2.8100148971267116e-11,2.8630926261250454e-08,1.0,0.03593807593070402
thymocyte,ms4a17c.1,6.202153,9.5925255,5.569583225907465e-10,2.0788469390699614e-07,0.9333333333333333,0.021194249907851088
thymocyte,fxyd6,4.8846245,9.389487,1.036260948666191e-06,9.376591493082565e-05,0.7333333333333333,0.012532252119424991
thymocyte,gucy1a1,3.5553272,9.107417,0.00037750892324377714,0.020129315085819974,0.5333333333333333,0.004791743457427202
thymocyte,si:ch211-132g1.4,6.6089582,8.562784,3.870336676046865e-11,2.8630926261250454e-08,1.0,0.03391079985256174
thymocyte,tnfsf14,6.1173024,8.513212,9.517251387140988e-10,2.675767392157758e-07,0.9333333333333333,0.034647991153704386
thymocyte,tagapa,6.633648,8.285754,3.274900866603561e-11,2.8630926261250454e-08,1.0,0.10523405823811278
thymocyte,ccl36.1,5.619886,8.123636,1.9108347081504762e-08,3.3563249638454837e-06,0.8666666666666667,0.028934758569848874
thymocyte,slc24a4a,6.133516,7.3690705,8.595798705579128e-10,2.675767392157758e-07,0.9333333333333333,0.06395134537412459
thymocyte,socs1a,6.083889,7.0709624,1.173017168577637e-09,2.6943302041329416e-07,0.9333333333333333,0.08809436048654626
thymocyte,samsn1b,6.577191,7.061881,4.794193948635374e-11,2.8630926261250454e-08,1.0,0.13343162550681903
thymocyte,runx3,6.096728,6.7601633,1.0826160904884765e-09,2.6939097051654926e-07,1.0,0.2652045705860671
thymocyte,col4a6,5.5616183,6.677152,2.672846035541018e-08,4.433954590069711e-06,0.8666666666666667,0.1315886472539624
thymocyte,bcl11ba,5.3980074,6.2084713,6.738513691305986e-08,9.581524705828417e-06,0.8666666666666667,0.09620346479911537
thymocyte,sat1a.1,5.5496025,5.998657,2.8631988491656602e-08,4.4997430334782424e-06,0.8666666666666667,0.12882417987467748
thymocyte,ncaldb,5.765391,5.537986,8.146869951146744e-09,1.621770244941612e-06,0.9333333333333333,0.20715075562108368
thymocyte,laptm5,6.444031,5.4619656,1.1634158475608706e-10,5.789932868027933e-08,1.0,0.48580906745300406
thymocyte,scgn,4.565962,5.4093246,4.972089873084604e-06,0.0004012610908386656,0.7333333333333333,0.09085882786583119
thymocyte,cldni,4.426547,5.2472796,9.575351690518856e-06,0.0007331282089202385,0.7333333333333333,0.18374493180980464
thymocyte,sema3fa,3.351719,5.241323,0.000803115125227472,0.03996836273215386,0.5333333333333333,0.052340582381127904
thymocyte,mef2ca,4.945855,5.136483,7.581028306640021e-07,7.30224210439584e-05,0.8,0.14817545152967196
thymocyte,ccr9a,5.275628,5.062435,1.3230201053758804e-07,1.5802152138609513e-05,0.9333333333333333,0.3145963877626244
thymocyte,ezra,4.475762,5.0036592,7.613927608430918e-06,0.0005982944168098611,0.7333333333333333,0.2224474751197936
thymocyte,calm1b,5.2228746,4.9784408,1.7616680504438704e-07,1.8786931423662132e-05,0.8666666666666667,0.3005897530409141
thymocyte,si:ch211-165d12.4,5.1043634,4.888106,3.3190960989587167e-07,3.417524466031285e-05,0.8666666666666667,0.2604128271286399
thymocyte,syne1b,4.895653,4.8693223,9.797997462501518e-07,9.14275638219673e-05,0.8,0.24474751197935865
thymocyte,dusp2,5.0861754,4.774092,3.6535610040648653e-07,3.636511052712563e-05,0.9333333333333333,0.27884260965720603
thymocyte,srgn,5.2544775,4.747351,1.4844537637653435e-07,1.7048380533089675e-05,1.0,0.3733873940287505
thymocyte,tpm1,5.34764,4.720955,8.910841342907822e-08,1.1568596630401198e-05,0.8666666666666667,0.27460375967563583
thymocyte,fcer1g,5.3378468,4.613953,9.405702101832238e-08,1.1702261031696278e-05,0.9333333333333333,0.3908956874308883
thymocyte,epcam,3.5605943,4.543192,0.00037001625860350247,0.02008851905800106,0.6,0.1503870254330999
thymocyte,tnfb,3.3268645,4.524846,0.0008782905334054173,0.04229960536691252,0.6,0.1483597493549576
thymocyte,arpc1b,6.1117063,4.4589067,9.857147124492745e-10,2.675767392157758e-07,1.0,0.5171396977515665
thymocyte,ptpn6,5.7487664,4.433604,8.989678979982795e-09,1.6776988396392892e-06,1.0,0.4467379284924438
thymocyte,myh11a,4.797552,4.430191,1.6061651693480705e-06,0.00013702883416209539,0.8666666666666667,0.267969037965352
thymocyte,coro1a,5.908921,4.3659515,3.4435585515524257e-09,7.344618453525388e-07,1.0,0.5040545521562846
thymocyte,myo1cb,4.2742934,4.363174,1.9174438516968614e-05,0.001272330520259295,0.7333333333333333,0.23516402506450423
thymocyte,pgam1a,5.244272,4.2851944,1.5690034698960653e-07,1.7352016152257967e-05,0.8666666666666667,0.4157758938444526
thymocyte,foxo1a,4.875407,4.198612,1.0858429622416306e-06,9.536256133098556e-05,0.8666666666666667,0.35090305934389976
thymocyte,itpr3,3.4990346,4.108503,0.00046694604301453165,0.02446141902528757,0.6,0.13951345374124585
thymocyte,nfkbiaa,3.9054282,4.0805154,9.405867479831908e-05,0.0056171840589556155,0.7333333333333333,0.2863988204939182
thymocyte,ndrg1a,4.0458307,3.7735236,5.213789844185199e-05,0.0033124205265397883,0.7333333333333333,0.21581275340950976
thymocyte,ly75,3.337728,3.7520442,0.000844663751569282,0.04134698298665371,0.6,0.14577957980095835
thymocyte,itpkb,3.980979,3.6852844,6.863203446477537e-05,0.004269484477329568,0.7333333333333333,0.2676004423147807
thymocyte,gapdhs,5.366075,3.5622408,8.046841782080613e-08,1.0921758891496686e-05,1.0,0.6660523405823812
thymocyte,pde6ha,3.9353852,3.5088823,8.306338087324227e-05,0.005061780720153091,0.7333333333333333,0.25064504238849983
thymocyte,crip1,4.6009393,3.3100376,4.205903637457843e-06,0.0003488563405958088,0.9333333333333333,0.549023221525986
thymocyte,si:dkey-27i16.2,3.764614,3.304077,0.00016680640894083768,0.0093978101339121,0.8,0.32307408772576485
thymocyte,wasb,4.3499265,3.237546,1.3618321526807736e-05,0.0009681978114059024,0.9333333333333333,0.5199041651308515
thymocyte,ptmab,5.4635177,2.8958654,4.66791311127606e-08,6.969194275135158e-06,1.0,0.9104312569111684
thymocyte,lcp1,3.3631585,2.765345,0.000770561032206872,0.03899822444355457,0.8,0.42296350903059343
thymocyte,pkma,3.8634555,2.5973513,0.00011179421675340276,0.006545441788738443,0.8666666666666667,0.572429045337265
