official_fine_cell_type,gene,n_independent_fish,mean_within_fish_log2cpm_difference,sd_within_fish_log2cpm_difference,t_statistic,p_value,fdr_bh
erythroblast,hbae1.3-1,21,6.592868706438141,3.0724574788489964,9.833275188393008,4.194345250437342e-09,3.15096435636984e-07
erythroblast,hbae3,21,6.512327625496864,3.1824091651435067,9.377560441020682,9.218035622663602e-09,5.308562780013408e-07
erythroblast,hbbe1.1,21,6.440722472371364,3.1892087080785796,9.25467755844271,1.1447476946801123e-08,6.21904019872255e-07
erythroblast,hbbe1.3,21,6.390756592539043,3.1570913550583932,9.276299777142986,1.1017905477152111e-08,6.030809621061639e-07
erythroblast,hbbe1.2,21,6.243561465435123,3.3485594224019444,8.544448346967835,4.153612261758157e-08,1.7228045281456026e-06
erythroblast,hbae1.3,21,6.219216395489626,3.0239571730962025,9.424746537154395,8.486485264620243e-09,4.996281614481896e-07
erythroblast,epb41b,21,6.214795323228158,2.7534518001074946,10.343297092122233,1.788168923749744e-09,1.8102735949473882e-07
erythroblast,hemgn,21,6.112027784593893,2.78350010150893,10.06244977587435,2.8490264235998667e-09,2.4274236003559735e-07
erythroblast,hbbe2,21,6.052770711000816,3.262236026435666,8.502536212157157,4.4908359393454625e-08,1.8334238689872434e-06
erythroblast,alas2,21,5.949703142116923,2.919285506578632,9.339602087505863,9.85397540296815e-09,5.574099282070745e-07
erythroblast,hbae1.1,21,5.848194629445742,3.0780536794471702,8.706733981677237,3.0767068913442225e-08,1.372511440065508e-06
erythroblast,cahz,21,5.703945220120904,2.911129062448828,8.978908241566517,1.8739726206119422e-08,9.347716153907025e-07
erythroblast,si:ch211-250g4.3,21,5.703577224139784,3.308708743407378,7.8994787358436875,1.416355517967866e-07,4.356245923256547e-06
erythroblast,slc4a1a,21,5.701611748013578,2.249885868292432,11.61306348323873,2.420795881903793e-10,5.676455984617996e-08
erythroblast,si:ch211-207c6.2,21,5.636467497982573,2.7304429129628653,9.459834827176547,7.981787427573857e-09,4.785113576305845e-07
erythroblast,nmt1b,21,5.4601231996228865,2.4806799636208594,10.086519919133172,2.73657425864806e-09,2.3834258662225244e-07
erythroblast,nt5c2l1,21,5.225950351223407,2.27626826457077,10.520865855447925,1.338089734336125e-09,1.521183801488217e-07
erythroblast,zgc:163057,21,5.206253354243896,2.284928120786285,10.441488231468048,1.5226118126780613e-09,1.610928290183045e-07
erythroblast,si:ch211-227m13.1,21,5.158116490744796,1.9585347227831431,12.06895082699805,1.2285661498416804e-10,4.012584800107917e-08
erythroblast,add2,21,5.131877316170259,1.9962429515338354,11.780738532104683,1.8819642036678159e-10,5.2076571912036204e-08
erythroblast,sptb,21,4.99585670844061,2.7672981110347408,8.27301237849709,6.914161926593721e-08,2.556469440109147e-06
erythroblast,tmod4,21,4.835454426136419,2.3034966450704517,9.61965192122156,6.0482813512019325e-09,3.9967043270595914e-07
erythroblast,BX005417.1,21,4.765783743160762,3.148068965497533,6.937448000086162,9.786218202496187e-07,1.984367305140302e-05
erythroblast,hbae5,21,4.730713142722438,2.4113543970624125,8.990321411924294,1.835788845760961e-08,9.207471112148441e-07
erythroblast,tfr1a,21,4.599846625295515,2.0999250872952615,10.03804634419324,2.9679546717768665e-09,2.474949435264387e-07
erythroblast,hif1al2,21,4.563410681005278,2.362379075488179,8.852167329900356,2.3578921589483928e-08,1.12894888971639e-06
erythroblast,klf1,21,4.549798157561655,1.9830303962361346,10.514107344683463,1.352852470187987e-09,1.5241493081229072e-07
erythroblast,rfesd,21,4.488904179995951,2.577853645644525,7.9797948293111665,1.212078757847813e-07,3.893838491985334e-06
erythroblast,ucp3,21,4.4405438243615505,1.67008006025058,12.184522578427945,1.0377278553137146e-10,3.6500081680168924e-08
erythroblast,CR293511.1,21,4.394504564686354,2.6127310967336403,7.7077008937813405,2.0615753640095937e-07,5.8671493891704565e-06
erythroblast,aqp1a.1,21,4.35295950395391,2.1703661576371314,9.190968239968903,1.2817341107922907e-08,6.775409504737283e-07
erythroblast,si:dkey-93h22.7,21,4.291601767205671,2.4178222245757515,8.134009916414382,9.00940099557201e-08,3.137974929968492e-06
erythroblast,ripor3,21,4.280610978564163,1.9889190837255513,9.862756102266898,3.989410525763775e-09,3.057247982523161e-07
erythroblast,ank1a,21,4.271731717516625,1.93160560514225,10.134332749889717,2.5266890469908722e-09,2.2802537501379794e-07
erythroblast,tubb1,21,4.236712299176166,1.5713800263835225,12.355416565532057,8.103175112235126e-11,3.012405857940362e-08
erythroblast,slc20a1a,21,4.220568522350159,2.0178160786081056,9.585152449949275,6.419850069662227e-09,4.16379637496887e-07
erythroblast,gata1a,21,4.178622026726094,1.8287358686102722,10.471086648852177,1.4508880654527671e-09,1.5629642284853691e-07
erythroblast,rhd,21,4.15895763188811,2.2530944695092354,8.458916578137483,4.872080954695511e-08,1.9456410624755655e-06
erythroblast,si:ch211-262i1.3,21,4.073711272492749,2.2142973479312773,8.430706148401294,5.136388897107778e-08,2.019792688040338e-06
erythroblast,rell2,21,3.975165205689168,1.8286826307022286,9.961540154198346,3.3754436938377845e-09,2.6998629078845367e-07
erythroblast,gp9,21,3.967989829381131,2.2567223463758763,8.057532544557569,1.0433157412331666e-07,3.5424959604866244e-06
erythroblast,TCIM,21,3.9369910006303748,1.8691266589574693,9.652400592697957,5.716234563694091e-09,3.855226470505028e-07
erythroblast,uros,21,3.8942278275400843,1.5949029039270812,11.189141200486379,4.632379447959476e-10,7.796891420537928e-08
erythroblast,hdr,21,3.8826993145921085,1.8778662761492702,9.474989638962535,7.773551498245848e-09,4.7498304087834045e-07
erythroblast,gfi1b,21,3.8607017243612143,1.5026540056721511,11.773806758408115,1.9015525674260671e-10,5.2076571912036204e-08
erythroblast,BX950188.1,21,3.846515452971877,1.8467714285898769,9.544737346581234,6.8855106687570085e-09,4.3526263870356805e-07
erythroblast,adrb3a,21,3.7804647199175827,1.6209256408449562,10.687884320283537,1.0219099928651717e-09,1.3224575780309427e-07
erythroblast,zgc:66433,21,3.773975638933859,2.09047426482383,8.273016954739308,6.914101963645422e-08,2.556469440109147e-06
erythroblast,rhag,21,3.746534713887827,2.1186859430137774,8.103503483743575,9.551534195599079e-08,3.2961803856133423e-06
erythroblast,blvrb,21,3.725199467940676,1.7415716884537624,9.802070539975128,4.423231667424671e-09,3.229115146938937e-07
erythroblast,eef2l2,21,3.7080624353388836,2.386707018506523,7.1196324726089495,6.721917757905025e-07,1.4729697578923671e-05
erythroblast,slc6a22.2,21,3.705597267343261,2.55417193445506,6.648409115905891,1.792097324524192e-06,3.2282462310125546e-05
erythroblast,adss1,21,3.6405309016792287,2.3218339899200657,7.185271858021706,5.87755564766465e-07,1.3174079999483634e-05
erythroblast,dmtn,21,3.601545795223178,1.6462464286251848,10.02544694310637,3.0313682232191607e-09,2.512555504653102e-07
erythroblast,si:dkey-150i13.2,21,3.5634726711096234,1.3228788720656017,12.344201420926861,8.235117162220782e-11,3.012405857940362e-08
erythroblast,kank4,21,3.5486685805833766,1.2812601460875848,12.692225256902026,5.01515223489283e-11,2.5374659131058428e-08
erythroblast,hmbsb,21,3.431030959807985,1.994163387715824,7.8844888948977445,1.458269967627178e-07,4.45519338105252e-06
erythroblast,fbxo32,21,3.4051633714111773,2.3255035146805714,6.710124841641512,1.573458932276733e-06,2.914776894464022e-05
erythroblast,camsap2b,21,3.390922994452972,2.372521388237933,6.549640131753658,2.20925756072907e-06,3.8556603803181954e-05
erythroblast,klf17,21,3.3656403578547973,1.6112140048241208,9.572472468392842,6.562315351549076e-09,4.216326034420349e-07
erythroblast,hbbe3,21,3.355856701170602,3.15466281333058,4.874837110817257,9.169664601933717e-05,0.0008568451919415925
erythroblast,ncs1a,21,3.319802581633868,1.569286559979804,9.694371321731577,5.3181857607320684e-09,3.6844552107496035e-07
erythroblast,rbm24a,21,3.290801112502069,2.285639121700986,6.597867988828761,1.9943381935083075e-06,3.5482923695784964e-05
erythroblast,gp1bb,21,3.2355867320631044,2.56008007524018,5.791741149300932,1.1470821862290234e-05,0.00015158324846660244
erythroblast,igfbp5a,21,3.2330055075291053,1.92481245183791,7.697109630766703,2.1050625732857483e-07,5.958875448039141e-06
erythroblast,slc10a4,21,3.230984239604399,1.292224164790073,11.457942244565459,3.063266114735196e-10,6.323922413547084e-08
erythroblast,nt5e,21,3.226200956924754,2.2146134637074444,6.675797079051666,1.6914475872002697e-06,3.091596572607555e-05
erythroblast,top1,21,3.223006993907221,2.160560477156263,6.836037996210968,1.2085107126274304e-06,2.364348672873451e-05
erythroblast,im:7151449,21,3.1934125159786944,1.8430762452087952,7.940015839135241,1.3091387457372408e-07,4.081388805602409e-06
erythroblast,wnk4b,21,3.166900980966877,2.816367910027796,5.152935954155005,4.84065185255233e-05,0.0005000123628568266
erythroblast,ppox,21,3.1659130636516246,1.6856181397963035,8.606953090565531,3.6987169247949344e-08,1.5830623842706557e-06
erythroblast,si:ch211-103n10.5,21,3.1658640687609116,3.9691535822842128,3.655139927008982,0.001573199262562687,0.009111404215412143
erythroblast,phyhiplb,21,3.1246996962887756,1.80216883058201,7.945522438996164,1.2952364939178444e-07,4.05230651104033e-06
erythroblast,sept3,21,3.1121515117163705,2.3954482521928107,5.953653919910931,8.020349178232973e-06,0.00011278230635818638
erythroblast,zgc:56095,21,3.102588309895132,1.9482747228826245,7.29765962335288,4.676994044424197e-07,1.1056287753551129e-05
erythroblast,epor,21,3.0962262791623307,1.0651451125071842,13.320899778223552,2.1028011529025083e-11,1.9354687461171475e-08
erythroblast,stx2b,21,3.0854109737370217,1.63395193429142,8.65333247598185,3.3947938508363526e-08,1.4807022145897508e-06
erythroblast,slc9a1b,21,3.050311120271732,1.70677374790122,8.189885518803841,8.09754579765073e-08,2.896429843005838e-06
erythroblast,slc43a3a,21,3.0402214567744488,1.9301244333378174,7.218210761160489,5.495884564485035e-07,1.2501060710348013e-05
erythroblast,oxsr1b,21,3.037107440856984,1.3763976877916715,10.111739408521377,2.623697090111884e-09,2.3171076637395316e-07
erythroblast,znfl2a,21,3.0124127414068664,2.258977055920802,6.1110002758834465,5.681760228597396e-06,8.340240335557493e-05
erythroblast,cyp46a1.1,21,2.998574208499504,1.633788766294197,8.410630291307127,5.3335070103170046e-08,2.069657211146351e-06
erythroblast,cldng,21,2.9650992764219906,1.6958941916053585,8.01216959437791,1.1385983826983167e-07,3.726875883953771e-06
erythroblast,atxn1b,21,2.9603284886635772,2.147799855251821,6.316198107595325,3.64120729161021e-06,5.801191756406859e-05
erythroblast,phospho2,21,2.9425328880544845,1.6501754019319486,8.171482667006071,8.386808850186175e-08,2.9727661602694795e-06
erythroblast,fth1a,21,2.9335493627972458,1.6743215369316091,8.029050402435912,1.1021296204239861e-07,3.651802673470055e-06
erythroblast,arl4aa,21,2.8997967840339336,1.6454309779687504,8.07602290266191,1.0068830622768335e-07,3.4443686799956267e-06
erythroblast,sox6,21,2.8916903038759667,1.5943705321645494,8.311361403481987,6.430113797576631e-08,2.4265498216852113e-06
erythroblast,tbx16l,21,2.862844805934647,1.8134517795428384,7.234382063036693,5.317961634952574e-07,1.2219286219005351e-05
erythroblast,tal1,21,2.8466401253929967,1.918638303966699,6.799063598356268,1.3055976054183516e-06,2.5083382566283245e-05
erythroblast,spns2,21,2.846446104808995,2.6033270990977297,5.010532384278671,6.70866760021355e-05,0.0006585055299172048
erythroblast,ppm1ab,21,2.834084512288883,1.5193351700324114,8.548085412377281,4.125615128118564e-08,1.7149431975747394e-06
erythroblast,tent5c,21,2.8164685217239347,1.59778831481167,8.077841146798978,1.0033723564599387e-07,3.436644269597805e-06
erythroblast,tspo,21,2.7974144842809685,1.492689204292419,8.58809964426598,3.830211367133517e-08,1.6291759512760935e-06
erythroblast,st3gal3b,21,2.7705198052463564,1.2161196747244796,10.43985800558003,1.526667962265689e-09,1.610928290183045e-07
erythroblast,slc25a37,21,2.7428935678529838,0.9728964308489614,12.919687028685546,3.6476826846413676e-11,2.271323436320147e-08
erythroblast,arl4ab,21,2.7353682093079663,1.6796030548390033,7.463091851741779,3.351567473784393e-07,8.55036109279255e-06
erythroblast,mibp,21,2.6953567204477236,2.165328266346611,5.704297306015238,1.3933878760120444e-05,0.00017766392947826405
erythroblast,dnajb2,21,2.6888536579935223,1.324364518147312,9.303990896442627,1.0492098252905218e-08,5.828972295341856e-07
erythroblast,clgn,21,2.6343113898953154,1.1465139684866934,10.529249254776714,1.3200105502166535e-09,1.5152506044014178e-07
erythroblast,si:ch1073-184j22.1,21,2.6222335651924147,2.3402188387909204,5.134812011237614,5.045455238983289e-05,0.0005180466485086322
erythroblast,flot1a,21,2.5965931905837256,1.4255384583240478,8.347080905025969,6.010828504404933e-08,2.2935616136070837e-06
erythroblast,zar1,21,2.591284812783808,1.7473295012238947,6.79594706862887,1.314139871727206e-06,2.519456840030461e-05
erythroblast,si:ch211-139d20.3,21,2.581632867176114,2.008579818275071,5.889996465552583,9.22848452205778e-06,0.0001269090089537119
erythroblast,si:ch73-250a16.5,21,2.5621950957580912,1.4858576682930729,7.902138422884376,1.4090497872949657e-07,4.350561515335562e-06
erythroblast,nfe2,21,2.554810673434715,1.4613417377698372,8.011550614548755,1.1399591223982413e-07,3.726875883953771e-06
erythroblast,urod,21,2.5376964613148094,1.2856673708069846,9.045252597098507,1.6629966893110914e-08,8.4803557939126e-07
erythroblast,pik3ip1,21,2.524476573600583,1.5965070798188192,7.2461971104946805,5.191735832698694e-07,1.2019854225323938e-05
erythroblast,tmem63bb,21,2.5060887086161125,1.8395943490383355,6.242866103340124,4.266176436851962e-06,6.597663503102232e-05
erythroblast,hprt1l,21,2.5014634448973383,1.5200127994267887,7.541479643283209,2.8657232628257027e-07,7.500454699123216e-06
erythroblast,tmem229b,21,2.4816196277790734,1.1591175313563153,9.811092907100461,4.355747097589063e-09,3.2037512499291135e-07
erythroblast,fabp10b,21,2.460486449608584,1.3136508231272819,8.583228665668026,3.8649663852317374e-08,1.6388771681427003e-06
erythroblast,tmem14ca,21,2.456585929934695,1.0027389443808463,11.226741554393602,4.370058210488582e-10,7.636467962086259e-08
erythroblast,faxdc2,21,2.427613861247862,2.2339646185806825,4.979812206855937,7.199583638598157e-05,0.0006991878836281077
erythroblast,si:dkey-100n23.3,21,2.4215603308158444,1.341239174438186,8.273679838284012,6.905421827445166e-08,2.556469440109147e-06
erythroblast,hivep3b,21,2.4123282481796364,1.966439019620098,5.621672824870555,1.675860324327635e-05,0.00020691821781246026
erythroblast,fech,21,2.3940839092642023,0.9567301321972425,11.467257448119305,3.0200676230683495e-10,6.323922413547084e-08
erythroblast,pip5kl1,21,2.383771354479332,1.716208265177609,6.365085690948151,3.277545785515774e-06,5.333301816466504e-05
erythroblast,fhdc5,21,2.379503174191877,1.6765458742529302,6.503999430961535,2.4346197630209985e-06,4.169400324499444e-05
erythroblast,CU138547.1,21,2.3793414379093667,1.5140677633913704,7.2014691198113185,5.686567510389949e-07,1.2872193040226754e-05
erythroblast,alad,21,2.3686131979181257,1.2263395404779793,8.851014676816689,2.36284512916937e-08,1.1293494097345238e-06
erythroblast,atp8a2,21,2.33999601075897,1.8995468717962214,5.645140430284701,1.5901388141441753e-05,0.000197937651388591
erythroblast,reep1,21,2.3259971946701654,1.4786409075109537,7.208686136496603,5.603543498245282e-07,1.2705224452426388e-05
erythroblast,fam210b,21,2.308256679359151,0.8816115552133309,11.998210429525429,1.363143387286639e-10,4.3997457447304637e-08
erythroblast,fam222ba,21,2.3024077391569,1.0407732988278797,10.13761378892131,2.512914974745652e-09,2.2753076677276227e-07
erythroblast,adcy6a,21,2.2926829424982733,1.72137148520511,6.10350131789277,5.775479647705561e-06,8.451211974170527e-05
erythroblast,tmem205,21,2.2704192795363274,1.1928772662584388,8.722077704101537,2.991153534248091e-08,1.3430817874320192e-06
erythroblast,ezra,21,2.264253010570537,1.1855471268946003,8.752170688186913,2.8304551244230585e-08,1.2877866722810382e-06
erythroblast,tacc3,21,2.2544611045968064,1.3762040383388614,7.507054459467274,3.069440624526253e-07,7.939011165283528e-06
erythroblast,drl,21,2.248245455665515,1.8438745230091504,5.587557533260942,1.8089787973067633e-05,0.00022008573527321974
erythroblast,kcnab1b,21,2.235823080329177,1.6451287649122945,6.227979672268397,4.405954476066001e-06,6.764261950244584e-05
erythroblast,parvb,21,2.2336348340902017,1.6921989212415116,6.048816468101045,6.508668042791854e-06,9.427946555121146e-05
erythroblast,tbcelb,21,2.21562910340596,1.8898287103370257,5.372597009860353,2.9365373844266485e-05,0.00033031530603421525
erythroblast,atf5a,21,2.2114986333340063,1.7079513424882558,5.9336350131497735,8.38173764705631e-06,0.00011720334982007637
erythroblast,mllt3,21,2.200320650814445,1.3351396639767195,7.552120731324112,2.8056218674018234e-07,7.390212224666107e-06
erythroblast,plac8l1,21,2.1991233348359978,1.7581763946637727,5.731876036452468,1.3103520071736913e-05,0.00016876459527330047
erythroblast,dazap1,21,2.1781497201580104,1.5080849810167272,6.61868269574674,1.908343610987648e-06,3.410775698204959e-05
erythroblast,prkab1a,21,2.1773356761250673,1.3164894419982047,7.579100318515566,2.6590102688655676e-07,7.089402014220296e-06
erythroblast,nprl3,21,2.17024530028295,1.585033449898399,6.2745132386993365,3.983951221179468e-06,6.235008656763189e-05
erythroblast,si:ch211-217a12.1,21,2.15257112338967,1.9815201997755727,4.978157736078858,7.227034573855459e-05,0.0007013572463166768
erythroblast,lmo2,21,2.139231961524479,1.8803953793933204,5.213367624801135,4.216863381671438e-05,0.00044484521568515433
erythroblast,prdx2,21,2.1389348835145667,0.9753906140374606,10.049134028175718,2.9132918249052685e-09,2.4592664989623397e-07
erythroblast,pdgfbb,21,2.138502006455537,1.4446198410353526,6.78368594977481,1.3483099064614612e-06,2.5723840252969533e-05
erythroblast,aspg,21,2.1337680840145468,1.7687320256899837,5.528340991430337,2.066254360414589e-05,0.0002450710527229057
erythroblast,jak2a,21,2.110643242252659,0.8491497605221365,11.39043178522769,3.396247004694723e-10,6.69984462814663e-08
erythroblast,ptger3,21,2.101640339594007,1.5540536782163998,6.197292973055941,4.709123852825069e-06,7.137834966975456e-05
erythroblast,CABZ01069040.1,21,2.098790380229891,1.9064040921516494,5.04502997283933,6.197738259177012e-05,0.0006158455238700519
erythroblast,drll.1,21,2.094073737293087,1.6448144985021125,5.834245394057314,1.0439270657540559e-05,0.00013998112927156658
erythroblast,col6a1,21,2.086813890359849,1.81153729784062,5.278932222515378,3.632048496581351e-05,0.00039227450599644116
erythroblast,eif2ak1,21,2.086465507401376,1.1365862265986901,8.41237197743838,5.3160993402395776e-08,2.0658241557998984e-06
erythroblast,kcnn4,21,2.061771092509786,1.9424660870058357,4.864034517926442,9.401203084569696e-05,0.0008743329200290192
erythroblast,foxo3a,21,2.056311147774604,1.5841838218118374,5.948300542724452,8.11539732945127e-06,0.00011406041277330715
erythroblast,sh3bp5b,21,2.0428406343275634,1.0679219554502848,8.76606365452093,2.759314932234174e-08,1.2589352235006504e-06
erythroblast,hsp70.1,21,2.0220732451459686,2.2133880625949223,4.1864794805854375,0.0004548727877548984,0.0032728651801876836
erythroblast,tfr2,21,2.0115681107432484,1.3034318184742677,7.072225031172378,7.408902048715264e-07,1.5844219649042637e-05
erythroblast,si:ch211-214c7.4,21,2.010546863603662,1.4013981313614068,6.574493703491153,2.095677194836642e-06,3.691317817564358e-05
erythroblast,impdh2,21,2.007453372728981,1.2840595816543252,7.164236898394526,6.135516712606388e-07,1.3640834765831139e-05
erythroblast,slc25a39,21,2.0051480820931404,1.1860205026991082,7.747541332443992,1.906143363608147e-07,5.481660710753618e-06
erythroblast,gsdmeb,21,1.986811417222578,1.0894141620342734,8.35744019888968,5.8946077937678e-08,2.252347699471025e-06
erythroblast,slc25a18,21,1.98098953951754,1.4194271980401305,6.395561905738672,3.069934334374087e-06,5.034288611091038e-05
erythroblast,pbx1b,21,1.9743371198199802,1.6307221514321568,5.548185686317123,1.976115051282985e-05,0.0002372635292426639
erythroblast,sun1,21,1.97251739976202,1.731033759606218,5.221856733795416,4.136039586650572e-05,0.0004379476883819314
erythroblast,si:ch1073-416d2.4,21,1.968990244239092,1.9420647776572095,4.6461101301369,0.00015573147961102238,0.0013380811597646098
erythroblast,aplnrb,21,1.9548416056122462,1.9734456318616354,4.539374931204194,0.00019960274211272677,0.0016429946684256402
erythroblast,si:ch73-60h1.1,21,1.954118781456861,1.664906182446172,5.378619724868764,2.8967591242914984e-05,0.00032651021600220735
erythroblast,si:ch211-244o22.2,21,1.9535106905146904,1.2690543420871145,7.054158607161126,7.689417274855045e-07,1.6265162909456295e-05
erythroblast,mthfd2,21,1.9446695867820325,1.090180363005574,8.174423137230544,8.339880191347584e-08,2.9599561843417976e-06
erythroblast,si:dkey-98f17.5,21,1.931357633125992,1.2775821525284312,6.927611293187386,9.987972747122865e-07,2.0178205619831795e-05
erythroblast,pbx1a,21,1.9255282932241857,1.6590257834970636,5.318711284811429,3.318179967590753e-05,0.0003651595162890185
erythroblast,zgc:153018,21,1.9090815849194027,1.6598842760634713,5.270554698841487,3.701915537425695e-05,0.0003985951835528805
erythroblast,ABCC5,21,1.9063180411834602,1.923936934290854,4.5406097085001935,0.00019902981528581687,0.0016387704028710643
erythroblast,iba57,21,1.9015656753506693,0.8458451088912331,10.302203742298643,1.913226509579262e-09,1.9087043378293473e-07
erythroblast,ano1,21,1.888550254030087,1.7870449267313675,4.842869008699469,9.872179065452456e-05,0.0009103974207081955
erythroblast,nrbp2a,21,1.8770874954760626,0.9868618653373252,8.716412941069386,3.022447878592776e-08,1.3527056696442546e-06
erythroblast,glrx5,21,1.8691147409250937,0.8267606768626027,10.360144141531869,1.7393874396929759e-09,1.7674109039991405e-07
erythroblast,si:ch73-55i23.1,21,1.860185289010132,2.095801982799684,4.067388027825431,0.000600953664289353,0.004125916861806407
erythroblast,cyp2ad3,21,1.849746884948499,1.8147171228689802,4.6710338542373835,0.00014697510576862087,0.0012764362224634738
erythroblast,aldh1l2,21,1.8398799572884637,0.9834620657459916,8.573171724230145,3.937762917171263e-08,1.6635480079107447e-06
erythroblast,egln2,21,1.8247478936712855,1.112589343747365,7.5158416660681775,3.016057842509648e-07,7.828339348084408e-06
erythroblast,glcci1a,21,1.8209066716710207,1.3903097677451866,6.001858614512667,7.214212570585572e-06,0.00010303067250078872
erythroblast,CR388184.1,21,1.7964807991723784,1.8094125489835138,4.549824334625632,0.0001948063418961269,0.001610277791479434
erythroblast,gpr78a,21,1.787623919087061,1.5105384905189352,5.423179862511012,2.6190161697646387e-05,0.0002990125202559004
erythroblast,ccn1,21,1.787216479437511,1.436063382749778,5.703129053128938,1.3970218715998402e-05,0.00017793544590223592
erythroblast,sptan1,21,1.7866938687961071,1.0618314414211187,7.710884777073069,2.0486850015666064e-07,5.836518485771532e-06
erythroblast,asb2b,21,1.78120408670606,1.933137178697738,4.222412483419253,0.0004182202549687645,0.0030550995302338563
erythroblast,tfdp2,21,1.7750170454057028,1.3926041491575794,5.840963475032764,1.0285138536312282e-05,0.00013818451309683029
erythroblast,ak3,21,1.7721100853250658,0.7659378895873582,10.60246361512653,1.1725311783855055e-09,1.4186191615554952e-07
erythroblast,dcun1d2a,21,1.7701254112200633,1.373016594490918,5.907964782820714,8.86969535559868e-06,0.00012271310745378205
erythroblast,ampd2a,21,1.768039304871348,1.4662676382770057,5.525712860819072,2.078502836106844e-05,0.0002460430067060168
erythroblast,drll.2,21,1.7661601534609077,1.6643424038023722,4.862919177062847,9.425443820777788e-05,0.0008759723957420007
erythroblast,si:ch73-299h12.2,21,1.765271777256206,1.3023562356099643,6.211427657239296,4.56690492421544e-06,6.956859333473105e-05
erythroblast,si:ch211-225h24.2,21,1.7594136533058604,1.3936261232143403,5.785372497479266,1.1634140365837857e-05,0.0001528652494907862
erythroblast,trim35-7-1,21,1.7521725303334317,1.5815578313852134,5.0769330665844965,5.7604393933457814e-05,0.000579104634505099
erythroblast,zgc:153431,21,1.7436403947998387,1.4483243349330854,5.516971510612718,2.1197781046193227e-05,0.00024948997125796276
erythroblast,col6a4a,21,1.7428879474805747,1.8784005750750277,4.251976949504999,0.0003902946545024132,0.0028846265749659767
erythroblast,thrab,21,1.7345306359395405,1.2967253890062336,6.12976193865101,5.454057792289975e-06,8.070769985516476e-05
erythroblast,mterf3,21,1.7169676082512293,1.717466705354905,4.581243995045969,0.00018107318206711848,0.001523847469328649
erythroblast,hsp70.3,21,1.7143451271632895,2.210377603117273,3.5541964872540643,0.0019889522650987216,0.011014716470121807
erythroblast,pmp22a,21,1.7123062471140957,1.7568389803228848,4.466415578338298,0.00023658103080777913,0.0018973104355509327
erythroblast,col5a2a,21,1.7111848821945774,1.3695447909876344,5.725723103269826,1.3284281223238227e-05,0.00017062465138555278
erythroblast,ndrg2,21,1.7075734294562193,1.1249149009247004,6.9561568512836836,9.414007542565701e-07,1.9245402155759312e-05
erythroblast,prodhb,21,1.7016902355944719,1.4684720260600488,5.310366268877105,3.3816512657700074e-05,0.00037080576529336594
erythroblast,ankhb,21,1.692520804428328,1.206539839217391,6.428386738237567,2.861391971396617e-06,4.7634883941302294e-05
erythroblast,cry3b,21,1.6904325828405011,1.5192994873832117,5.098754611856459,5.479505712388294e-05,0.000553702538561226
erythroblast,abcb6a,21,1.6882964820630137,1.5944816132720299,4.852201718842569,9.661629319830708e-05,0.0008932009353627713
erythroblast,sgk2a,21,1.6851405888869682,2.1765435598058125,3.5479576185950354,0.00201794130935649,0.01114825207857336
erythroblast,phlda2,21,1.6836876068115854,1.8742671391451924,4.116609496974933,0.0005356094977384991,0.003749539824050963
erythroblast,hsp70l,21,1.682810061703828,2.3122311308315746,3.3351356554124783,0.0032990717520673674,0.016767327439416124
erythroblast,mical3a,21,1.6808900413622319,1.7235397041405596,4.469178070534134,0.00023506249522724373,0.0018884156827406828
erythroblast,susd1,21,1.6794275377827301,1.2990285277132907,5.924507162002281,8.552014619421454e-06,0.0001194017919001667
erythroblast,bnip3lb,21,1.6570289150081285,1.7866296022830301,4.250159306692363,0.0003919562602100979,0.0028945679673927417
erythroblast,cxcl12a,21,1.656759790935023,1.758112256653562,4.31839725909778,0.0003341891748790516,0.0025253041237753744
erythroblast,LO018188.1,21,1.6538937413662669,1.7863646182692359,4.242747076219987,0.00039880598286708954,0.0029333088847073997
erythroblast,dipk2b,21,1.6521760065343802,1.6000404425539883,4.731893900911936,0.0001276259734441828,0.0011313145658937496
erythroblast,mak,21,1.6495536683831442,1.258685497892103,6.0056341007480425,7.154691866899171e-06,0.00010228711379279767
erythroblast,dcn,21,1.6458731808935465,1.569310209117231,4.806148836554846,0.00010746730219927716,0.0009749885700519738
erythroblast,hsp90aa1.2,21,1.6437946620521733,1.6949920667118967,4.444158538412094,0.0002491817610435454,0.001980712371005936
erythroblast,trim2a,21,1.6421315526367357,1.2201164979875023,6.167601334336094,5.022869705422594e-06,7.517863086103049e-05
erythroblast,zgc:113363,21,1.6319959672614415,1.4483612158102832,5.163591079490662,4.724213905925126e-05,0.0004898172964385851
erythroblast,rap1gap2a,21,1.6314762778808132,1.334074958208691,5.604155517582317,1.7429142388279995e-05,0.000213754368092294
erythroblast,cpox,21,1.6256963379641538,1.9242454159336495,3.871583356283348,0.0009497714181312481,0.006040097092357625
erythroblast,elovl4a,21,1.6212122845348864,1.6008857426140681,4.6407609323462005,0.00015767846672154627,0.0013535384025361772
erythroblast,lamc3,21,1.6208114182113267,1.5413212983125606,4.818911552921349,0.00010434204559737588,0.0009532547522357666
erythroblast,pigq,21,1.6152923299862059,1.6390030062149394,4.516281753953445,0.0002106295384101511,0.0017188046955034192
erythroblast,si:dkey-249d8.1,21,1.612926926303575,1.602611845688381,4.612071070174656,0.00016854836434954977,0.0014330611609885571
erythroblast,daam1b,21,1.6093120247540906,1.2570968981100257,5.866528014925384,9.719605549856958e-06,0.0001322705249307171
erythroblast,lsp1a,21,1.6038888057151002,1.419449478343114,5.178022867753745,4.571032267774397e-05,0.0004761058096673902
erythroblast,ube2r2,21,1.6037176957655208,1.2006841807167872,6.120808329296338,5.5615323984819525e-06,8.190050528843391e-05
erythroblast,tp53inp2,21,1.5955952974754344,1.461549296313473,5.002866648179409,6.827892901882427e-05,0.0006685340534016574
erythroblast,vim,21,1.5941719396138343,1.3047530960254623,5.599077408828314,1.7628605705757704e-05,0.0002157023818186087
erythroblast,pip5k1bb,21,1.593013755820353,1.1470243705131284,6.364386238704693,3.2824765226771e-06,5.335199382893721e-05
erythroblast,hebp2,21,1.5910796687412538,1.6321762885213273,4.467190872695236,0.0002361538586149161,0.0018955181717671807
erythroblast,ela2,21,1.5895827234592763,1.3503429228596477,5.394469086578325,2.7946831984259498e-05,0.00031630418130699643
erythroblast,CU466278.1,21,1.5879196050570545,2.2749328021966444,3.198671090702983,0.004509872594099333,0.02160062056897961
erythroblast,pebp1,21,1.5840528592886014,1.256252111898767,5.778332281988796,1.1817452218961903e-05,0.0001549029152542856
erythroblast,steap3,21,1.5777078553530894,1.3671577055899893,5.288318708310187,3.555360391202825e-05,0.00038542427440977446
erythroblast,ell2,21,1.5740158458672433,0.7639746253363602,9.441474257827412,8.241865347585226e-09,4.873180513168117e-07
erythroblast,ptger4a,21,1.5633437732393216,1.7736042777185588,4.039312076605116,0.0006417351523432294,0.004359000719122679
erythroblast,nhsl2,21,1.5597005822996255,1.8760314790748678,3.809875292380154,0.001096952549365344,0.006821145329065778
erythroblast,blf,21,1.553832433071587,1.8324456518537586,3.8858204250830455,0.0009187056284221569,0.005875218861482955
erythroblast,zgc:86896,21,1.5416014089339771,1.8888080532085645,3.7401921999908216,0.0012905342876665818,0.007791771166842578
erythroblast,si:dkey-16p21.8,21,1.5394079445251119,0.9519592411191444,7.4104574297837935,3.724932118895813e-07,9.324225609663012e-06
erythroblast,dlx5a,21,1.5365462035138808,2.178887982430192,3.2316205987541964,0.0041828834041183136,0.020311045343714324
erythroblast,kdm4aa,21,1.5341068245776315,0.7864597399973879,8.938996226047992,2.0141145287403816e-08,9.902729766306877e-07
erythroblast,rab12,21,1.5324203596859671,1.329050053408043,5.28379821116969,3.592085058228729e-05,0.00038859958033322234
erythroblast,cnstb,21,1.5314691550526949,1.9685917211335267,3.5650222705792896,0.0019396214263096968,0.010791627221822458
erythroblast,angptl7,21,1.526843523168892,1.9893435334488012,3.517178356392,0.0021671660059886786,0.011850946656228703
erythroblast,casp3b,21,1.5211525738502745,1.383186171033469,5.039666358171762,6.274503493684092e-05,0.0006230220895737352
erythroblast,ctbp2a,21,1.5210321211663158,1.1815167933187125,5.899403943405204,9.038820100792196e-06,0.00012461308013328337
erythroblast,pdgfra,21,1.5108691948898763,1.5654543896205821,4.422787720080384,0.00026191644246858445,0.0020636638710871953
erythroblast,twist1a,21,1.4981689576737498,1.403687910937747,4.891024991293476,8.833470320188519e-05,0.0008308065074884197
erythroblast,tenm4,21,1.4952285442863436,1.1089264236968654,6.178947348560839,4.90051991017621e-06,7.366891163599141e-05
erythroblast,fmoda,21,1.4931580703920246,1.419274106421739,4.821133459101095,0.00010380743964883159,0.0009490027013547799
erythroblast,CU681842.1,21,1.4926264997287153,1.5023096617962794,4.55303862662062,0.0001933544504598135,0.0016016543926222777
erythroblast,si:ch1073-82l19.1,21,1.4902564538231695,1.2615021200865704,5.4135565020473235,2.6766057786445795e-05,0.0003045735360311657
erythroblast,adam8b,21,1.489263108753377,1.4549451722285687,4.690665363777338,0.00014042954356854867,0.0012277516022317185
erythroblast,maf1,21,1.4892453062705648,0.7276618930698866,9.378777986505204,9.198357953919337e-09,5.308562780013408e-07
erythroblast,CR932000.1,21,1.4866139439643749,1.069130371050226,6.372020767403254,3.2290674407003986e-06,5.2637828422825575e-05
erythroblast,ghrb,21,1.4859839531852985,1.6202498959750988,4.202829430125142,0.00043781234998546144,0.003169230032150695
erythroblast,shmt2,21,1.4828122612842027,1.1976961394938221,5.673475270292917,1.4925820918608824e-05,0.0001876672304775587
erythroblast,si:ch211-207b24.4,21,1.4816171437209658,1.9459359222114636,3.489129644273953,0.00231258766504082,0.012504581953974575
erythroblast,TUBB4B,21,1.4798762736834703,1.3465791957693456,5.0362021518155915,6.324596585722217e-05,0.0006277688398310023
erythroblast,CABZ01077121.1,21,1.4774998572356972,1.319688754968324,5.130569544961793,5.094655365689598e-05,0.0005223164049241185
erythroblast,BX469885.1,21,1.4724680410490485,1.6706425395458713,4.038982664924134,0.0006422296910811427,0.004361280092775038
erythroblast,abcb10,21,1.4649692719764296,1.1719318009275053,5.728432810086036,1.3204363089108363e-05,0.00016975712340660165
erythroblast,ccdc30,21,1.4599519805088668,1.4261502437349622,4.69118908829771,0.00014025901661104452,0.001227042768088012
erythroblast,arhgap42a,21,1.4486731914828617,1.5365076491819964,4.320612761516512,0.00033246423792719095,0.0025134076515658543
erythroblast,col6a3,21,1.4449776364369962,1.669361877985318,3.966617115087345,0.0007606310209932544,0.005030837044587737
erythroblast,gxylt2,21,1.4404855155284124,1.0637773354222446,6.205371831668374,4.627289008566412e-06,7.037121615854741e-05
erythroblast,si:ch211-13k12.2,21,1.4384601260675913,0.9549979511606411,6.902478066962508,1.0523176294734763e-06,2.108862977692098e-05
erythroblast,hmbsa,21,1.4363509842309934,1.7020813585287486,3.867140120406691,0.000959679055591963,0.006090399003045455
erythroblast,kctd9a,21,1.435276618318788,1.0546480284201978,6.236453839958768,4.325818319809669e-06,6.667349753032487e-05
erythroblast,rapgef3,21,1.432512283385618,1.1662720719281112,5.628700309796381,1.6497063744187847e-05,0.00020442499720948218
erythroblast,sfrp2,21,1.4319625168302064,1.7757403186335228,3.695403295659571,0.0014324704694000175,0.008460673267597306
erythroblast,slc16a12a,21,1.4305502891475963,1.5288156115311864,4.288028547075114,0.0003587600024798374,0.002681902089382654
erythroblast,eif3hb,21,1.4291041117151968,0.9911439977630968,6.607493747314053,1.9540848252781254e-06,3.487984201789549e-05
erythroblast,mab21l2,21,1.4283930542139254,1.7032796548757023,3.8430091467053606,0.0010153094903634936,0.006394631741993216
erythroblast,mthfd1a,21,1.424404885257199,1.7429661070938889,3.745020158676205,0.001276092750501475,0.00772668386890487
erythroblast,si:ch73-299h12.3,21,1.420417912631639,1.156717253223396,5.627280638346754,1.6549560849722614e-05,0.00020483963222915597
erythroblast,kel,21,1.4186109369144773,1.2934810551491382,5.025888840214412,6.47614690600811e-05,0.0006393418149202321
erythroblast,cplx2,21,1.4149987498862855,1.2031027499406077,5.389680041826764,2.8251338027021695e-05,0.0003190924078926884
erythroblast,meis2a,21,1.4127805651279073,1.1818276242420034,5.478103360643231,2.3136875007214746e-05,0.00026851106845301884
erythroblast,rab40b,21,1.4111477657972584,1.3909169229764275,4.649229114054964,0.00015460746637580247,0.0013292559824569542
erythroblast,guk1a,21,1.399475183265663,0.9590652274282735,6.686928873152922,1.6522194823820483e-06,3.0311711355492308e-05
erythroblast,crip2,21,1.3974140309783967,1.9620062359268797,3.263881356180625,0.0038851752277969873,0.019174272778307314
erythroblast,si:ch73-389b16.2,21,1.3953041079744075,1.2933525309284395,4.943808079677652,7.82158949018355e-05,0.0007493081728162126
erythroblast,col1a1b,21,1.3943041036771842,1.8400462753255775,3.4724692430671036,0.0024034678169372855,0.01289132738175453
erythroblast,purba,21,1.3926696008774389,1.2148898053816157,5.253162744319935,3.851364087982038e-05,0.00041155341063888313
erythroblast,ecm1b,21,1.391290487966873,1.764831964799682,3.612635141444709,0.0017366094844328565,0.009868243828793583
erythroblast,nav2a,21,1.389178109078501,0.9169092144764128,6.9429052932607584,9.676104103554651e-07,1.964943864404307e-05
erythroblast,osbpl10b,21,1.379221865952653,1.2826452806849624,4.9276200490060935,8.118760664598939e-05,0.0007717886307459179
erythroblast,rgs5a,21,1.378504763567116,1.6106489260628087,3.922085268045043,0.0008440685541730399,0.005483547426885472
erythroblast,znf703,21,1.3749421354055766,1.387010171979161,4.54270382364214,0.00019806195118679767,0.0016327613073346737
erythroblast,map7d2b,21,1.374749541750659,1.379512030999755,4.566755269334339,0.00018728032269810078,0.0015631383185951916
erythroblast,selenoj,21,1.3727104872464015,0.9715173941460209,6.4749738429499155,2.590121934407543e-06,4.399999707149903e-05
erythroblast,snx9a,21,1.3721307516128376,1.0149956371513196,6.194995133466819,4.732670164818527e-06,7.161524452445147e-05
erythroblast,rad23ab,21,1.369064277129635,1.3880542504454316,4.519881466587674,0.0002088711317103712,0.001707502830296196
erythroblast,ago2,21,1.368242664430851,1.141864512116879,5.491085424135368,2.2469849076467848e-05,0.00026221195636448125
erythroblast,slc6a16a,21,1.3646351074424958,1.607372144981575,3.8905387874076394,0.0009086347559547252,0.005818952971432746
erythroblast,cdc20,21,1.3643975152279268,1.2926204691188927,4.8370384354222615,0.00010006072441372429,0.0009203656607549711
erythroblast,cfap36,21,1.3637461461019966,1.826217969814026,3.422083259783674,0.002700220047383484,0.014176756073942955
erythroblast,ank1a-1,21,1.3627517110448897,1.6349342191777942,3.819672251055062,0.0010721558039563505,0.0067034171562311935
erythroblast,ntn1a,21,1.3601788001489878,1.5439603958492312,4.037099868049736,0.0006450636082056656,0.004375110034888117
erythroblast,CR626886.2,21,1.3594344604603055,1.6010449655576746,3.891028329251748,0.0009075961901914994,0.005815016692644509
erythroblast,ppp1r14bb,21,1.3567041770609556,0.9888682783896475,6.2871868002168965,3.876374527356095e-06,6.105825643503207e-05
erythroblast,CABZ01092746.1,21,1.3554109974093262,1.5383906691136897,4.037513759091064,0.0006444395654046308,0.004373039692524374
erythroblast,CR769772.4,21,1.3461252165885416,1.6909902357031465,3.647993092840505,0.0015995709262433338,0.00923878491820755
erythroblast,cdon,21,1.3450969309867864,1.130608767530333,5.451937646622192,2.4543373171559008e-05,0.0002829190936813955
erythroblast,atp6ap1a,21,1.3444179669874234,1.2812757532643166,4.808408403641716,0.00010690716715507097,0.0009724993413563662
erythroblast,si:ch1073-459j12.1,21,1.3416548456848476,1.807090090079942,3.4022846567561693,0.0028264269247501622,0.014714046049434668
erythroblast,cdc42bpb,21,1.3404434451348979,1.3450575396152564,4.566855596300456,0.00018723661156546382,0.0015631383185951916
erythroblast,serpinh1b,21,1.3370458846689384,1.5615504245080176,3.9237375098245804,0.0008408157697730786,0.005468890622030443
erythroblast,cnot6l,21,1.3345899471392362,2.0267653615820405,3.0175468608358202,0.0068016833824611515,0.030082892728973347
erythroblast,cap2,21,1.3303060327127494,1.6853262766439785,3.6172390930153333,0.0017181291545013797,0.009777405798329258
erythroblast,chchd6a,21,1.3226522886953354,0.7547774622164642,8.030385821608789,1.0992967539049405e-07,3.651073957831472e-06
erythroblast,slc11a2,21,1.3210541749502858,1.1286693485792436,5.36368845443319,2.996399396312045e-05,0.0003359469449849651
erythroblast,hpdb,21,1.3209493473005847,1.848644512763695,3.2744804809215453,0.003791955898042667,0.01880215255065978
erythroblast,hapln1a,21,1.3209258385094669,1.2526860992106164,4.8322102769457675,0.00010118337800535122,0.0009296604070920331
erythroblast,rorca,21,1.3207499250203771,1.5070928208091672,4.015967976188446,0.0006777401683529782,0.004564016082170829
erythroblast,atg9b,21,1.3183680278973615,1.2708949901887807,4.75375332209933,0.00012132315600696808,0.0010812746723685145
erythroblast,prdx3,21,1.312494818710801,0.8041884741930557,7.479101042842981,3.245848674786219e-07,8.330201907648261e-06
erythroblast,CU463284.1,21,1.312452224690128,1.8801654795955407,3.198873573058854,0.004507789102446774,0.021594411389143923
erythroblast,boc,21,1.3124460004206986,1.386171697696402,4.33884428059298,0.0003186050538370403,0.0024266878545305946
erythroblast,slc14a2,21,1.3123550319513628,1.2023206376486464,5.001965436054312,6.842050059355155e-05,0.0006692037197091219
erythroblast,si:ch211-106h4.12,21,1.3122046610587623,2.009252860215086,2.9927926472788213,0.00719159755994704,0.03141243099142606
erythroblast,bmper,21,1.311763472994583,1.3549690690394767,4.436452127381147,0.0002537004572849638,0.0020093164103963572
erythroblast,col6a2,21,1.3116487468404094,1.8240710968052465,3.2952277343342518,0.0036157641743584895,0.01807552662600677
erythroblast,tp53inp1,21,1.3113771032871784,1.0080782077900994,5.961327994203307,7.886083215698545e-06,0.00011100805183308854
erythroblast,ugt2a7-2,21,1.310385410673816,1.3770317790073086,4.360785586449915,0.0003026932317955227,0.0023280590136842477
erythroblast,si:ch211-286o17.1,21,1.3088269579320844,1.6046480093531263,3.7377658971704464,0.0012978529802483007,0.00782906695538965
erythroblast,zgc:113340,21,1.3082127191091248,1.5761059148043628,3.803668112726869,0.0011129572773314912,0.0069037111437859145
erythroblast,mab21l1,21,1.3064648587888144,1.169574898704514,5.118931771561649,5.2321387624222104e-05,0.0005342155822368938
erythroblast,stk36,21,1.3048874133413766,1.3414277372154977,4.457746905878504,0.00024141063150281343,0.0019312977003493503
erythroblast,myh10,21,1.3048788273590457,1.0621271947335245,5.629933993563059,1.6451582372649968e-05,0.00020395353022758785
erythroblast,ncoa4,21,1.3047818864951648,0.8281204972220079,7.220279875125965,5.472780616218287e-07,1.2480942328009036e-05
erythroblast,bmp6,21,1.30396312544013,1.936137738790416,3.0863040402764614,0.005822856218138276,0.026488154592045034
erythroblast,stk26,21,1.3021287812263125,1.3274879753771016,4.495034090877611,0.00022131698530578086,0.0017932166248860301
erythroblast,cdc42ep4b,21,1.3011645678077168,1.106599398878549,5.388296008127306,2.833996884617091e-05,0.00031996174703485553
erythroblast,cald1b,21,1.3010219625505604,1.6132111476334732,3.695754044927129,0.001431300989482859,0.008455586271848028
erythroblast,fhdc2,21,1.2933970993484818,1.2369243221260335,4.791796883105358,0.00011109512574947297,0.001002596965439734
erythroblast,barx1,21,1.2921703559392437,1.4597528702573137,4.056486948935285,0.0006164710144023975,0.004213473413086641
erythroblast,abtb1,21,1.2920855794418085,1.5360115775034098,3.854840717917584,0.0009876439600732402,0.006250521809598464
erythroblast,csrnp1a,21,1.2902433409499625,1.8426651017675455,3.208742472598152,0.0044073689098804505,0.021198486332848907
erythroblast,b3galt2,21,1.2898378112289501,1.092577988929557,5.409938204927463,2.6985916249871937e-05,0.00030694801505606824
erythroblast,mob2b,21,1.2839987467026583,1.3387201215718907,4.395258840275363,0.00027929102925335867,0.0021768038032857658
erythroblast,si:ch211-156j22.4,21,1.2827826401917417,1.1345240235489384,5.18142271722498,4.535686965026945e-05,0.0004727833278325009
erythroblast,ak1,21,1.2792671683537105,1.5170418452852301,3.864322300187094,0.0009660155069751404,0.006124944634588163
erythroblast,dock9b,21,1.2784145226963393,1.3220256195924964,4.431405286678656,0.0002567043127481153,0.0020307620588940435
erythroblast,plk1,21,1.2774221420452747,1.3414242685574154,4.363931529754149,0.0003004782224665384,0.0023156236048790676
erythroblast,ssx2ipa,21,1.273826968351366,1.0649139729704349,5.481577529181614,2.2956414032577542e-05,0.00026664234503969727
erythroblast,vamp5,21,1.2718449090008328,0.8928350787565531,6.527885951633551,2.3138680347023134e-06,4.0051084878270014e-05
erythroblast,isca1,21,1.2715297037324664,0.7473271971329557,7.796961141107983,1.7300343494464128e-07,5.081744365852498e-06
erythroblast,map1lc3a,21,1.264726125420856,0.7535853931869024,7.690838033124999,2.1312597643014312e-07,6.018157845625576e-06
erythroblast,BX284638.2,21,1.26370862023583,1.0805083362716212,5.359551809272785,3.0246175386415672e-05,0.0003381433666366397
erythroblast,nrbp2b,21,1.262703906903863,1.2700466917717357,4.556081497784347,0.0001919900474355878,0.0015927568646493353
erythroblast,prkacbb,21,1.260967530038967,0.7063783360894414,8.180430882514209,8.24484308411329e-08,2.930595481626319e-06
erythroblast,col1a1a,21,1.2603523254618023,1.0643631170450756,5.426399920524237,2.600029686248129e-05,0.0002970921051321009
erythroblast,ulk1b,21,1.258616960820457,1.5705745267807663,3.6723551767627236,0.0015114280145699505,0.008841370486082429
erythroblast,arl6ip6,21,1.2572656699891183,0.8030526288826514,7.174517452748945,6.008012473000595e-07,1.3422623957391803e-05
erythroblast,tcirg1a,21,1.2556888522969138,1.1762282731725249,4.8921534588199895,8.810505153726889e-05,0.0008292151248456164
erythroblast,akt1s1,21,1.2530008158004584,1.4821052432436264,3.874199292137018,0.0009439860001359966,0.0060170434837566135
erythroblast,dlg3,21,1.2503691888848918,1.3448833325540823,4.260526780284961,0.00038257309901005204,0.002836727830092102
erythroblast,emp2,21,1.2479238533091628,1.3019276655803587,4.392490973591061,0.0002811008715726167,0.002185993522858784
erythroblast,abcb7,21,1.2454035632382614,0.8309961198255413,6.867849275283271,1.1309441287645546e-06,2.2354072170501122e-05
erythroblast,fgfr3,21,1.2451466279211918,1.4046221169577213,4.062287361761387,0.0006081651072684902,0.004168126334726713
erythroblast,svila,21,1.2450504139357366,1.0197516843266223,5.59502656733946,1.778939031559904e-05,0.0002166789695300018
erythroblast,dip2ca,21,1.2443521320210291,0.9498811782100117,6.003211735294857,7.192822416471477e-06,0.00010277868906036198
erythroblast,lrp1aa,21,1.2403431713515853,1.2037979743816323,4.721694662561602,0.00013067909750400408,0.0011558597655551464
erythroblast,ciapin1,21,1.236185397894115,1.1776312541543175,4.810430377815493,0.00010640843673932945,0.0009689065588926331
erythroblast,pde8a,21,1.2360241546190138,1.3991341041073215,4.048342637569613,0.0006283249190103239,0.004281692536773034
erythroblast,soul3,21,1.2357979919728035,1.031015569918568,5.4927762558785505,2.2384429652151613e-05,0.000261326309577353
erythroblast,cep170b,21,1.2341021809300412,1.7258750186497736,3.27681123969593,0.003771751733092807,0.018722274072263644
erythroblast,CU469577.1,21,1.232876039004527,1.342307576171299,4.208981511786222,0.00043156028573872207,0.0031338952988993756
erythroblast,si:ch211-15d5.12,21,1.232370031787349,0.8242953606159007,6.851220114402913,1.170829781779965e-06,2.299335366008113e-05
erythroblast,zgc:194659,21,1.2323008855164865,1.7738853005710462,3.183470816868769,0.004668985139230318,0.022199931940170496
erythroblast,cachd1,21,1.2275675582972334,1.2798743434072992,4.39529183903563,0.0002792695230040993,0.0021768038032857658
erythroblast,hsp70.2,21,1.2239388405693172,1.8905171784090118,2.966803183256728,0.007624147647318462,0.03284165343133648
erythroblast,tapt1a,21,1.2204603312716726,1.149118044117353,4.867082089063562,9.335289043769135e-05,0.0008699512734911896
erythroblast,mfap2,21,1.2203371586248395,1.6995365693234308,3.2904778300780517,0.0036553818319084263,0.01824034204409016
erythroblast,prrx1a,21,1.2190135425969253,1.326854095499939,4.21012517583697,0.0004304079381930529,0.003128011068695737
erythroblast,tpra1,21,1.216828145670798,1.0620779754503502,5.250280312916495,3.876719828610905e-05,0.00041304003300170943
erythroblast,hagh,21,1.216391099254408,1.3618374196208887,4.093149598250594,0.0005658167067164813,0.00392197608609567
erythroblast,BX004769.1,21,1.2147022268444843,1.592873755684063,3.4946051948452994,0.0022834641135163936,0.012373461970041922
erythroblast,tmem26a,21,1.2134578156147209,1.708330654597579,3.2550854705584733,0.003964230380254166,0.01948032607599374
erythroblast,kank2,21,1.2133662168218085,0.9453014512386202,5.882083992362933,9.39116223235597e-06,0.00012837395906561337
erythroblast,RALGDS,21,1.2122765381151244,1.3276313636242982,4.184406267690181,0.00045708315554858714,0.0032867646076178325
erythroblast,aspm,21,1.2111710587112197,1.7406726178845982,3.188585262419482,0.004614847989743797,0.021995892042845914
erythroblast,tspan2a,21,1.2088570923291353,1.328691073374819,4.1692754929947204,0.00047354412134387674,0.0033885453753440945
erythroblast,lmo7a,21,1.2077719327424703,1.6575545286380848,3.339079474255985,0.003269290338598028,0.01665607807603285
erythroblast,rarres3l,21,1.2076541364087618,0.8434970700389216,6.560978917406688,2.156673766721609e-06,3.783142250000469e-05
erythroblast,pcdh18b,21,1.2072131468478404,1.402436101005617,3.944668581626815,0.0008006739038830201,0.005246355040131516
erythroblast,mdkb,21,1.2068019571009234,1.2430863819365696,4.448814979873235,0.00024649079325062115,0.0019641228326548912
erythroblast,sorbs1,21,1.2059829612627229,0.9508524591533101,5.812161659375128,1.0962804615606828e-05,0.0001457898907557796
erythroblast,slc38a5a,21,1.205922261302725,1.2867984294363484,4.294557654280545,0.00035332869361596976,0.0026470706470109583
erythroblast,myl12.2,21,1.2056020103086786,1.0659972181677022,5.182717530658037,4.522299128295107e-05,0.0004719257382456305
erythroblast,wu:fc21g02,21,1.2028959085131978,0.8562468304818894,6.43781834592262,2.8042068807555696e-06,4.696789729763678e-05
erythroblast,cishb,21,1.202592191118918,1.323939478210245,4.162554132319699,0.000481045606189124,0.0034291868375408035
erythroblast,vdac2,21,1.2019204068535323,0.7449972594065998,7.393169805893702,3.8567344967699103e-07,9.558221401886403e-06
erythroblast,kif1aa,21,1.2015984275249472,1.3005408930492965,4.233942799109093,0.0004070983065404737,0.002987093351146803
erythroblast,agtpbp1,21,1.1999466596576829,1.3487886964157727,4.076877580901442,0.0005877637526995199,0.004049547603041519
erythroblast,gdf6a,21,1.1987537156808603,1.2014115995482624,4.572437658986026,0.00018482072920866232,0.001548261589569359
erythroblast,nr2f1a,21,1.1931960435214375,1.3271886644788204,4.1199200495779005,0.0005314787218827655,0.0037263273025437446
erythroblast,tmeff1b,21,1.1920476165021794,1.3302057766638429,4.106619088900105,0.0005482708747221603,0.0038186878517396466
erythroblast,dnajb1a,21,1.1898495277878807,1.010449781716554,5.3961865550929,2.7838445782473767e-05,0.00031538910976121223
erythroblast,thbs4b,21,1.186389581751742,1.6769423007392292,3.2420436050111823,0.0040843438917548365,0.019924642024021423
erythroblast,tmem120a,21,1.1856924086721055,0.5545274697363661,9.79847800192414,4.4504047192607576e-09,3.238643328194135e-07
erythroblast,col11a1b,21,1.184921632150915,1.911413383359493,2.8408261233257934,0.010100733887396098,0.04112698637588483
erythroblast,slco5a1a,21,1.1847111475441534,0.8572319811555917,6.333208080921662,3.5101900966816273e-06,5.641597264350348e-05
erythroblast,ubr3,21,1.1818653061697193,0.7636561690019145,7.092180285590438,7.111300679496605e-07,1.537419496784786e-05
erythroblast,hoxb3a,21,1.1811574638890565,1.5260879459972228,3.5468096711796715,0.002023320466499353,0.011171220969694053
erythroblast,ap2m1a,21,1.1788430844040778,0.6527530248276089,8.275928967443082,6.876054665070648e-08,2.556159346019149e-06
erythroblast,gas8,21,1.177838654593055,1.3799536378847497,3.9113885009870235,0.000865432754448394,0.005597158797334203
erythroblast,brms1lb,21,1.1777144554739167,1.0985757999637131,4.912692997088766,8.402926523458777e-05,0.0007960438161985205
erythroblast,si:ch211-214b16.2,21,1.1733481447642409,1.6974271738211333,3.1677097980079436,0.004839732375165261,0.022837643225431536
erythroblast,derl3,21,1.1715349340505747,1.3656208044470979,3.9312871458087324,0.0008261109012920606,0.005391140004031323
erythroblast,axin2,21,1.1685170625264187,1.4679545163769243,3.6478091317781756,0.001600255478463864,0.009240793317544961
erythroblast,acvr2bb,21,1.1666717429111997,1.1166717053690358,4.7877648796427374,0.00011213645293384353,0.0010100059870576732
erythroblast,tlcd5a,21,1.1660449503220518,1.3018247998195835,4.1046147295030515,0.0005508469427532799,0.0038356563133086887
erythroblast,xpo7,21,1.1649237573486264,0.7800714925684009,6.843412876588814,1.1900531235315877e-06,2.332877990375392e-05
erythroblast,lrrc17,21,1.1647114463337314,1.5561455341271537,3.4298709526545474,0.002652107832767182,0.013974932878038731
erythroblast,herc2,21,1.1615446874641293,0.790371620735636,6.734637623278976,1.4944193590119655e-06,2.796684523498859e-05
erythroblast,CR391944.1,21,1.1560316092204677,1.0266074591742567,5.160299886458536,4.7598723920746205e-05,0.0004927815059493102
erythroblast,rtn1b,21,1.1548786806413265,1.4833196915269629,3.5678882999804156,0.0019267648397386734,0.010730977137277812
erythroblast,ldb1b,21,1.1512553500726808,0.9444123461925799,5.586240805936209,1.814328047867234e-05,0.00022034568390100738
erythroblast,itgb1a,21,1.147827268743096,1.916175311817132,2.7450543336567312,0.012481379300210746,0.048604990418728754
erythroblast,prc1b,21,1.1471171941650697,1.3214757587565094,3.9779400707231427,0.0007407606891507383,0.00492195919274655
erythroblast,plpp3,21,1.145867454609775,1.3166185404111503,3.9882655347507803,0.0007230925407441784,0.00482556803460201
erythroblast,narf,21,1.1453999156375667,0.8364591600440088,6.275120251093935,3.97872946276098e-06,6.230390571395406e-05
erythroblast,mycn,21,1.1443900913262528,1.0950057502789092,4.789248108262641,0.00011175224227193141,0.0010077074551692207
erythroblast,slc1a4,21,1.1437077901291903,1.2367205991317853,4.2379236869322865,0.0004033276938064284,0.0029625957910520387
erythroblast,si:ch211-251b21.1,21,1.1421376435383692,1.2665585960002788,4.132404313627125,0.000516186089502615,0.0036367656305866056
erythroblast,dnm2b,21,1.1418374809305598,1.5864180593746033,3.2983466475191037,0.003589978735387385,0.01795643876123116
erythroblast,FP243383.1,21,1.1408575570228778,0.9454720716937984,5.5295828070878255,2.060492507235587e-05,0.00024461104256169765
erythroblast,ntd5,21,1.1392660701195314,1.462371612670053,3.57007272145097,0.0019170223351471075,0.010687565081235703
erythroblast,hmga2,21,1.1390191248000154,1.423667574421442,3.6663343684845886,0.0015327538933247687,0.008931840072932249
erythroblast,cd248a,21,1.1383027813212896,1.7711961440176063,2.945105022276811,0.008004379385183679,0.034083524512263576
erythroblast,nr2f1b,21,1.1369362561273657,1.8473344753183314,2.8203319559364326,0.010570464095756129,0.04262457774682936
erythroblast,shcbp1,21,1.1363573178402957,0.9799676959250428,5.313892944812399,3.3546781782911716e-05,0.0003684371329920668
erythroblast,cxadr,21,1.1362429219458334,1.0381343836799477,5.015650458678818,6.630244845078241e-05,0.0006515070462919827
erythroblast,ccdc126,21,1.1348274562190166,0.8291684478335729,6.271865183034119,4.006813299688936e-06,6.26364232917185e-05
erythroblast,CABZ01056843.1,21,1.1337233684460377,1.0478221626408966,4.958258508247267,7.56564509597979e-05,0.000728292888449844
erythroblast,zgc:163080,21,1.1296661884128916,1.0834937917259222,4.777859234604481,0.00011473689263603683,0.0010310536028397218
erythroblast,loxl2a,21,1.1286651686970282,1.3733498828566397,3.766114982334873,0.0012148503284016789,0.007396675268464283
erythroblast,foxp2,21,1.128472838604242,1.5530016372941187,3.3298820029680645,0.0033391570417672946,0.016945944032720258
erythroblast,rab18a,21,1.1255462213504903,0.9334481733029282,5.525642349547209,2.078832475103142e-05,0.0002460430067060168
erythroblast,hsd17b7,21,1.1239824595160228,1.1826164295065598,4.355372183256349,0.0003065432201459522,0.002351135936456304
erythroblast,six1a,21,1.1224863556402893,1.4453796056020651,3.5588427229358146,0.0019676305793079668,0.010920887101621297
erythroblast,si:ch73-288o11.4,21,1.1224204478889062,1.4893948832137842,3.4534673926893387,0.0025114124972814905,0.013365781156725062
erythroblast,rtn4b,21,1.121807986607954,0.8429685503264566,6.098412582350895,5.839978928077488e-06,8.522330951691803e-05
erythroblast,socs5b,21,1.1166528517179644,1.1728976374809685,4.3628242179564465,0.0003012559987346017,0.002319011875781088
erythroblast,cdh11,21,1.1160369990488528,1.743667774345795,2.933083986387008,0.00822282314893554,0.03479764817076146
erythroblast,nuak1b,21,1.1158654943406137,1.2220683593577177,4.184330650613277,0.00045716397822743386,0.0032867646076178325
erythroblast,prkaa2,21,1.1144202441885425,1.427694167218727,3.5770371850253357,0.0018862842326274982,0.010554804797498554
erythroblast,tuba8l3,21,1.1125569712601684,1.4677877618045818,3.473510727111048,0.0023976851478006702,0.012862825973780091
erythroblast,slc27a1a,21,1.1097345265354654,0.9807597532861707,5.185207133668847,4.496670513080435e-05,0.00046978734016131653
erythroblast,gli3,21,1.1096362359528296,1.642240410683236,3.0963749351437317,0.0056914647892048875,0.02600255395367795
erythroblast,si:ch211-69g19.2,21,1.1096223632751148,1.7314307558668256,2.9368361716424953,0.00815403075176548,0.034554500104214694
erythroblast,rnasekb,21,1.1091243748106858,0.9330381877371131,5.447415196389147,2.479517363169476e-05,0.0002851029289964567
erythroblast,cyhr1,21,1.1076656258112723,1.5369536051349226,3.302612100991291,0.003555005139994782,0.017807411541509232
erythroblast,pcolcea,21,1.1062324291575745,1.7968745130075894,2.8212286423632116,0.010549481912435193,0.0425562470618526
erythroblast,si:ch211-106e7.2,21,1.1061845824799734,0.9558589674022889,5.303266229309909,3.436626696239438e-05,0.00037548328718171636
erythroblast,pir,21,1.103744193863917,1.7049791725800654,2.9666000603370364,0.007627625071248911,0.03284606982426591
erythroblast,sult1st5,21,1.1029453623650567,1.5476840158372287,3.265738069733957,0.0038686853454041057,0.01910663950515961
erythroblast,mtmr3,21,1.1021839503514994,0.9759000947750771,5.175572181305403,4.596683619113049e-05,0.00047823289757438947
erythroblast,kirrel1a,21,1.1007281319860398,0.8522258785269397,5.918818134356758,8.65993048099414e-06,0.00012047930666636623
erythroblast,elavl4,21,1.1003264631003056,1.465760721690243,3.440076699903391,0.002590329677190632,0.013721033719031711
erythroblast,akap7,21,1.0992726413925942,1.305793100880656,3.857808779337405,0.0009808222282709992,0.006208781225799461
erythroblast,hax1,21,1.0992473461445786,0.8070209714976901,6.241949526836148,4.274649722747484e-06,6.607043106680406e-05
erythroblast,kirrel3l,21,1.0979956209693296,0.9815041667957812,5.126466311649307,5.1427048812596666e-05,0.0005262592630263295
erythroblast,igfbp5b,21,1.095209107590424,1.7476268249127689,2.871825132112323,0.009428013852721002,0.03884847246091112
erythroblast,sat1b,21,1.0940936869357276,1.5402753366430355,3.255110965214558,0.0039639989879466575,0.01948032607599374
erythroblast,stx1b,21,1.092408725460474,1.4699741967734503,3.4055330258456076,0.0028053301862313402,0.014637549193468394
erythroblast,tnn,21,1.091257048479096,1.6580817602401916,3.015996042671101,0.006825499484490945,0.030173634927007587
erythroblast,stmn1b,21,1.0903816535643018,1.2835687966552218,3.8928622111025826,0.0009037160926350019,0.00579421617233963
erythroblast,aldh1a2,21,1.0897847003149177,1.5160277745259325,3.2941486721504982,0.00362472733670568,0.01811373305692538
erythroblast,fsta,21,1.089782646010976,1.4909881282203656,3.349464272633334,0.0031921237175131663,0.016332695671386368
erythroblast,nrp2a,21,1.0859219840031227,1.4086496803856907,3.5326879065832815,0.0020906612594793297,0.011482941272035117
erythroblast,AL732567.1,21,1.0831008690911235,1.657843907008174,2.9938836201049277,0.0071739678063849925,0.03136038986108545
erythroblast,vasna,21,1.081519604283143,1.6682015450641987,2.9709512419948383,0.007553466944027844,0.03260373908266266
erythroblast,si:dkey-28b4.7,21,1.0811202366528279,0.979918857279285,5.055842412876574,6.04587518278161e-05,0.000603158493234958
erythroblast,zfpm1,21,1.0786635686993868,1.275377443207745,3.8757604498035407,0.0009405500556387294,0.0060009280875461726
erythroblast,cadm3,21,1.0785018553538503,1.3944097943652967,3.544378710821493,0.0020347583901676393,0.011211808884163323
erythroblast,mdka,21,1.076267544644652,1.184881482410404,4.162507022495666,0.0004810986017020067,0.0034291868375408035
erythroblast,gtpbp1,21,1.07624314521567,0.9642851995221428,5.114633804990705,5.283861610841962e-05,0.0005377620760617072
erythroblast,ckap2l,21,1.0757798281954738,1.394619312271623,3.534901926592701,0.0020799593684878224,0.011431026697608856
erythroblast,chp1,21,1.075168717945237,0.8162270184047439,6.03636234005365,6.688599753135366e-06,9.652905535363954e-05
erythroblast,tpd52l2b,21,1.0751482195852393,0.8216965851778444,5.996067390836235,7.30649969701759e-06,0.00010418597670877212
erythroblast,celf4,21,1.0747050823310242,1.347733198446373,3.6542228055322568,0.001576559219910752,0.009127010381568153
erythroblast,cbx4,21,1.0740625287816115,1.254148692339581,3.9245528614917347,0.0008392151835370804,0.005462365020246691
erythroblast,atoh8,21,1.0717894198074194,1.385131631977567,3.545912916816448,0.0020275323927058287,0.01118547178642357
erythroblast,postnb,21,1.0690891986823676,1.415834448557724,3.460278977257765,0.0024721804612260795,0.013195383454034532
erythroblast,mxra8b,21,1.0680603527638308,1.1545535981055555,4.2392725823665165,0.00040205801013925554,0.0029540603931897365
erythroblast,yap1,21,1.0677935654477217,1.2514986644606523,3.909908159877875,0.0008684314925645003,0.005611261893195258
erythroblast,tfap2b,21,1.065845400904073,1.5467152336527532,3.157864565171811,0.004949455900052405,0.02322664213783805
erythroblast,wipi1,21,1.065815252671983,1.4376555566726381,3.397322153793199,0.0028589570912866354,0.014852393069390048
erythroblast,gpm6ab,21,1.062229102208389,1.6316098079992285,2.983400346326692,0.007345112540643517,0.03192966047015385
erythroblast,olfm1b,21,1.0621959823190024,1.3288358528785187,3.663050994079248,0.00154450887110081,0.008973655416910361
erythroblast,syt5b,21,1.0617130335998635,1.3240693815691118,3.67456600878933,0.0015036711081607488,0.008809143039160824
erythroblast,pcdh9,21,1.0590822573885728,1.7678239980440376,2.7453664035773198,0.012472816974429826,0.04858607606041208
erythroblast,olfml2bb,21,1.055843212895694,1.165099923638868,4.152846761836727,0.0004920902261479201,0.00349030386617585
erythroblast,dcaf11,21,1.0554750736222753,1.2573347711459129,3.84686284831286,0.001006214874531234,0.00634901220854747
erythroblast,elavl3,21,1.0546740968798467,0.9048059624279104,5.341613653265642,3.150151622845836e-05,0.000350038111675883
erythroblast,acer2,21,1.0539516966772442,1.4440374735540042,3.344659343890623,0.0032276035695399693,0.01647122468942133
erythroblast,robo3,21,1.0537031381357442,1.1793203266890395,4.094455324174847,0.00056409152462709,0.003912962030696261
erythroblast,cdkn3,21,1.0524034383436067,1.500963065869906,3.2130826717220313,0.0043638985124286956,0.02102995884217131
erythroblast,dlx2a,21,1.0518379779249971,1.3898581104642527,3.4680713925974267,0.0024280377733702824,0.013005313610389242
erythroblast,rtn1a,21,1.0503315429501836,1.0211939522136138,4.713329715609347,0.00013323819693094569,0.0011761228870014462
erythroblast,sfrp1a,21,1.0490417654459503,1.4937598733457336,3.2182637806160397,0.004312552497008734,0.02083008411187229
erythroblast,metap2b,21,1.0488857787340664,0.6280899340687996,7.6527233055211745,2.297891275361972e-07,6.387299608870891e-06
erythroblast,prc1a,21,1.0485759969059332,1.3823737471189737,3.476034529554519,0.002383728846351736,0.012805617861946148
erythroblast,pmela,21,1.0484197679309755,1.6277184116124415,2.9516548515737187,0.00788771903926423,0.03369553481071998
erythroblast,st8sia6,21,1.048320311634,1.1733057937500246,4.094420402773537,0.0005641375957745165,0.003912962030696261
erythroblast,fibina,21,1.0464765744816806,1.635156465657657,2.932782407236869,0.00822837646253762,0.03480504290004928
erythroblast,rbp4,21,1.0451345995751873,1.480833256298893,3.234265838910872,0.0041576578985464616,0.020202859448569283
erythroblast,hoxb2a,21,1.043814984520346,1.3897379255205544,3.4419159830454644,0.0025793473321699535,0.013668996341140173
erythroblast,cnmd,21,1.0417269532525384,1.562746796323064,3.054744778864741,0.006253909404893524,0.028136438918211517
erythroblast,ptprfa,21,1.0416678593870696,1.5048280365115134,3.1721377451936785,0.004791158142399487,0.02264738518896105
erythroblast,dyrk3,21,1.0395728842070586,0.8513637496232862,5.595635748421707,1.7765115521264243e-05,0.00021661597525594867
erythroblast,si:ch211-195b15.8,21,1.0380344910545947,1.1578862414989235,4.108237457830665,0.0005461996899958478,0.0038071617111372163
erythroblast,epb41a,21,1.037245014774156,1.0748605360963757,4.422205146428379,0.00026227261819366707,0.002065876910750289
erythroblast,crip3,21,1.0360305747515324,1.5116685509309034,3.140694121184051,0.0051466296534683036,0.023964321884403072
erythroblast,rbfox1,21,1.0350683823383904,1.2897916657793282,3.677554551924589,0.0014932481210602846,0.008759303442653176
erythroblast,ska3,21,1.0344351054542358,1.1261892517914296,4.209218978713518,0.0004313207616568127,0.003133089245233367
erythroblast,nhsa,21,1.0326688280592158,1.0095408461737776,4.687559785558296,0.0001414450479326703,0.0012346627076146388
erythroblast,baiap2l1b,21,1.0325545015143698,1.2197228723479003,3.8793723309038337,0.000932648307460753,0.005953282064957133
erythroblast,krt18a.1,21,1.0314257037457248,1.3247111204954467,3.5680128958003468,0.0019262078320549899,0.01073005317206673
erythroblast,gpc4,21,1.0281137755776026,1.3432639822356414,3.5074335811266533,0.002216638252742624,0.01208054637743224
erythroblast,ebf3a-1,21,1.0278212486683556,1.2997572051208697,3.6238065496769143,0.0016921031002575173,0.009659352591669786
erythroblast,st3gal4,21,1.025557958866185,1.270449700592166,3.699238918217806,0.001419732849579344,0.008401778804040718
erythroblast,pde3b,21,1.0246145591907758,0.9503645516746788,4.940602811175583,7.879541090764361e-05,0.0007529613717350061
erythroblast,vasnb,21,1.0240547303951542,1.4784331814579914,3.1741768087114135,0.004768949530825884,0.02256573480134669
erythroblast,acyp1,21,1.0237438014370124,1.1842788039081633,3.9613843014374774,0.0007699926515731023,0.005077615303680743
erythroblast,ankrd39,21,1.0233873158628852,1.1457339275430682,4.093227692275932,0.0005657133772937133,0.00392197608609567
erythroblast,ptgdsb.2,21,1.0231871013926521,1.2022853455486342,3.899933039685057,0.0008889096986387159,0.005714449761400781
erythroblast,syt3,21,1.0229957585343652,1.4914476335969171,3.1432250073685624,0.005117094424609084,0.023859191967904526
erythroblast,syt1a,21,1.0207849519066843,0.8307517297631701,5.630833066959472,1.641851759389126e-05,0.0002036356375173629
erythroblast,g2e3,21,1.0203499847894504,1.5187576640013363,3.0787209516531413,0.005923725096577079,0.0268401978570755
erythroblast,si:ch211-130m23.5,21,1.0202848493945753,1.5293789771432638,3.0571445159398727,0.006220075786777045,0.028002589302630165
erythroblast,rab3aa,21,1.020246664473241,1.208860485977059,3.867574150788783,0.0009587067300245135,0.006087044466147311
erythroblast,zgc:163061-1,21,1.0185065579905608,1.2760694899910938,3.657624787999006,0.001564131299978333,0.00906462657687063
erythroblast,uncx4.1,21,1.0181927584158585,1.3506999954646897,3.454464650302529,0.0025056306801551076,0.013342775176641184
erythroblast,msrb1a,21,1.0171550878065099,1.1800475092121925,3.950002137197532,0.0007907541910173207,0.005192518245706126
erythroblast,slit3,21,1.0169295166889014,1.6908128345537172,2.7561634211818467,0.012179997814462565,0.0476687931583139
erythroblast,cdh2,21,1.0166468558249804,1.0177205238120886,4.577741199918101,0.0001825545293402238,0.0015344312231767893
erythroblast,meis1a,21,1.0163932444684458,1.325814287470229,3.513085522336398,0.002187810634734208,0.011949549027261199
erythroblast,fgfr1a,21,1.0158624938683603,1.4044626327878276,3.314624871562279,0.0034582896510381585,0.017402453517283912
erythroblast,lmo4a,21,1.015108336364494,1.029545981557045,4.518312803218144,0.00020963557410187713,0.0017127313804303154
erythroblast,atp6v0cb,21,1.0149424675432395,1.2534380610476195,3.7106346361102376,0.0013825471041523454,0.008231375825177863
erythroblast,tspan5a,21,1.0145253279443078,1.4636146850105636,3.1764774960023945,0.004744011640195068,0.022470987456621492
erythroblast,lrrc8da,21,1.013059530846792,1.1519311608130742,4.030121018972252,0.0006556772922890615,0.004438045484130194
erythroblast,si:ch211-204c21.1,21,1.0115744529524107,1.4675415819929416,3.158763307709984,0.004939340093461834,0.023199930742017708
erythroblast,atp1b3b,21,1.0097275847630922,1.1948664800515,3.8725273205943256,0.0009476796847700788,0.006029590016620388
erythroblast,gadd45gb.1,21,1.0079603314360692,1.0122215482858268,4.563284119114854,0.0001887990138402307,0.0015710345601172974
erythroblast,sipa1l2,21,1.0075642223728198,1.2922209697110258,3.573103536297898,0.0019035853718182604,0.010633131060931774
erythroblast,tfap2a,21,1.005426778207466,1.2613870271626213,3.6526809120871717,0.001582224089797128,0.00915208051941476
erythroblast,mex3b,21,1.0044257932735594,1.3437252785391676,3.4254451420651653,0.0026793461746224398,0.014079268780074053
erythroblast,si:ch211-51c14.1,21,1.0039365899175696,1.1138593457113384,4.130337850956429,0.0005186866509204001,0.0036515699943549342
erythroblast,CACFD1,21,1.0024774906364675,1.2505276188401044,3.673592581339371,0.0015070816011211405,0.008825354050535429
erythroblast,knstrn,21,1.0012834456535258,1.0683485851599763,4.294906405596447,0.0003530409148782018,0.002646359972591111
erythroblast,bcl2l1,21,1.0009001663052888,0.9768267627378769,4.695510964843083,0.00013885976206263508,0.0012162613045516401
hematopoietic_stem_and_progenitor_HSPC,ccl38.6,17,3.610137084498897,2.956203240445142,5.035166837888649,0.00012191566458952633,0.003275961075429633
hematopoietic_stem_and_progenitor_HSPC,mef2b,17,3.2622188557913243,2.891840941281029,4.651180057763108,0.00026621963786214726,0.005235652877955563
hematopoietic_stem_and_progenitor_HSPC,si:ch211-214p16.1,17,3.2181618341910174,2.0023038890218685,6.626776902072987,5.819113153994588e-06,0.0006163991095746777
hematopoietic_stem_and_progenitor_HSPC,BX005105.1,17,3.1978181533491274,3.0257054684298343,4.357642260738051,0.0004883910229121842,0.007905204465766296
hematopoietic_stem_and_progenitor_HSPC,CT573231.1,17,3.085037255111456,2.5964843125138652,4.898906725715943,0.0001605578719960562,0.0038471604969821183
hematopoietic_stem_and_progenitor_HSPC,si:dkey-183i3.6,17,2.980437715098403,2.5135698472274672,4.888927006933975,0.0001638416444089811,0.0038985216950220268
hematopoietic_stem_and_progenitor_HSPC,si:ch211-167j9.5,17,2.9235757940736025,2.292533352086477,5.258031161245148,7.807325825543553e-05,0.0025992218263409597
hematopoietic_stem_and_progenitor_HSPC,tox2,17,2.8891110709428496,1.6744186020738525,7.114176881984572,2.454497487082573e-06,0.00039612597464650385
hematopoietic_stem_and_progenitor_HSPC,cd226,17,2.8379916447042794,2.4565263030543516,4.76336821681377,0.00021156539825849239,0.004520480296901666
hematopoietic_stem_and_progenitor_HSPC,zgc:136858,17,2.823903972853762,1.059305476178649,10.991403913703365,7.260282319822321e-09,4.411627943519815e-05
hematopoietic_stem_and_progenitor_HSPC,si:ch211-196f2.6,17,2.7231763457081386,2.489361336658103,4.510371212566258,0.0003558286215111512,0.006355571765077105
hematopoietic_stem_and_progenitor_HSPC,CR936442.1,17,2.71561563049972,2.07079069708275,5.407002310229722,5.8154204497930883e-05,0.0022189407542077427
hematopoietic_stem_and_progenitor_HSPC,si:ch211-119e14.1,17,2.642851993884661,2.1372605192600753,5.098469665005172,0.0001073549082374179,0.003086976448240948
hematopoietic_stem_and_progenitor_HSPC,nkl.4,17,2.631918901989916,3.4675086140990863,3.129532133486427,0.00646697318394208,0.04368909364724229
hematopoietic_stem_and_progenitor_HSPC,si:ch211-214p16.2,17,2.6145136547295387,2.908128401306975,3.706822557499465,0.0019145818416426222,0.019570250680128666
hematopoietic_stem_and_progenitor_HSPC,il2rb,17,2.593177365516705,2.2247676770084817,4.805869976663432,0.00019399168769358997,0.004294775355264838
hematopoietic_stem_and_progenitor_HSPC,si:ch211-93g21.1,17,2.5543687755426294,1.9615580994915522,5.369166618654758,6.265515649091459e-05,0.002313518463429666
hematopoietic_stem_and_progenitor_HSPC,nkl.1,17,2.5292311300571373,2.9601251438819425,3.522921023247726,0.0028234887603940145,0.02538699601682784
hematopoietic_stem_and_progenitor_HSPC,si:dkey-19b23.10,17,2.4754275482871297,1.98471335509532,5.142530645016702,9.82866844424602e-05,0.002953007156897814
hematopoietic_stem_and_progenitor_HSPC,si:cabz01036006.1,17,2.4555265497142007,1.7958074392276364,5.637795628764391,3.7051833632855225e-05,0.0017417989457675193
hematopoietic_stem_and_progenitor_HSPC,eomesa,17,2.434575291623486,3.146278433888347,3.1904395277810855,0.005690887784542797,0.04010519043640679
hematopoietic_stem_and_progenitor_HSPC,si:ch211-132g1.1,17,2.3965591039660303,2.228738785485843,4.433568612004723,0.0004171507130457503,0.007117244908215274
hematopoietic_stem_and_progenitor_HSPC,tnfsf14,17,2.3834909212775948,2.0252411260961596,4.852451739942428,0.00017644160105381365,0.004068014710576422
hematopoietic_stem_and_progenitor_HSPC,prkd4,17,2.34587485368506,2.020898181000629,4.786134154188181,0.00020195806827846984,0.004386951388139208
hematopoietic_stem_and_progenitor_HSPC,sox4a-1,17,2.343174400439222,0.9139778684750478,10.570448022306792,1.2625844613834602e-08,5.045369581173747e-05
hematopoietic_stem_and_progenitor_HSPC,ccr2-1,17,2.3390947422809996,1.6606324002702282,5.807627677975027,2.6710025682869355e-05,0.0014360755302570034
hematopoietic_stem_and_progenitor_HSPC,ccl36.1,17,2.334245197022856,2.5143783105801805,3.8277213348993504,0.001483401979494562,0.016390307413384337
hematopoietic_stem_and_progenitor_HSPC,cytip,17,2.3159427140696818,1.8010353993012465,5.301881593606459,7.156883656742685e-05,0.0024905929192954013
hematopoietic_stem_and_progenitor_HSPC,zbtb7c,17,2.309161751326152,2.2014276512300888,4.324883355596081,0.0005228447469832069,0.008301068074933032
hematopoietic_stem_and_progenitor_HSPC,ccl38a.5,17,2.302963564795994,2.328906495830553,4.0771761539599956,0.0008775839197537945,0.011589251326786872
hematopoietic_stem_and_progenitor_HSPC,cdc42ep4a,17,2.299625235318081,1.1689599311424668,8.111140075849827,4.634462905296045e-07,0.00018163784258113858
hematopoietic_stem_and_progenitor_HSPC,skap1,17,2.2979435850900547,1.761515806317984,5.378699463867586,6.148827116362236e-05,0.002298270734841934
hematopoietic_stem_and_progenitor_HSPC,si:dkey-109a10.2,17,2.2900418573606824,2.1054978989227546,4.484490091305549,0.00037539241279711913,0.006601853105826259
hematopoietic_stem_and_progenitor_HSPC,il7r,17,2.2812018893745276,2.060388521105164,4.5649819181698295,0.0003178912329177914,0.005891995646095816
hematopoietic_stem_and_progenitor_HSPC,si:dkey-261h17.1,17,2.2513368916553533,1.5669834817078465,5.923801949097651,2.139958934092705e-05,0.0012598663810479262
hematopoietic_stem_and_progenitor_HSPC,BX120005.2,17,2.249902001269057,1.7744289128120418,5.227926310003444,8.288913331008851e-05,0.0026728610672386577
hematopoietic_stem_and_progenitor_HSPC,lcp2b,17,2.244730269531413,2.7601628950410357,3.3531571701537626,0.0040403024367481385,0.03218516183280638
hematopoietic_stem_and_progenitor_HSPC,zgc:171686,17,2.24326789658796,1.6772216942436653,5.514614147869229,4.709002439657882e-05,0.0019693823465246037
hematopoietic_stem_and_progenitor_HSPC,spi2,17,2.2422616725791404,2.322410117926625,3.9808135716234467,0.0010745143046567633,0.013251225996110377
hematopoietic_stem_and_progenitor_HSPC,si:dkeyp-85e10.3,17,2.2420084012148718,1.9059376391851832,4.850125870688538,0.00017727801080695787,0.004073385449320678
hematopoietic_stem_and_progenitor_HSPC,tyrobp,17,2.2390365608292155,2.1100114568028983,4.375229437809126,0.0004708565778788204,0.007689797050067582
hematopoietic_stem_and_progenitor_HSPC,sh2d1ab,17,2.1931198301985444,2.3924193811315764,3.7796319411475108,0.001641798941130192,0.01756737673553308
hematopoietic_stem_and_progenitor_HSPC,znrf1,17,2.185095782612013,1.7771124702509684,5.069673903379164,0.00011374278225710113,0.0031777324146879528
hematopoietic_stem_and_progenitor_HSPC,zbtb32,17,2.1742867591262454,2.043498899054423,4.386992316172841,0.00045948800010889307,0.007566658633245788
hematopoietic_stem_and_progenitor_HSPC,si:ch211-112c15.8,17,2.167854797011712,1.8960631251755327,4.71413329566954,0.00023397714336279216,0.004833707024215514
hematopoietic_stem_and_progenitor_HSPC,si:ch211-161c3.6,17,2.162873504397076,2.2781166660541223,3.914529947636626,0.0012353784589795092,0.014447429306844782
hematopoietic_stem_and_progenitor_HSPC,samd11,17,2.1388577656432837,1.5924036733659084,5.538003103999021,4.498770042765278e-05,0.0019134148741515612
hematopoietic_stem_and_progenitor_HSPC,si:dkey-81j8.6,17,2.1275896678250232,1.6670418439389463,5.262181606484401,7.743230607538899e-05,0.00259499908363499
hematopoietic_stem_and_progenitor_HSPC,lck,17,2.0945865485593402,2.0054154585634927,4.306440116849567,0.0005433203718547531,0.008495778262746525
hematopoietic_stem_and_progenitor_HSPC,ccr7,17,2.0441905318877343,1.996422751403115,4.221757879656031,0.0006483281529571948,0.009552568676896153
hematopoietic_stem_and_progenitor_HSPC,FO704721.1,17,2.031344806356953,2.199374781713374,3.8081045887662954,0.0015460699272992126,0.01689224550197288
hematopoietic_stem_and_progenitor_HSPC,kcnq5a,17,2.0279865267643244,1.7093229554257816,4.89176292323061,0.00016290154982520172,0.003885606938062561
hematopoietic_stem_and_progenitor_HSPC,mylk5,17,2.027040222752209,1.6672973812983074,5.0127236085951585,0.0001275532465276731,0.0033680686414694046
hematopoietic_stem_and_progenitor_HSPC,si:dkey-11f4.20,17,2.021108938238817,2.4600808623454906,3.3873868785327326,0.003758881440595283,0.030670433540615178
hematopoietic_stem_and_progenitor_HSPC,ccr9b,17,2.0101717470413933,2.3992648106763936,3.4544542152258213,0.003262742962806425,0.028016698962314325
hematopoietic_stem_and_progenitor_HSPC,zgc:136605,17,2.0076895860533197,2.0428763574961213,4.0520887112798025,0.0009250372181696327,0.011999198321312216
hematopoietic_stem_and_progenitor_HSPC,nuggc.3,17,2.0016116519631497,2.0202777298664407,4.0850107589201174,0.00086327550120104,0.011480350642486929
hematopoietic_stem_and_progenitor_HSPC,ftr70,17,1.9954782899557553,2.024031112059657,4.064941350996379,0.0009004103437098593,0.01177505757932098
hematopoietic_stem_and_progenitor_HSPC,prkcha,17,1.9684645030108194,1.8842895046741004,4.307293038601479,0.0005423557092073125,0.0084935797550963
hematopoietic_stem_and_progenitor_HSPC,mylka,17,1.940768775627918,1.545149009388482,5.178785093342866,9.141828421978726e-05,0.002833966810813405
hematopoietic_stem_and_progenitor_HSPC,zgc:174945,17,1.9405157664239312,1.3551428000378838,5.904139012448434,2.221488482756051e-05,0.001283447436974987
hematopoietic_stem_and_progenitor_HSPC,tcf7,17,1.927546041232983,2.5050881297644056,3.1725334657157127,0.005908994108550818,0.04112462033690809
hematopoietic_stem_and_progenitor_HSPC,cd40lg,17,1.904844950236921,1.627534086403573,4.82562976460067,0.00018633808150565677,0.004196121191150315
hematopoietic_stem_and_progenitor_HSPC,tbx21,17,1.9038016200271637,1.676944269808906,4.680880164543871,0.00025047694386332904,0.005052819819772377
hematopoietic_stem_and_progenitor_HSPC,gpr55a,17,1.900875389052116,1.7341763235360619,4.519442402614464,0.00034922059520997177,0.006279453190532437
hematopoietic_stem_and_progenitor_HSPC,cyth4a,17,1.879105146143189,1.5188733937150833,5.100984078889878,0.00010681494681047056,0.0030797686912224314
hematopoietic_stem_and_progenitor_HSPC,stk17al,17,1.8598779885623449,1.950708090130641,3.9311229785745634,0.0011929586304556935,0.01412509795514061
hematopoietic_stem_and_progenitor_HSPC,si:dkey-238d18.7,17,1.8417442177215353,2.1703745530558254,3.498799750644302,0.0029710701643367635,0.026344961201867842
hematopoietic_stem_and_progenitor_HSPC,nab1a,17,1.8348516763396925,2.120968899343978,3.5669015567508544,0.0025729811882579377,0.02379964224540004
hematopoietic_stem_and_progenitor_HSPC,nuggc.1,17,1.8106277355119493,1.8085782040462128,4.1277780443703325,0.0007892318791859557,0.010780148692703594
hematopoietic_stem_and_progenitor_HSPC,nfil3-4,17,1.8017491891094337,1.8976014571724593,3.9148379600416874,0.0012345773309885124,0.014447429306844782
hematopoietic_stem_and_progenitor_HSPC,ptpn4b,17,1.799342375768837,1.5143979963584486,4.898896254342861,0.000160561281904302,0.0038471604969821183
hematopoietic_stem_and_progenitor_HSPC,tradv14.0,17,1.7855933900567267,2.000644201442725,3.679909774211477,0.0020265544568705556,0.020343403411724734
hematopoietic_stem_and_progenitor_HSPC,gab2,17,1.780553132967672,1.345710247962663,5.455415569855902,5.2877229265573894e-05,0.0020933431239552954
hematopoietic_stem_and_progenitor_HSPC,si:ch73-208g10.1,17,1.7790011528039154,1.8610697439589412,3.9412868243738166,0.0011677039103438007,0.013946868428507694
hematopoietic_stem_and_progenitor_HSPC,acap1,17,1.7613180152233043,1.4392389276268205,5.045791965232284,0.00011933670157089853,0.003248018261505557
hematopoietic_stem_and_progenitor_HSPC,myb,17,1.7544678825557742,1.545705164117717,4.679971681831235,0.00025094407614268234,0.005053464773157775
hematopoietic_stem_and_progenitor_HSPC,CU207241.1,17,1.7529409725325162,1.432731593182423,5.044602087101641,0.00011962270097489003,0.003249355248758523
hematopoietic_stem_and_progenitor_HSPC,si:ch211-222l21.1,17,1.7525439598133208,1.0901670859710744,6.6282718977999675,5.803438177747299e-06,0.0006163991095746777
hematopoietic_stem_and_progenitor_HSPC,dnmt3ab,17,1.7351914969897846,1.8115709222840808,3.9492673098009683,0.001148253040605846,0.013774517782694092
hematopoietic_stem_and_progenitor_HSPC,sox12,17,1.7291015622533306,1.4846858523830886,4.801869949220377,0.0001955798564634749,0.0043167605487332535
hematopoietic_stem_and_progenitor_HSPC,mpl,17,1.7242630342890606,1.8217972470910033,3.902365440541625,0.0012674407175439605,0.014679409591257268
hematopoietic_stem_and_progenitor_HSPC,ets1,17,1.720722803777817,1.2134595916875,5.846689845286584,2.478663294415565e-05,0.0013765612850666202
hematopoietic_stem_and_progenitor_HSPC,cxcr3.1-1,17,1.7141999287860819,1.9623823327359788,3.601656645551446,0.0023908307767514813,0.02269634683743145
hematopoietic_stem_and_progenitor_HSPC,bach2b,17,1.7114041755830394,2.159216367424261,3.267991244652094,0.004834438771405409,0.036190813844169945
hematopoietic_stem_and_progenitor_HSPC,gata2b,17,1.706381600995985,1.9811159148836235,3.551327575363154,0.002659042920975567,0.02432505586427632
hematopoietic_stem_and_progenitor_HSPC,themis,17,1.6987444431222203,2.166655008390989,3.232680211108175,0.005207340348188621,0.037734437109448654
hematopoietic_stem_and_progenitor_HSPC,si:ch211-105j21.9,17,1.6937125654173282,1.789595682220778,3.9021975052966105,0.0012678891720830554,0.014679409591257268
hematopoietic_stem_and_progenitor_HSPC,ighv1-4,17,1.6922665234523389,2.173576000183735,3.2100987599701925,0.005460563788736283,0.03894218028177279
hematopoietic_stem_and_progenitor_HSPC,traf1,17,1.6818004683508319,1.7065818838161584,4.063233670755832,0.000903643808419606,0.011805460897138995
hematopoietic_stem_and_progenitor_HSPC,si:ch211-149e23.4,17,1.6585644805476112,2.0105074069386006,3.4013485931933847,0.0036497654615681497,0.03005924636222343
hematopoietic_stem_and_progenitor_HSPC,cdk6,17,1.6356188714170967,1.7064452654446036,3.9519752005342976,0.0011417276778793648,0.013732266042358778
hematopoietic_stem_and_progenitor_HSPC,clec14a,17,1.6332979441023066,2.041509173244386,3.298667490646554,0.004532006614513479,0.034753414254303186
hematopoietic_stem_and_progenitor_HSPC,bmp16,17,1.6294251568305598,2.0601368732724152,3.261090133287784,0.004905180232415557,0.0364500595006286
hematopoietic_stem_and_progenitor_HSPC,jam2a,17,1.6127439513705562,1.9775284673726505,3.3625375150282193,0.00396116448017901,0.03172053342490109
hematopoietic_stem_and_progenitor_HSPC,fmnl3,17,1.5912741927790408,2.0087207981157347,3.2662536188712505,0.004852155085801476,0.03622020930338876
hematopoietic_stem_and_progenitor_HSPC,wu:fc75a09,17,1.5883868263555674,1.4212573682227578,4.607952652230096,0.00029096172362532633,0.005573918225567675
hematopoietic_stem_and_progenitor_HSPC,id3,17,1.5874364041654319,2.132645969204372,3.0690363345992084,0.007340610712742168,0.0474751661725793
hematopoietic_stem_and_progenitor_HSPC,zgc:152891,17,1.5815905977793543,2.0170352439165495,3.232995115378286,0.005203892359749056,0.037729594844005114
hematopoietic_stem_and_progenitor_HSPC,vav3b-1,17,1.5729045236428918,1.8665146286076966,3.47452486607569,0.003127356910371088,0.027177395260066774
hematopoietic_stem_and_progenitor_HSPC,ikzf2,17,1.5521333026446744,1.835010158345295,3.4875063349042006,0.003042786671890207,0.026704687249938526
hematopoietic_stem_and_progenitor_HSPC,nuggc.2,17,1.541051359586041,1.4500175125003043,4.381959166216357,0.0004643178176335611,0.007613325405106912
hematopoietic_stem_and_progenitor_HSPC,BX649490.1,17,1.5379364884794744,1.9845557470196122,3.1952111181635283,0.005634119076908886,0.03982318404783202
hematopoietic_stem_and_progenitor_HSPC,si:dkey-238d18.12,17,1.5355841408892377,2.0457681173925386,3.094864738619262,0.006954277295537889,0.04585210228384571
hematopoietic_stem_and_progenitor_HSPC,angpt1,17,1.5289801723258587,1.7763450912885477,3.5489425905422616,0.002672473872966274,0.02443162969171267
hematopoietic_stem_and_progenitor_HSPC,AL954142.1,17,1.5267686330139743,1.6914324649610857,3.7217142689414624,0.0018553132982862958,0.019142730477053227
hematopoietic_stem_and_progenitor_HSPC,BX681417.2,17,1.5231385644632132,1.6041256925317198,3.9149433320414824,0.0012343033829427601,0.014447429306844782
hematopoietic_stem_and_progenitor_HSPC,dgkza,17,1.5231109202830542,0.5323842669358286,11.79589179072362,2.636930099613863e-09,3.6172088641453165e-05
hematopoietic_stem_and_progenitor_HSPC,fam49a,17,1.5221195492229171,1.02767510182405,6.106851927349825,1.5146827134455295e-05,0.0010362922753959626
hematopoietic_stem_and_progenitor_HSPC,nol4la,17,1.515575608777499,1.6461005575750032,3.7961704647042454,0.0015854912259279116,0.017158955338592605
hematopoietic_stem_and_progenitor_HSPC,CABZ01084961.1,17,1.5152899315737531,1.737210576894794,3.596397883140395,0.0024175404894601227,0.02286288291221595
hematopoietic_stem_and_progenitor_HSPC,CU571074.2,17,1.512196260440177,1.4141839078033462,4.408864274338711,0.0004390868618630603,0.007354302842010415
hematopoietic_stem_and_progenitor_HSPC,cabz01093075.1,17,1.5103858604536946,1.7018789797849556,3.659179361200457,0.002117262599400632,0.020937405799118534
hematopoietic_stem_and_progenitor_HSPC,CR392341.4,17,1.5071572587460365,1.7577570856826321,3.5352829027641084,0.0027507134552201265,0.024922663026408245
hematopoietic_stem_and_progenitor_HSPC,sele,17,1.505027548916941,1.7851022427977896,3.4762084797581667,0.00311625785865412,0.02709810914490516
hematopoietic_stem_and_progenitor_HSPC,lmo7b,17,1.4938905282721713,1.9955283292186148,3.0866354293190015,0.007075150167595925,0.046284891153942735
hematopoietic_stem_and_progenitor_HSPC,CU914776.1,17,1.4916330432917042,1.620437282344758,3.7953709527430717,0.0015881680623821756,0.017174375558318876
hematopoietic_stem_and_progenitor_HSPC,si:ch1073-394i4.1,17,1.4906188285841737,1.538802288036313,3.9940016502249827,0.0010451228846208374,0.012991819818564874
hematopoietic_stem_and_progenitor_HSPC,roraa,17,1.482476373485628,1.4225358659547744,4.296838358631717,0.0005543012173989985,0.008620892233186806
hematopoietic_stem_and_progenitor_HSPC,nlrc3,17,1.4818800513910009,1.4186328460404707,4.306926907433609,0.0005427695934703314,0.00849451443060955
hematopoietic_stem_and_progenitor_HSPC,il12rb2,17,1.4796572469736526,1.8304720524365055,3.33290153808269,0.004216581155703329,0.033108730396886325
hematopoietic_stem_and_progenitor_HSPC,si:dkey-260g12.1,17,1.4794696141313068,1.8695464110971138,3.2628285945442173,0.00488726384975347,0.03639958941495528
hematopoietic_stem_and_progenitor_HSPC,pde4ba,17,1.4754103110483265,1.7159298979253301,3.545175453223775,0.002693826528486402,0.024545156363840318
hematopoietic_stem_and_progenitor_HSPC,kdm6bb,17,1.4741354908548505,0.6640230922661533,9.15332072943948,9.269197816768323e-08,9.082158646537105e-05
hematopoietic_stem_and_progenitor_HSPC,CABZ01099833.1,17,1.4730759293820663,1.4015275291559233,4.333591402985173,0.0005134516666333336,0.008199386771877478
hematopoietic_stem_and_progenitor_HSPC,plk3,17,1.4710771052386793,1.5716620691038259,3.8592305607944617,0.0013880485607147093,0.01562622579532542
hematopoietic_stem_and_progenitor_HSPC,si:ch73-380l3.4,17,1.4521289990104862,1.9091184043352512,3.136149770148714,0.006377844907233095,0.043194799657824454
hematopoietic_stem_and_progenitor_HSPC,ptprea,17,1.4481707460944226,0.8188664448835459,7.291739681586284,1.8065889968414532e-06,0.0003490406276644033
hematopoietic_stem_and_progenitor_HSPC,gzm3.3,17,1.4424355930589823,1.829048838870251,3.251588575407377,0.005004255762166571,0.036928391725730376
hematopoietic_stem_and_progenitor_HSPC,ncaldb,17,1.440275394579059,1.8450258987540182,3.218603915445271,0.005363792653865126,0.03848212642750777
hematopoietic_stem_and_progenitor_HSPC,pik3cd,17,1.4390956532028971,1.222799581453453,4.852425101806148,0.00017645115748445207,0.004068014710576422
hematopoietic_stem_and_progenitor_HSPC,si:ch1073-220m6.1,17,1.4359586722631352,1.8239096027938275,3.246108946788553,0.0050622901924557645,0.03715460979936434
hematopoietic_stem_and_progenitor_HSPC,BX324123.4,17,1.4356418282433137,1.509188806466466,3.9221751930834743,0.0012156476468596477,0.014314254308700704
hematopoietic_stem_and_progenitor_HSPC,tnfrsf9b,17,1.4184114534376608,1.8763482603000945,3.1168309033281476,0.006641482509708127,0.04447377902217292
hematopoietic_stem_and_progenitor_HSPC,bcl3,17,1.4179581559911991,1.6268951624466312,3.593588194746103,0.002431933261416511,0.02294363446594291
hematopoietic_stem_and_progenitor_HSPC,si:ch211-147k10.5,17,1.4115692487951716,1.6976345982453602,3.428328520561344,0.00344775088900723,0.029021564011165072
hematopoietic_stem_and_progenitor_HSPC,si:ch73-361p23.3,17,1.4106822191306962,1.8701130789129192,3.1101818704126694,0.006734675188008003,0.04487875000801544
hematopoietic_stem_and_progenitor_HSPC,tnikb,17,1.4105180251998595,1.649985064760997,3.524707543688627,0.002812853770726332,0.025326761798449924
hematopoietic_stem_and_progenitor_HSPC,mycb,17,1.4076283230646214,1.2534544310150963,4.630244318420375,0.0002779220070437522,0.005392355207387087
hematopoietic_stem_and_progenitor_HSPC,imp4,17,1.4064653831830172,1.1590624652406631,5.0031862022503795,0.00013002948294362147,0.0033825069467375256
hematopoietic_stem_and_progenitor_HSPC,wipf1a,17,1.4037026967435908,1.6724085651429001,3.4606462836093246,0.0032203633274561776,0.02775704300620805
hematopoietic_stem_and_progenitor_HSPC,il23r,17,1.3999133885470958,1.5905261926686558,3.6289819019022307,0.0022567236711447647,0.021791638618499275
hematopoietic_stem_and_progenitor_HSPC,gzm3,17,1.3995515636643476,1.6118180594598235,3.58011804844795,0.002502133895716644,0.02333312149183757
hematopoietic_stem_and_progenitor_HSPC,she,17,1.393120162560466,1.6769421237662956,3.425271211217393,0.00347007222407061,0.029147762689814245
hematopoietic_stem_and_progenitor_HSPC,gramd2aa,17,1.3930138351330907,1.5564254020111705,3.6902142388442316,0.0019829262196611134,0.020015298320972277
hematopoietic_stem_and_progenitor_HSPC,FP085399.5,17,1.3928782311611638,1.7449084773006498,3.291280972848095,0.004603071252096227,0.03506433183356521
hematopoietic_stem_and_progenitor_HSPC,rc3h2,17,1.391175892374191,0.9883070740952742,5.803828889237255,2.6905151177404766e-05,0.0014360755302570034
hematopoietic_stem_and_progenitor_HSPC,rcc2,17,1.3902937992339277,0.6934614805797658,8.266253202831493,3.617029014610198e-07,0.00016819184917937421
hematopoietic_stem_and_progenitor_HSPC,si:dkey-60d5.3,17,1.3899488104281144,1.673781628049184,3.42392679161868,0.003479933247714202,0.029160650168307618
hematopoietic_stem_and_progenitor_HSPC,acsf2,17,1.389268112462601,0.9804319372711895,5.842424091088512,2.498950468257171e-05,0.001384946202259697
hematopoietic_stem_and_progenitor_HSPC,blk,17,1.3875361635135819,1.8655661557759637,3.0666069620839687,0.007378014117147486,0.04764967450657751
hematopoietic_stem_and_progenitor_HSPC,C18H15orf48,17,1.3847937246474937,1.4269010503458124,4.001434293590554,0.0010289175694620607,0.012870762933506627
hematopoietic_stem_and_progenitor_HSPC,agap2,17,1.3826689799235268,1.372492492377977,4.153676818743378,0.0007475555009002873,0.010417279470741168
hematopoietic_stem_and_progenitor_HSPC,si:dkey-53k12.1,17,1.3812680857121336,1.7774835161922373,3.204032084013937,0.005530640943938493,0.03936008671775682
hematopoietic_stem_and_progenitor_HSPC,plekhg2,17,1.3788985214062868,1.6785062929802652,3.3871450315932656,0.0037607998471591046,0.03067108912211951
hematopoietic_stem_and_progenitor_HSPC,fgd5a,17,1.3756311627150877,1.677443528222947,3.3812599293725376,0.003807783319774558,0.03093778265410971
hematopoietic_stem_and_progenitor_HSPC,gfi1ab,17,1.3745691654813157,1.7849551506830656,3.1751463653457916,0.005876661453095238,0.04101404400042428
hematopoietic_stem_and_progenitor_HSPC,zgc:195282,17,1.3677799007220484,1.422214125934443,3.965296716180835,0.0011101670996536523,0.013511906797516009
hematopoietic_stem_and_progenitor_HSPC,ascc1,17,1.3635082307011557,1.5490050669469027,3.6293544653541328,0.002254948214693911,0.021783276151453326
hematopoietic_stem_and_progenitor_HSPC,slc6a7,17,1.3593326304912363,1.6567448615926792,3.3829421450422537,0.003794294225442745,0.0308616845760515
hematopoietic_stem_and_progenitor_HSPC,ndst3,17,1.3472100285981385,1.770106013380661,3.138054560468283,0.006352415388030651,0.04308492365157501
hematopoietic_stem_and_progenitor_HSPC,dnmt3bb.1,17,1.3406374368026044,1.5070169275188559,3.6679015720779273,0.002078611963479464,0.020706869723333004
hematopoietic_stem_and_progenitor_HSPC,cyb5r2,17,1.339758564397352,1.199667216153556,4.604582003622163,0.0002929871757391102,0.005590411428319968
hematopoietic_stem_and_progenitor_HSPC,prkacba,17,1.3370705276957775,1.4523990370594106,3.7957082550479058,0.0015870381906923955,0.017168924590554364
hematopoietic_stem_and_progenitor_HSPC,itk,17,1.3286531766592606,1.787471419083869,3.064763625695508,0.007406519404991001,0.04775507870174574
hematopoietic_stem_and_progenitor_HSPC,ftsj3,17,1.326477289069654,0.9823045186243252,5.5677296287678075,4.2454945588680155e-05,0.0018679430632342273
hematopoietic_stem_and_progenitor_HSPC,si:dkey-182i3.11,17,1.3254073105519362,1.782384308319113,3.066002271712695,0.00738735314644744,0.04769876054901989
hematopoietic_stem_and_progenitor_HSPC,smarcb1b,17,1.3223766670741188,0.8692246837102231,6.27259991274763,1.112064968528625e-05,0.0008546079106885946
hematopoietic_stem_and_progenitor_HSPC,mpp6a,17,1.3199548389349933,0.8262687668891657,6.586613750951749,6.257161818050887e-06,0.0006325866154461816
hematopoietic_stem_and_progenitor_HSPC,mgst3a,17,1.3198712822817922,1.1713007843516248,4.646089870143528,0.00026901768456266857,0.005271249371162878
hematopoietic_stem_and_progenitor_HSPC,card11,17,1.3168741708184093,1.6623844337056435,3.26615865250179,0.004853125183133118,0.03622020930338876
hematopoietic_stem_and_progenitor_HSPC,grk4,17,1.3163185140246891,0.9654859502814147,5.621335316891923,3.8253680715294395e-05,0.0017614223213307037
hematopoietic_stem_and_progenitor_HSPC,si:ch211-209l18.2,17,1.313920932941493,1.7079875743518558,3.1718233033888863,0.0059178120855328305,0.04113642162967376
hematopoietic_stem_and_progenitor_HSPC,igf2bp2a,17,1.312015726856126,1.3467581470614658,4.016741562768838,0.000996338888746234,0.012612461228643984
hematopoietic_stem_and_progenitor_HSPC,si:ch73-285p12.4,17,1.310398674827665,1.467116623331575,3.682673934751532,0.0020147576315054086,0.020247207186941715
hematopoietic_stem_and_progenitor_HSPC,pik3r1,17,1.3038345159381979,0.9581711070190101,5.610529672789023,3.9064522272774444e-05,0.0017714630885182923
hematopoietic_stem_and_progenitor_HSPC,zmp:0000000711,17,1.3005064407093077,1.2329159702805639,4.349141021038388,0.0004971037154015475,0.008022376724730268
hematopoietic_stem_and_progenitor_HSPC,CR385050.1,17,1.3001160858981244,1.4835993407896184,3.613183020740313,0.0023333154507821766,0.022335837191978025
hematopoietic_stem_and_progenitor_HSPC,nfatc2b,17,1.296879292384725,1.4918184698066794,3.584330409095575,0.0024799658415520943,0.023252503946835663
hematopoietic_stem_and_progenitor_HSPC,capn2a,17,1.2965059857796177,1.1454122868338539,4.666992998993658,0.0002577157797142502,0.005136204706481925
hematopoietic_stem_and_progenitor_HSPC,naf1,17,1.2963355786673707,0.8402231221813695,6.3613204349998975,9.439977624553098e-06,0.0007985587781035958
hematopoietic_stem_and_progenitor_HSPC,id2a,17,1.2945355425554492,0.7762494378469306,6.876020152590296,3.727267213161198e-06,0.000466929570744646
hematopoietic_stem_and_progenitor_HSPC,si:ch73-27e22.7,17,1.2938633625685296,1.7156315884765596,3.109487692357079,0.00674447855549573,0.044914888050268824
hematopoietic_stem_and_progenitor_HSPC,sh3bp2,17,1.28832329436189,1.3219903266454114,4.018102792080838,0.0009934927462915165,0.01260123601225509
hematopoietic_stem_and_progenitor_HSPC,pip5k1ba,17,1.287020977839836,1.2565081713011739,4.223230342007416,0.0006463364931411602,0.009538591548858381
hematopoietic_stem_and_progenitor_HSPC,ENSDARG00000113111,17,1.272712049770902,1.4674367737412028,3.5759811298876745,0.0025240977246870086,0.023445410586491314
hematopoietic_stem_and_progenitor_HSPC,si:ch73-308l14.2,17,1.2617107484882988,0.8030075065442841,6.478353742148345,7.617625192230731e-06,0.0007139822791298729
hematopoietic_stem_and_progenitor_HSPC,iqgap2,17,1.260978836096007,0.9530109726303164,5.4554974519785135,5.28687360017014e-05,0.0020933431239552954
hematopoietic_stem_and_progenitor_HSPC,apex1,17,1.2580946169797358,0.8571577415173832,6.0516947366603775,1.6801107910164315e-05,0.0010820150129468497
hematopoietic_stem_and_progenitor_HSPC,cmtm3,17,1.2572412609472654,1.5616173188613214,3.319467870367958,0.0043376751580193745,0.03376246649970914
hematopoietic_stem_and_progenitor_HSPC,jpt1b,17,1.2561764877901738,0.854292214109218,6.062736213716844,1.6455539123036898e-05,0.0010755909496304955
hematopoietic_stem_and_progenitor_HSPC,arhgap4b,17,1.254585974626354,1.392446836059952,3.714892630615464,0.001882231152963705,0.019347700142959626
hematopoietic_stem_and_progenitor_HSPC,fscn1a,17,1.2489703994326007,1.559077261036286,3.3030030062189715,0.004490802363025506,0.03455965296763107
hematopoietic_stem_and_progenitor_HSPC,BX664625.3,17,1.2458788517581965,1.558395095785172,3.2962694225716573,0.004554958171293848,0.03483838233327201
hematopoietic_stem_and_progenitor_HSPC,kdm5bb,17,1.242588325195953,0.6505411419830143,7.8754787104241775,6.793077853697696e-07,0.00021879371983929842
hematopoietic_stem_and_progenitor_HSPC,ptp4a3a,17,1.2401733158564263,1.589167791809867,3.2176373078421405,0.005374704819273741,0.03854025789774571
hematopoietic_stem_and_progenitor_HSPC,aldh3b1,17,1.2396220400059907,1.5401502219938523,3.318567587628957,0.004345912652143348,0.03376246649970914
hematopoietic_stem_and_progenitor_HSPC,jarid2b,17,1.2349002496199564,1.1486608801244211,4.432660896167352,0.00041793660505437937,0.007126221727574206
hematopoietic_stem_and_progenitor_HSPC,sept7a,17,1.23386911772443,0.7983212590903727,6.372588281517365,9.246278654348708e-06,0.0007878001704411701
hematopoietic_stem_and_progenitor_HSPC,syk,17,1.2321274387231127,1.2297292587774882,4.1311463786163145,0.0007836809897668362,0.010730154678892764
hematopoietic_stem_and_progenitor_HSPC,ywhah,17,1.2228833911143078,0.5299575877089425,9.5141149146957,5.4680167433372854e-08,7.544169358500071e-05
hematopoietic_stem_and_progenitor_HSPC,ptrh2,17,1.2204538968143785,1.118158603672633,4.500309983963253,0.0003633073069263038,0.0064430096738999
hematopoietic_stem_and_progenitor_HSPC,mafb,17,1.2193654826591172,1.649121262032889,3.0486373543193896,0.007660544901502356,0.04884124944079394
hematopoietic_stem_and_progenitor_HSPC,bahcc1b,17,1.2190643618846182,1.192346559274147,4.215495142231385,0.0006568690282642922,0.009621570630235375
hematopoietic_stem_and_progenitor_HSPC,rras2,17,1.2182417466740523,1.6110722499875054,3.11776172615041,0.006628537691005395,0.04444133224651344
hematopoietic_stem_and_progenitor_HSPC,LO017815.1,17,1.2178776078543145,1.6422620132609522,3.057635125035317,0.007517774365006621,0.04830214044589149
hematopoietic_stem_and_progenitor_HSPC,si:ch73-109i22.2,17,1.2165026264158334,1.4876867674627912,3.371522105495391,0.003886808545777598,0.03132626100276392
hematopoietic_stem_and_progenitor_HSPC,irf4a,17,1.2077193160800577,1.5649504960320875,3.1819244882968487,0.005793597924640211,0.04064110433712712
hematopoietic_stem_and_progenitor_HSPC,si:ch211-256a21.4,17,1.20600617723597,1.487635206674582,3.3425471725737412,0.004131706538307928,0.03264109384478308
hematopoietic_stem_and_progenitor_HSPC,si:ch211-71m22.3,17,1.204223875826909,1.508602774462114,3.2912190809773185,0.004603671341880877,0.03506433183356521
hematopoietic_stem_and_progenitor_HSPC,hacd3,17,1.201698831069303,1.1985842997374208,4.133819550085435,0.0007793038790220497,0.010690100960484967
hematopoietic_stem_and_progenitor_HSPC,FQ976914.1,17,1.1989498615200862,1.204265687586101,4.104905561808216,0.0008279938260799799,0.011169668387453523
hematopoietic_stem_and_progenitor_HSPC,notch1b,17,1.1982944996496283,1.2112178512174603,4.079113255873767,0.0008740239763994371,0.011561643101503644
hematopoietic_stem_and_progenitor_HSPC,wasa,17,1.1955443850706122,1.393417328514789,3.537601893478914,0.002737271436576554,0.024817186128364945
hematopoietic_stem_and_progenitor_HSPC,dnmt3aa,17,1.1932840376260847,1.2703718923378804,3.8729100967760433,0.0013485967457605044,0.01530771688867995
hematopoietic_stem_and_progenitor_HSPC,fam118b,17,1.189882683548653,1.556710216795654,3.1515255269943996,0.006175400242260357,0.042302648101476374
hematopoietic_stem_and_progenitor_HSPC,CR790366.2,17,1.1879981330873453,1.2691318128672693,3.8595217109004807,0.0013871968903930527,0.015623048722468556
hematopoietic_stem_and_progenitor_HSPC,TESK1,17,1.1874091244206526,1.3734321690577762,3.5646560136764793,0.0025852161825449956,0.023888651387040067
hematopoietic_stem_and_progenitor_HSPC,uck2a,17,1.1858293650124332,0.9856618907178103,4.960422810244534,0.00014175474023143543,0.0035767652708939266
hematopoietic_stem_and_progenitor_HSPC,si:ch211-269k10.5,17,1.1853418885615117,1.4748049125086844,3.313855119111866,0.004389284864878664,0.033988154182316155
hematopoietic_stem_and_progenitor_HSPC,si:dkey-73n10.1,17,1.1842763811672503,1.5813499038539813,3.0878027674814286,0.007057879463689151,0.046235177432261666
hematopoietic_stem_and_progenitor_HSPC,dgkg,17,1.1825689382660922,1.2336168984428344,3.952488530434617,0.0011404949045655806,0.013723455134542413
hematopoietic_stem_and_progenitor_HSPC,inpp4b,17,1.1816555311904138,1.158962546791244,4.2038378044937765,0.0006730723198734066,0.009759904384633674
hematopoietic_stem_and_progenitor_HSPC,zc4h2,17,1.177820365698432,1.0334702983848534,4.699000816344534,0.00024134314586844299,0.0049338667711629905
hematopoietic_stem_and_progenitor_HSPC,ddx31,17,1.1761164147319907,0.9267428080228853,5.232576032942891,8.212577365494407e-05,0.0026632631208314307
hematopoietic_stem_and_progenitor_HSPC,rpp21,17,1.1754369266681304,1.0103335245427967,4.7968819079791025,0.00019757899838845555,0.004343138674233603
hematopoietic_stem_and_progenitor_HSPC,si:dkey-239h2.3,17,1.1721967615343662,1.1469524173325656,4.213854898229632,0.0006591247488842234,0.009639172433709311
hematopoietic_stem_and_progenitor_HSPC,ENSDARG00000039008,17,1.1695021964665382,0.9699891253799562,4.971170252588726,0.00013870931027432914,0.0035341038055614303
hematopoietic_stem_and_progenitor_HSPC,ublcp1,17,1.1688173458678401,0.8369099765526341,5.7582744967601815,2.9363518274467982e-05,0.0015156236212007493
hematopoietic_stem_and_progenitor_HSPC,hmgb3a,17,1.1657754471676074,0.77083697546937,6.235579580879487,1.1911350255527418e-05,0.0008977689402758096
hematopoietic_stem_and_progenitor_HSPC,ikzf1,17,1.1646175682844127,0.6912323262924697,6.946783396607088,3.2895310059480325e-06,0.0004359820441941269
hematopoietic_stem_and_progenitor_HSPC,esr1,17,1.1616467697330077,1.1473486529132877,4.174487257299919,0.0007156890122066488,0.01015774860315024
hematopoietic_stem_and_progenitor_HSPC,nhp2,17,1.1598238969827468,0.9361323075936661,5.108333934834189,0.00010525256072287194,0.0030524355215983
hematopoietic_stem_and_progenitor_HSPC,SIPA1,17,1.1586883440521143,0.9421458208618199,5.070759031047659,0.00011349511141103025,0.0031777324146879528
hematopoietic_stem_and_progenitor_HSPC,cmss1,17,1.1570234268207609,1.0904294273573287,4.374909260893252,0.0004711699960329362,0.007689797050067582
hematopoietic_stem_and_progenitor_HSPC,kcnq2a,17,1.15625494793146,1.365242901370161,3.491950974936345,0.0030143582200217256,0.026591513673053298
hematopoietic_stem_and_progenitor_HSPC,znf296,17,1.1555770362035511,1.275629876193542,3.7350694490025815,0.0018037280358536023,0.018749914067855065
hematopoietic_stem_and_progenitor_HSPC,ppat,17,1.151271576166821,0.9949987960293026,4.770673423174009,0.0002084325671544202,0.004495556194875407
hematopoietic_stem_and_progenitor_HSPC,rpz2,17,1.1507742691628666,1.2089514040731655,3.924693620451195,0.0012092179611403221,0.014268771941455802
hematopoietic_stem_and_progenitor_HSPC,nop58,17,1.1498868333539471,0.8753025324838377,5.4165327934920375,5.707399854577174e-05,0.002199192626549505
hematopoietic_stem_and_progenitor_HSPC,psme1,17,1.1430571335124717,1.0696743049895234,4.405962895064427,0.00044173914059614174,0.007387610441694865
hematopoietic_stem_and_progenitor_HSPC,psmb8a,17,1.141713094473643,1.4524969152512244,3.2409044268788905,0.005118026674374467,0.037383669278877395
hematopoietic_stem_and_progenitor_HSPC,phf11,17,1.139636271170565,1.369607583758199,3.430793445176235,0.0034298585950789614,0.028929168778159608
hematopoietic_stem_and_progenitor_HSPC,rnf44,17,1.1393238425620302,0.9223942077218212,5.092781920508917,0.00010858671979572733,0.0030967532823240945
hematopoietic_stem_and_progenitor_HSPC,nitr13,17,1.1365433191196113,1.3247090883267876,3.5374469716510646,0.002738167392402431,0.024817186128364945
hematopoietic_stem_and_progenitor_HSPC,si:dkey-90l8.3,17,1.1347148525181627,1.5395917857928938,3.0388244696175004,0.007819279161683523,0.04947461342269083
hematopoietic_stem_and_progenitor_HSPC,si:rp71-81e14.2,17,1.1343326724107823,1.3762245870299112,3.3984085642826556,0.0036724781223070437,0.030175033628479706
hematopoietic_stem_and_progenitor_HSPC,FP236356.1,17,1.133881993416713,1.5210736563288687,3.07356268145914,0.00727141716717025,0.04714992436334574
hematopoietic_stem_and_progenitor_HSPC,rrp8,17,1.1331318161047002,0.9908568102356724,4.715133526141298,0.00023349844978739554,0.004827452878611301
hematopoietic_stem_and_progenitor_HSPC,si:dkey-42i9.4,17,1.1315821873673428,0.8105511582180749,5.756123885924746,2.9485176231183092e-05,0.0015156236212007493
hematopoietic_stem_and_progenitor_HSPC,rbm4.1,17,1.1307475524494683,0.8541000679579506,5.458601128325088,5.254784255007267e-05,0.00208934791356702
hematopoietic_stem_and_progenitor_HSPC,si:ch211-222k6.3,17,1.1244811753467048,1.3292712790471992,3.487891999965894,0.0030403093584758074,0.026700027928868046
hematopoietic_stem_and_progenitor_HSPC,BRD8,17,1.1165296233830007,1.4923469333696966,3.084785091456199,0.007102610860221459,0.04638422493458123
hematopoietic_stem_and_progenitor_HSPC,CABZ01117603.1,17,1.1156195592430582,1.3222887164672257,3.4786784636970465,0.0031000457354246965,0.027016370191812925
hematopoietic_stem_and_progenitor_HSPC,utp25,17,1.1154371807588341,1.0898001430584132,4.2200997534309765,0.0006505784045111166,0.009573673293505574
hematopoietic_stem_and_progenitor_HSPC,fli1a,17,1.1142528741694377,1.312371808058385,3.5006712774831787,0.0029593492935319396,0.026266498824991512
hematopoietic_stem_and_progenitor_HSPC,nudt9,17,1.1133560966692782,1.156757628579476,3.968406753565168,0.0011029267186210097,0.01347401790423189
hematopoietic_stem_and_progenitor_HSPC,fam207a,17,1.111885780014862,0.8025878020373135,5.71205107152927,3.2096713683750524e-05,0.001598136733055709
hematopoietic_stem_and_progenitor_HSPC,ube2d4,17,1.1115477505076612,0.5296315963070716,8.653238997100223,1.9742070468817741e-07,0.00013665782004676426
hematopoietic_stem_and_progenitor_HSPC,hsd17b10,17,1.1114114787314673,1.1662055441750672,3.9293818685926687,0.0011973398512548042,0.014146864263210834
hematopoietic_stem_and_progenitor_HSPC,mdn1,17,1.1095487113304054,0.7742315554085529,5.9088091949044355,2.2018369434410375e-05,0.0012821387046504842
hematopoietic_stem_and_progenitor_HSPC,parp1,17,1.1074903721029685,0.8546471737662158,5.34290631701572,6.598927216949864e-05,0.0023758296571744593
hematopoietic_stem_and_progenitor_HSPC,mybbp1a,17,1.1056949516774783,1.129907156497369,4.034753695702496,0.0009593361714952495,0.012310284314767153
hematopoietic_stem_and_progenitor_HSPC,SSBP4,17,1.1049490204317942,1.1508530034262068,3.9586476366659413,0.0011258080523968434,0.013624412844070313
hematopoietic_stem_and_progenitor_HSPC,ptpn1,17,1.1044912365733337,0.71359015095494,6.381722091969397,9.092301212716348e-06,0.0007848855504600064
hematopoietic_stem_and_progenitor_HSPC,sept2,17,1.0998202514869821,0.5353559223354607,8.470393016839967,2.6221137181013785e-07,0.00013834171126175253
hematopoietic_stem_and_progenitor_HSPC,si:dkey-262k9.2,17,1.0964718388372534,1.06760261888827,4.234599210471169,0.0006311666161361031,0.009416017462585096
hematopoietic_stem_and_progenitor_HSPC,ddx55,17,1.0938571476446906,0.7462423762882886,6.043731503842624,1.7055006431573297e-05,0.0010890752445506405
hematopoietic_stem_and_progenitor_HSPC,znhit3,17,1.0897984865050974,1.076468640541214,4.174161792803982,0.0007161766267867698,0.01015941352424769
hematopoietic_stem_and_progenitor_HSPC,ddx51,17,1.0848872628364816,0.8816889480023027,5.073336562397696,0.00011290903420443055,0.0031738252852129448
hematopoietic_stem_and_progenitor_HSPC,jam3b,17,1.081192262690175,0.7969240696502913,5.593845223709161,4.035159286969438e-05,0.0018178094423317985
hematopoietic_stem_and_progenitor_HSPC,dtwd1,17,1.0791647642558946,0.954825208916691,4.660026012007039,0.00026142768996772705,0.005167340543418293
hematopoietic_stem_and_progenitor_HSPC,shq1,17,1.0757517691532938,0.925581551017237,4.79205550963007,0.0001995333002904081,0.004361909237822586
hematopoietic_stem_and_progenitor_HSPC,si:dkey-216e24.9,17,1.0728473770759994,1.204163804279199,3.673472861525719,0.002054294882986539,0.020558761390186083
hematopoietic_stem_and_progenitor_HSPC,RASSF5,17,1.0710405624709087,0.818569729241328,5.39479192869908,5.956908163075254e-05,0.0022586216771143955
hematopoietic_stem_and_progenitor_HSPC,klhl4,17,1.0705397440536135,1.381120017751198,3.1959195322805725,0.005625738664942301,0.03978915706952617
hematopoietic_stem_and_progenitor_HSPC,si:ch211-284f22.3,17,1.0690225676911425,1.2254066633534255,3.596922633583184,0.0024148618852614144,0.022845426145567897
hematopoietic_stem_and_progenitor_HSPC,dnmt3ba,17,1.0676989481607952,1.3473081000635188,3.267430470744064,0.004840149251220005,0.03621447581216986
hematopoietic_stem_and_progenitor_HSPC,khk,17,1.0669254235294257,1.3299848730557289,3.307591165124742,0.004447601093915721,0.034362133486786205
hematopoietic_stem_and_progenitor_HSPC,prex1,17,1.066915048150215,0.794410480889302,5.537443856682038,4.503681917978986e-05,0.0019134148741515612
hematopoietic_stem_and_progenitor_HSPC,chd6,17,1.0638983896543728,0.8236344928451473,5.325864171031311,6.825050171633663e-05,0.0024191892953329395
hematopoietic_stem_and_progenitor_HSPC,mych,17,1.06224351419497,0.5449817858053112,8.036492820913779,5.227224761198528e-07,0.00019204999701054017
hematopoietic_stem_and_progenitor_HSPC,nop16,17,1.0548443277829431,0.8830741843543856,4.925106700081435,0.00015225462822071224,0.003726231690664799
hematopoietic_stem_and_progenitor_HSPC,brd1a,17,1.0506521756616423,0.8349806564880303,5.188084133898797,8.973757931887759e-05,0.002800853798195002
hematopoietic_stem_and_progenitor_HSPC,mst1,17,1.0504339300625642,1.0532236327471576,4.112184641246426,0.0008154530952811205,0.011051961934531871
hematopoietic_stem_and_progenitor_HSPC,slc29a1a,17,1.0484865701245292,0.9226828573285355,4.685272779621757,0.0002482308302998725,0.005033416725260163
hematopoietic_stem_and_progenitor_HSPC,prkcbb,17,1.0474691953435895,1.1829242869606134,3.6509742674056342,0.0021542788951356253,0.021142102640089536
hematopoietic_stem_and_progenitor_HSPC,slc35f2,17,1.0427181681395257,1.042401349894727,4.124358765866913,0.0007949074874605906,0.01082834504393312
hematopoietic_stem_and_progenitor_HSPC,xpc,17,1.0422104853724055,0.8701696161129232,4.938283106817914,0.00014824672675964806,0.0036740279572275917
hematopoietic_stem_and_progenitor_HSPC,ifit12,17,1.0397518219670137,1.2193331711590458,3.515861528086997,0.0028659072701541356,0.025669659143545125
hematopoietic_stem_and_progenitor_HSPC,nolc1,17,1.0394041392932951,0.8137088952050988,5.266715258077977,7.673837185711171e-05,0.0025832113274844907
hematopoietic_stem_and_progenitor_HSPC,snu13b,17,1.0390350908311192,0.9943666098618763,4.308321886245784,0.0005411943905028174,0.0084935797550963
hematopoietic_stem_and_progenitor_HSPC,slc44a2,17,1.0359129430683591,1.1851514308496285,3.603909485350167,0.0023794789148610922,0.02262773103265652
hematopoietic_stem_and_progenitor_HSPC,nufip1,17,1.0332556683004086,0.889525054964705,4.789322386022942,0.00020064877186931553,0.004368888139868787
hematopoietic_stem_and_progenitor_HSPC,rrp15,17,1.030619108175953,0.8293820741281602,5.123514934002175,0.00010209950601086868,0.003005025030087873
hematopoietic_stem_and_progenitor_HSPC,dkc1,17,1.0306087841986042,0.8040198642859507,5.285079467177157,7.399243558676977e-05,0.0025352229259783827
hematopoietic_stem_and_progenitor_HSPC,ddx52,17,1.029137442747706,1.0426119578471482,4.069819406722092,0.0008912381855683298,0.011721533854778105
hematopoietic_stem_and_progenitor_HSPC,klf2a,17,1.0288894679342366,1.1842873117302866,3.582086805591437,0.002491748523426938,0.023300208131981633
hematopoietic_stem_and_progenitor_HSPC,nop56,17,1.0285832803776473,0.8344865090933582,5.082116323664722,0.00011093595975334644,0.003140895826453106
hematopoietic_stem_and_progenitor_HSPC,npm1a,17,1.0282916905303103,0.7979422080327814,5.313361307774357,6.996016944427827e-05,0.002454421034148049
hematopoietic_stem_and_progenitor_HSPC,RASGRP2,17,1.0274171001111607,1.3041180271869002,3.2482866864909954,0.005039146651020065,0.03703428566052384
hematopoietic_stem_and_progenitor_HSPC,hint1,17,1.025889578483612,0.776508886441989,5.447266819687984,5.372955210572674e-05,0.0021180301095961754
hematopoietic_stem_and_progenitor_HSPC,pwp2h,17,1.0243003378986508,0.8659666046936606,4.876976158920133,0.00016786488796245746,0.003941144001560477
hematopoietic_stem_and_progenitor_HSPC,timm10,17,1.0214564981182648,0.8848983824200013,4.759386068937557,0.00021329341785610603,0.004538163480743488
hematopoietic_stem_and_progenitor_HSPC,nid1b,17,1.0209993991609305,1.329177204677615,3.1671385512917536,0.0059763076955582205,0.041406111344208
hematopoietic_stem_and_progenitor_HSPC,ctps1a,17,1.0164803968204492,0.7731961459963009,5.4204305908174,5.6638203230547126e-05,0.0021916465173717997
hematopoietic_stem_and_progenitor_HSPC,ttll7,17,1.0140813123988224,1.0578211993175497,3.952619182412672,0.0011401813555109684,0.013723455134542413
hematopoietic_stem_and_progenitor_HSPC,psmb10,17,1.0117352474976047,1.0390733243670214,4.014626487629468,0.0010007775851447929,0.012652688040759166
hematopoietic_stem_and_progenitor_HSPC,CABZ01088229.1,17,1.010627143583267,1.2834589399579446,3.2466348017698285,0.0050566921595205086,0.03713339116607204
hematopoietic_stem_and_progenitor_HSPC,pus7,17,1.0105703857591783,1.2126345516643737,3.436062774961661,0.0033919190509345085,0.028721388630366742
hematopoietic_stem_and_progenitor_HSPC,slc6a14,17,1.005547866269217,1.2129144355678507,3.4181966531723385,0.003522276082831538,0.02941456931005852
hematopoietic_stem_and_progenitor_HSPC,bms1,17,1.0038919151788004,0.9078466935003574,4.559307681153293,0.0003216328703250321,0.005938087346815112
hematopoietic_stem_and_progenitor_HSPC,zgc:194224,17,1.003792466585545,1.0925630099662356,3.788104052744191,0.0016127076475739226,0.017363197291531195
hematopoietic_stem_and_progenitor_HSPC,zgc:153115,17,1.0031664833464349,0.9900542423266891,4.177711880913246,0.000710876007393109,0.010133151217328051
hematopoietic_stem_and_progenitor_HSPC,sik1,17,1.0030556937875867,1.1117116811189804,3.720123341423092,0.0018615562692734342,0.01917829374672049
hematopoietic_stem_and_progenitor_HSPC,grwd1,17,1.0023421857975001,1.010538610307233,4.089663336860624,0.0008548904807023716,0.011413099921201734
hematopoietic_stem_and_progenitor_HSPC,mettl1,17,1.0014826338270795,0.9565458482677788,4.316801634724021,0.0005317186379666125,0.008399798072853938
hematopoietic_stem_and_progenitor_HSPC,FOXK2,17,1.001433318219619,0.5843252747948363,7.066295993241126,2.6679042711663804e-06,0.00040560958249615187
hematopoietic_stem_and_progenitor_HSPC,nucks1a,17,1.0006418255239433,0.6157920397098895,6.699911129071773,5.101601490153236e-06,0.0005598497475294161
innate-lymphoid-cell,si:dkey-21e2.16,7,12.642302809190108,1.1266399156775153,29.688624348246872,9.683415168565208e-08,0.0002508494656673265
innate-lymphoid-cell,si:dkey-21e2.15,7,12.47703523446902,1.3413995986458842,24.6094693655191,2.9610800134424274e-07,0.0002878162185493345
innate-lymphoid-cell,si:dkey-21e2.10,7,12.1875356479259,1.748459033317195,18.44206115482756,1.6387263280695936e-06,0.0006158692713779356
innate-lymphoid-cell,si:dkey-21e2.13,7,11.483189244875108,0.40079242947225313,75.8039842215494,3.5478219496364655e-10,9.733449518827643e-06
innate-lymphoid-cell,si:dkey-21e2.8,7,11.424142860838845,2.8883446667166695,10.464624011168437,4.467968945322604e-05,0.0035841733337697557
innate-lymphoid-cell,si:dkey-21e2.12-1,7,9.213374789549013,1.4207396766471991,17.15747003441498,2.509436749593091e-06,0.000782345423012346
innate-lymphoid-cell,si:ch1073-110a20.3,7,9.120936989733835,0.9577274028343329,25.196868051712315,2.5733559436049167e-07,0.0002878162185493345
innate-lymphoid-cell,si:dkey-78l4.5,7,8.913244042243488,1.590509361599874,14.826839552131455,5.919759748063055e-06,0.0012120045424485815
innate-lymphoid-cell,si:ch211-212d10.1,7,8.625700305260814,1.4999531494467018,15.214780474918399,5.087780354930574e-06,0.0011198786675706506
innate-lymphoid-cell,si:dkey-78l4.2,7,8.578019833559809,2.263717980462661,10.025677852477205,5.707887983210538e-05,0.0040425539838618
innate-lymphoid-cell,zmp:0000001323,7,8.574378832826607,1.5698574613035106,14.450785881973461,6.88097420173837e-06,0.0013201365540188267
innate-lymphoid-cell,CR847844.1,7,8.435544325352492,0.8217016889944347,27.161137377795974,1.6458138808135147e-07,0.0002508494656673265
innate-lymphoid-cell,si:zfos-2330d3.7-1,7,8.387936046166105,0.8407939027410231,26.39456913153365,1.9518166297217786e-07,0.00027852536584858597
innate-lymphoid-cell,si:ch1073-110a20.1,7,7.471483549248475,0.5974905164709149,33.08452075989384,5.0736704609733303e-08,0.0002508494656673265
innate-lymphoid-cell,si:ch73-359m17.2,7,7.424316004127655,2.8441494280811472,6.9064211632969545,0.0004555206557092562,0.012409651971919162
innate-lymphoid-cell,FO203432.1,7,7.129475185080568,1.2109506024825616,15.576868519210317,4.431661910446388e-06,0.0010391679018213389
innate-lymphoid-cell,il13,7,7.0154979765871905,2.168675843502521,8.558800073757986,0.00013963302082567998,0.006438372985466437
innate-lymphoid-cell,si:ch1073-110a20.2,7,6.986074842977783,1.0875478959067775,16.99549669910647,2.6537275068533164e-06,0.000791358849462182
innate-lymphoid-cell,si:dkey-8e10.2,7,6.880034544050824,1.3133103898437213,13.860288135890107,8.782044947163367e-06,0.0014749364541770914
innate-lymphoid-cell,gata2a,7,6.867897572787959,0.9158082154948715,19.841216425037434,1.0632776395956058e-06,0.0005099932237554476
innate-lymphoid-cell,cfd,7,6.756220682740939,2.075117221025307,8.614106011982996,0.00013468262368205517,0.006273374839927307
innate-lymphoid-cell,si:ch1073-376c22.1,7,6.399217035855623,2.15718965626408,7.8485156894935715,0.00022619995440487968,0.008497776640056857
innate-lymphoid-cell,ccl34b.4,7,6.256292990548003,0.9113401395104482,18.162917076206337,1.7932355188669367e-06,0.0006307361084630052
innate-lymphoid-cell,si:ch73-256j6.5,7,5.946542566141908,0.6231477718282348,25.247739784918995,2.542653474729881e-07,0.0002878162185493345
innate-lymphoid-cell,kcnc1b,7,5.610296203960169,0.7681818590543363,19.322831387037976,1.2436589257645936e-06,0.0005169664034598731
innate-lymphoid-cell,CABZ01080042.1,7,5.3724270984227696,2.8474060772028613,4.99194904199058,0.0024720892836312433,0.03463828881329069
innate-lymphoid-cell,sox13,7,5.2630157006198335,1.5627310771870104,8.910445881151505,0.0001113727611160516,0.005731094549839025
innate-lymphoid-cell,il11b,7,5.215171028722302,1.9597667144434159,7.040657178722834,0.00041037656653489707,0.011913948257021058
innate-lymphoid-cell,osmr,7,5.041518477498569,0.6475539949168078,20.59844310482839,8.516994207182857e-07,0.00044087497372464465
innate-lymphoid-cell,il4,7,5.036495184030405,0.728177248265729,18.299546941428495,1.7155841990462326e-06,0.0006193033223793867
innate-lymphoid-cell,si:ch73-256j6.4,7,4.957426349510982,0.6711617968286588,19.54240739818695,1.1632166862578234e-06,0.0005118807021699592
innate-lymphoid-cell,def6c,7,4.951721539458087,0.7835819091510736,16.71940559378349,2.9225493104640384e-06,0.0008388539785424789
innate-lymphoid-cell,BX511132.1,7,4.884936602715011,0.9208179414622226,14.035703301542242,8.159860768584662e-06,0.0014539761632867392
innate-lymphoid-cell,si:ch211-186j3.3,7,4.725636357577088,0.9566153604999342,13.069891102459394,1.2368004565243602e-05,0.0018089779378932514
innate-lymphoid-cell,si:dkey-12f6.5,7,4.696520862889294,1.4681737823370289,8.463457378085181,0.00014866913189616043,0.006675511675239217
innate-lymphoid-cell,si:ch211-145b13.6,7,4.678387755393048,1.39246326450124,8.889175645099154,0.00011288136561026383,0.005750250980654976
innate-lymphoid-cell,plxna4,7,4.6730610751902075,0.8829222131018043,14.003223934002223,8.271095303360368e-06,0.0014539761632867392
innate-lymphoid-cell,si:ch211-277c7.6,7,4.610935705414261,2.0033340374025617,6.089543211501327,0.0008922776018767788,0.01885251064699518
innate-lymphoid-cell,cd247l,7,4.272806481789417,1.5183538573922961,7.44542077334666,0.0003024520896934854,0.010131591063175545
innate-lymphoid-cell,zmp:0000000650,7,4.193259020673989,1.8974807775540794,5.846868480998581,0.0011041831847520378,0.021591778812310874
innate-lymphoid-cell,cldni,7,4.184343430490665,0.618564600611538,17.897455021222054,1.9561158021921004e-06,0.0006625436670758059
innate-lymphoid-cell,scin,7,4.150202319410662,1.1804457244995679,9.3019128282404,8.737211901722681e-05,0.005035827910163062
innate-lymphoid-cell,BX571675.2,7,4.121056981115986,1.001881801452196,10.882812618170654,3.568479219941938e-05,0.0032166707622657224
innate-lymphoid-cell,si:ch211-266g18.6,7,4.109659124284086,0.8314212683134086,13.07776987490353,1.2324688267273436e-05,0.0018089779378932514
innate-lymphoid-cell,cfhl2,7,3.970573168413828,0.8663045902159062,12.126392131190956,1.9111697857918473e-05,0.002351253052609835
innate-lymphoid-cell,scgn,7,3.9139680809250166,0.9753287669535029,10.617328774089156,4.112017733218608e-05,0.0034394270277698937
innate-lymphoid-cell,pdia2,7,3.8962397522630448,1.475920195506742,6.984443646854913,0.00042862496905441143,0.012078600824790809
innate-lymphoid-cell,gata3,7,3.8873707037220298,0.5257124307091725,19.563958421322507,1.1556530140448856e-06,0.0005118807021699592
innate-lymphoid-cell,bhlha15,7,3.833762665618729,0.7116304034562626,14.253441884449561,7.457480856312997e-06,0.0013758379282348833
innate-lymphoid-cell,cmklrl2-1,7,3.71747352874661,0.6511839041168235,15.104044188359957,5.310543170658577e-06,0.001139149612686315
innate-lymphoid-cell,si:dkey-21e2.3-1,7,3.6470610162620103,1.6177830389463494,5.964468802684591,0.000995045157891807,0.02017669172709662
innate-lymphoid-cell,CR847944.1,7,3.5986442667185536,0.960029842332437,9.917522734078442,6.0719639913929184e-05,0.004175045917390093
innate-lymphoid-cell,si:ch211-207n23.2,7,3.5939120453869395,1.9184147357063275,4.956486899811274,0.0025612447908322108,0.03527383016269131
innate-lymphoid-cell,tnfrsf9a,7,3.381285348727023,1.923349480620251,4.651281649340738,0.0034990206622793995,0.04234478688559123
innate-lymphoid-cell,faslg,7,3.370250025989839,1.6530479245250953,5.394183249369379,0.0016730555849669637,0.027452320558354455
innate-lymphoid-cell,gbe1a,7,3.343498295935163,0.9031240720833168,9.794960928908333,6.517488958563509e-05,0.004298252634091103
innate-lymphoid-cell,krt17,7,3.3398408179883043,0.8587767213680978,10.289505995065332,4.920973155209226e-05,0.003739803282913161
innate-lymphoid-cell,blk,7,3.308111691424459,1.2273020062350926,7.13144833159982,0.00038275655904662577,0.011471451994766622
innate-lymphoid-cell,pip5k1ba,7,3.2762248232136026,1.2076192239177332,7.177822238734287,0.0003694773039047969,0.011331255943634749
innate-lymphoid-cell,cnpy1,7,3.1438538643221734,1.0511652737978707,7.912985417862383,0.0002161835315647395,0.008203312847135031
innate-lymphoid-cell,st8sia1,7,3.127302289965745,0.7346204442262558,11.263046378306123,2.9285585166589773e-05,0.0028977510628643345
innate-lymphoid-cell,gnb2,7,3.104469656293636,0.5916590201091354,13.882412646703273,8.70060729387832e-06,0.0014749364541770914
innate-lymphoid-cell,cyt1l,7,3.0507314342708276,1.1312153099349103,7.135225823979019,0.00038165456285591486,0.01146844789918075
innate-lymphoid-cell,anks1b,7,2.9767832970686903,0.6302529795460059,12.496296830913687,1.605510621946261e-05,0.0021312692355184037
innate-lymphoid-cell,mafa,7,2.9761171426934268,0.8892122485388433,8.8551027553901,0.00011534750879524811,0.005767179565142271
innate-lymphoid-cell,nfil3,7,2.9730362491548568,1.0601289220123054,7.419771681271716,0.00030823074817474904,0.010212935478471304
innate-lymphoid-cell,si:ch73-160i9.2,7,2.940584887062475,1.457607313795393,5.3375530203564585,0.0017653928728311838,0.028373493536100483
innate-lymphoid-cell,si:ch211-112c15.8,7,2.9199296560388026,1.3960732623743513,5.533669273589673,0.001468161402861533,0.025493043093358328
innate-lymphoid-cell,ankdd1a,7,2.9096528884088895,1.737418052979105,4.430838007611789,0.004419120355110026,0.04845278916883863
innate-lymphoid-cell,zgc:77439,7,2.9004616850194505,0.6575272647602018,11.670847304912096,2.3851703756200446e-05,0.0026804604502300615
innate-lymphoid-cell,C18H15orf48,7,2.8821045053302377,1.2568130171161882,6.067196686981563,0.000909712718273644,0.01912488001979879
innate-lymphoid-cell,si:dkey-24p1.1,7,2.8642916885934824,1.3834129727846907,5.477904023925227,0.001546440016870691,0.026335556711885418
innate-lymphoid-cell,sfxn5b,7,2.821917684605718,1.1721402535438497,6.369623764040987,0.000703256679813281,0.01647771088046807
innate-lymphoid-cell,fkbp11,7,2.813108681161167,1.029670386052331,7.228318967086497,0.00035561622966677486,0.011124665063749109
innate-lymphoid-cell,CU855885.1,7,2.7949243724610606,1.5501068766507664,4.770429016315643,0.003093065171179997,0.039340863686288
innate-lymphoid-cell,hacd3,7,2.786068603748604,0.7471517017176064,9.865793846334302,6.255560500910304e-05,0.004227125673459955
innate-lymphoid-cell,bcl11ba,7,2.7452280964835447,1.4234741500196406,5.102439573871064,0.0022160840684812156,0.032408457579308186
innate-lymphoid-cell,traf3ip2l,7,2.7261887745047724,1.2430069433494968,5.802717002464515,0.001148642413287059,0.022145470561159845
innate-lymphoid-cell,stx3a,7,2.601449229215416,0.7342303114831336,9.3741535880772,8.362797286480032e-05,0.004926570838340365
innate-lymphoid-cell,C1H3orf70,7,2.5839644678335483,1.242261267522731,5.503292710838569,0.001510226482653635,0.025961858581039943
innate-lymphoid-cell,CU207241.1,7,2.5731878047406083,1.4302991602738422,4.759853880292031,0.00312685681204946,0.03945966726705471
innate-lymphoid-cell,pgm2,7,2.552996749747016,1.0997287019714856,6.142055295708689,0.0008527910229456873,0.018328495843692394
innate-lymphoid-cell,rrbp1b,7,2.542780120944769,1.1209391920794678,6.001720598472622,0.0009630851259909259,0.019762333905430855
innate-lymphoid-cell,ube2e2,7,2.5116459928954638,0.7691161609559936,8.640035167605218,0.00013243171976572276,0.006264248675470006
innate-lymphoid-cell,si:ch211-25d12.7,7,2.5092371802420614,1.2650269252250799,5.2479654203535935,0.0019235627878186508,0.029873818301633496
innate-lymphoid-cell,errfi1a,7,2.5084226634656095,0.8473627243240002,7.83213889407608,0.0002288289120814912,0.008553026162065002
innate-lymphoid-cell,esyt1a,7,2.5069884686276867,1.4543870923149802,4.560593299228082,0.0038485041010706575,0.044662902918057176
innate-lymphoid-cell,far1,7,2.5041854133505175,0.8216328055055283,8.063762542252064,0.00019469102172586154,0.007747397791625934
innate-lymphoid-cell,pik3ap1,7,2.503265449377777,0.6153271139751368,10.76340972827919,3.801925521383176e-05,0.0032815326530090958
innate-lymphoid-cell,pik3r6b,7,2.498855136720721,1.1464183256773326,5.766960546651402,0.0011861499887183937,0.022567284979534762
innate-lymphoid-cell,tent5ab,7,2.4319754157014706,1.1841544396719819,5.433752497986148,0.0016117976942048929,0.026961350570465673
innate-lymphoid-cell,si:cabz01036022.1,7,2.418466110132566,0.6527456271436991,9.802685174082187,6.488317462420088e-05,0.004289325050156508
innate-lymphoid-cell,cebpd,7,2.405795575917086,0.8323327885435061,7.647345973567057,0.0002610714592387871,0.009362739195053758
innate-lymphoid-cell,col5a3a,7,2.396568439610454,0.960892694830194,6.598784781349485,0.0005822576238829286,0.014601679991981852
innate-lymphoid-cell,mfsd6b,7,2.376776243934699,0.9973064043084581,6.305342907988054,0.0007422115842677139,0.017027481036848983
innate-lymphoid-cell,ipmkb,7,2.3760794850814504,0.6805439115368861,9.237486819404438,9.087562048874349e-05,0.005171271621082238
innate-lymphoid-cell,sla2,7,2.370765812168028,0.7074907620734632,8.865779020757532,0.00011456813855011545,0.005767179565142271
innate-lymphoid-cell,laptm5,7,2.354734218594121,0.6092953995965872,10.224992918342965,5.101116828475018e-05,0.0038029657660111986
innate-lymphoid-cell,mylk5,7,2.314579899551745,0.714823493242947,8.566874006925625,0.0001388973903286246,0.006426053800448256
innate-lymphoid-cell,pdlim1,7,2.3110790612553345,0.5919861939038107,10.328856516008125,4.8147129096619975e-05,0.003730732515029489
innate-lymphoid-cell,nucb2b,7,2.3067384187743607,1.055232279189839,5.7836140119225545,0.001168509660297583,0.02239867559280194
innate-lymphoid-cell,gfi1ab,7,2.297990050455392,1.23302100669015,4.930905601621741,0.0026278229321839474,0.035778819922812205
innate-lymphoid-cell,vps13c,7,2.2884541750673195,0.8342536332803953,7.257601756180305,0.0003478526426293598,0.010981976122596646
innate-lymphoid-cell,spns3,7,2.285150457456383,0.6774929645932206,8.92398908145883,0.00011042434514711237,0.005731094549839025
innate-lymphoid-cell,gpr183b,7,2.240184897159906,0.5441109485949253,10.892947741620201,3.549440777814502e-05,0.0032166707622657224
innate-lymphoid-cell,ormdl3,7,2.2234058176321616,1.3142274833096799,4.476073535012796,0.004210014480536237,0.04718208630453908
innate-lymphoid-cell,pik3c2b,7,2.2132344095992234,0.6053673854811554,9.672915953733177,6.999174584500932e-05,0.004441701286505676
innate-lymphoid-cell,cip2a,7,2.19565189603519,0.8371529035596484,6.939173068474757,0.0004440009785637027,0.012239584533243175
innate-lymphoid-cell,serp1,7,2.1877915017585594,0.9149361482257158,6.326509500514002,0.0007291176363535927,0.016825561529446004
innate-lymphoid-cell,si:dkey-262k9.2,7,2.1416532766844094,1.2851561412109835,4.409022205888772,0.004524127298998763,0.04911157284858214
innate-lymphoid-cell,hyou1,7,2.1315323539484567,0.5649680577947804,9.981988259740204,5.8518276319285105e-05,0.004085111732365361
innate-lymphoid-cell,zgc:172079,7,2.1226483174685593,1.279730895254742,4.388422276664325,0.004625865683804118,0.04955510544129871
innate-lymphoid-cell,aclya,7,2.112665720203954,0.8780600393854003,6.365838152688592,0.0007054847958541132,0.01648513025848803
innate-lymphoid-cell,grap2a,7,2.1022555513566834,0.5342098926627967,10.411722915632389,4.599518453273165e-05,0.003629725168018835
innate-lymphoid-cell,samsn1b,7,2.0905967288021707,0.8609381502146217,6.424618347737088,0.0006717809686375861,0.01611041160364701
innate-lymphoid-cell,stau2,7,2.085104922966191,0.6210094895171667,8.883389347132566,0.00011329584007723581,0.005750250980654976
innate-lymphoid-cell,rab3ab,7,2.0670879706345824,1.1425860359714988,4.78651106893863,0.0030424654474514945,0.03891377135236912
innate-lymphoid-cell,gab2,7,2.0584051349473644,0.7354304334104297,7.405225344338927,0.00031156443779348887,0.01027376244094275
innate-lymphoid-cell,mst1,7,2.018314917669688,1.0344276915396484,5.162235488512272,0.0020901673578017977,0.03133537784770073
innate-lymphoid-cell,tagln2,7,1.9972106779863477,0.7012322268663828,7.535481923538933,0.00028312698166641436,0.00978058021349203
innate-lymphoid-cell,lman1,7,1.992897819486156,0.46453083173204657,11.350617996793588,2.8006874759229532e-05,0.002824884591983317
innate-lymphoid-cell,btk,7,1.9750283700779474,0.8303585735970214,6.2929848208677965,0.0007499809509581508,0.017117909641877593
innate-lymphoid-cell,rps6ka5,7,1.9655286878104457,1.0904134814562012,4.7691084080919195,0.0030972623737211087,0.03937424843786605
innate-lymphoid-cell,mtmr10,7,1.961540637198724,0.5941811440107667,8.73428711914991,0.00012460796913609396,0.006039964016340526
innate-lymphoid-cell,si:dkeyp-28d2.4,7,1.9599810468593168,0.5759086253688463,9.004245111051434,0.00010499197691618129,0.005600150171596499
innate-lymphoid-cell,si:ch211-191c10.1,7,1.9596888607011524,0.9373215800714382,5.531558733645697,0.001471040505961865,0.025522942510433258
innate-lymphoid-cell,prdx4,7,1.9476000739146124,0.6459776877184668,7.976847415873638,0.00020676244254113168,0.007967033161679703
innate-lymphoid-cell,vps26a,7,1.9110596272810676,0.332483591951126,15.207332442272026,5.102417840216196e-06,0.0011198786675706506
innate-lymphoid-cell,pdxdc1,7,1.8951125837341356,0.975581301168898,5.139496418209376,0.0021370681217141156,0.03176081469080539
innate-lymphoid-cell,trioa,7,1.8850816248776234,1.116415824269793,4.4673830951346964,0.004249306595588499,0.047525367488777205
innate-lymphoid-cell,oaz2b,7,1.8836387542773634,1.0661483030516705,4.674433837615813,0.0034156397926161097,0.04168508794947641
innate-lymphoid-cell,ctnnb2,7,1.8739409286297806,0.8718116399933402,5.686987235932882,0.0012752127972186311,0.023511735948718512
innate-lymphoid-cell,lpcat3,7,1.845933762932764,0.6649815010500275,7.34438727348948,0.0003259644944193074,0.01057855386054032
innate-lymphoid-cell,arl5c,7,1.8382467009959076,0.9784861324866745,4.9704778205288624,0.0025256418102555726,0.035048549855519286
innate-lymphoid-cell,adgre5a,7,1.8233945973082395,1.0522541280500548,4.584680181161409,0.003751985695744564,0.04379318257778756
innate-lymphoid-cell,gpr183a,7,1.8162437366313513,0.5456156233004559,8.80716944712392,0.00011892303627839107,0.005889266246024655
innate-lymphoid-cell,nxpe3,7,1.815816252734264,0.8245651934297082,5.826341288238739,0.001124604285101217,0.02191712309649972
innate-lymphoid-cell,pim2,7,1.8060417019273383,0.5029992688752427,9.499690151431881,7.755416506413426e-05,0.004733318511481532
innate-lymphoid-cell,gng2,7,1.7778313411861986,0.6993716745607578,6.725607817544621,0.0005256489308935095,0.013654521679572032
innate-lymphoid-cell,krtt1c19e,7,1.7771739310168189,0.8706716408245909,5.400382919931163,0.001663284962179211,0.02744163180239525
innate-lymphoid-cell,tmem245,7,1.7721579125061855,0.8637421936223448,5.428343266135231,0.001620019198803485,0.027001960339716653
innate-lymphoid-cell,id3,7,1.7689306798359665,0.8884701472160118,5.2676510066471725,0.001887470758658655,0.02954423995033935
innate-lymphoid-cell,bcl2l10,7,1.761018999604443,0.5957797696683534,7.820370150545238,0.00023073990076730643,0.008589347595048917
innate-lymphoid-cell,ssr3,7,1.7555734439208468,0.658727413752237,7.051187857001474,0.0004070582258641401,0.01184085094276875
innate-lymphoid-cell,ssr2,7,1.7488322601395365,0.5268450062642456,8.782422135696422,0.00012081908220260723,0.005963364634656008
innate-lymphoid-cell,ptgis,7,1.745967574260073,0.7521397674424762,6.141672330905099,0.0008530716611190369,0.018328495843692394
innate-lymphoid-cell,FP101882.1,7,1.7432432982079915,0.7951991730708033,5.800041546732963,0.0011514015404503434,0.022151964419533782
innate-lymphoid-cell,tram1,7,1.7376877881836457,0.8844267206159397,5.198270966537496,0.002018216415191449,0.030624871322332638
innate-lymphoid-cell,unc119b,7,1.7252866157096307,0.8201979967045626,5.565338301015328,0.0014257220086239652,0.02509530310501703
innate-lymphoid-cell,gstk1,7,1.7156811952006896,0.7986382265698834,5.683757201388967,0.0012789671582521722,0.023536606642701206
innate-lymphoid-cell,lpar5a,7,1.701637758860351,0.899090106519162,5.007407265209222,0.0024343309695443053,0.034301936389033394
innate-lymphoid-cell,st6gal2a,7,1.6885850652982388,0.9117037356802732,4.900249911802099,0.0027102053544883513,0.03637694907063988
innate-lymphoid-cell,ssr4,7,1.6871822514365518,0.6456416874620962,6.913842058882274,0.00045288074093868374,0.012374450757115072
innate-lymphoid-cell,acp5b,7,1.6863936302045113,0.5892061744426523,7.572524443256367,0.00027559403480284647,0.009681078546499479
innate-lymphoid-cell,si:ch73-170d6.3,7,1.6764007790779059,0.7832587924047735,5.662674459737146,0.0013037843134655269,0.02376699178732673
innate-lymphoid-cell,rasal3,7,1.673744247632521,0.35367745285371965,12.520761506931857,1.5873824252402445e-05,0.0021312692355184037
innate-lymphoid-cell,zbtb16a,7,1.632820509611603,0.850597253047769,5.078827833688574,0.002268159918456052,0.03280452462552736
innate-lymphoid-cell,plpp5,7,1.6062029007164182,0.9408404697101099,4.516826781181718,0.00403113409281356,0.04588969453790042
innate-lymphoid-cell,ivns1abpa,7,1.6036028293971518,0.6003340521143049,7.0672890757437425,0.0004020440024330328,0.011709211472134027
innate-lymphoid-cell,slc17a9b,7,1.589837032412819,0.7908567546838093,5.318679252561952,0.0017974453455682803,0.028753885163653514
innate-lymphoid-cell,dennd2da,7,1.5796681719250187,0.909893696743453,4.593293867048317,0.0037181351115885613,0.043660394651736635
innate-lymphoid-cell,p4hb,7,1.5429940201269818,0.5447825492701844,7.493592548411704,0.0002919329297718145,0.009900098798874822
innate-lymphoid-cell,sec61b,7,1.5235246599170817,0.6310987919936949,6.387062402196968,0.0006930963196341644,0.016378049076587218
innate-lymphoid-cell,spcs1,7,1.519161635257223,0.2721038102272674,14.771288519788802,6.051415172226581e-06,0.0012284749908501595
innate-lymphoid-cell,cyb5r2,7,1.5120766366816178,0.8519271159524657,4.695916668244358,0.0033402737489056544,0.04119815445492574
innate-lymphoid-cell,CABZ01054965.1,7,1.4959091198965606,0.6202690218298758,6.380785394575661,0.0006967340203007808,0.016435853694713603
innate-lymphoid-cell,CABZ01058650.1,7,1.4926643168614697,0.4838274815524247,8.162451956312967,0.00018195780630793492,0.007488837658623693
innate-lymphoid-cell,sept12,7,1.48209566683238,0.6040059923712957,6.492082203109064,0.0006353503094689471,0.015511015505234158
innate-lymphoid-cell,grap2b,7,1.4807200309836754,0.5516072215018569,7.102185777459899,0.0003914183081141082,0.011584208503894886
innate-lymphoid-cell,ncaldb,7,1.4640045358229183,0.5847977830109333,6.6234723054440465,0.0005707103030359496,0.01440110968416371
innate-lymphoid-cell,si:ch211-194k22.8,7,1.4538161388942226,0.5797338087750922,6.634831188564468,0.0005654857278060521,0.014338355769278223
innate-lymphoid-cell,zgc:174945,7,1.4387299996754666,0.8489333041653729,4.483887914671575,0.004175032497242121,0.04694344941058918
innate-lymphoid-cell,xbp1,7,1.4232493157986306,0.5910245105852968,6.37124802069027,0.0007023031561613801,0.01647771088046807
innate-lymphoid-cell,BX324123.4,7,1.419373947573325,0.6651707374469151,5.645633927158056,0.001324245183708744,0.023991817240073033
innate-lymphoid-cell,cers1,7,1.4028364559043902,0.5374997070689761,6.9052249584611385,0.0004559478471913437,0.012409651971919162
innate-lymphoid-cell,erlec1,7,1.3760777130086146,0.6201648609174903,5.870631573567484,0.0010810699199139244,0.02131612633171338
innate-lymphoid-cell,kdelr2b,7,1.36036815827373,0.6147349219715729,5.854874531513407,0.0010963335822383295,0.021507967497793448
innate-lymphoid-cell,tes,7,1.3471866420924843,0.7485063206110973,4.761911458082147,0.003120249476507988,0.039430697553199744
innate-lymphoid-cell,zgc:152774,7,1.3438263738227891,0.44419293336074334,8.004247981805104,0.00020286601207925077,0.007916968764429936
innate-lymphoid-cell,specc1la,7,1.3362686741118246,0.6954130393634944,5.08393486510097,0.002256779643743789,0.03272449763536515
innate-lymphoid-cell,sec11a,7,1.3269023827037807,0.653965639535073,5.368254089296042,0.0017146339388483373,0.027896691869582095
innate-lymphoid-cell,dhdhl,7,1.3143356451144297,0.5981252792810695,5.813840973951435,0.001137251226158558,0.022018692582681746
innate-lymphoid-cell,slc27a4,7,1.298218620128824,0.748540895423693,4.588611841053972,0.003736491873668883,0.04375347548841833
innate-lymphoid-cell,cdk6,7,1.2883741459306925,0.4205534482233382,8.105313605531599,0.00018920859774480746,0.007667559644207966
innate-lymphoid-cell,orai1a,7,1.2882688276578733,0.4548423226220119,7.493671477471501,0.00029191604335808874,0.009900098798874822
innate-lymphoid-cell,agap2,7,1.2848948860348155,0.7756800716314219,4.382621719489191,0.004654975969884769,0.0498321172214953
innate-lymphoid-cell,BX322530.1,7,1.275764236545277,0.4952201759406907,6.815867093939298,0.0004892009654567196,0.013068382168748885
innate-lymphoid-cell,pdia3,7,1.2701493758040796,0.5792487190758439,5.801479167089032,0.001149918020743876,0.022151964419533782
innate-lymphoid-cell,atrnl1b,7,1.2615477861856161,0.7052861826297813,4.732464340682076,0.0032163346794961433,0.04014565147041706
innate-lymphoid-cell,ssr1,7,1.2601512270077602,0.5740969313864245,5.8074631281233735,0.0011437664150277893,0.022082499364030544
innate-lymphoid-cell,tpst2,7,1.258362717518446,0.7106412171684248,4.684944708013142,0.0033785281883535584,0.041453452972933756
innate-lymphoid-cell,atp2a3,7,1.2482280943110662,0.5215332966374506,6.332291990413275,0.0007255866713753744,0.016784544965584652
innate-lymphoid-cell,calm1b,7,1.2477443779456396,0.7312243956477854,4.514648777409327,0.004040474529821256,0.04595788504380023
innate-lymphoid-cell,rarga,7,1.2412224256761486,0.31163769284558435,10.537768490291828,4.2931950071745566e-05,0.0035159344782637004
innate-lymphoid-cell,laptm4a,7,1.240034108255974,0.6945829154820407,4.72344164325747,0.003246441725666271,0.04041112919403546
innate-lymphoid-cell,dpy19l3,7,1.221813198033055,0.6664972319928053,4.850153482118094,0.002851207238072358,0.0375349666873873
innate-lymphoid-cell,mob2a,7,1.220954765493622,0.3293103408848947,9.809417654104054,6.463014720110879e-05,0.0042829180880734775
innate-lymphoid-cell,capgb,7,1.2181500006177557,0.6555204702213562,4.916584771364108,0.0026659495352302216,0.03608873520956642
innate-lymphoid-cell,pik3r1,7,1.215483531965101,0.5588522634373769,5.754413748803658,0.0011996412260634043,0.022729390218956834
innate-lymphoid-cell,hgsnat,7,1.2113651915650778,0.6369963300936153,5.031380704014887,0.002377059826119855,0.03377246832190483
innate-lymphoid-cell,chchd4b,7,1.1843973105590682,0.5632343643405782,5.563617803934604,0.0014279913857840872,0.025113425428837457
innate-lymphoid-cell,tmc8,7,1.1654791826212123,0.5600100851890674,5.506272399357779,0.0015060400632079282,0.025921084776731187
innate-lymphoid-cell,ppp3ccb,7,1.141165323896911,0.3239659385672805,9.319620652696091,8.643670874490303e-05,0.005024133695797488
innate-lymphoid-cell,arhgef12a,7,1.1409497371926103,0.5868083381840135,5.144216717127738,0.0021272347252638017,0.03170053486562325
innate-lymphoid-cell,snd1,7,1.1244114920979176,0.5767013553660588,5.1584986782384865,0.0020977938555527217,0.031432536552205854
innate-lymphoid-cell,sec61g,7,1.1041625752322128,0.3424743010640861,8.530098673016697,0.00014228473338194988,0.006510157724360638
innate-lymphoid-cell,srpra,7,1.1030115399265308,0.5936393225888353,4.915938208327301,0.002667685620739956,0.03608873520956642
innate-lymphoid-cell,acap1,7,1.0918074989834736,0.6266012944115223,4.610030569085525,0.0036533428985733676,0.043314374426257705
innate-lymphoid-cell,unc13d,7,1.073120252803268,0.5779331362818338,4.912695150256357,0.002676412898190187,0.03613552552256289
innate-lymphoid-cell,ada,7,1.070462676732588,0.457709669664002,6.187717276084677,0.0008200746687934079,0.01799204497696098
innate-lymphoid-cell,tbc1d1,7,1.0647306266040022,0.42266701675117513,6.664850436925724,0.0005519403691126976,0.014074527416607299
innate-lymphoid-cell,aldh9a1a.1,7,1.0556708283341885,0.33827573013529977,8.256703716227857,0.00017068639513439794,0.007204984750977526
innate-lymphoid-cell,si:ch211-222l21.1,7,1.041965593811694,0.2877817742132575,9.579417749605648,7.396183690277071e-05,0.0046116886259716236
innate-lymphoid-cell,pgam1a,7,1.0400657545115066,0.5600004019463362,4.913845283018024,0.002673314120958104,0.03613206307382128
macrophage,si:ch211-194m7.3,21,3.908564777369926,2.1214192379059984,8.443071332102988,5.0187530454881364e-08,3.179895838405705e-06
macrophage,zgc:174904,21,3.780418293389757,1.909570569174862,9.07222454498771,1.584424003705589e-08,1.384352628715377e-06
macrophage,ccl34a.4,21,3.75213779831578,2.007415081658547,8.565470906236678,3.9944655747678144e-08,2.6925838585689185e-06
macrophage,si:ch211-147m6.1,21,3.7486073183228603,2.0945911310732983,8.20125538203608,7.924014987369009e-08,4.418604698749365e-06
macrophage,ctsl.1,21,3.733611611905665,2.302001972052207,7.432468796658255,3.563821464615066e-07,1.4008823779745207e-05
macrophage,ctss2.2,21,3.7319478492777307,1.4788336407455496,11.564474216532536,2.6053612410802366e-10,7.167519303787931e-08
macrophage,lygl1,21,3.691435861550814,1.4143141959013934,11.96076819963599,1.4405162491588929e-10,4.542593482261405e-08
macrophage,mpeg1.1,21,3.6547115796334553,1.573507487012582,10.64373229561126,1.0970678604031244e-09,1.8452367706490076e-07
macrophage,sftpbb,21,3.473982908044342,1.964944426623648,8.101903251508688,9.580888515741054e-08,5.054839931333765e-06
macrophage,grna,21,3.4427488395171135,1.0660281603230912,14.799475044849629,3.083641826327671e-12,3.845441522968166e-09
macrophage,MFAP4-3,21,3.366918038641366,1.718207846035473,8.979796481774283,1.8709715487263398e-08,1.542085838134861e-06
macrophage,marco,21,3.3558409376795715,1.889899425575386,8.137150003348044,8.955437822821703e-08,4.8460046680298506e-06
macrophage,slc2a6,21,3.3542820226581105,1.5410163174676732,9.974749194297758,3.301134403834154e-09,4.2128867618844593e-07
macrophage,tnfb,21,3.317953294965769,1.5832237883798785,9.603678417482536,6.217458917777933e-09,6.823039416369504e-07
macrophage,mfap4,21,3.241956751153738,1.670544797022234,8.893213901487124,2.188360964953489e-08,1.740222697782579e-06
macrophage,dnase2,21,3.2360019009052015,1.6569443944095932,8.949741288815584,1.9753471730033738e-08,1.6050636072012573e-06
macrophage,ctsk,21,3.1774630287221686,1.3226057917513636,11.0093006834347,6.134339525225318e-10,1.265380487778621e-07
macrophage,slc43a2b,21,3.150804147892351,1.6670146417554776,8.661470718992915,3.344195345952677e-08,2.3345546899799416e-06
macrophage,calhm6,21,3.142040746178996,1.2269914359899543,11.73491446937749,2.0154732596868355e-10,5.945646116076165e-08
macrophage,abcg2a,21,3.1396123648386145,1.6832147787661311,8.547638421544116,4.129045364036605e-08,2.7562131280375733e-06
macrophage,si:dkey-5n18.1,21,3.1067233509201952,1.7696623215818414,8.04492176007503,1.0689445995791597e-07,5.5427358043314975e-06
macrophage,cmklr1,21,3.100861334851448,1.3234163220723303,10.737310360708953,9.44100845401734e-10,1.7500950468646332e-07
macrophage,entpd2a.1,21,3.097448573721823,1.7818519541728903,7.966033607377915,1.244783788921161e-07,6.2892529003779104e-06
macrophage,ctsc,21,3.0679411584015432,1.232044425162286,11.411173411375733,3.2901034679121523e-10,8.28109987542843e-08
macrophage,trpv1,21,3.0643501430053752,1.6511233111989685,8.504886576868564,4.47119334518574e-08,2.879511488853774e-06
macrophage,ctsba,21,2.9953473583004957,1.27953577445602,10.727645350856763,9.588154977643378e-10,1.753673545410974e-07
macrophage,irf8,21,2.945479715751591,1.2634477933602684,10.683372772759908,1.0293375006608688e-09,1.810248354527624e-07
macrophage,rnaset2l,21,2.9432426937189002,1.2665455663100376,10.649148985525683,1.0875453750631007e-09,1.8452367706490076e-07
macrophage,mcoln3a,21,2.9423526422884523,1.4676902500327753,9.186920540106504,1.2909934503216598e-08,1.1776866429930015e-06
macrophage,tcima,21,2.9234711730410683,1.2385627339854433,10.8165921473942,8.319277675138323e-10,1.5740647104649646e-07
macrophage,cfp,21,2.9187434144928113,1.1865061585693701,11.272897771718707,4.069070229533705e-10,9.460588283665865e-08
macrophage,zgc:136870,21,2.9150152928998434,1.4706736817394936,9.083101436796913,1.553838547890864e-08,1.3663320692751876e-06
macrophage,mafba,21,2.9062037737621815,1.1562545795601438,11.518137107225847,2.795071134900539e-10,7.373343902499643e-08
macrophage,ms4a17a.9,21,2.892527761837396,1.0412841346064436,12.72969305672838,4.7574494571438804e-11,2.1396823910941368e-08
macrophage,asah1b,21,2.8822198886832844,1.1357781919429482,11.629023081349851,2.3631924146497217e-10,6.753560822491158e-08
macrophage,tfeb,21,2.875795376429783,1.7798963032339328,7.404111111276037,3.772767779355965e-07,1.4619475145004364e-05
macrophage,CR855311.1,21,2.872962802763002,1.1394383755264583,11.554437515210958,2.64528142770999e-10,7.167519303787931e-08
macrophage,cd83,21,2.8665206218228856,1.2309228815270499,10.671706512075744,1.048805968115747e-09,1.8327383270863388e-07
macrophage,cxcl19,21,2.8546795362449977,2.9003675751637825,4.510388673389238,0.0002135404939216903,0.0022875765133703917
macrophage,si:ch211-283g2.2,21,2.8273081578632677,2.0840105109688736,6.217028934441921,4.511773477218642e-06,0.00010428012244944687
macrophage,tlr18,21,2.8251621349898435,1.6562807555668897,7.8166212404507736,1.6647373958524272e-07,7.91154806355675e-06
macrophage,paox1,21,2.81129788126049,1.1663994261066375,11.045088889444763,5.799373920957733e-10,1.2458480629785399e-07
macrophage,lgals2a,21,2.8101837507249496,1.2554244660814364,10.25778937909964,2.0586810317644577e-09,2.8099459754456667e-07
macrophage,icam3,21,2.791913803298881,1.8007597280836105,7.104865872930677,6.92855365394305e-07,2.3378892579999118e-05
macrophage,abca1b,21,2.7908521926095964,1.222778401282723,10.459206191940163,1.4792448908908109e-09,2.258440662556238e-07
macrophage,FO704661.1,21,2.7869946373214454,1.9470303507933173,6.5595350795418925,2.1632973973132043e-06,5.762142145173569e-05
macrophage,cybb,21,2.786056140645096,1.4709784112731001,8.679470111225392,3.235046342897598e-08,2.275730677369118e-06
macrophage,si:ch211-212k18.7,21,2.776835452130201,0.8459072179529377,15.043090284319494,2.282503685340465e-12,3.131024430365783e-09
macrophage,krt18b,21,2.7733752410643513,1.8904775372318725,6.722746883998003,1.532236316960597e-06,4.420284264544057e-05
macrophage,ctss2.1,21,2.7622571729865544,1.1949119883478994,10.593460194208173,1.1897016881866454e-09,1.9544590308623122e-07
macrophage,si:ch73-335l21.4,21,2.759115156255517,2.1388864365132525,5.911419063114189,8.802374977176434e-06,0.00017783001288574038
macrophage,lgmn,21,2.754073891089836,1.532668943610431,8.234493253116142,7.438487097209848e-08,4.199071882961979e-06
macrophage,tfec,21,2.7511850417312944,1.6722903524563462,7.53906980689408,2.8795180560488303e-07,1.1902802229746246e-05
macrophage,acod1,21,2.7385179816295393,1.9887835871355164,6.310121435027674,3.6892213118921257e-06,8.925378015146426e-05
macrophage,slc22a21,21,2.729816994646006,0.9518532244859911,13.14235502863109,2.6824372336965772e-11,1.5331805313847e-08
macrophage,slc30a1a,21,2.7296510736114326,1.0412231426017613,12.013594544571262,1.3326213832284688e-10,4.301231488102711e-08
macrophage,CABZ01088134.1,21,2.7260946688195533,1.6245200317695756,7.6899853046891415,2.1348476681818936e-07,9.441889481052129e-06
macrophage,mafbb,21,2.725818525362179,1.6770427009847264,7.448390977671864,3.45178166785077e-07,1.3704722150142673e-05
macrophage,si:dkey-148a17.6,21,2.7219875493299583,1.4229820650929468,8.765896838423691,2.760158029891281e-08,2.0746557684949945e-06
macrophage,plaua,21,2.720990016129332,1.6623709199006025,7.500818598822301,3.1079156387621117e-07,1.2539068463152726e-05
macrophage,unm_sa911,21,2.719466863199377,1.130578901484238,11.022815598429071,6.00553504360296e-10,1.2518904444770998e-07
macrophage,card9,21,2.7130026362960984,1.5944628795165297,7.79732165681486,1.7288134150487088e-07,8.09415637198396e-06
macrophage,ada2b,21,2.7086515442933354,1.5833956063837185,7.839228985441042,1.5927929263596555e-07,7.639558380188313e-06
macrophage,tcirg1b,21,2.7038426009390344,1.2006854640710927,10.319574740279986,1.8592861763596692e-09,2.5692883958564137e-07
macrophage,rbm47,21,2.7034313669676746,1.1168334943828044,11.092682067252703,5.383191818235175e-10,1.1815029402662562e-07
macrophage,gnsb,21,2.6958533527251496,1.0467149041336699,11.802594959310747,1.821567241211316e-10,5.432032311155701e-08
macrophage,slc40a1,21,2.6877423952227124,1.739180241947842,7.081947389682555,7.262335416793293e-07,2.4150566322390785e-05
macrophage,cxcl8a,21,2.6629720961274894,2.3509626883176917,5.190754946771142,4.440090105643649e-05,0.0006556182564495884
macrophage,c1qc,21,2.6598637004027035,2.0682412674671373,5.893425944589128,9.158874959729046e-06,0.00018341148505121637
macrophage,cyp2k8,21,2.6573787622893597,1.291231653244357,9.431026026787242,8.39378325750924e-09,8.592665808573358e-07
macrophage,cxcr3.2,21,2.655656803349604,1.1530239549284853,10.554636154050094,1.2667982221699385e-09,2.044388777954839e-07
macrophage,hsd17b14,21,2.6522976287023794,1.328835248367162,9.146622701358567,1.387057832711367e-08,1.2315188233150924e-06
macrophage,snx10b,21,2.651937044480719,1.5967248661510094,7.6110183427437335,2.4957393794366746e-07,1.0608032083939696e-05
macrophage,dnase1l1,21,2.6457371555653104,1.0447370352685368,11.605112458963216,2.4500384961716077e-10,6.858857769639598e-08
macrophage,itgae.1,21,2.6426082841415957,1.3847033683197318,8.74552107783998,2.865176134667673e-08,2.1226520461928282e-06
macrophage,slc45a3,21,2.6393234058239465,1.3720362594534747,8.815291292283096,2.5218274638604363e-08,1.927196001978024e-06
macrophage,cx32.2,21,2.6303718688905655,1.5500042095586823,7.77667448948765,1.8001959280526098e-07,8.300567274978714e-06
macrophage,atp2b4,21,2.6292052314689633,0.996635237765647,12.089209305695407,1.1926366082072264e-10,3.990242115386007e-08
macrophage,AL831726.2,21,2.621604406588351,2.6920044769930827,4.462734270353064,0.0002386200058968351,0.002501543699571903
macrophage,stoml3b,21,2.620293274597209,1.8184462037016569,6.603270555588819,1.971641563938569e-06,5.3930195719496145e-05
macrophage,fgl2a,21,2.620009514165643,1.8206265847531489,6.594648249518134,2.007992304565921e-06,5.471616443520163e-05
macrophage,tspan36,21,2.617498038871492,0.9557534400083413,12.550185426925998,6.13229356267737e-11,2.5882995983392863e-08
macrophage,ms4a17a.10,21,2.6164574582204896,1.4074911729419415,8.518784760735219,4.356849936805531e-08,2.845682755505059e-06
macrophage,csf1ra,21,2.6111512574628866,1.3760419053192021,8.695809511358654,3.139164280087531e-08,2.2369603123169194e-06
macrophage,slc38a6,21,2.6077175126407957,1.0480939092897765,11.401710082292311,3.338095543492656e-10,8.32551374870191e-08
macrophage,sting1,21,2.591268899911885,1.7623946979009117,6.7378129847839565,1.4844841042419178e-06,4.328036280539534e-05
macrophage,tspan37,21,2.590808906995105,1.1078342509894614,10.716926216053428,9.754148315960215e-10,1.7605595990024243e-07
macrophage,zgc:110239,21,2.5807911419088536,1.057600096734126,11.18255453757016,4.679996172458724e-10,1.0524237294377465e-07
macrophage,acp5a,21,2.580281044819419,1.667641789487861,7.090451484653683,7.136587938782193e-07,2.3848025590802615e-05
macrophage,il1fma,21,2.579884510484773,1.3036530253849856,9.068759726192651,1.594297763236475e-08,1.3885574328378633e-06
macrophage,fosl2,21,2.5787160288908946,0.8220902919255978,14.374529798313143,5.2644154793913695e-12,4.926073689158356e-09
macrophage,bpifcl,21,2.5780426717606044,1.7235307087934133,6.854578005424576,1.1626605273252003e-06,3.5404279314160277e-05
macrophage,ctsh,21,2.576495273051858,1.2412456531717497,9.51220621501128,7.285790402617155e-09,7.747506189759754e-07
macrophage,cd180,21,2.575831016479748,2.5929176645221514,4.552377721800448,0.0001936520862472228,0.0021192042226535926
macrophage,c1qa,21,2.5734095592630277,2.731177537562285,4.3178606799657135,0.00033460829312515264,0.003299776607436579
macrophage,slc3a2a,21,2.568773279575211,1.2398124050250954,9.494660602782961,7.511652239163671e-09,7.895868934155377e-07
macrophage,c1qb,21,2.5671654057426894,1.5959290549429983,7.3713989709323755,4.029603041440917e-07,1.5354466589157162e-05
macrophage,si:ch211-1o7.3,21,2.563154505160444,1.6424628037011204,7.151364104743654,6.299119702649828e-07,2.1666797905686346e-05
macrophage,si:dkeyp-123h10.2,21,2.5581712385543747,1.5103011896785112,7.762036752304858,1.85264477827954e-07,8.52807206243275e-06
macrophage,havcr1,21,2.5557257005494796,1.5039375396056927,7.787428779377814,1.7626427785789098e-07,8.18242041122037e-06
macrophage,sdc4,21,2.5527047252256545,1.273062416537661,9.188836680948354,1.286601538792773e-08,1.1776866429930015e-06
macrophage,ctsla,21,2.5480372915844294,1.3630687311770426,8.566386635670902,3.987678732762136e-08,2.6925838585689185e-06
macrophage,mrc1b,21,2.547805943629921,1.662770904644835,7.021721128345324,8.220895380736365e-07,2.684492256719038e-05
macrophage,sgpl1,21,2.532499377932603,0.8411102617062186,13.79767983482079,1.1116736272767364e-11,8.713933132667789e-09
macrophage,gm2a,21,2.5320370170059006,0.9000054794677272,12.892422943604757,3.788676999313748e-11,1.8235500609854856e-08
macrophage,si:ch211-194m7.4,21,2.5248460558990393,2.1297318163840013,5.432748893667215,2.563004383794469e-05,0.0004228263696295927
macrophage,tpp1,21,2.522054683363988,1.0800619533491624,10.700781059359329,1.0009840384163154e-09,1.7734202225380315e-07
macrophage,rab32a,21,2.520943230490224,0.8934472846734488,12.930156456438631,3.595006769360943e-11,1.7932547403166812e-08
macrophage,enpp1,21,2.5157656844016154,0.8553911683698883,13.477677939454189,1.7017501828298222e-11,1.1387199089252725e-08
macrophage,NPC2,21,2.5146088367283315,2.2819668466287495,5.04976019022206,6.13083019883226e-05,0.000845647694846471
macrophage,ugt5b2,21,2.510234195579774,0.9265591249114339,12.41511513300401,7.437036494386483e-11,2.9570303800506255e-08
macrophage,junba,21,2.49694937837145,0.9259355250396407,12.357728182391782,8.076255155289456e-11,3.1653151455052315e-08
macrophage,tlr22,21,2.4943202038854215,1.3163631326871232,8.683326703650124,3.212144603792688e-08,2.2686845513337915e-06
macrophage,adrb2a,21,2.487261938738947,1.1337196193678465,10.053690447563495,2.891133181853173e-09,3.7414263605727263e-07
macrophage,fuca1.1,21,2.4859187262905147,1.366634667946453,8.33573961053712,6.14079423351421e-08,3.6387190020834206e-06
macrophage,ifi30,21,2.484099186151546,1.2733866709986634,8.939603981711228,2.0119008531460826e-08,1.6282153364620288e-06
macrophage,adam9,21,2.4784643464563785,1.070517933118247,10.60958450439247,1.1591337780921048e-09,1.915712963973307e-07
macrophage,lyn,21,2.4677288916384605,0.9201447779204128,12.289972960690807,8.905481666836517e-11,3.4411533736571815e-08
macrophage,ccl38.1,21,2.464425526955862,1.0945190088962586,10.318154760277068,1.863635468472485e-09,2.5692883958564137e-07
macrophage,epdl1,21,2.4637164010227215,2.1906342216414068,5.153834805945494,4.83071755691123e-05,0.0007008500062076128
macrophage,ms4a17a.8,21,2.462508369299582,1.552170461245904,7.2702266171974435,4.944471629640286e-07,1.801481794942646e-05
macrophage,scpep1,21,2.4618797812358606,1.2460717877129983,9.053852723927594,1.637513146933451e-08,1.4171978923066002e-06
macrophage,eml3,21,2.458085842483725,0.8889309209664739,12.67181079226493,5.161657506727977e-11,2.247778947572731e-08
macrophage,psap,21,2.4520790301735658,0.9207554089955631,12.203933483314914,1.0088407476032002e-10,3.6903394547325065e-08
macrophage,wdfy4,21,2.4520729668279566,1.280411438168703,8.775936894249709,2.7098881134578095e-08,2.0480931237662536e-06
macrophage,galk1,21,2.445968160714635,0.8430436431401226,13.295674945340524,2.176037765255789e-11,1.3773707191445314e-08
macrophage,zgc:152830,21,2.4341129233945162,1.0401964351376278,10.72346178541726,9.652587481616445e-10,1.7537664738950144e-07
macrophage,adap2,21,2.4297721715218388,1.20541147297886,9.237190077492587,1.1807618938808393e-08,1.1190903295758178e-06
macrophage,tpte,21,2.4239818723383455,1.012495407988805,10.970993374929035,6.515314474038317e-10,1.314320974965009e-07
macrophage,cndp2,21,2.4237859265650714,1.5456982785722642,7.1858671455030905,5.870420466258308e-07,2.0516558661375375e-05
macrophage,tnfsf12,21,2.42204521134992,1.3039881232150032,8.511738197623348,4.414439545632124e-08,2.8629971096816933e-06
macrophage,slc36a1,21,2.414669986275115,0.9744283317569055,11.355794602659628,3.581533656551184e-10,8.69551998827272e-08
macrophage,ctsz,21,2.4097217012173204,1.7700534530446546,6.238643291032605,4.305358074941453e-06,0.00010061115739865311
macrophage,zgc:64065-1,21,2.4096517505108315,1.7253474616305755,6.4001088422866825,3.0401388785570204e-06,7.589339416123604e-05
macrophage,zgc:171534,21,2.3966309931568452,0.9543016964834985,11.508669616211193,2.835574090154978e-10,7.408950015562078e-08
macrophage,slc16a9a,21,2.394701589725814,1.968290399980134,5.57534665710933,1.8592105312327832e-05,0.00032844456487038896
macrophage,slc35f6,21,2.3936159513625177,1.4391854715318664,7.621621047978735,2.443826627593914e-07,1.0475997426256098e-05
macrophage,si:dkey-1h24.6,21,2.3864116225214076,1.6170005216775938,6.763084954469294,1.4077976295405521e-06,4.144090983524147e-05
macrophage,si:ch211-198c19.3,21,2.3851607822466723,1.9938955343543157,5.481821710797393,2.2943784507709324e-05,0.00038807813068372706
macrophage,si:ch73-237c6.1,21,2.3809647216860816,0.851971464415247,12.806709520059684,4.270208456296293e-11,1.95255281664148e-08
macrophage,fthl28,21,2.3804889129911437,2.19237940676501,4.9757676983846615,7.26687769355659e-05,0.0009724594661421179
macrophage,si:ch211-209f23.6,21,2.3796765770002346,0.8631645984880082,12.633799002784851,5.446482110863743e-11,2.3347536986179188e-08
macrophage,hmox1a,21,2.379160264619368,1.7272523559762378,6.3121534993578035,3.6730932521595917e-06,8.894202415975146e-05
macrophage,dpp7,21,2.378877394596593,1.1570023477630196,9.422094735447391,8.52595196091013e-09,8.663314520280349e-07
macrophage,atp6v0ca,21,2.3775300274049926,1.0069647362111491,10.81985388943075,8.27621679300218e-10,1.5740647104649646e-07
macrophage,fgd4b,21,2.3768901968060896,1.002827110806975,10.861572376815152,7.745491115893212e-10,1.5070748139328388e-07
macrophage,entpd1,21,2.363256454534331,0.9998799352655886,10.831102022884295,8.129494043997879e-10,1.559669014664908e-07
macrophage,il13ra1,21,2.3586250864476845,1.7233988819190291,6.271663576010198,4.008559391707193e-06,9.52988101486021e-05
macrophage,BX649485.4,21,2.355232530668155,2.5624039268394703,4.212072592443144,0.0004284528288479326,0.004021280024782654
macrophage,ugt2a4,21,2.354137225691368,1.0134964044838624,10.644351558936199,1.095974818155693e-09,1.8452367706490076e-07
macrophage,chst15,21,2.343685500401955,1.2666612828998869,8.479075152730692,4.691882494228351e-08,3.000508070609669e-06
macrophage,cyba,21,2.3436102552495828,1.2410557683737427,8.653737944612429,3.392254192455432e-08,2.3552546238793925e-06
macrophage,gbp1,21,2.340039200231945,1.1107249191967747,9.654421701442953,5.696373592009798e-09,6.378775897828114e-07
macrophage,si:dkey-56f14.7,21,2.339758630924884,1.5786974635427886,6.791751606465361,1.3257304769670034e-06,3.9361463373974666e-05
macrophage,irge4,21,2.330877160347959,1.4986519234894546,7.127352826577414,6.616425562878054e-07,2.260217023411598e-05
macrophage,atp6v1ab,21,2.323382935512469,1.3942340590854023,7.636507013276467,2.3728199193380177e-07,1.0251703068824963e-05
macrophage,niban2b,21,2.321844746462712,0.8545786488977712,12.450614482732927,7.068261785773376e-11,2.851731795480773e-08
macrophage,si:rp71-46j2.7,21,2.3142383865641127,0.8860938402518048,11.968453115066014,1.4242700165563926e-10,4.542593482261405e-08
macrophage,gnpda1,21,2.3090245085285965,1.090755592657609,9.700871270400162,5.25916754748483e-09,6.011885902718596e-07
macrophage,spi1a,21,2.305131044751189,1.147638416477855,9.204499734144962,1.2512778191838518e-08,1.1558520865087196e-06
macrophage,il10ra,21,2.3019017993803943,0.9975231456786532,10.574831555250846,1.2260653767939677e-09,2.000527659898537e-07
macrophage,sema4ab,21,2.300949049253685,0.9854259518909511,10.70021869041311,1.0018871518488767e-09,1.7734202225380315e-07
macrophage,si:dkeyp-23e4.3,21,2.296551075650607,1.249021628767326,8.425890232091128,5.182975427693981e-08,3.246459608648045e-06
macrophage,fabp7b,21,2.2920014363874666,2.5457112650133373,4.125868561585695,0.0005241363382319854,0.004697706775365736
macrophage,dicp3.1,21,2.2920010219019584,1.1142810660010465,9.426049222460716,8.46716704219017e-09,8.635566089311795e-07
macrophage,zgc:153184,21,2.2881598487643906,1.3685603645650593,7.661821853546055,2.256926694005078e-07,9.891179528758676e-06
macrophage,ncf4,21,2.287438045147392,1.3610413536818442,7.70171895295702,2.0860214450830452e-07,9.317048952876008e-06
macrophage,blnk,21,2.2871631845263005,1.1893130487509718,8.812733056965426,2.533630459596736e-08,1.930837546084346e-06
macrophage,sowahd,21,2.282832695549682,1.1066737015092412,9.452879933814113,8.079285108604962e-09,8.317128123529957e-07
macrophage,rnd3a,21,2.2787171826984056,1.6051108889610959,6.5057149938536485,2.4257349700084783e-06,6.314045436639715e-05
macrophage,CABZ01068358.1,21,2.278507588697898,1.923879971346275,5.427279067432057,2.594870396836493e-05,0.0004259443914352545
macrophage,galca,21,2.2756105312115116,1.4287801398415936,7.298643941587523,4.6676792417942247e-07,1.725846091625668e-05
macrophage,nfkbiaa,21,2.2729940381801823,1.635076657482749,6.370445805385076,3.240011846801713e-06,7.979328996140485e-05
macrophage,aatka,21,2.2708138262967927,1.4445726332207625,7.203636569631084,5.661500739745095e-07,2.0054449842836607e-05
macrophage,slc7a8a,21,2.269924886400768,0.8632467748124505,12.049975646946983,1.263244828681704e-10,4.1755568523954876e-08
macrophage,slc66a1,21,2.268253382319877,1.9352741552534396,5.371044092953957,2.9468839557493855e-05,0.0004750162240069588
macrophage,zgc:158343,21,2.2646863047312564,1.5042897085631373,6.899001141657565,1.0599510953867247e-06,3.293290860921267e-05
macrophage,RGS13,21,2.260351324894704,1.1893010834228859,8.709511147263097,3.061035819074457e-08,2.1935657312873745e-06
macrophage,hivep1,21,2.258526691411145,0.8746408985774091,11.833278708214602,1.7401686601105046e-10,5.304614132236855e-08
macrophage,ncf2,21,2.2570544866055746,1.4869479166639359,6.955941708916884,9.418203755010902e-07,2.9871493643783134e-05
macrophage,lipf,21,2.2553654158871255,0.6354934253470316,16.26355572828207,5.367514018931748e-13,1.2271478925782708e-09
macrophage,slc22a23,21,2.2550621972538094,1.515883981984507,6.817139925326184,1.2571669791566763e-06,3.769440007996002e-05
macrophage,zgc:162182,21,2.25484310726199,1.2675744395538915,8.151780989615157,8.708380818322266e-08,4.759251548818154e-06
macrophage,zgc:64065,21,2.254219373034709,1.2712502796233618,8.125961563625376,9.14925784329433e-08,4.9025368931792965e-06
macrophage,evla,21,2.246872492724013,1.1147996053270595,9.23615618952532,1.1829276310442398e-08,1.1190903295758178e-06
macrophage,ctsd,21,2.2463916235526713,1.3220815348250659,7.786403019997528,1.766189414176071e-07,8.185034894919005e-06
macrophage,selenop,21,2.2455351733187157,1.2455792715327483,8.261485352719477,7.066925791927508e-08,4.039189772948567e-06
macrophage,si:dkey-265e15.2,21,2.2449058069133923,1.2166476122807162,8.455571427902433,4.902670917660307e-08,3.120760478561729e-06
macrophage,unc93b1,21,2.2380727229549358,0.8449191691385607,12.138602174470243,1.1095562464669786e-10,3.897633485219657e-08
macrophage,slc38a7,21,2.236161580302761,1.42596107770165,7.186296925022736,5.865274640435678e-07,2.0516558661375375e-05
macrophage,slc7a7,21,2.235287297007755,2.2189980518278354,4.616215516761536,0.00016693255384656728,0.0018839138686880187
macrophage,irf5,21,2.23522296796205,0.6444639897226806,15.893950025349977,8.236707827514597e-13,1.50649386165242e-09
macrophage,ripk2,21,2.2336947951749346,0.9058131856820522,11.300426666466041,3.8999175378493297e-10,9.292507876902346e-08
macrophage,aqp7,21,2.2325215677826633,0.9095505817205243,11.248081503760838,4.2281131005091845e-10,9.747754866594074e-08
macrophage,C24H8orf44,21,2.2315279610203125,1.0511065834454612,9.728933257429885,5.0120833629256365e-09,5.826546909401053e-07
macrophage,plxnc1,21,2.2307176284199626,1.2228034014868494,8.359833129247956,5.868094340562901e-08,3.529142922590144e-06
macrophage,si:ch73-343l4.2,21,2.2248997112066107,1.7184544355289206,5.933105428629849,8.39152128294859e-06,0.00017129567440304653
macrophage,si:ch211-153b23.7,21,2.2235214021100576,2.1803265784894816,4.673361887641107,0.00014618304668476362,0.0017000982983452692
macrophage,me1,21,2.216736534795217,1.3347777991747865,7.61052736474453,2.498170747104631e-07,1.0608032083939696e-05
macrophage,krt8,21,2.21445931417246,1.0419501356107093,9.739359959531436,4.9233809816129135e-09,5.78933949909494e-07
macrophage,slc23a2,21,2.2125107107168427,0.8280884866481591,12.243857958706728,9.520326783985326e-11,3.627641184981075e-08
macrophage,prdm1a,21,2.2105172454072592,2.5034236387368094,4.046403671092368,0.0006311804498790384,0.0054423432466799
macrophage,cpvl,21,2.2095614826192134,1.0553674465871783,9.594272383050034,6.319374680514004e-09,6.907252763342697e-07
macrophage,rassf2a,21,2.204725613853536,0.8873946378262972,11.385376450820383,3.422654501803939e-10,8.459506869999196e-08
macrophage,ctsa,21,2.199589503177182,1.134637544249779,8.883705150797287,2.2264738178727757e-08,1.7605927634723522e-06
macrophage,aldh3a1,21,2.1967712503735024,1.489937418294667,6.756572736364705,1.4271597102003464e-06,4.1920906476816385e-05
macrophage,gpr84,21,2.19593197264032,1.6172318414968596,6.222375931136714,4.45978226740807e-06,0.00010360213929410704
macrophage,rgs2,21,2.1945974965726736,1.2472388745301686,8.063338429691967,1.0317312423562768e-07,5.401821876726041e-06
macrophage,tnfsf10l,21,2.1935994581783413,1.45906948218985,6.889552337445425,1.0809853040072838e-06,3.3445601818042486e-05
macrophage,OSBP2,21,2.182731736890039,1.6424569596084635,6.089982052537613,5.948466040832733e-06,0.00013014048311821852
macrophage,BX005005.2,21,2.1819296040350467,1.3947820854283226,7.168759676523292,6.079082437060966e-07,2.111134514693261e-05
macrophage,si:dkey-7i4.1,21,2.179659851348732,1.4928233767288601,6.690983282931234,1.63816567163549e-06,4.671837339014518e-05
macrophage,FP085398.1,21,2.1715333260033773,1.2530097557933004,7.941850248587587,1.3044904177104586e-07,6.494853366063412e-06
macrophage,fabp11a,21,2.1708041819925192,1.640868825638481,6.062565347986657,6.315785584250307e-06,0.00013697516008214004
macrophage,arhgap12a,21,2.169407143238224,1.4373461451881986,6.916547193832272,1.0220034210897037e-06,3.204418726582402e-05
macrophage,MFAP4-6,21,2.1629892434007525,1.3153085709475771,7.535921345147431,2.897644529518652e-07,1.1936468118219854e-05
macrophage,samsn1a,21,2.162112146439259,0.9419349023490513,10.518818813627252,1.3425433268777782e-09,2.1168204697064278e-07
macrophage,mapk11,21,2.159331830729485,1.143806899844413,8.651199399296726,3.408186935229155e-08,2.3552546238793925e-06
macrophage,smcr8b,21,2.1584998226844387,1.7805798939844142,5.5552064012505245,1.945195618522964e-05,0.0003394811818968036
macrophage,LO018340.1,21,2.155119752066316,1.3863797834766003,7.123588726007303,6.667643732988681e-07,2.2639456165166395e-05
macrophage,zgc:77486-1,21,2.1511769417812854,1.9722798925105196,4.998241480020449,6.90086643786199e-05,0.0009294318641273622
macrophage,atp11a,21,2.149623987322915,2.306671730446435,4.2705750053535,0.00037369400674820745,0.0036051033858210094
macrophage,glb1l,21,2.1483248692243473,1.095313866437871,8.988164609468225,1.8429422059066553e-08,1.5368121403966287e-06
macrophage,aplp2,21,2.1474048465573805,1.290532754951088,7.625258033405896,2.4262776125985264e-07,1.0433374028470308e-05
macrophage,rab11fip4b,21,2.14665915380364,1.3394791440664982,7.344069601345479,4.2580035074113394e-07,1.5980619182740094e-05
macrophage,pyroxd2,21,2.143453954948776,1.6436525842290513,5.976043898481415,7.635019916261815e-06,0.00015868694803230522
macrophage,pikfyve,21,2.130978303137028,0.9410857177611632,10.376705537159499,1.6927824731045303e-09,2.448045394599746e-07
macrophage,mpp1,21,2.1286162269061126,1.1570697943401,8.430385991427396,5.139472403728411e-08,3.233977646703875e-06
macrophage,si:ch211-122f10.4,21,2.1256836431769,1.3885257192383582,7.015430872775544,8.328271367023276e-07,2.70718157528772e-05
macrophage,zgc:162730,21,2.1249740468906575,0.7805777945419562,12.475187595372555,6.824209841571855e-11,2.794361149306326e-08
macrophage,zgc:154125,21,2.123034939873632,1.4466353484815733,6.72523889673975,1.5242299625740474e-06,4.406454059348682e-05
macrophage,rnaset2,21,2.1219972776965808,1.0492817185468173,9.267495066055446,1.1190771779901952e-08,1.0848721688396115e-06
macrophage,abhd12,21,2.12140343118245,1.1973762783069495,8.118994821476242,9.272135358353713e-08,4.94652990868741e-06
macrophage,slc37a2,21,2.1166914971988735,1.1787409118904166,8.22903397255207,7.516067372693416e-08,4.234154175972154e-06
macrophage,galcb,21,2.115427267955854,1.1529849237359475,8.407833773897151,5.361581175607366e-08,3.314167849479944e-06
macrophage,si:ch73-12o23.1,21,2.1105732481596213,1.778135749599872,5.439326930813189,2.5252102891650693e-05,0.0004173442426701426
macrophage,rab20,21,2.1088591734155493,1.328132878570322,7.2763854792764775,4.883076804324241e-07,1.7862294950218074e-05
macrophage,fosb,21,2.1063871502459754,1.14658136791798,8.418659877939863,5.253742267307757e-08,3.268399526158465e-06
macrophage,ctbs,21,2.103887568081597,1.284573757381451,7.505387665760589,3.079676209015242e-07,1.2461787137807252e-05
macrophage,klf6a,21,2.0979048946070407,0.9187226619447121,10.464320059336545,1.4669687696935817e-09,2.258440662556238e-07
macrophage,slc43a3b,21,2.096038596944558,2.2049800257809724,4.356164417700531,0.00030597672637969843,0.0030703992275885245
macrophage,arhgap22,21,2.093728955786828,1.3268306866100497,7.231270365872857,5.351729674968553e-07,1.9142725375849055e-05
macrophage,si:dkey-82k12.13,21,2.091576302459241,1.6278420646335787,5.888044630394059,9.268343469106797e-06,0.00018492872950905088
macrophage,igf2b,21,2.0887850731395647,1.6049263152356912,5.964146526409363,7.837350346300591e-06,0.00016215513329619663
macrophage,CABZ01041494.1,21,2.085874748503749,1.0341321479883083,9.243189029380677,1.1682766368042765e-08,1.1183213935431098e-06
macrophage,mras,21,2.0839448707884443,1.075072341998568,8.882969769968962,2.2294499276600403e-08,1.7605927634723522e-06
macrophage,CU861453.1,21,2.079677878979962,1.616319184291508,5.896286695210116,9.101220648948387e-06,0.00018239005734397296
macrophage,si:ch211-15b10.6,21,2.078089809715781,1.1163704610845302,8.530325896197171,4.2642050412641313e-08,2.8122227237279193e-06
macrophage,mrc1a,21,2.0767286538924976,1.5732245005686236,6.049210555077418,6.503056162271978e-06,0.00014004030283511123
macrophage,tnfrsf11a,21,2.07571151417544,1.2790845370033592,7.436650869758247,3.534034301763253e-07,1.3950536844442424e-05
macrophage,rgl1,21,2.070344682925306,1.7331277525831454,5.474213432918533,2.3340650875023054e-05,0.0003921315105672122
macrophage,si:dkey-192g7.3,21,2.0688734134560867,1.5603629351939305,6.076002452125579,6.13293866831538e-06,0.00013364350465864373
macrophage,vsir,21,2.067797139249536,1.1102972731745906,8.534504354253327,4.231168959820066e-08,2.797159528015988e-06
macrophage,si:ch73-158p21.3,21,2.0624565837014956,1.6953576523274771,5.574849294717722,1.8612864669784507e-05,0.0003285997054154041
macrophage,dmxl2,21,2.059027609657597,1.0822784685833626,8.718319871604415,3.011875489822764e-08,2.1802322971843674e-06
macrophage,tnfrsf1a,21,2.0574848477880243,0.9104166809726213,10.35633491045059,1.7502946756705798e-09,2.5010070014074145e-07
macrophage,ENSDARG00000101034,21,2.0568772061905825,1.0844963909426821,8.691403282960124,3.1647266297853416e-08,2.243521320107515e-06
macrophage,cd22,21,2.0566382572855044,1.27213451906752,7.408572246008412,3.739075982933376e-07,1.4550574410181158e-05
macrophage,ccl35.1,21,2.0554217246311586,2.3579849065519864,3.9945657039646956,0.000712519342441729,0.005963382599111909
macrophage,mtss1,21,2.0516702514367857,1.3142038940770995,7.154090982891711,6.264091268207218e-07,2.1634945890345948e-05
macrophage,tlr21,21,2.050804542333058,1.9520150313958315,4.814495226545608,0.00010541293764478332,0.0013181421806219829
macrophage,hexb,21,2.0501508018473165,0.9418818982471386,9.974680746093508,3.3015150494082694e-09,4.2128867618844593e-07
macrophage,fuca2,21,2.0489843773271303,1.4987839986705649,6.264829365146824,4.068214236023867e-06,9.654970377622386e-05
macrophage,efhd2,21,2.044044942271325,0.9983746288213844,9.382240294816027,9.142639247208323e-09,9.055173564879435e-07
macrophage,gng10,21,2.0434406252506703,1.2421290537299476,7.538847364723963,2.880794853490617e-07,1.1902802229746246e-05
macrophage,rab7b,21,2.043378161644652,1.3632988908067396,6.868585577455555,1.1292108041263302e-06,3.47228959963323e-05
macrophage,fcer1gl,21,2.040544068633564,1.2097972217055089,7.729351238072769,1.9755477327230147e-07,8.929020106631946e-06
macrophage,tmem106a,21,2.0387057665996893,0.6890111556440222,13.559321091765991,1.525386312500288e-11,1.046224337086135e-08
macrophage,map7d1b,21,2.0378516467525443,0.8544046122711481,10.929961393244804,6.950854821169822e-10,1.3818601595564787e-07
macrophage,mpeg1.2,21,2.034915776457218,2.1307578424261497,4.376450196638541,0.0002918242940003393,0.002955407717201664
macrophage,atp6ap1b,21,2.03464463909743,1.2800859684654773,7.283817884651344,4.810033581538016e-07,1.7642148570788167e-05
macrophage,csf3r,21,2.0315115346716617,1.2204661238569174,7.627868730504976,2.4137609916719736e-07,1.0395845024571522e-05
macrophage,calhm5.1,21,2.0307865912880683,1.5429563517586105,6.031430029937001,6.761262480400975e-06,0.00014457929551816112
macrophage,renbp,21,2.0294629084303275,0.8056868277610012,11.543154334336476,2.6909221370153343e-10,7.167519303787931e-08
macrophage,serpine3,21,2.0284930333648075,1.7125000306766456,5.428159244126771,2.5897155248299886e-05,0.0004256364701683296
macrophage,CU638870.1,21,2.027222744825823,1.4580921631988581,6.37127193545824,3.234266325444228e-06,7.972335726735166e-05
macrophage,cep89,21,2.0267265987093244,1.252611577041758,7.414611378173657,3.693961309015788e-07,1.4395430186484112e-05
macrophage,tppp,21,2.0260303433227227,1.9156297979134627,4.846676230797055,9.785730870917745e-05,0.0012404042781391403
macrophage,plekho1b,21,2.026000105778109,0.8231366439898726,11.279170852744775,4.0298634516219996e-10,9.449513144893125e-08
macrophage,adgrg3,21,2.0250779479141454,0.9638481222032544,9.628148637452496,5.960248842085889e-09,6.647131178155543e-07
macrophage,mao,21,2.0220545655181126,1.169369981126886,7.924111491974698,1.3501658670975745e-07,6.662194346011143e-06
macrophage,si:dkey-118k5.3,21,2.019521931003665,1.4289539962693882,6.476494093308087,2.581729174139167e-06,6.682050933255477e-05
macrophage,slc8a4b,21,2.0191359298858176,1.920542247958542,4.81782853094859,0.00010460363806261984,0.0013116091454515428
macrophage,si:ch1073-392o20.2,21,2.0105431527037902,0.5531722224742154,16.655692044749657,3.4388747662324387e-13,9.434552921158696e-10
macrophage,rnf213a,21,2.0081116380409965,1.004549209715794,9.16064986786276,1.352803166154336e-08,1.2168575365063676e-06
macrophage,CABZ01020840.1,21,2.007845547437196,2.0465769907180196,4.495850508747726,0.00022089640722702816,0.0023553412095893966
macrophage,slc15a4,21,2.0063456096888053,1.1589967297156096,7.9329219754548586,1.327276350592106e-07,6.572892902255312e-06
macrophage,naga,21,2.0050843660108613,0.9320590026422152,9.858228777330352,4.0201921278639245e-09,4.956604658098538e-07
macrophage,ch25h,21,2.004213999473083,1.648686931881455,5.570774040766142,1.8783855601596726e-05,0.00033055489315574483
macrophage,atp6v1ba,21,2.001897606746342,1.1543692186279255,7.947065088386553,1.2913693157136336e-07,6.449484967930595e-06
macrophage,grn1,21,2.0016296730701777,2.3248573459250372,3.945454763575658,0.0007992039523161508,0.006498565628865915
macrophage,tmem144a,21,2.0014017131130646,1.6387058628629847,5.596840198234991,1.7717219871966523e-05,0.00031522174266368453
macrophage,CABZ01046432.1,21,2.000469372771203,1.3375071917447685,6.8540209598470945,1.164011661795975e-06,3.5404279314160277e-05
macrophage,sox4b,21,1.9999471642709867,1.0919471763623856,8.393180059053067,5.511215216930442e-08,3.3763408049356487e-06
macrophage,mfng,21,1.999227410159472,0.9201773923926203,9.956352996963481,3.4050988662931823e-09,4.3035126292361135e-07
macrophage,pld3,21,1.9991681796403815,1.7034183332987767,5.37820882343541,2.8994554626892787e-05,0.00046847208845041436
macrophage,BX927275.2,21,1.9988114001964474,1.619651546436101,5.65535504318568,1.5542399314667244e-05,0.00028295004989906824
macrophage,si:ch211-243a20.4,21,1.9926382521014618,1.2397310203177017,7.365642605747955,4.076635522684119e-07,1.5447858503430773e-05
macrophage,itgb1b.1,21,1.9917275005463273,1.4585601874116114,6.257706821942069,4.13135683988638e-06,9.756817145265444e-05
macrophage,itprid1,21,1.9907140573648683,1.305355686580082,6.988591652584425,8.80293183722194e-07,2.8346060440631913e-05
macrophage,ca2,21,1.9895065319656782,1.4356656037964908,6.3504093531477865,3.3826200217125496e-06,8.315607553376685e-05
macrophage,ms4a17a.1,21,1.9894505597976384,1.5096766474537833,6.038914225123195,6.651320226068822e-06,0.00014256169562671729
macrophage,cebpb,21,1.9860616451423039,1.0883262426912594,8.362637476430876,5.837179715643781e-08,3.51962693403708e-06
macrophage,pepd,21,1.9846071797610587,1.1643282402557427,7.8110384267672375,1.6830160159943643e-07,7.924163752745044e-06
macrophage,CABZ01044156.1,21,1.9827377198336338,1.637284814858388,5.549459447693981,1.9704683268190924e-05,0.0003428015126587305
macrophage,aldh16a1,21,1.9764796693289481,1.1285846773654435,8.025421464505985,1.1098660551662393e-07,5.72352917734695e-06
macrophage,lmcd1,21,1.9737494363622163,1.0736286833488127,8.424566458856134,5.195857503351681e-08,3.247115047937434e-06
macrophage,cxcl20,21,1.9736408465906543,2.0605078903447334,4.389383130508291,0.00028314708063173895,0.0028845674553032896
macrophage,si:ch211-264f5.2,21,1.9725194630343543,1.6471343397015292,5.4878460919991126,2.2634427929822597e-05,0.0003840293940968973
macrophage,nagk,21,1.9724636021501127,1.2124885329539776,7.454885977664948,3.4071294812012773e-07,1.3572932702069468e-05
macrophage,prss16,21,1.9717729122044463,1.4014829692527524,6.447312469489464,2.747828855944928e-06,7.025786082278574e-05
macrophage,uap1l1,21,1.9706634079293863,1.2935375596167313,6.981408594576726,8.934639653591785e-07,2.8669220923542765e-05
macrophage,csf2rb,21,1.9699484592551235,1.3442241659371048,6.715723581271058,1.5550347137833642e-06,4.4625917753814426e-05
macrophage,zgc:92313,21,1.9657134020538156,1.3968022970678768,6.449037546981519,2.737710784944145e-06,7.017931344154642e-05
macrophage,mertka,21,1.9653303090082854,1.5033405659834749,5.9908414037437865,7.3908180878760876e-06,0.00015513932229600647
macrophage,lrp1ab,21,1.963829127323687,1.2957577367182704,6.945276399207452,9.628660197532677e-07,3.043344383863007e-05
macrophage,fxyd1,21,1.9601261633887428,1.4344084599878681,6.2621120593978254,4.092185865604772e-06,9.678372346798871e-05
macrophage,si:dkey-126g1.7,21,1.9598251528854975,1.2966210351214515,6.926501166267876,1.0011009623401847e-06,3.153295625924566e-05
macrophage,BX682234.1,21,1.9571468005703907,1.3082285621996486,6.855662396389213,1.1600349315438257e-06,3.5401066014354684e-05
macrophage,npc2,21,1.9532794409789394,0.8832091359247182,10.134690106341898,2.525185028942869e-09,3.330694772550366e-07
macrophage,bcl10,21,1.9516848067717008,0.8621662674614612,10.373571429627251,1.7015012723941438e-09,2.448045394599746e-07
macrophage,gna12a,21,1.9510974041657154,1.2418788905635143,7.199616331963056,5.708086015543446e-07,2.0128706919850183e-05
macrophage,glb1,21,1.9502752921504956,0.6570866142032106,13.601379116692547,1.442092055207995e-11,1.0144562957597781e-08
macrophage,CABZ01073834.1,21,1.9455144550072192,1.0917015578924867,8.166579218694634,8.465675353042959e-08,4.6451160662146714e-06
macrophage,npl,21,1.9454837310958506,0.9945516628639126,8.964166260985637,1.9245175744561417e-08,1.5808125645270733e-06
macrophage,CABZ01061591.1,21,1.9453074584084558,1.4886880160784748,5.988171182839015,7.434284999331141e-06,0.00015569435798217546
macrophage,stra6l,21,1.940601665049473,1.322528007862398,6.7242084636228086,1.527535306884632e-06,4.411361173092619e-05
macrophage,cdc42se1,21,1.9405043908376907,1.0164527727986903,8.748570022514032,2.8492014838407037e-08,2.1226520461928282e-06
macrophage,si:dkey-237j10.2,21,1.9400260599824248,1.0939506238591865,8.126798482634957,9.134610424944475e-08,4.9025368931792965e-06
macrophage,dram2b,21,1.9399775757215145,0.5886466353276912,15.102599002051164,2.1221117668720348e-12,3.1275373496504737e-09
macrophage,serinc2,21,1.938972835282208,0.8950673570995195,9.927174438510903,3.577042151253084e-09,4.4811028045492405e-07
macrophage,tmem176l.3a,21,1.9382488445228159,1.1354735122864954,7.822438788378714,1.6459087177704497e-07,7.853131421223007e-06
macrophage,ms4a17a.11,21,1.937510134092736,1.2887605896080998,6.889399723127753,1.0813285515802327e-06,3.3445601818042486e-05
macrophage,cpt1b,21,1.9348389213025061,1.6774132950056841,5.285844484966595,3.575413436432386e-05,0.0005495320315323391
macrophage,slc2a13b,21,1.9338454351467298,1.3314219628439603,6.656036430385451,1.7634627520281178e-06,4.921729461026593e-05
macrophage,rasgrp4,21,1.9336425606262,1.1509827519110991,7.698693474202661,2.0984995140947068e-07,9.346158144348747e-06
macrophage,gbp2,21,1.931955245844375,1.0298413909217394,8.596790953823351,3.769000945693608e-08,2.5694499204148184e-06
macrophage,ston2,21,1.9291277705615641,1.740493891955835,5.07923301236388,5.730152065294136e-05,0.0008016660984770252
macrophage,ophn1,21,1.928914228840905,0.6836220678246806,12.930237157013105,3.5946038318416136e-11,1.7932547403166812e-08
macrophage,BX322631.1,21,1.9281181117776904,1.9914185689360477,4.436911121481233,0.0002534290277791655,0.002633645976182351
macrophage,atp6v0b,21,1.9279892413654562,0.5219735095869726,16.926446410295366,2.5422202473058783e-13,7.749534720537419e-10
macrophage,atp13a2,21,1.926614837277735,1.648558837542125,5.355500893139732,3.0525134246931805e-05,0.0004883131533904222
macrophage,fosl1a,21,1.9260501514992547,1.1432651556424953,7.720230576402275,2.01132677719242e-07,9.046024611848205e-06
macrophage,tent5ab,21,1.9255553541647024,1.2631799724555732,6.9855470777720825,8.858510629313981e-07,2.8458224720752817e-05
macrophage,tnika,21,1.921563916162,1.7063867103093922,5.160443436008442,4.758311406995708e-05,0.0006925425647264045
macrophage,tnfrsf1b,21,1.9184203086741785,1.1847994110388405,7.420079886376454,3.6535947150765175e-07,1.4258374254356223e-05
macrophage,nfe2l2a,21,1.91802201280982,0.7510253028123848,11.703308830445993,2.1132866599406413e-10,6.16787441653952e-08
macrophage,epb41l3b,21,1.9172175943834782,1.1728154825879546,7.491199494209052,3.168245566772619e-07,1.2744987848153489e-05
macrophage,gpr174,21,1.9169875139920711,0.8642585492942151,10.164481909178475,2.403019353131211e-09,3.200966855556976e-07
macrophage,gpd1a,21,1.9115466392002791,1.5251474606155593,5.743580469942366,1.2766580239107156e-05,0.00024188613871540388
macrophage,ttyh3a,21,1.9109762656946727,0.7379413864445145,11.867058210412937,1.6549303916321265e-10,5.1014623926322913e-08
macrophage,il1b,21,1.9078470159694878,1.3997694341027667,6.24592390151729,4.2380331867124934e-06,9.937644485252757e-05
macrophage,si:dkey-4c23.5,21,1.904332251880349,1.1431093312058789,7.634218752620509,2.3835946851174626e-07,1.028206292235811e-05
macrophage,atp6v1d,21,1.8992635795428154,0.6252080539209436,13.920996480042591,9.454791549925338e-12,7.62918253447652e-09
macrophage,wipf1b,21,1.8988778321469884,1.3202520392193997,6.590977436726508,2.0236767443883605e-06,5.491550097160699e-05
macrophage,sdr16c5b,21,1.8974152162750222,1.3628402674553883,6.38009388259136,3.173560998955078e-06,7.858000542087777e-05
macrophage,si:ch211-283g2.2-1,21,1.8972455706743934,1.3393069034387892,6.491619969412376,2.499732619449268e-06,6.494333751381692e-05
macrophage,fosab,21,1.8962378471854917,0.8377534705557986,10.37256636442528,1.7043071637271787e-09,2.448045394599746e-07
macrophage,ifngr2,21,1.8951738163541587,0.7144726601092306,12.155507066167537,1.0825283994694819e-10,3.857034628499381e-08
macrophage,rhoca,21,1.8919137778273505,0.9761091486423954,8.882037533693843,2.23322865568937e-08,1.7605927634723522e-06
macrophage,mapkapk3,21,1.888929856733112,1.1202880731720612,7.726730524258741,1.9857604790758037e-07,8.945704227166614e-06
macrophage,gadd45bb,21,1.8868595796244905,0.8818917927053251,9.804691370192828,4.403517293307272e-09,5.345597209817921e-07
macrophage,bmf2,21,1.8864168480016619,1.7958108538375765,4.8137853603759835,0.00010558610478673575,0.0013193648914130468
macrophage,ppp1r9a,21,1.8855876482364495,1.114991742171522,7.749696971466943,1.8980873897727414e-07,8.650392821593191e-06
macrophage,arhgef15,21,1.881547748416382,1.9211709395913845,4.488062359836491,0.00022494150242248744,0.0023882624299384455
macrophage,zfp36l1b,21,1.8801505230866038,1.1029264751492314,7.811882554355585,1.6802389941274536e-07,7.924163752745044e-06
macrophage,mef2cb,21,1.879834669589206,1.1330626616739956,7.602831651576737,2.5366023754559597e-07,1.0710072270114354e-05
macrophage,slc49a4,21,1.878753265087791,1.5440196564726603,5.576048862667238,1.8562836288220795e-05,0.000328138797401635
macrophage,mitfb,21,1.8770377221687116,1.355336967082975,6.346515776544157,3.411072610590173e-06,8.348151389075949e-05
macrophage,ahnak,21,1.8764349992892557,1.3197209829690733,6.5156995545845104,2.3746833443911874e-06,6.210623217671328e-05
macrophage,rnaseka,21,1.8759073113189084,0.9472556181083901,9.07515045200432,1.5761354641973777e-08,1.3815104300400977e-06
macrophage,slc43a2a,21,1.875782026165967,1.5961632212006371,5.385359722596112,2.8528942825547247e-05,0.00046258365627593895
macrophage,abca3b,21,1.8732122549819559,1.0111848583549359,8.489186601487475,4.604112763601964e-08,2.9512577960144832e-06
macrophage,mical3b,21,1.8716789187739122,1.2268179837341642,6.991347074834784,8.752941572010746e-07,2.830888412570154e-05
macrophage,si:ch73-111e15.1,21,1.869623876178315,1.8381521044297697,4.661035891989873,0.00015042628639247313,0.0017391256498851665
macrophage,rel,21,1.8690540997092902,1.2726620883853712,6.730051887341044,1.5088885034878238e-06,4.3759361620706604e-05
macrophage,rin2,21,1.868860663511592,1.7264716578930985,4.960518995324018,7.526383181650745e-05,0.0010004182295958732
macrophage,csrnp1b,21,1.8675478633461875,0.7118508244769464,12.022433849149962,1.3154076469026407e-10,4.296215332473089e-08
macrophage,si:dkey-204f11.64,21,1.8656625220582332,1.3003982794785756,6.574554783325464,2.09540558896735e-06,5.614009016925708e-05
macrophage,ms4a17a.6,21,1.8597791333758769,1.7745685215055083,4.8026202151743025,0.00010834797926863204,0.0013480847216484897
macrophage,cdh30,21,1.8585971209974368,2.145615335947072,3.9695661429630333,0.0007554052326152699,0.006227326489423056
macrophage,aoc2,21,1.8580898077767656,1.686636307156028,5.048413315921391,6.149806432028326e-05,0.0008478388917723473
macrophage,zmp:0000000936,21,1.8569312682925938,0.8723018922347505,9.755255804249833,4.791280938403375e-09,5.692563318204408e-07
macrophage,si:cabz01102082.1,21,1.855839709844334,1.2290655885251391,6.919505376659231,1.01574492228534e-06,3.188439581567311e-05
macrophage,CABZ01056054.1,21,1.8545360211163346,0.9795046946940212,8.676376684894413,3.2535385826155445e-08,2.282885703684334e-06
macrophage,zmp:0000001289,21,1.8536306544692158,1.6452658526403532,5.162936294437607,4.731286469842454e-05,0.000690073600744964
macrophage,spag1a,21,1.8526335875053408,1.116408137608845,7.604596709537237,2.527734148024547e-07,1.0701911473928002e-05
macrophage,atp6v1e1b,21,1.8518224243814567,0.7467698371929964,11.363764322944256,3.5379870343105554e-10,8.6664887755634e-08
macrophage,disc1,21,1.8510820335937437,1.0394405561371478,8.16085488143766,8.558718036914851e-08,4.686794996861456e-06
macrophage,spi1b,21,1.8496458304276808,1.0595582790031457,7.9996940185006435,1.1663518349650755e-07,5.947743976257778e-06
macrophage,rufy2,21,1.8478429570831678,1.3791567824714055,6.139896733169436,5.334972692327792e-06,0.00011915505940029114
macrophage,dram1,21,1.8477266739250673,1.749131440313557,4.8408868262826,9.917493081666228e-05,0.0012538544824678016
macrophage,anxa4,21,1.8455462874860844,0.9380748068873681,9.015651522517823,1.7539034371296436e-08,1.480564332235439e-06
macrophage,jund,21,1.842399178073776,1.5491844261216223,5.449921617779465,2.465529752827218e-05,0.00041019896160591097
macrophage,snap23.2,21,1.8409328584863092,1.5845435620824972,5.3240657910708284,3.278094714039746e-05,0.0005149771278551537
macrophage,prkcdb,21,1.8385318340621748,1.140096685472712,7.389909473934315,3.882126869777864e-07,1.5000866291881083e-05
macrophage,nrros,21,1.8377832157846232,0.8137078451179846,10.34988263635491,1.7689327080088237e-09,2.513811900729464e-07
macrophage,tspan18a,21,1.8365962874949242,1.2740102541829503,6.606180351286062,1.959527595063563e-06,5.3652334900767316e-05
macrophage,specc1,21,1.8363306954934122,1.120200438671067,7.51215954088772,3.038309168799966e-07,1.2375374190155997e-05
macrophage,glmp,21,1.836168684020782,0.9755052204757724,8.625665764380873,3.572830164063083e-08,2.456656530102022e-06
macrophage,grinab,21,1.8359382648411322,1.055401709173697,7.971681300845528,1.2312522480803256e-07,6.23849323452283e-06
macrophage,tmem104,21,1.8350489614549084,1.5318934758991993,5.48944877833696,2.2552847963581652e-05,0.00038288204448073184
macrophage,si:ch73-281k2.5,21,1.8348664290137429,1.433278168647849,5.866561345186238,9.718889391911995e-06,0.00019237931491133159
macrophage,cyfip1,21,1.8320879557473204,0.84346205333971,9.953834560530707,3.4195945076488895e-09,4.3035126292361135e-07
macrophage,zgc:123010,21,1.831156886719202,1.4564537196657574,5.761539092815234,1.226673931482621e-05,0.00023354475579615342
macrophage,tlr8b,21,1.8290297970117726,1.0749822790692536,7.797028524408066,1.7298060791486862e-07,8.09415637198396e-06
macrophage,fermt3a,21,1.8289610750240048,1.1113343996248761,7.541701734648348,2.8644553733098727e-07,1.1877596283217335e-05
macrophage,si:dkey-7j14.6,21,1.8273553471555628,0.8719413097955185,9.603850747576672,6.215607721825242e-09,6.823039416369504e-07
macrophage,hs1bp3,21,1.8256288796886488,1.015512630594093,8.238285059218175,7.385091600905214e-08,4.177525527233702e-06
macrophage,mospd2,21,1.8250496129128022,0.7847540232957162,10.657387856514637,1.0732262828539154e-09,1.8452367706490076e-07
macrophage,tgfbi,21,1.8243910525619833,1.894037960532368,4.414066808468579,0.0002672995347526194,0.002750698700651955
macrophage,caspa,21,1.821616323826854,1.252558029353632,6.664517328120501,1.7321761216039948e-06,4.864099477605486e-05
macrophage,metrnla,21,1.821360457397785,1.862393935837014,4.481609397033163,0.00022834960230942782,0.0024141700729707716
macrophage,adam28,21,1.8200236521487219,1.907305896192388,4.372867597815158,0.0002942749611712878,0.0029758324952946116
macrophage,gdpd3b,21,1.8199592669650424,2.576246828977694,3.2373066931296983,0.00412884297907093,0.02336044692324417
macrophage,agtrap,21,1.8175248486333422,1.1296724859800484,7.3728848845067345,4.0175536381903563e-07,1.532984479328963e-05
macrophage,apba1a,21,1.8141784674504295,1.475268560768953,5.635319813849538,1.6254523039808283e-05,0.00029376998655938094
macrophage,fuca1.2,21,1.8139197657149533,1.5524845874987179,5.354271918639708,3.061028274189654e-05,0.0004893899225081186
macrophage,git2b,21,1.813381771090399,1.2846453837929346,6.468679477397536,2.62517058625919e-06,6.775310915712218e-05
macrophage,si:dkey-187j14.7,21,1.8131935269064325,2.2580652411191426,3.6797415926452683,0.001485665834643335,0.010631571987414499
macrophage,enosf1,21,1.8125374060504462,0.9633934444780088,8.621700625818075,3.5991287512743086e-08,2.4685524322802665e-06
macrophage,mfge8b,21,1.8120632580439329,2.5554760770033003,3.249459902505632,0.004015612277456089,0.02288498604736348
macrophage,si:ch73-56d11.5,21,1.8107371734543403,2.229987111019012,3.7210260633448797,0.001349480391556324,0.009884329151016214
macrophage,lgals9l3,21,1.810638920365862,1.2728140634190024,6.518933241923359,2.358387321751499e-06,6.179785689804429e-05
macrophage,cd63,21,1.8092224486843402,0.9060212563592738,9.150887754471924,1.3765481530732664e-08,1.2267110254574276e-06
macrophage,lgals3bpb,21,1.8048474150188236,1.4547588710820427,5.685375124069405,1.4534560975420223e-05,0.00026780099419788705
macrophage,atp6v1aa,21,1.804292470285947,0.6276472653295313,13.173492943657031,2.5704391691910165e-11,1.5330434479729466e-08
macrophage,slc4a2b,21,1.8035923920388204,1.7752922281504802,4.65562712904739,0.00015232734343174507,0.0017551871764174406
macrophage,si:ch211-286b5.9,21,1.8017794395296878,0.9350824361939885,8.830013641221875,2.4550030674990128e-08,1.886638911956174e-06
macrophage,gnao1a,21,1.8001038750614602,1.0505061839119616,7.852511858172739,1.552031174910005e-07,7.496474521770421e-06
macrophage,s100a1,21,1.7996738938410841,2.111964270650772,3.9049627682486543,0.0008785246301008109,0.007004453131884844
macrophage,pdgfab,21,1.796840586444401,1.6031027104521203,5.136388295936475,5.0272983099936327e-05,0.0007217369394802477
macrophage,ace,21,1.796193110610515,1.9882113630543676,4.139997912236955,0.0005071005017674647,0.004572134399069893
macrophage,porb,21,1.795121296761567,1.2985153037524957,6.335142296948348,3.495601952541313e-06,8.51703726180914e-05
macrophage,pdia3,21,1.795102454566439,0.8741946505964634,9.41002426935351,8.70802199943822e-09,8.783256748330426e-07
macrophage,socs7,21,1.794482341636739,1.1790135423711767,6.97477244177666,9.058125735608453e-07,2.8982591023855654e-05
macrophage,xaf1,21,1.793220059275927,1.404525697342988,5.850777009556122,1.0064164146541568e-05,0.0001982127375164163
macrophage,epsti1,21,1.7930242737390822,1.090043170321632,7.537930314152719,2.8860648226825823e-07,1.1906644873728818e-05
macrophage,slc39a1,21,1.7922842082389543,1.517232648726612,5.413328046969113,2.6779885209697707e-05,0.0004370649320214495
macrophage,vrk2,21,1.7919653454691957,0.9394556610143092,8.74103715494584,2.888838294388816e-08,2.1305182421117517e-06
macrophage,galk2,21,1.7918457181508083,1.3872639597306162,5.919038391729774,8.655726540145172e-06,0.0001758982954933372
macrophage,spns1,21,1.7917775617556462,0.9616998134790428,8.53796183610011,4.204033890426445e-08,2.785934052749988e-06
macrophage,plxdc2,21,1.7916391257050786,2.5080971662062175,3.273526250183947,0.0038002580990041603,0.02198509242177515
macrophage,clcn7,21,1.790113637698822,0.6004126986171333,13.662821033301704,1.3288525351978695e-11,9.853261973825284e-09
macrophage,optn,21,1.789841177781808,0.9375424102238219,8.748492430519429,2.8496068711370696e-08,2.1226520461928282e-06
macrophage,si:dkey-32e23.4,21,1.789598711576932,1.6796846108933527,4.882447279811052,9.01002860988732e-05,0.0011627005405092127
macrophage,xpr1b,21,1.7891620607398098,0.7370689800131068,11.123749331762083,5.128418768703519e-10,1.1346626525756534e-07
macrophage,cd82a,21,1.7884681568148915,1.3400268565878948,6.116139140294024,5.618438687327602e-06,0.00012420778838584428
macrophage,rab8b,21,1.7866368413836462,0.598623641208768,13.677038461937459,1.303998341698171e-11,9.853261973825284e-09
macrophage,plecb,21,1.7859263328562427,1.4557042733680265,5.622118967194611,1.674187403938166e-05,0.00030118905853799074
macrophage,CU972454.4,21,1.784971411140646,1.1177718953519717,7.317921159852075,4.4890668308614897e-07,1.6665432815248302e-05
macrophage,FQ311879.1,21,1.7838477714437555,2.5037082966943336,3.2650039350479876,0.003875197174739738,0.022302503563873442
macrophage,plcb3,21,1.7821674156598446,0.9072589040154674,9.00174916685726,1.7983651935692222e-08,1.5042118623649882e-06
macrophage,ephx2,21,1.781276290403041,1.2418152337750576,6.57330753592663,2.1009589578703424e-06,5.6233960008949114e-05
macrophage,exoc3l2b,21,1.7791354897677885,1.5720845797968086,5.186122399659309,4.4872857194972325e-05,0.0006608088229436746
macrophage,man2b1,21,1.7775391407281538,0.9365755132176461,8.697331446504075,3.1303847729365196e-08,2.236513183476912e-06
macrophage,si:dkey-56m19.5,21,1.7764437672729092,1.7246939333896665,4.720076921335912,0.00013117010859640748,0.0015680400563583613
macrophage,slc9a7,21,1.7756735740135234,1.5978269670017111,5.092640649142973,5.5567837830755964e-05,0.0007827772079018162
macrophage,man2b2,21,1.7751046631812968,1.0828980352229836,7.511835113656262,3.0402778218207185e-07,1.2375374190155997e-05
macrophage,fcer1g,21,1.7710230245460696,1.258695929812511,6.447821809275965,2.744837438631847e-06,7.024684247095589e-05
macrophage,itm2bb,21,1.7704973051703572,0.9737530583284886,8.332130871645983,6.182756907334376e-08,3.647826575327282e-06
macrophage,atp6v1h,21,1.7697063705566922,0.5952899356442819,13.623300034703872,1.4005761534276212e-11,1.011179125507547e-08
macrophage,CABZ01078737.1,21,1.7673951564489978,1.2602630024174886,6.426612597362288,2.8722821116854106e-06,7.26893594659634e-05
macrophage,tmem154,21,1.7655992359015071,0.9852312599036825,8.212277132036832,7.759473814011652e-08,4.34083891768039e-06
macrophage,os9,21,1.7632914277595266,0.8532203818568614,9.470491577321907,7.834761415412837e-09,8.172877544937308e-07
macrophage,npc1,21,1.7632133614892962,1.1126815112263506,7.26178930256218,5.029876064265575e-07,1.8205098921256734e-05
macrophage,jdp2b,21,1.7605243269510216,1.3082504712562877,6.166812982927458,5.031486530766899e-06,0.00011340055013284477
macrophage,p4ha1a,21,1.7577984784304739,1.9662103091258758,4.096837732209324,0.0005609573268533304,0.004966074302104265
macrophage,sgpp1,21,1.7557868796739653,1.504742236969792,5.347112669954111,3.111114101901782e-05,0.0004953767578971293
macrophage,grapa,21,1.755634233826368,1.2313357781860919,6.533820353223944,2.2848352516431993e-06,6.03315256292889e-05
macrophage,cx43,21,1.7549774592812857,1.7769152595041169,4.525999204003762,0.0002059165855770752,0.0022206452536584344
macrophage,ttc39c,21,1.7549592713324658,1.0245021074846359,7.849894737836033,1.559976168041699e-07,7.521607411287172e-06
macrophage,cd2ap,21,1.7545289079896218,0.9673396682308016,8.311725233552908,6.425693563177112e-08,3.7588252218713024e-06
macrophage,smpd2a,21,1.749078446056382,1.218821509654944,6.576257730911134,2.0878475979353403e-06,5.5992276490084126e-05
macrophage,si:ch211-158d24.4,21,1.748885584845465,0.987357849239665,8.117017128635894,9.307328028014638e-08,4.948576442801969e-06
macrophage,pik3c2a,21,1.7487832923409619,0.8751880219265299,9.156811576997676,1.3620881028976637e-08,1.221205460882268e-06
macrophage,unm_sa1614,21,1.7468051395188895,1.1689478980766688,6.847924350909082,1.1789054274046848e-06,3.572365895516047e-05
macrophage,ak4,21,1.7458982937059166,0.7830841833603924,10.21692336099643,2.2026948843865253e-09,2.9768933080366657e-07
macrophage,si:dkey-27i16.2,21,1.74549408157149,0.953542026139134,8.388574949639022,5.559128645850057e-08,3.396763795075642e-06
macrophage,si:ch211-193e13.5,21,1.7453426994586632,1.5829705205554792,5.0526304375530975,6.090589208843629e-05,0.0008422340508728968
macrophage,p2ry13,21,1.7443867693157593,1.3451741833932598,5.942564546923041,8.218520525638444e-06,0.00016851652512772102
macrophage,BX323854.1,21,1.7423590886832419,2.3478075406283874,3.4008291878763592,0.002835929984184827,0.01760215398980346
macrophage,tlr5b,21,1.7421462721296013,1.5007221404062547,5.3197836886432865,3.310111863227655e-05,0.0005189485900790072
macrophage,hephl1a,21,1.741584594763923,1.0582805364405885,7.541424943444301,2.866035625839211e-07,1.1877596283217335e-05
macrophage,P2RY14,21,1.741112313679018,1.4210031627022475,5.614891775244869,1.7014988898725484e-05,0.00030430653222720573
macrophage,zgc:174863,21,1.740892427030942,1.0981517559717373,7.264725736002919,4.999981292748803e-07,1.8144773381820554e-05
macrophage,ly75,21,1.7408148913417976,1.4179931447437102,5.625849490211718,1.6602655163182235e-05,0.00029907671989619475
macrophage,si:zfos-741a10.3,21,1.740636576755958,1.3286341937703625,6.003607996688094,7.186570626772253e-06,0.0001515120544234605
macrophage,zgc:56622,21,1.739347944022458,0.9365516406107,8.510682452225755,4.423135633883421e-08,2.8629971096816933e-06
macrophage,smox,21,1.7381935237988624,1.2855909750872048,6.1959079906810945,4.723301540779001e-06,0.00010798648147605991
macrophage,sc:d156,21,1.737294426231762,1.577861169124252,5.045617046936147,6.189394052237337e-05,0.0008518405879148307
macrophage,nenf,21,1.7319698481794759,0.8555104793530148,9.277364944338192,1.0997181609898749e-08,1.0698853810906816e-06
macrophage,echdc2,21,1.729776805454959,1.0565442365804707,7.502604123828856,3.0968483496931154e-07,1.2512818037383007e-05
macrophage,ddit3,21,1.7292968341022612,1.139889831469098,6.95210486359702,9.493363731689187e-07,3.007510784975668e-05
macrophage,ostm1,21,1.7288511076850082,1.2285547865917414,6.448707988231981,2.739640776230954e-06,7.017931344154642e-05
macrophage,atp7a,21,1.7286518328750389,1.0137138030659292,7.8145112066298,1.671621558370575e-07,7.920714586165238e-06
macrophage,zgc:110591,21,1.7265159156408827,0.9544499565698149,8.28947585728305,6.701888118474956e-08,3.877532404446003e-06
macrophage,BX927413.1,21,1.7233790054993121,1.650533258567197,4.784826178331012,0.00011290163826123904,0.0013946224429072908
macrophage,lamp1a,21,1.7223771979614166,1.1732347559226752,6.727488974460907,1.5170379168147775e-06,4.39028852825036e-05
macrophage,si:dkey-58f10.10,21,1.7210557507637136,1.237633225230958,6.372540824154087,3.2254619187344292e-06,7.957783070186966e-05
macrophage,arhgef12b,21,1.7188586953632747,2.045201629885063,3.8513562503262384,0.0009957128213206239,0.007734252902868436
macrophage,si:dkey-253i9.4,21,1.7176069041118125,0.9411051679663321,8.363638751745462,5.826182785053196e-08,3.51962693403708e-06
macrophage,si:ch211-39i2.2,21,1.7174046523548572,1.2482635021106683,6.304868166839747,3.731253410033421e-06,8.995337197211503e-05
macrophage,arid5a,21,1.716998470638075,1.117900482551997,7.038439988737024,7.942387899381254e-07,2.609573796641014e-05
macrophage,sdc2,21,1.7163241514716674,1.5492649585786156,5.076720607181189,5.763245404919818e-05,0.0008054744660416465
macrophage,mxc,21,1.7159822821684259,1.7937659122475214,4.383860037448846,0.0002868205372853683,0.002913471950375089
macrophage,MFAP4-4,21,1.715358072174649,1.4428927161968736,5.44791592711963,2.476716473146545e-05,0.0004115609717793789
macrophage,rbck1,21,1.7134056267664959,1.202291822053729,6.530703142776457,2.30003850416036e-06,6.0558115510210634e-05
macrophage,CR387933.1,21,1.7128229533599242,0.9814861781459907,7.997199563886422,1.1719845959973822e-07,5.9653798499421486e-06
macrophage,dok1b,21,1.712084661610858,1.0009536208230914,7.8382828083013365,1.5957384557887692e-07,7.640328889103819e-06
macrophage,ptprja,21,1.7114466052942572,1.2809043551374197,6.122887774704099,5.536379578890044e-06,0.00012259126210399383
macrophage,camkk1a,21,1.7097955051234106,1.282053589705247,6.111497513083417,5.675601359559619e-06,0.00012516890940475736
macrophage,si:ch73-199g24.2,21,1.709463380843395,0.8246050706259266,9.499996567476453,7.442202987578348e-09,7.88327563568386e-07
macrophage,dapk1,21,1.7029182433340462,0.8924161306811681,8.74452117583644,2.870435243803679e-08,2.1226520461928282e-06
macrophage,gpd1c,21,1.7026442410445544,1.4922093590979715,5.228821323627036,4.070908978518861e-05,0.0006109703929193924
macrophage,pik3r6a,21,1.7019120488583501,1.2871415725018962,6.059271922117395,6.361448400586099e-06,0.00013763906693223946
macrophage,si:dkey-25e12.3,21,1.6977887189176182,1.0412180768542478,7.472253403425291,3.29063967868703e-07,1.3179372202157472e-05
macrophage,rasgef1ba,21,1.6972153120922115,1.0711723018791495,7.260846480679572,5.039513693298091e-07,1.8215949693759303e-05
macrophage,dusp5,21,1.6959441525090413,1.2851917557014831,6.047185113670772,6.5319517528692445e-06,0.000140436224306627
macrophage,slc24a3,21,1.6952236291854077,1.0325428093571831,7.523649896372054,2.9694278406704525e-07,1.2159142210267742e-05
macrophage,rnf13,21,1.6949311310717683,0.9181412207096219,8.459646545299801,4.8654320687395245e-08,3.1042588094388106e-06
macrophage,f13a1b,21,1.6939820530470366,1.3263059986775894,5.8529487099694535,1.0015923747186165e-05,0.000197546274625487
macrophage,si:dkey-238i5.2,21,1.6931548090952202,1.4515093767829306,5.3454770599926285,3.1226735064001646e-05,0.0004966408559309479
macrophage,il4r.2,21,1.6921751678523227,1.2545708366469688,6.181014709805472,4.878558111578514e-06,0.00011070574176274319
macrophage,zgc:153911,21,1.6916756265454511,2.084757580932903,3.718529041869391,0.0013573539558253598,0.009931727793137448
macrophage,CR847887.1,21,1.6910992289188416,1.6305775899479817,4.7526657253085824,0.00012162917270486865,0.0014771564201673624
macrophage,pik3r5,21,1.6910983279443574,1.1607301833809236,6.6764750381915805,1.6890312757439674e-06,4.767342906382278e-05
macrophage,dop1b,21,1.6872670984139133,0.9293138477738252,8.320148477946786,6.324233968626063e-08,3.71531817835666e-06
macrophage,ehd1a,21,1.6866856674737114,0.8374693651249353,9.229429835492926,1.197118821664491e-08,1.1247587285056613e-06
macrophage,mt2,21,1.6862174608514942,2.5357192805163966,3.0473480293664714,0.006359319325790876,0.032489371639305896
macrophage,atp6v1f,21,1.6859796725689646,0.7484512389738278,10.322822740325924,1.8493774846836129e-09,2.5692883958564137e-07
macrophage,AL590151.1,21,1.6840289103466004,1.4722022720011962,5.241935908485697,3.951085053518166e-05,0.0005952664384583794
macrophage,mapk14a,21,1.6816083836927083,0.7613624308744974,10.12145779073048,2.581503021104555e-09,3.388685903540836e-07
macrophage,tmem189,21,1.6814804785312791,0.7805157149359522,9.872333669915225,3.925097325734707e-09,4.872626476539896e-07
macrophage,si:ch73-24k9.2,21,1.6805950862156709,1.4498237897001411,5.311993257295768,3.369180217115791e-05,0.0005248918753922302
macrophage,pycard,21,1.6802662721521666,1.1113801794493818,6.928274880368487,9.974228379501329e-07,3.1489408008241535e-05
macrophage,FO907110.1,21,1.6797633983633276,1.2820056236391777,6.004375316829906,7.174480500597662e-06,0.00015140913271838218
macrophage,cblb,21,1.6778918996489998,1.0571903671435618,7.273114546881459,4.915584545984126e-07,1.7945197084148594e-05
macrophage,hdac9b,21,1.6759024690989097,1.3666035657647484,5.619735023676351,1.6831464342627102e-05,0.00030240420709887005
macrophage,ier2a,21,1.6746586366528071,0.9366740586833576,8.193084771089316,8.048323175635172e-08,4.4676402240197075e-06
macrophage,rasa4,21,1.674325576946951,1.279476185427764,5.9967694449856515,7.295247818111644e-06,0.0001534855244554394
macrophage,spry4,21,1.671783873266432,1.1667355808022501,6.5662488321322225,2.1326745150082487e-06,5.693832174966436e-05
macrophage,anxa5b,21,1.6701937311481387,1.4461336041401762,5.292587888363027,3.521028567426656e-05,0.0005420842802881611
macrophage,rapgef1a,21,1.6690625550717995,1.392163475377619,5.494042641909037,2.232067001365206e-05,0.0003803585760907124
macrophage,mhc2dab,21,1.6681406004611665,2.183114678653169,3.501593684560097,0.002246817373284785,0.01470804930471679
macrophage,vash2,21,1.6676658740181514,0.9809803837788692,7.790375045160495,1.7524967854751938e-07,8.162945553397613e-06
macrophage,slc31a1,21,1.6676029864421145,0.7121449573820287,10.730844662017196,9.539183766213485e-10,1.753673545410974e-07
macrophage,ugt5b4,21,1.667262255119834,1.2636380018462532,6.046316647858313,6.54438186352522e-06,0.00014048913648342286
macrophage,elovl1b,21,1.666511399901143,1.2622687902845953,6.050149298892168,6.489708234883816e-06,0.00013997259860380306
macrophage,plxnb2b,21,1.6642170121294237,1.1225972671224067,6.793531976489973,1.3207991211157824e-06,3.930165280673697e-05
macrophage,grap2b,21,1.663176124442812,1.1932414560256033,6.387332962507249,3.1246230418925594e-06,7.764858075572678e-05
macrophage,si:ch211-238e22.5,21,1.662753996882408,1.0685066997778974,7.131163570979809,6.564986227516245e-07,2.2457655505225456e-05
macrophage,FAM83G,21,1.6612598103636362,0.9493870249703258,8.018699044488516,1.124346357913252e-07,5.7764873275936455e-06
macrophage,fxyd6l,21,1.661009065993709,0.9942691831817542,7.65557245832152,2.284981410196605e-07,9.998160285286102e-06
macrophage,ogfrl2,21,1.6609116374963102,1.4866437278732685,5.119756104812175,5.222277499885135e-05,0.0007423480995303041
macrophage,lgals9l1,21,1.6597857408519283,1.3704810592455794,5.549944483763468,1.9683224429789722e-05,0.00034264547095893465
macrophage,atp6v1g1,21,1.6596875786447542,0.5838309819888274,13.0271331836636,3.143230787170691e-11,1.6270667291703377e-08
macrophage,gpr183a,21,1.6592705834902086,1.2964225299480632,5.865165770886474,9.748921993937764e-06,0.00019283466106970626
macrophage,si:dkey-69o16.5,21,1.659193210437824,1.071942196286239,7.093086274362693,7.098085676701119e-07,2.3786978132371034e-05
macrophage,arhgef1a,21,1.6585438439046192,0.7189398125819231,10.571681488608442,1.2323279552500556e-09,2.000527659898537e-07
macrophage,si:dkey-148a17.5,21,1.6568435217949864,1.8933410224879899,4.010165502749995,0.0006869983386892967,0.005788636186099772
macrophage,b3gnt2b,21,1.6567708958059075,0.8576288188706441,8.85263866159272,2.3558699445978043e-08,1.8361730661943399e-06
macrophage,cst14b.1,21,1.6544282115992388,1.520150103313704,4.9873644023687405,7.075615535487412e-05,0.0009501689291047339
macrophage,myo1f,21,1.653550881513186,1.4080916426478218,5.381412580324749,2.878499996595848e-05,0.00046563471348235315
macrophage,cln3,21,1.6524102830072434,1.5473513028255745,4.893714302095806,8.778840528496856e-05,0.0011387588174908332
macrophage,lcp1,21,1.6516901056660473,1.5871749543096985,4.768847261149111,0.00011715572629742982,0.0014368204519311521
macrophage,pxdc1b,21,1.6507414292564873,1.638943498530161,4.615563354777989,0.00016718577389067686,0.0018859957675537498
macrophage,vmp1,21,1.6505218557337868,0.8446801644765076,8.954444129473128,1.9586242459193268e-08,1.6040255578148278e-06
macrophage,fam83hb,21,1.6492723435669967,1.4686032438396037,5.146328926955869,4.91431463586412e-05,0.0007099748395731022
macrophage,sgk2b,21,1.6490030559177167,1.8639429328076862,4.05413770558613,0.0006198671794348595,0.005368073253723286
macrophage,gdpd5b,21,1.6486329984249004,1.0915312490194229,6.921455996125753,1.0116397118884505e-06,3.1828366394105086e-05
macrophage,pdgfba,21,1.64730581963699,1.0575986723805804,7.137777125074985,6.476690689230374e-07,2.2183272042326506e-05
macrophage,zbtb7a,21,1.647254144360992,0.85128027223967,8.867428332978806,2.2933220987871244e-08,1.7976369080064216e-06
macrophage,pglyrp5,21,1.6449074167703366,1.639394363216694,4.597986254969198,0.00017415862162277923,0.0019480975731517552
macrophage,sdcbp2,21,1.6449021549615308,0.5772462556068959,13.058358651425346,3.01072149250585e-11,1.590816218048621e-08
macrophage,si:dkey-24p1.7,21,1.644769541680984,0.9060615685319746,8.318729308564581,6.341211096191304e-08,3.717331761196761e-06
macrophage,si:ch211-219a4.3,21,1.6431522729952015,1.3837710826973235,5.441557323673518,2.5125250408994397e-05,0.00041549803795705925
macrophage,gale,21,1.6430427883110856,1.4369537662053946,5.23981225044552,3.9702418477298e-05,0.0005974963526739828
macrophage,rgs5b,21,1.6429287301804318,1.7453621329866156,4.313629318052383,0.000337931933705323,0.00332418881362694
macrophage,nfil3-6,21,1.6415542892097836,1.4052893874089256,5.353023267010752,3.06970425090266e-05,0.0004902056817433905
macrophage,acap2,21,1.639858314464006,1.6559347268693494,4.53808639501218,0.00020020238610241398,0.0021721281466342934
macrophage,fthl27,21,1.6397703691986945,0.9237826788879384,8.134350222115659,9.003536515443255e-08,4.862441423251688e-06
macrophage,rhogb,21,1.6382262449777958,1.1851075119884613,6.334695963978593,3.498962723402264e-06,8.517661252576851e-05
macrophage,ncf1,21,1.6379400499077368,1.9015760835528646,3.9472437245203085,0.0007958690862116363,0.00647913008315022
macrophage,slc15a2,21,1.6376418883357577,1.7697685884502483,4.240451527677229,0.00040095158017772637,0.0038168308820874124
macrophage,gig2o,21,1.6361417327251762,0.7966520377337309,9.411566132710169,8.684541217150894e-09,8.783256748330426e-07
macrophage,fybb,21,1.634007025784653,1.305237888217709,5.736855288481227,1.295908238167864e-05,0.00024418435792675377
macrophage,AXL,21,1.6329842695381538,1.5049545746164246,4.972425181496298,7.32297329924388e-05,0.0009776436616289821
macrophage,galt,21,1.6315239696564372,0.8137636601193027,9.187657861238662,1.2893016244992496e-08,1.1776866429930015e-06
macrophage,zgc:162698,21,1.630180939376978,0.7765798451491546,9.619651601612714,6.048284687908483e-09,6.718003660436001e-07
macrophage,ahcyl1,21,1.6275959679081637,1.4537690111257175,5.130513628137229,5.095307083263181e-05,0.0007284510152648535
macrophage,ssuh2.4,21,1.6265805291771227,1.2673584543780307,5.881468161707717,9.40394605049589e-06,0.00018722587800824002
macrophage,si:ch211-106h4.4,21,1.6261528705965167,1.844401935940953,4.040317067481562,0.0006402287301294838,0.005488402452931186
macrophage,SBNO2,21,1.625439563196563,0.7094576971787813,10.499145848363607,1.3861397700319864e-09,2.1730711194758598e-07
macrophage,calr3a,21,1.6251074787990836,1.036623883503456,7.184069509248206,5.891994449003493e-07,2.056575925043395e-05
macrophage,fes,21,1.6246227054046425,1.861168439803042,4.00015192824169,0.0007032734232718228,0.005902204456244252
macrophage,egr1,21,1.623942944616447,1.0025950966156763,7.422579157941984,3.635298017453626e-07,1.4207179645133938e-05
macrophage,si:ch211-165i18.2,21,1.6236891116372225,1.368074013492954,5.4387980370708915,2.5282279178084736e-05,0.0004175914083388048
macrophage,vegfc,21,1.6229332356873458,1.583869641793965,4.695597544235478,0.00013883187568525346,0.0016389210453635666
macrophage,cpeb4a,21,1.6220690305170224,1.0086252197884626,7.369688928011193,4.043516151611405e-07,1.5367896977053333e-05
macrophage,mxf,21,1.6217032159433875,1.9833340093788816,3.7470127102500643,0.001270179388898264,0.009418208522817263
macrophage,wsb1,21,1.6205959570550175,0.7981891791663517,9.304189831163137,1.0488416632318444e-08,1.0240203213795605e-06
macrophage,si:ch73-92i20.1-1,21,1.6202496900240662,1.1924203274238048,6.22676138480914,4.417599938628696e-06,0.00010279631409353544
macrophage,aspa,21,1.62017693931466,1.0642884411924178,6.976100816535108,9.033267084071937e-07,2.895183206209271e-05
macrophage,snx18a,21,1.6197168722547681,1.0273193368917686,7.225090490325868,5.419451570142835e-07,1.9359720550373523e-05
macrophage,agpat4,21,1.6197150345955929,1.6550413750471,4.484762050182032,0.0002266780930516866,0.002402052330194292
macrophage,ubl3b,21,1.6135513230279357,0.9192177002082836,8.044036873741895,1.0707672594480385e-07,5.5427358043314975e-06
macrophage,zfp36l1a,21,1.6132674213274083,1.1484692078796008,6.437194853563803,2.8079506701456478e-06,7.159491322996826e-05
macrophage,inppl1a,21,1.61296612742613,1.050275733251383,7.037713181706795,7.954290525191339e-07,2.6103583798878516e-05
macrophage,dock4b,21,1.612194765567924,0.9910860692618432,7.454453026192924,3.410087305229065e-07,1.3572932702069468e-05
macrophage,rnf128a,21,1.6121759398765254,1.3536303268766454,5.457855170190793,2.4217833204147785e-05,0.0004041461398757874
macrophage,atp6v1c1b,21,1.6115203734383206,1.1968473620500455,6.170305695953742,4.99342546496614e-06,0.00011275277994349468
macrophage,tns3.1,21,1.611015763999841,1.6329267553694464,4.521085627399183,0.00020828622608861074,0.0022382814777677385
macrophage,tnfsf10,21,1.6085147096135657,1.3844542777931146,5.324220908908615,3.276940843206293e-05,0.0005149771278551537
macrophage,zfyve26,21,1.6078409128496751,1.4782268745801217,4.984385560351395,7.124251935379544e-05,0.0009548307369181133
macrophage,si:ch211-191c10.1,21,1.6078276548484607,1.2057575418824182,6.110674556746755,5.68579836084148e-06,0.00012529307472263935
macrophage,nedd4l,21,1.6067903094761824,1.3106407700724596,5.618044537626465,1.6895290778599834e-05,0.0003033522922191665
macrophage,hacd2,21,1.6048476083047905,0.7780870430390225,9.451816104277048,8.094307304474207e-09,8.317128123529957e-07
macrophage,dusp1,21,1.6046169082770518,1.14336778964289,6.431245055348519,2.8439360865572353e-06,7.231083089406649e-05
macrophage,dbn1,21,1.6036734196649356,1.51049799709824,4.8652529495047645,9.374793977839656e-05,0.0011982870098914738
macrophage,il21,21,1.602703744233447,1.2063097836502783,6.0884122172287425,5.968894488293224e-06,0.00013048336277794788
macrophage,tie1,21,1.6026689569195336,1.3916920653703764,5.277282232032487,3.645702120687965e-05,0.0005584580551707108
macrophage,m6pr,21,1.6010011075355048,0.8417754737170747,8.715754963247472,3.0261047652785026e-08,2.1847680061951505e-06
macrophage,trim25,21,1.5983281558065978,1.1721007309536593,6.249001955150636,4.209896033628596e-06,9.888570007071964e-05
macrophage,napsa,21,1.5964904738682197,1.231003286908393,5.943151022082908,8.207915378638495e-06,0.0001684249501966695
macrophage,fnbp1b,21,1.5940158223319034,1.0593372810312762,6.895535818093766,1.0676159019564884e-06,3.309609296065114e-05
macrophage,als2a,21,1.5931951074868853,1.1809606002960884,6.182202162427331,4.865989381901e-06,0.00011051193600368705
macrophage,plekho2,21,1.592938575720294,1.204481691846759,6.060500255060838,6.344378300472259e-06,0.00013737807314400665
macrophage,pacc1,21,1.5921664603334669,1.0312941201179895,7.074822963805186,7.369441332847617e-07,2.4477072998386727e-05
macrophage,rps6ka3a,21,1.5917625124463435,1.1080221170439741,6.583237003552488,2.0571642335609198e-06,5.536750868871183e-05
macrophage,cd40,21,1.5891759035333064,1.2742483537487896,5.715148737776531,1.3600916227803058e-05,0.0002538375079658346
macrophage,prkcab,21,1.587953860995518,1.3236600919048966,5.497573593562858,2.214387188545727e-05,0.00037827965453145717
macrophage,fthl29,21,1.5878711249347897,1.3217713185494355,5.505142623183803,2.176968376400884e-05,0.0003732820462909891
macrophage,atp6ap2,21,1.58514174360571,0.6814904671223143,10.65903688716411,1.0703839476688173e-09,1.8452367706490076e-07
macrophage,cotl1,21,1.5815446265407072,1.156713095887608,6.265640107162462,4.061089973358604e-06,9.64640722243232e-05
macrophage,psen2,21,1.5812553168907395,1.3134518388881073,5.5169302506268,2.1199748993415817e-05,0.0003653361266547506
macrophage,si:ch211-152p11.4,21,1.579436390559584,1.6133747714040017,4.486178254050996,0.00022593125191822577,0.002395063329357235
macrophage,myo9b,21,1.5794101821754918,1.0535063574486678,6.870168995212584,1.1254925595264804e-06,3.4655318036598196e-05
macrophage,si:ch211-139g16.8,21,1.577837363057915,1.1586658763621898,6.240417792611508,4.288848424115144e-06,0.00010039637927952132
macrophage,amdhd2,21,1.577707969823419,0.6122591393154994,11.80867010712811,1.8051411803157622e-10,5.432032311155701e-08
macrophage,AL929435.1,21,1.5762093238306145,1.021666369796328,7.069919056833492,7.444110764643383e-07,2.463560661375045e-05
macrophage,MDFIC,21,1.5758102204957287,1.5314106972928647,4.715436315726443,0.00013258898611179828,0.0015815560147726896
macrophage,atp6v1c1a,21,1.5752992704207869,0.8163332332894885,8.84311437355385,2.3970849070862712e-08,1.863003524813367e-06
macrophage,BX005005.3,21,1.5736204216738108,1.752509450358401,4.114805027712584,0.0005378745528721898,0.004794213241731166
macrophage,kdm7aa,21,1.5735852315880667,1.6111319989996629,4.475780656516176,0.00023147272267320804,0.002440604975610862
macrophage,dhrs9,21,1.5733665961063745,1.555771923231174,4.6344013636638435,0.0001600252269215616,0.001822912125110074
macrophage,washc5,21,1.571167007152118,1.0064777389657238,7.153652247779128,6.2697134909443e-07,2.1634945890345948e-05
macrophage,tspan33a,21,1.5707429645198645,1.0934411713731285,6.582931684557298,2.0584967691811942e-06,5.536750868871183e-05
macrophage,adam11,21,1.570733239308879,1.362337376587466,5.283569319478325,3.593954826220431e-05,0.0005520725120792694
macrophage,CU694481.1,21,1.5685956360731699,0.813976369116149,8.830979018331913,2.4506859761769387e-08,1.886638911956174e-06
macrophage,LECT2,21,1.5683768903444641,1.4169602029656643,5.0722707689180755,5.822335918441998e-05,0.0008112533566402043
macrophage,nucb2b,21,1.567912755534697,1.215887258701456,5.909329860893571,8.843028573703936e-06,0.0001785198593962969
macrophage,ssh2a,21,1.566183547155435,0.8349384903573454,8.596028018737607,3.774333216428547e-08,2.5694499204148184e-06
macrophage,snx20,21,1.5657278406382835,1.1765008373785004,6.09864958822494,5.836958554012298e-06,0.00012821213605230375
macrophage,stx11a,21,1.5641078202136722,1.2780954493776693,5.608065097713636,1.727714991133117e-05,0.0003083920675454591
macrophage,ano9a,21,1.5638352293757212,1.7829253285458457,4.019457909040859,0.0006722318788109126,0.005692185677523885
macrophage,hsp90b1,21,1.5622101250795246,0.9938664927205894,7.20312657890961,5.66738855104865e-07,2.0054449842836607e-05
macrophage,si:ch73-160i9.3,21,1.5608470687996299,1.2850948190126092,5.565892675934964,1.8990783377280572e-05,0.00033291510668095366
macrophage,NCKAP1L,21,1.5569407415231478,1.0333125552341915,6.904782840825406,1.0472888361526536e-06,3.2613358932858175e-05
macrophage,abca2,21,1.5559879563008163,1.1405751525197867,6.251611368558576,4.186193106889583e-06,9.841320298844534e-05
macrophage,zgc:123107,21,1.5555766479341038,2.0283468457759457,3.514461914296847,0.0021808464644576873,0.014372213008022256
macrophage,mmp14b,21,1.5553648114487135,1.3860324139430034,5.142431670452656,4.9582992897631606e-05,0.0007140731811792773
macrophage,itgae.2,21,1.5544421432156472,1.2285004507888933,5.798409581486734,1.1302329028660657e-05,0.00021913738296912023
macrophage,si:dkey-33c9.6,21,1.5543338975573826,1.792474933518283,3.9737530537242463,0.0007480473132182698,0.006187120300917465
macrophage,lmf2b,21,1.5531651711750645,1.6881689119054324,4.216104747270387,0.00042443300088264866,0.003990513837976513
macrophage,dock10,21,1.5529259849313497,1.1636612699161424,6.115526105912759,5.625954358938269e-06,0.00012427379858089487
macrophage,ripor1,21,1.5527170684224936,1.2770818588389117,5.571642451616353,1.874728447648287e-05,0.00033042425282733183
macrophage,si:dkey-32n7.4,21,1.551250749595501,1.7454743277477325,4.072660290026202,0.0005935894283973409,0.005184694673059868
macrophage,tbc1d5,21,1.551183493976208,0.9009362098630124,7.890032279857955,1.4426219508691513e-07,7.0174349684565894e-06
macrophage,ccdc88b,21,1.5503023859799587,1.2729461849199115,5.58105135785515,1.8355681931930205e-05,0.0003251053155600421
macrophage,nck1a,21,1.5502843641456425,1.2317040193412367,5.767859271258645,1.20956320857432e-05,0.00023124994165321582
macrophage,moxd1,21,1.5502068851033566,1.877805839172594,3.783106988823726,0.001167647015473951,0.00880791747856141
macrophage,lamp2,21,1.5500064040166726,0.6797654749884219,10.449223938879344,1.5035170906063447e-09,2.2664280978453332e-07
macrophage,stx7l,21,1.5486918671859913,1.1935017624643693,5.9463655042186625,8.150036910828035e-06,0.00016748783718993794
macrophage,ppargc1b,21,1.5483906805020846,0.8201320084212588,8.651799254151705,3.4044150562937003e-08,2.3552546238793925e-06
macrophage,irak3,21,1.5472366515916856,1.7341360068650171,4.088681075682674,0.0005717607369868024,0.0050389514356674985
macrophage,ccr12a,21,1.5464266398146065,1.5223620569943828,4.65501429248561,0.0001525442668721043,0.0017562114820126654
macrophage,lrpap1,21,1.5462381574012631,0.811328827703849,8.733516124126641,2.9289840757826162e-08,2.1485742812592533e-06
macrophage,mcoln1a,21,1.5453669978637283,0.957964164323359,7.392511649117138,3.8618465441918e-07,1.4943548651608185e-05
macrophage,zgc:64051,21,1.545271964202723,1.1752160265455858,6.025552396580928,6.848909755254966e-06,0.00014568673968199357
macrophage,calr,21,1.5414943103239824,1.077044618242031,6.558701692352718,2.1671300997896765e-06,5.76675211326186e-05
macrophage,C18H19orf12-1,21,1.5409253663658082,1.1322159142795787,6.236802576778831,4.3225527288531625e-06,0.0001009270077583715
macrophage,parp12a,21,1.5391658638152568,1.242549769069126,5.67650830059678,1.4825085377767034e-05,0.0002715128286642447
macrophage,ripk3,21,1.5386272216890282,1.1165714319870235,6.314755606062752,3.652546601323625e-06,8.860089832653727e-05
macrophage,casp21,21,1.5381567493440234,1.4782122938618625,4.768408275215508,0.00011727486063765853,0.0014376388747069536
macrophage,ptenb,21,1.5377544296893757,0.7507215829283638,9.386803622745514,9.069737317541672e-09,9.015516061838977e-07
macrophage,tsc22d3,21,1.5376780859150092,1.0292943638368128,6.8459776627102125,1.1837023665648843e-06,3.580471270860816e-05
macrophage,mbnl3,21,1.533390206872297,0.9516823879850487,7.383636370295728,3.9314706388699483e-07,1.5118744994987934e-05
macrophage,rabep2,21,1.5320458325960924,1.4482994672467957,4.847558225896164,9.765813616131477e-05,0.0012398199748198384
macrophage,smad1,21,1.5313504800985211,0.8764870360980322,8.006427022354215,1.1512874894163624e-07,5.881857033917674e-06
macrophage,tex2,21,1.5309057123528742,1.0648333893084319,6.588346476676157,2.0349956881418742e-06,5.505927682857231e-05
macrophage,slc25a32a,21,1.530440814861294,0.8223009489791447,8.528946597299438,4.275168817640024e-08,2.8126920026847497e-06
macrophage,grn2,21,1.5303584281002247,2.117236503261573,3.3123287485264457,0.0034765747636321524,0.02053829212752974
macrophage,myorg,21,1.5300280291423451,1.0588261481486558,6.621926811316817,1.8952886141000224e-06,5.241657573370374e-05
macrophage,ptpn6,21,1.5293543787322712,1.3828436372248065,5.068094480311409,5.8783538479211656e-05,0.0008178125649985658
macrophage,itgb2,21,1.5284979049105114,1.5455349783432302,4.532060061392084,0.0002030310573595809,0.0021964341713959393
macrophage,mov10b.1,21,1.5275939201161974,1.6987946816464174,4.120753876685273,0.000530443340601723,0.0047480303586976405
macrophage,LRRC75A,21,1.5268063608508025,1.555342626329572,4.498498016896943,0.00021953807480084382,0.0023445025621491437
macrophage,si:dkey-16l2.16,21,1.5249416844299688,0.8686108129788008,8.0452149511341,1.0683414032622397e-07,5.5427358043314975e-06
macrophage,cebpa,21,1.5237971816262683,1.1000852499485265,6.347613449857164,3.4030264780480577e-06,8.335895662968612e-05
macrophage,si:ch73-383g2.1,21,1.521628572517499,1.6209799669817844,4.301705298772146,0.0003474774615219029,0.0034070922647796305
macrophage,gdap2,21,1.5186505433675745,1.578069449656225,4.410028386699827,0.00026982988283324094,0.0027699794627935935
macrophage,bach1b,21,1.518232732235665,0.8380770073763093,8.301643353527263,6.549354038328796e-08,3.8068120347786125e-06
macrophage,casp6b.1,21,1.5174053521981417,1.9973290684024656,3.4814618163750377,0.0023539867697293187,0.015280751518688502
macrophage,ndrg1a,21,1.5137803824509488,1.4860276040580722,4.668159036330784,0.00014795918276675708,0.0017163890821166937
macrophage,ltb4r,21,1.5122478850972887,1.2152681082558288,5.702437475250819,1.399177676156572e-05,0.00026042360614216795
macrophage,chmp4bb,21,1.5111873249104395,0.5149066307211785,13.449293313548075,1.767951245726641e-11,1.1548510101550093e-08
macrophage,si:dkey-172h23.2,21,1.5109218765660049,0.953401569072524,7.2623269072905705,5.024389132443742e-07,1.8205098921256734e-05
macrophage,btbd11b,21,1.5106864137303215,1.5426979852462914,4.487485501677987,0.00022524406990315272,0.002389269658667729
macrophage,malt2,21,1.5095371567238156,1.479513172444985,4.675570595700477,0.00014543557303541685,0.0016935589754782094
macrophage,spock3,21,1.5092065944459487,1.8989974386845034,3.6419498612731425,0.0016222110817323131,0.011426280109711428
macrophage,CR356236.1,21,1.5080175923727326,1.549433239500531,4.460085526886451,0.00024009801218189832,0.0025131968577681726
macrophage,zbtb7b,21,1.5076883726271926,1.4712459398240467,4.696085069770991,0.00013867495412866267,0.0016384786246855557
macrophage,acsl4b,21,1.5069930354136223,0.750272659436464,9.204533271599255,1.2512032753894599e-08,1.1558520865087196e-06
macrophage,slc1a3a,21,1.506578109453387,0.9633904327220637,7.166365776984422,6.1088859494355e-07,2.1181724866065432e-05
macrophage,parp8,21,1.50635918356069,0.9573937166361853,7.2102050206810775,5.586230358895479e-07,1.9852102318173247e-05
macrophage,dcxr,21,1.5059603791076475,1.1903373210515849,5.797665341424774,1.132100766000045e-05,0.0002192287920782266
macrophage,pik3cb,21,1.5044293521106036,1.1164579714444822,6.175029925076797,4.942413888606368e-06,0.00011187716586956742
macrophage,spred1,21,1.504416795294789,1.313297821754656,5.249459587156141,3.8839705057021107e-05,0.0005867661388983338
macrophage,map3k14a,21,1.50382842247254,1.3872343891112184,4.9677312156467455,7.40249224410737e-05,0.0009863398480674391
macrophage,dok2,21,1.5030925571377947,1.84985225871231,3.723559753038586,0.0013415374664750134,0.009843562554892216
macrophage,BX640512.3,21,1.502755660656538,2.182915795610748,3.1547215791964236,0.004984990396666842,0.026899454982735275
macrophage,gnptab,21,1.5008222911345346,0.719588794297837,9.557724923318375,6.732154942228542e-09,7.271522474017326e-07
macrophage,ppp1r18,21,1.5007486343514853,1.0694683724859333,6.430572790134327,2.848031771536003e-06,7.234791819637987e-05
macrophage,niban1b,21,1.5001550474980474,1.2368682014222234,5.558048991335608,1.9328177016320542e-05,0.0003379659250750504
macrophage,pfkfb3,21,1.4992913940377508,1.6518244831661,4.159410622613334,0.0004845947040181642,0.004405187443584604
macrophage,tbc1d12b,21,1.498887089572324,1.0579058579172866,6.492792808312694,2.493487692675247e-06,6.484249748677289e-05
macrophage,si:ch73-27e22.6,21,1.4983228641952742,1.465701469339645,4.6845678224989165,0.00014243042119658114,0.0016693096027710205
macrophage,ehbp1l1b,21,1.497477302881665,1.6685372722247696,4.112765837579155,0.0005404457770826608,0.004814003212422986
macrophage,si:ch73-40a2.1,21,1.49744642265911,1.1769142579577385,5.830638497730408,1.0522996909013522e-05,0.00020591898730298573
macrophage,dusp6,21,1.4971416858435518,0.9376835585561752,7.316716859167212,4.500015713160599e-07,1.6683504201427167e-05
macrophage,gnpda2,21,1.4963326782548951,0.9208517490930427,7.4464296448289895,3.4653841099939007e-07,1.373411392324849e-05
macrophage,si:ch211-255g12.8,21,1.4951690452508164,1.4849320472023662,4.614167590716,0.00016772902215642557,0.0018897929046659283
macrophage,tlr1,21,1.4948118836621451,1.347409741996018,5.083894225414874,5.6692652123998226e-05,0.0007953173301562517
macrophage,si:dkey-33i11.1,21,1.4941913089875432,2.0933283910463234,3.270984526588329,0.0038224588451255047,0.02207307059903562
macrophage,atp6v0d1,21,1.4937895177082798,0.6446318551067971,10.619089768835085,1.1414983943182777e-09,1.898000512007391e-07
macrophage,nol4lb,21,1.4909074724001385,1.4254227571049303,4.79310177446955,0.00011076021836112454,0.001373370697171014
macrophage,tsg101b,21,1.488134910616452,1.1863656229753863,5.748220228350058,1.2635478915342083e-05,0.00024006534905984076
macrophage,kctd12.2,21,1.4874823205925585,1.3904451013114694,4.902387244627377,8.604983392595531e-05,0.0011215093557047904
macrophage,slc9a8,21,1.4873464593376873,1.2792499209855153,5.328026699652761,3.24876007954156e-05,0.0005116517381298662
macrophage,myo9ab,21,1.4844741785568136,1.3155095331479427,5.171163810698857,4.643195292739885e-05,0.0006804811050017027
macrophage,gde1,21,1.4842523472051583,1.0015380289464717,6.791253586884057,1.327113308581249e-06,3.9361463373974666e-05
macrophage,trim3a,21,1.4829743962357749,1.439920126292946,4.7195968028641095,0.00013131619117561096,0.0015691026589298286
macrophage,itprid2,21,1.482241025295367,1.3892763992815311,4.889222691825563,8.870274396490467e-05,0.0011479055569231886
macrophage,ier2b,21,1.4813421463965684,0.9040281947640054,7.509016372838589,3.057437789251963e-07,1.2390074704302452e-05
macrophage,si:ch211-196f19.1,21,1.4800823162942982,0.9454373365675791,7.174023054566957,6.014081177043583e-07,2.0965224535221183e-05
macrophage,si:ch73-22o12.1,21,1.4779336921207444,1.4753522784513244,4.590593795929343,0.0001771782374818115,0.0019743643157244107
macrophage,zgc:171566,21,1.477426904434125,1.5334916999215085,4.415035714689691,0.00026669600855574235,0.002746548421443991
macrophage,sh3pxd2b,21,1.4762208496943092,1.2902021263626648,5.243282155539283,3.9389897786239616e-05,0.0005940966716687652
macrophage,sb:cb81,21,1.4748718823835307,1.1988430736459004,5.637695366441965,1.616837332085084e-05,0.0002925984973994346
macrophage,hck,21,1.4746884823380275,1.0540184281181184,6.411530782112891,2.9665966905375302e-06,7.453166685430142e-05
macrophage,tcea3,21,1.4739817705814287,1.4315170103467936,4.718513987506219,0.00013164625672530675,0.001572361799416104
macrophage,wee2,21,1.4738727139385577,1.523725530193058,4.432644293554416,0.00025596356207783567,0.0026569656926240717
macrophage,cyb561a3a,21,1.4726588103142764,1.2213485914809947,5.525507228796603,2.0794643114722058e-05,0.000359257577992695
macrophage,cxcr4b,21,1.4725320374610262,2.1120552040238785,3.1949872863438706,0.004547942096404593,0.025085000284451146
macrophage,slc26a11,21,1.472457076978951,1.6564599322448992,4.073534096103844,0.0005923776495187403,0.005177407076950188
macrophage,ralgps1,21,1.4697025934866172,1.2899666226424522,5.221083449375513,4.1433362122826396e-05,0.0006201441843097339
macrophage,creb3l3l,21,1.468853067201292,0.7202248302519803,9.345873791747783,9.745836342127828e-09,9.583405736425699e-07
macrophage,si:ch211-276a23.5,21,1.4665904282339464,2.007397735659242,3.3479970269432524,0.00320291723732428,0.01930829145374459
macrophage,junbb,21,1.4664066944984318,0.6819893642139588,9.85340832239258,4.053238497731698e-09,4.964312418985229e-07
macrophage,si:ch211-136m16.8,21,1.465681615655231,1.4833527850180337,4.527983508901837,0.00020496734871735191,0.0022112777082424497
macrophage,si:dkey-21a6.5,21,1.4648592884385085,1.409735093054192,4.761765955038594,0.00011909252420927762,0.0014534267801074427
macrophage,tnfrsf21,21,1.4641585393449195,2.077118210708867,3.2302530021506346,0.004195983511863334,0.023652518522286947
macrophage,cyp3c1,21,1.4627951356394284,0.9768076359018985,6.8625276757706475,1.1435534932293093e-06,3.501494429324342e-05
macrophage,txnipa,21,1.4623814814909448,0.5848114890662341,11.459203451242264,3.057379852770998e-10,7.839179089791807e-08
macrophage,CU499330.1,21,1.4621623222780524,0.9123208775082218,7.344421995967319,4.254974848660945e-07,1.5980619182740094e-05
macrophage,washc2c,21,1.459773947244371,0.722868103193467,9.25414274224994,1.1458320153686002e-08,1.1034267184352054e-06
macrophage,jak1,21,1.4594918591461985,0.6843892721445896,9.772555171344463,4.6516986676968765e-09,5.621997927236291e-07
macrophage,gstp1,21,1.4583427063629046,1.2196018826549975,5.479628997084169,2.3057450267169856e-05,0.00038928070651064923
macrophage,hyal1,21,1.4570434036792415,0.6418607636144656,10.402585835900659,1.6225401286523125e-09,2.3804485791217216e-07
macrophage,nr4a1,21,1.4560569403486177,1.1998743626885446,5.560991511113185,1.920089364460616e-05,0.0003359544114411798
macrophage,xkr5b,21,1.4555677115114771,1.5256318008975893,4.372122561427087,0.0002947871949849002,0.002979914036260404
macrophage,mrtfbb,21,1.454552888611814,1.5046933455103793,4.429871863438987,0.0002576240713920998,0.0026701610875112416
macrophage,cst3,21,1.4544348536973244,1.0076886152250388,6.614203742851217,1.926520141937302e-06,5.3066345475953695e-05
macrophage,gba,21,1.4542879825986206,1.793690624066756,3.715459440498681,0.0013670953645401136,0.009980378213453437
macrophage,sh3bp1,21,1.4530160625079807,1.3660575907913861,4.874286514210623,9.181324892837005e-05,0.0011792586537218315
macrophage,cd81a,21,1.449762781228789,0.9757802276409253,6.808549196341583,1.2799483757782728e-06,3.825205194932126e-05
macrophage,rgn,21,1.449436435209059,1.1941905586112411,5.5620538376193664,1.9155151632548676e-05,0.0003353679547153624
macrophage,marcksl1b,21,1.4489957766364132,1.1569653829900326,5.7392666416233595,1.2889720437994926e-05,0.00024349470252183982
macrophage,kitlga,21,1.4484496118224033,1.3078767202514825,5.075118995335632,5.7844430941054316e-05,0.0008077986380653825
macrophage,crfb4,21,1.4481060174794385,0.9360450265486715,7.089461779299905,7.151106155923489e-07,2.3867469268584054e-05
macrophage,gsdmea,21,1.447749599132027,1.2688789188745226,5.228569902673712,4.073241925639396e-05,0.0006109862888459094
macrophage,etv4,21,1.4470230078448207,1.5109366320222894,4.388729696040454,0.0002835792055769183,0.002886825790353526
macrophage,slc16a1b,21,1.4430115684879814,0.8968651528526861,7.37313711014402,4.015512017105443e-07,1.532984479328963e-05
macrophage,scamp3,21,1.4416287379997712,1.1383089414750336,5.803672953097425,1.1171128265894827e-05,0.0002172075860913002
macrophage,plin2,21,1.440060367369459,1.407403982041927,4.688906471048956,0.00014100378193696053,0.0016586545819457415
macrophage,si:dkey-6e2.2,21,1.4378934720362986,0.45281910047287893,14.55162927095621,4.205853246025298e-12,4.615503352188163e-09
macrophage,arhgap33,21,1.4376323581528272,1.5440568507282704,4.266720554781302,0.0003770752689111814,0.003631119692024662
macrophage,CU929259.1,21,1.4362325223499885,0.9840193150239819,6.688531565120522,1.6466492868903819e-06,4.6814324544909464e-05
macrophage,creb5a,21,1.4351031441062843,1.7966332894577641,3.6604402392660713,0.0015539193842855695,0.011038782575834955
macrophage,tspan10,21,1.433274422032118,1.756971433139341,3.738301264733975,0.0012962345692606645,0.00957259634122916
macrophage,gnai2a,21,1.4331621889993074,0.848263334483342,7.742376626756,1.9255889597568152e-07,8.760950764664714e-06
macrophage,scarb2a,21,1.43309550151765,1.0622225243785615,6.182573296162611,4.86206789565747e-06,0.00011051193600368705
macrophage,MYO9B,21,1.429524300409291,0.8898159130633037,7.362088290657845,4.105958991086364e-07,1.5516113625406944e-05
macrophage,abcc5,21,1.42872796475352,1.3263261823224175,4.936383020441369,7.956500113163015e-05,0.0010489504113629375
macrophage,ctns,21,1.4278803562204363,0.9926688895206695,6.5916942545467085,2.020604089336898e-06,5.4886409099958224e-05
macrophage,tnfaip8l2b,21,1.4270808931512464,1.3867794908565394,4.715750599723354,0.0001324924048324531,0.0015810913991206397
macrophage,pdcd6,21,1.4268057566773724,1.2237912811946166,5.342778202824122,3.1418430266601316e-05,0.0004985336231140585
macrophage,lnpep,21,1.4266296601708093,0.5393136084298964,12.122146195114352,1.1365433891655643e-10,3.897633485219657e-08
macrophage,socs3a,21,1.4256528885476158,1.4215960133560268,4.595653206060107,0.00017510595577512855,0.0019561173679845446
macrophage,fkbp2,21,1.4253879180511677,0.8547404447746113,7.642025212539713,2.3470430157575219e-07,1.018836060612079e-05
macrophage,pdia5,21,1.4253394108335513,0.8883080667171883,7.352996089844158,4.181966498384405e-07,1.5759924571864855e-05
macrophage,litaf,21,1.425102276871056,0.9255710528095156,7.055794406050367,7.663573194009801e-07,2.5270448386737848e-05
macrophage,nfkbie,21,1.4247061290432543,0.7974993495216629,8.186619441538353,8.148118453517496e-08,4.497859753968863e-06
macrophage,capgb,21,1.4236192849917162,1.2553424972742646,5.196863125751516,4.378631963908039e-05,0.0006482880082558934
macrophage,rp2,21,1.4235410358625775,1.03411935897481,6.308251068990007,3.704130309546493e-06,8.953551986115245e-05
macrophage,BX323596.2,21,1.4234025716362655,1.9167978993292936,3.402993101776874,0.0028218126516028775,0.017538837810766865
macrophage,iqsec2b,21,1.420733029170951,1.2887449492940046,5.051904686079591,6.100738862608402e-05,0.0008431927994743653
macrophage,pnpla7a,21,1.4205120621925365,0.7230413776455782,9.003086478663475,1.7940378419894086e-08,1.5042118623649882e-06
macrophage,si:dkey-219e21.4,21,1.4197608869084868,1.0336313992109312,6.294469902871128,3.815908149339753e-06,9.150888731295704e-05
macrophage,pnp5a,21,1.4193312820158408,1.1376413306424311,5.717261548842778,1.3537039618041316e-05,0.0002529895653412558
macrophage,slc20a1b,21,1.4193304208337,0.7329985178084037,8.873400056893523,2.2685576643287397e-08,1.7833203301105723e-06
macrophage,si:ch73-248e21.5,21,1.4172928489709942,1.0154765226829279,6.395865997147377,3.0679323298764688e-06,7.648640015557621e-05
macrophage,sec14l1,21,1.4164111826047983,0.8101296510880963,8.012065045083226,1.1388281014244834e-07,5.829057642272519e-06
macrophage,cers2b,21,1.4162069256016279,0.8258317389056198,7.8585928955581705,1.5337318134528316e-07,7.434263657611031e-06
macrophage,GCNT4,21,1.4161222418996766,1.4455664313754557,4.489234964207829,0.00022432772219565286,0.0023845141644470115
macrophage,stambpl1,21,1.4155386475089036,1.8675124532511478,3.47350454881952,0.002397719411370882,0.015484814968428148
macrophage,vdac3,21,1.4153079540736504,0.7168715661296782,9.047305176618414,1.6568773800211988e-08,1.4226470299097195e-06
macrophage,si:dkey-27p18.3,21,1.4149194251312396,1.0351982271569982,6.263510888860852,4.07982755450469e-06,9.665809063716423e-05
macrophage,trim105,21,1.414439634401492,1.0247188627894954,6.325419513549084,3.569568641444595e-06,8.674146649958588e-05
macrophage,notch2,21,1.4143456610975045,1.077179284415167,6.016961284518751,6.9791213714993585e-06,0.00014819829320981804
macrophage,galm,21,1.4141918411637644,1.0914077032914868,5.937873756779875,8.303850299195561e-06,0.00017000989564549924
macrophage,elovl5,21,1.4138610982636601,2.0259214307302162,3.198112921196211,0.004515620871382012,0.024951874845189428
macrophage,hspa5,21,1.4116834300254295,1.036165655885929,6.2433512813887475,4.261698194844177e-06,9.984602047442357e-05
macrophage,arl5c,21,1.4098315437308866,0.9809414588086409,6.5861828025188585,2.0443530862934335e-06,5.514928900930221e-05
macrophage,CU861501.1,21,1.409576656454348,1.4853527595302205,4.3487930288612295,0.00031128861733518206,0.0031134535970071893
macrophage,FNIP2,21,1.4074524753745086,1.6398486522090487,3.933141937683184,0.0008225375951769118,0.006670505150363161
macrophage,fut7,21,1.4064804915508002,1.372747397291059,4.695185238543682,0.00013896472605955454,0.0016397837675027436
macrophage,rin3,21,1.4057779619995925,1.5294890411880202,4.211918979269078,0.0004286067248639798,0.004021280024782654
macrophage,fahd2a,21,1.4053845349514098,1.135956030284416,5.669480895596509,1.5059554103561866e-05,0.000275077034697993
macrophage,ENSDARG00000105209,21,1.4050365258272095,1.2506959407996787,5.14808277834831,4.894650231921989e-05,0.0007075064758312949
macrophage,xirp2a,21,1.403020522070709,1.7910936151569479,3.5896771054047294,0.0018317345311073153,0.012575985200432733
macrophage,CU570894.1,21,1.4024680487676735,0.8434047249405094,7.620203922485984,2.450699970009507e-07,1.0486944756483941e-05
macrophage,sesn3,21,1.401918065993105,1.580717928022478,4.064226476874718,0.0006054134064692645,0.005266175271554937
macrophage,arpin,21,1.4018225595079419,1.3256665280444901,4.845832533252502,9.804821799985028e-05,0.001241898827712785
macrophage,znf710a,21,1.4007584967827922,1.528932540547375,4.19840749779686,0.00044236214958311745,0.0041097885451448785
macrophage,rab7a,21,1.3998137315476464,0.7165467367432033,8.95231539649675,1.9661755639366802e-08,1.6050636072012573e-06
macrophage,dock8,21,1.3988182727774003,1.0213577587100822,6.276146202272489,3.9699198054006665e-06,9.462619449276045e-05
macrophage,CABZ01066578.1,21,1.3987304957979148,1.8844251779717605,3.4014554935717967,0.0028318368676464372,0.01758520698593934
macrophage,plekhg5b,21,1.3978065832501774,1.2664604193198359,5.057840242722857,6.0182316748845944e-05,0.0008334688844041334
macrophage,C5H11orf54,21,1.3966195397728305,0.7679120140574985,8.33443759298206,6.155900035251215e-08,3.639808566101661e-06
macrophage,si:ch73-112l6.1,21,1.3965119893018776,1.781634247111333,3.5919953325242218,0.001821900188744407,0.012530613235564076
macrophage,CT583642.1,21,1.3961878664345528,1.2434766296662265,5.145361343890007,4.9251976688890585e-05,0.0007107985168120532
macrophage,rab44,21,1.3936368417013996,1.4994186954387907,4.259281505428288,0.00038368812702347516,0.0036844535403881837
macrophage,abi3a,21,1.3912981791240364,1.012722114852558,6.295635423166765,3.806321985152374e-06,9.14417194944443e-05
macrophage,smpdl3a,21,1.3912645720600947,1.7706894426666977,3.6006173976922624,0.0017857791600137329,0.012340768578079789
macrophage,CT027815.1,21,1.3911179741497075,1.7281328330750167,3.6888966491141986,0.0014543375281384728,0.01046413587319145
macrophage,syngr2a,21,1.389990900722101,0.9966063468947909,6.39142881008695,3.0972783821599123e-06,7.707343219381589e-05
macrophage,si:ch73-158p21.2,21,1.389804936580967,1.5777445597492499,4.036703079564278,0.0006456624313365289,0.005518330216149021
macrophage,canx,21,1.3882932894403441,0.8784840792983498,7.2419742549471655,5.236491506165583e-07,1.880574883838438e-05
macrophage,capn2b,21,1.3873835314457288,1.3292325784430254,4.783053134487789,0.00011336586145430234,0.0013984678098016119
macrophage,marcksl1a,21,1.387346036523019,1.3170210918567968,4.827271382951386,0.00010234498374349684,0.001288588631942559
macrophage,taok1a,21,1.3859022715375364,0.9708659590085033,6.54158486679043,2.247414048329617e-06,5.9457863467621057e-05
macrophage,clul1,21,1.385432081756161,1.0532994038488102,6.027580915425225,6.818529580896953e-06,0.000145519641055574
macrophage,rab5aa,21,1.3850500098058247,0.5888227910531328,10.779298301077116,8.8285519035012e-10,1.6476960644391524e-07
macrophage,csf1rb,21,1.3823746465971294,1.031790046512989,6.139656491384292,5.3377644615621585e-06,0.00011915505940029114
macrophage,nus1,21,1.382235183387511,0.7962651920923711,7.954884150417108,1.2719512211267414e-07,6.4029324314884675e-06
macrophage,baxa,21,1.3821736744517465,1.4199070497656414,4.460795858289319,0.00023970074287509412,0.0025099961377016058
macrophage,mroh1,21,1.381884055709388,0.7428524416953138,8.524692026977545,4.30917214029578e-08,2.828280805478821e-06
macrophage,ktn1,21,1.3808131279992795,0.6507500425374237,9.723673094161263,5.057462083189108e-09,5.829893792113159e-07
macrophage,tpcn3,21,1.3801599569347422,1.3503282526583216,4.683814814175267,0.0001426795080085437,0.0016693096027710205
macrophage,BX649485.2,21,1.3798933817752153,1.7553836202776996,3.6023270354733947,0.0017787013199728548,0.012298052095124816
macrophage,si:ch1073-66l23.1,21,1.3777859199989242,1.2010074983405472,5.25709313102819,3.8170616929461376e-05,0.0005795300915660061
macrophage,ndfip1l,21,1.3777545928758923,1.1136245242428617,5.669473483640653,1.5059803394072735e-05,0.000275077034697993
macrophage,BX571880.1,21,1.375785589967505,1.1854249037965445,5.318465628538576,3.3200309526583333e-05,0.0005195952606171213
macrophage,nfkbiab,21,1.3753812727976438,1.1773714241427835,5.353271416969222,3.06797804301008e-05,0.0004902056817433905
macrophage,CABZ01008730.1,21,1.3741979605925096,1.5360530764859424,4.0997061043461605,0.0005572069128048643,0.004939247706882538
macrophage,diaph2,21,1.3738409225645716,1.3578428729300773,4.6365674158561605,0.00015922199122703058,0.0018155674685426367
macrophage,lrch1,21,1.3724057644099912,1.5363061621424117,4.093684875176285,0.0005651088382484197,0.004989945599403089
macrophage,tnip2,21,1.3723734837682418,1.4354922815923983,4.381079196149905,0.000288688203639353,0.0029301372056402698
macrophage,sel1l,21,1.3716832719902254,1.0046495691103468,6.256751226167594,4.139904619238428e-06,9.76597448227053e-05
macrophage,fam126a,21,1.3714755289518927,0.8035708168990153,7.821202927024003,1.6498901006825874e-07,7.858460922261594e-06
macrophage,grb2b,21,1.3684762221894116,0.6840595113746413,9.167544300828594,1.3362901068522104e-08,1.2101210660694368e-06
macrophage,fam49bb,21,1.3680197313883333,0.859668783695828,7.292406203617996,4.727033918891117e-07,1.7430937575910993e-05
macrophage,tnni4b.1,21,1.3656233859825875,1.552223196740839,4.031683426846737,0.0006532860752245823,0.005566119091238017
macrophage,acp2,21,1.3651239759896205,1.214794442636445,5.149664612718105,4.8769831424766084e-05,0.0007056963740181738
macrophage,zgc:172106,21,1.3643788432533146,1.6570499526314324,3.7731930264840243,0.0011949618981071262,0.008967116978820844
macrophage,nr1h3,21,1.3642532164739896,0.9429619709004659,6.62995308878574,1.8633828161469544e-06,5.163829046564817e-05
macrophage,cdc34a,21,1.363958641248587,0.8017056644100629,7.796432027095843,1.731827880573933e-07,8.09415637198396e-06
macrophage,pgd,21,1.3636973671936277,1.2412490416667392,5.034643492481855,6.347267402980024e-05,0.0008689485089858132
macrophage,mcl1b,21,1.363642862297226,1.265827421862393,4.936689259084959,7.9508894734698e-05,0.0010487146764646344
macrophage,arrdc2,21,1.3627138355942836,1.0326183033191016,6.047480741046531,6.527726045844259e-06,0.000140436224306627
macrophage,itgb7,21,1.3626914144946776,1.095917267663515,5.698091215500061,1.4128040488557462e-05,0.00026207085247030023
macrophage,FP015862.2,21,1.3617609995275168,1.3891491687911628,4.49222660817912,0.00022276942966106,0.0023725463131798064
macrophage,nadka-1,21,1.3617413736212463,1.1004985339249176,5.670414570491604,1.5028185001516408e-05,0.0002748655036777351
macrophage,egr2a,21,1.3617381800532808,1.4443428373230962,4.32048965491538,0.0003325598506567686,0.0032854805555521957
macrophage,dapp1,21,1.3586406687264896,1.2235105791528018,5.088696258757071,5.607226241892482e-05,0.0007884892462650962
macrophage,hlx1,21,1.3583448040475254,1.9082063297488085,3.262077998251452,0.0039012569192709316,0.022419560867238796
macrophage,map3k21,21,1.3568516617323219,1.5640008540267885,3.9756215162581237,0.0007447868553233584,0.0061732016316002015
macrophage,akr1a1b,21,1.356169819049457,1.2375395052756755,5.021860574563474,6.53633767379203e-05,0.000888624499903292
macrophage,mlec,21,1.3561533465760407,0.8443480594046622,7.360324093163982,4.1205946448261784e-07,1.5550001936837167e-05
macrophage,plxnb1a,21,1.35532504297572,1.5934445324372764,3.8977695641564454,0.0008934142147349265,0.007102526508621474
macrophage,CABZ01049847.1,21,1.3536000018771515,1.7648950561562058,3.5146421016125315,0.0021799363831047215,0.014372213008022256
macrophage,plp2,21,1.353493222043489,0.9970832538338567,6.2206291388156005,4.4766990993552575e-06,0.00010381930667017033
macrophage,srgap3,21,1.3524100299514197,1.3410072329827873,4.621542062144436,0.00016487881870090685,0.0018661098973017242
macrophage,si:ch211-266g18.9,21,1.3511070719292628,1.5698041595990997,3.9441546840385517,0.000801636211986143,0.006516411696545136
macrophage,arrb2b,21,1.3508272905199554,1.0038484989001386,6.166536401062644,5.034513215301802e-06,0.00011340055013284477
macrophage,mtmr8,21,1.3490427413784476,0.8324458252145505,7.426417781005905,3.607380372798731e-07,1.4158580905255106e-05
macrophage,glud1a,21,1.3477951982851286,1.075916257806102,5.740570860072181,1.285236330902981e-05,0.0002431755775056778
macrophage,psd3l,21,1.3471634571583526,1.3719813836096053,4.499680964813442,0.00021893387446347682,0.002340783650002138
macrophage,zdhhc3a,21,1.3466108225429558,1.2644368077252344,4.880391007480703,9.052882571759754e-05,0.0011660367763203232
macrophage,tmem131,21,1.3462420396759545,0.4942726324948665,12.481484195083121,6.763101187017495e-11,2.794361149306326e-08
macrophage,plxnb2a,21,1.3453343090512646,1.732143417488423,3.5592297058102806,0.0019658649087963055,0.013290661353579755
macrophage,clcn5b,21,1.3449098099753811,1.516053712687991,4.065259004691515,0.0006039532782887958,0.005258476099604289
macrophage,ngfrb,21,1.3447193093413834,1.2083764875535967,5.099634167825782,5.4684786933928015e-05,0.0007721446883851338
macrophage,rubcnl,21,1.3443214630917748,1.4278228322313535,4.314579318881243,0.0003371828539591653,0.0033187425865843384
macrophage,themis2,21,1.3437685538324884,1.031132883954744,5.9719956663791045,7.703257525707092e-06,0.00015981939067665935
macrophage,celf2,21,1.3437656462247636,0.9712731489606546,6.340037091209323,3.4589623490933498e-06,8.442760858307477e-05
macrophage,ugp2b,21,1.3433336533313538,0.8994689853402046,6.843958213460967,1.188699862495322e-06,3.5916278334316254e-05
macrophage,bsg,21,1.340304446505765,0.5606353448705961,10.955510808574234,6.676216166993226e-10,1.3369488360690449e-07
macrophage,si:ch211-66e2.3,21,1.3396646106664587,2.014900637982417,3.0468571841735477,0.006366374765038396,0.032498199622820856
macrophage,atp2a2b,21,1.3395417839659196,0.7273214306746679,8.439943280491338,5.048245166309403e-08,3.191212122988444e-06
macrophage,wdfy3,21,1.3375751509751774,1.508341813968753,4.06376016382366,0.0006060739894651251,0.00527025036481005
macrophage,pkma,21,1.3375205578677898,1.0063872572711754,6.090388322889055,5.943190890043163e-06,0.00013012884442804005
macrophage,FP326652.1,21,1.3374912565296617,1.4983333826030418,4.090648313355099,0.0005691362616959235,0.005022275117281332
macrophage,npepl1,21,1.3374125749721912,0.7302295622518511,8.392969385265848,5.5133977787904884e-08,3.3763408049356487e-06
macrophage,wasf2,21,1.3373338364714022,0.8617242483687795,7.111826720272585,6.830342613235573e-07,2.3106097360557085e-05
macrophage,ier5l,21,1.3368554863340896,1.0430708964783326,5.873274271218463,9.575746460830285e-06,0.00019023215362264944
macrophage,ptbp3,21,1.3347004282256618,0.6512209610945143,9.392151217236966,8.985074575986415e-09,8.996551861028733e-07
macrophage,MFAP4-2,21,1.333947078117666,1.582240487194098,3.863454075416721,0.00096797626380884,0.007559532250179371
macrophage,nod1,21,1.3338097153497797,1.5177268937237463,4.027262090784571,0.0006600754456005511,0.005608290445974333
macrophage,prkcsh,21,1.3333604354251787,0.7507531664142794,8.138793677259597,8.927324514237827e-08,4.840338894231517e-06
macrophage,p2ry1,21,1.3327744681965665,1.5555355684934884,3.9263260889176173,0.0008357446981799569,0.006741739427982099
macrophage,CR855277.3,21,1.3325882195503527,1.0630029084434562,5.744750402647419,1.2733391891917573e-05,0.00024142405428801564
macrophage,si:dkey-15j16.6,21,1.330658870380124,1.7732762023383732,3.4387451823017083,0.002598308811330829,0.01643873388379896
macrophage,si:ch1073-303k11.2,21,1.3302800780844675,1.4798475592378166,4.119416973227694,0.000532104380556892,0.004758241095364515
macrophage,snx22,21,1.329028753593042,1.4534855054935523,4.190186170480491,0.0004509475368056874,0.0041638338088420095
macrophage,mbnl2,21,1.3278842357196892,1.4103955194028357,4.314484795655416,0.0003372573111498865,0.0033187425865843384
macrophage,TAGAP,21,1.327799800795549,1.377112926633522,4.418477945572406,0.0002645629307352921,0.002728678197264187
macrophage,rgs18,21,1.3274964113343986,1.1962017167987957,5.0855576482551985,5.6476963568497554e-05,0.0007929608472373237
macrophage,pkig,21,1.3272547576403728,1.353086945774677,4.495088369871926,0.00022128899843028407,0.002358610595157282
macrophage,aph1b,21,1.3253703700508705,0.6761971748221749,8.982010382115208,1.8635132102819536e-08,1.542085838134861e-06
macrophage,pdcd6ip,21,1.3248483393695683,0.8025487081108486,7.564921279094538,2.735046716936607e-07,1.1455878882313865e-05
macrophage,flvcr2b,21,1.3247880159115386,1.1735539138758335,5.173125231745694,4.6224419718979844e-05,0.0006778016862587985
macrophage,asph,21,1.3245144330244365,1.1733077954972952,5.173141840264871,4.622266644648934e-05,0.0006778016862587985
macrophage,havcr2,21,1.3237420707103607,1.7041169806415708,3.5597017743136465,0.001963713137307664,0.013285935862400927
macrophage,asap2b,21,1.3227945191848232,1.4853592778985016,4.0810368933861305,0.0005820741518929668,0.005105244359713409
macrophage,abca1a,21,1.322246948943195,1.2716399708572583,4.76494673792914,0.00011821857617622018,0.001446622050577431
macrophage,egr3,21,1.3213770524567017,1.5100707198875407,4.009951510689132,0.0006873421781837429,0.005789755191424927
macrophage,cxcl11.6-1,21,1.3180486045953181,1.733151609032064,3.4850139299482494,0.0023347188044745316,0.015176885148587324
macrophage,yif1b,21,1.3164960463481987,0.8978813913101245,6.719086555182831,1.544074861145713e-06,4.435779457123836e-05
macrophage,snx9b,21,1.316345737174226,0.7383029438518431,8.170431977234323,8.403643696953912e-08,4.629597687267682e-06
macrophage,wdr81,21,1.316225033680443,0.7299068339381026,8.263658549260725,7.037859797426651e-08,4.039189772948567e-06
macrophage,rac2,21,1.316195557832564,1.3102960763871456,4.603208299122037,0.00017205691675628942,0.0019314163302818334
macrophage,tagapa,21,1.3160852086992265,1.5364490510436164,3.925323840565639,0.0008377044955233717,0.006753577089239995
macrophage,BX248082.2,21,1.3157981096666826,1.067028117097662,5.650970522902813,1.5695465817673986e-05,0.00028516894351515617
macrophage,flna,21,1.3152744786525392,1.1065506879010523,5.44696679869382,2.4820282654425032e-05,0.0004119660253606461
macrophage,ostf1,21,1.3151351425891489,1.1280087490665245,5.342783329472111,3.141806499491633e-05,0.0004985336231140585
macrophage,zeb2a,21,1.3144421340443277,0.8319861565578234,7.239940867307911,5.258184160327388e-07,1.8857291822036848e-05
macrophage,snx11,21,1.313975131021622,1.608671428753202,3.7430828891285572,0.0012818682203599003,0.00949461517969057
macrophage,fam49al,21,1.3137121338489803,1.7225625617643383,3.4949008113695,0.0022819020894202795,0.014887986640486413
macrophage,tmsb4x,21,1.3124574385007524,1.0030966207818726,5.995868626941981,7.3096885323708005e-06,0.00015367149799662292
macrophage,MARK4,21,1.31234447315396,0.7616368624238292,7.896043617093719,1.4258493084414071e-07,6.974920320912403e-06
macrophage,jun,21,1.311446308517091,1.448820978976279,4.148063884950396,0.0004976249875397072,0.0045027511652875555
macrophage,malt3,21,1.3097154101048725,1.1240205593478156,5.339644329226631,3.1642529498357716e-05,0.0005009306386540358
macrophage,cnpy3,21,1.30943137368894,0.9955474748145979,6.027405562348564,6.821150296973508e-06,0.000145519641055574
macrophage,irf9,21,1.3092640154834971,1.1337213980222716,5.292130382386146,3.524691519687903e-05,0.0005423438689996502
macrophage,zgc:165573,21,1.3072435676856355,0.6151943019904007,9.737643182457544,4.937872946193607e-09,5.78933949909494e-07
macrophage,herpud1,21,1.306428349447727,1.0975240127662094,5.454829900524205,2.4383707840737582e-05,0.00040641982054109084
macrophage,pcbd1,21,1.3053580817684522,1.1361769968075959,5.264938680798942,3.749517013618531e-05,0.0005708546019346527
macrophage,bri3,21,1.3052602215607,0.8169533468152032,7.321658929772104,4.455259855513642e-07,1.656233795880986e-05
macrophage,grasp,21,1.3052093795360018,1.1860083101174244,5.043152504469286,6.224499887580405e-05,0.0008559857364198918
macrophage,mapre1a,21,1.3031878252365143,0.8647448431172798,6.906033498116242,1.0445703991909716e-06,3.25656692065958e-05
macrophage,zfyve27,21,1.3023637145554934,0.7715915888598267,7.734895494562778,1.9541208329021894e-07,8.876043882561518e-06
macrophage,si:cabz01101003.1,21,1.3016501726697889,1.0752273002150445,5.5475809100258795,1.9788018742674755e-05,0.00034403313954707343
macrophage,si:dkey-42i9.6,21,1.3000209289094453,0.9017932706518266,6.606219524623674,1.959365033513169e-06,5.3652334900767316e-05
macrophage,zgc:162183,21,1.2994526252553784,1.2761095747180873,4.666401800611342,0.00014856397700433387,0.0017212215832406671
macrophage,lcp2a,21,1.2994400667931791,0.9508659703603416,6.262483517925857,4.088900377075535e-06,9.678372346798871e-05
macrophage,BX908395.1,21,1.2985130815895503,1.032151598962126,5.765174896069539,1.2168006273950548e-05,0.0002323098483826258
macrophage,acvrl1,21,1.296243033065331,1.693736597904384,3.507116646963049,0.0022182657977124947,0.014559359368479017
macrophage,CU659670.1,21,1.2960697545946378,1.6529246714116546,3.593229539795282,0.0018166857375809733,0.01251023423959187
macrophage,cbl,21,1.2948039197377799,0.6729720373260155,8.816914586674649,2.5143676423219677e-08,1.9268624655615416e-06
macrophage,si:dkeyp-69e1.8,21,1.294396910243135,1.1141572172989078,5.323909165069626,3.279260223666679e-05,0.0005149771278551537
macrophage,ano10a,21,1.294190562195538,1.079988962481973,5.491469284397897,2.2450427625571306e-05,0.00038185212765502096
macrophage,kif9,21,1.2919343684509539,1.854000743390262,3.193303485690803,0.004565446985074363,0.02514256114960811
macrophage,atf3,21,1.2915870389301163,1.7422417570918052,3.3972296602515937,0.0028595668777391557,0.017689338735236468
macrophage,rbms1a,21,1.291536607693235,1.4058590632656571,4.2099271699487115,0.00043060722646550786,0.004033359255063574
macrophage,gmip,21,1.2904053251614538,1.2014552089474204,4.921848135235189,8.22746643610679e-05,0.001080519586762038
macrophage,arpc4l,21,1.2878798391977353,0.9883258738775214,5.971519116439281,7.711331342095e-06,0.00015981939067665935
macrophage,sypl2b,21,1.286638117871504,1.1292645745329135,5.221200328187425,4.1422325169180005e-05,0.0006201441843097339
macrophage,malt1,21,1.2865346519538932,1.252034652524226,4.70884924380981,0.0001346296951727408,0.0016017197255265153
macrophage,hexa,21,1.2859360902671062,1.1031364545433986,5.341949718236554,3.14775163740735e-05,0.0004988940853395185
macrophage,TOM1L2,21,1.285634754562525,0.9289402853086554,6.3421930042480525,3.4429498413538408e-06,8.418656764486865e-05
macrophage,smad7,21,1.285118779986961,1.424571186247391,4.133983716049159,0.0005142830421619635,0.004625206048298327
macrophage,park7,21,1.284688322963262,0.7866245584641307,7.484105881336366,3.2135105520973146e-07,1.2908149633497778e-05
macrophage,rab3il1,21,1.2825733609637806,1.2787644400557419,4.59622533036205,0.00017487316451173903,0.0019550306717113124
macrophage,zgc:174356,21,1.2824587172809827,1.376121120924921,4.270673604403397,0.0003736079124507463,0.0036051033858210094
macrophage,arpp21,21,1.2824482929512586,1.466463292929147,4.007544140826981,0.0006912221628049273,0.0058170797658138595
macrophage,rgs19,21,1.2823959908179507,1.5769290617983358,3.726658884787988,0.0013318848938093503,0.009788444163316241
macrophage,nefmb,21,1.2809935769450878,1.6621112993311955,3.5318032152631345,0.00209495274155733,0.013950813975603868
macrophage,sla1a,21,1.2799100675528647,1.5699557094112981,3.735955563674092,0.0013033404551603784,0.009601811328497578
macrophage,snx15,21,1.279186409314689,1.5783350261410862,3.714020440245447,0.001371685861580943,0.010003243384495791
macrophage,il4r.1,21,1.2775869956294987,1.830073070582416,3.1991286077447003,0.004505166194298178,0.02491417749255604
macrophage,sh3glb1a,21,1.277084175105584,0.9420721255024453,6.212194101518808,4.559320413496318e-06,0.00010529036661975714
macrophage,lcor,21,1.2769076041649032,1.0095473891366566,5.796187295927215,1.1358196774563373e-05,0.00021975467454876316
macrophage,rab5b,21,1.2763350484525002,1.0199625115895952,5.7344283786894215,1.3029277388423356e-05,0.00024496585507365845
macrophage,usp32,21,1.2760765566284353,1.2730696096859009,4.593399582251586,0.000176025977980815,0.0019623212945565458
macrophage,laptm5,21,1.2760240197182664,1.1554417406830848,5.060814797536926,5.977311157227584e-05,0.0008286383607808933
macrophage,mboat2a,21,1.2752697927315049,1.2536815598473825,4.661487050502832,0.0001502688016846046,0.0017380373415755177
macrophage,mfsd1,21,1.2748787628214315,1.446545672312943,4.038744537653953,0.0006425874235048172,0.005504023092055779
macrophage,PLEKHH3,21,1.274857195188265,1.2762154341273346,4.5776985930311325,0.00018257262305705377,0.002021339755274524
macrophage,calcoco2,21,1.2745020442563804,1.6819366079318159,3.4724864561706412,0.0024033721326238277,0.015510824384505932
macrophage,anxa11b,21,1.273967613414613,0.8644154477471677,6.753758319115869,1.4356122144879866e-06,4.207908237657896e-05
macrophage,hk2,21,1.2732279121052934,0.9010651856920023,6.475295435670581,2.588344198554277e-06,6.692857972416267e-05
macrophage,itgam,21,1.2732076437089161,1.7525057839379041,3.3292731220447758,0.0033438335038503734,0.019922697506461338
macrophage,zgc:64002,21,1.2707101766891864,1.5866804574028155,3.670005226232248,0.0015197164470481508,0.010846363351916237
macrophage,gpr132b,21,1.2700856871633481,1.3762036166262124,4.2292170505804405,0.00041162035825789944,0.0038954137733030253
macrophage,CABZ01053221.1,21,1.269577142929948,1.2211723708841409,4.764219611233109,0.00011841778668876607,0.0014477682610544997
macrophage,pstpip1b,21,1.2693100121604985,1.1066710228082108,5.256041850929401,3.826206135952886e-05,0.000580146483324067
macrophage,itgav,21,1.2689637348731844,0.9028815936890481,6.440625669918093,2.7874136452384064e-06,7.113738916940993e-05
macrophage,ticam1,21,1.2683129344888844,0.9346115156367878,6.218776389917301,4.494714085976224e-06,0.00010406116535760142
macrophage,klc1a,21,1.2679624202473143,1.244611993136093,4.668550360423344,0.00014782483838446676,0.0017155560241446047
macrophage,anxa3b,21,1.2676649411437553,1.720468531561028,3.376504970632726,0.002999465365981655,0.01838068624429455
macrophage,clcn3,21,1.2673158322286853,1.0620073339302982,5.468484581091479,2.364410010326973e-05,0.00039650115301540656
macrophage,trioa,21,1.2670076212615617,1.0956131874970905,5.299460061977819,3.466471767141626e-05,0.0005356285477578067
macrophage,cst14a.2,21,1.266648962823668,0.6427159085411315,9.031229309777222,1.7054370101134027e-08,1.4575907904193521e-06
macrophage,BX649485.1,21,1.2665445947832779,1.468769544783812,3.951631824913579,0.0007877476899640169,0.006426362733916981
macrophage,ier5,21,1.266505664937384,0.787869179059691,7.366525093154108,4.069388495177012e-07,1.544172522339991e-05
macrophage,znf831,21,1.2663905883902742,1.008266993898113,5.755747997106936,1.2425696758198828e-05,0.00023640706696337368
macrophage,abcb6b,21,1.2662469372275769,0.9503988355809457,6.105512992137027,5.750183829459827e-06,0.00012661018728830686
macrophage,igf2r,21,1.265747631576221,0.6781722454126018,8.552966258417344,4.088351009470789e-08,2.736143268734563e-06
macrophage,chst14,21,1.265327061422138,1.710953252915256,3.3890213119283765,0.0029141935217085837,0.017946329802037034
macrophage,sept8a,21,1.2653055685040897,1.092704755260228,5.306427483733464,3.412037604380041e-05,0.000529164791838137
macrophage,timd4,21,1.2650892389767974,1.1192375798243883,5.179746733839009,4.553075835937076e-05,0.0006690607153665436
macrophage,ccl39.5,21,1.2645271948239143,1.3556770995514291,4.274462990138402,0.00037031415395664496,0.003582358538011479
macrophage,fam120a,21,1.2642650508275082,1.0532025804892242,5.500926793412395,2.1977297233085885e-05,0.0003763715041134278
macrophage,tbc1d9,21,1.2640318532207497,1.50449584309337,3.850141344564624,0.0009985415209302466,0.007751835491432177
macrophage,tns3.2,21,1.2633099424351164,1.2915133270687948,4.48250383179426,0.00022787412295576016,0.0024100719210837624
macrophage,asrgl1,21,1.262809686389953,1.3653827915022791,4.238313982145823,0.00040295990514868646,0.003834618452221371
macrophage,dicp2.1,21,1.2614842794652936,1.4666421725071306,3.9415525524978925,0.000806526603351223,0.006548404073081031
macrophage,ap5s1,21,1.2596045283121011,0.8187622641342711,7.04995008875097,7.756321979438611e-07,2.5514951259700035e-05
macrophage,ccdc87,21,1.2573276838895926,1.7490275233488692,3.2942873727655404,0.0036235740137043086,0.021214842737084443
macrophage,elmsan1b,21,1.2566815706328716,0.5631095453621054,10.226852784351095,2.1667649626635135e-09,2.9428315223105694e-07
macrophage,C1H3orf70,21,1.2561471222063496,1.7823827086808677,3.2296034086707537,0.004202219922728422,0.023682806815951987
macrophage,pi4k2a,21,1.2544959196606338,1.4657996571449294,3.921970156587153,0.000844295641727491,0.006796728559505198
macrophage,dse,21,1.2543933466243042,1.5217052078547448,3.7775729704301337,0.0011828169765253586,0.008895445107174675
macrophage,zgc:175214,21,1.2529188302943557,1.0543955051727496,5.445390606553018,2.490875107712533e-05,0.0004131629902061266
macrophage,angptl4,21,1.2525064278523454,1.6146285690763176,3.5548147877351375,0.0019861017807976857,0.013382260781006622
macrophage,matk,21,1.2522941279021684,1.9101597375048316,3.004320801440765,0.007007400950971539,0.03503062046098837
macrophage,si:ch211-214k5.3-1,21,1.2512709438629261,1.6101471487492267,3.56119241623658,0.001956933765295508,0.01325641428416846
macrophage,bloc1s3,21,1.2508699696982575,1.1231870222062754,5.103519010956532,5.4200434671619475e-05,0.0007660942427696447
macrophage,ugt5b2-1,21,1.250465862387148,1.6677851184914247,3.4359069431742277,0.002615397663524419,0.01651782571335001
macrophage,zmp:0000001082,21,1.2498305567764763,1.3831609099374687,4.140836464613461,0.0005061070566245713,0.004565947746956631
macrophage,tollip,21,1.2492775362518291,0.8063925380602095,7.09940705509665,7.006591337441911e-07,2.3557087419450837e-05
macrophage,dusp23a,21,1.249015241705805,1.2979406046244122,4.409837298315122,0.00026995020825841683,0.0027699794627935935
macrophage,sh3d21,21,1.2489979753811289,1.2818611711709853,4.465091769494864,0.00023731222365930228,0.0024897364650451085
macrophage,ifi35,21,1.2476561167138578,1.0959996781172534,5.216679083280021,4.185145863980777e-05,0.0006243582206542285
macrophage,sptlc2a,21,1.2475624984355478,1.9279093989604243,2.9654140315680273,0.007647960180824405,0.03758226537003717
macrophage,lrmda,21,1.2473451594065563,1.359645195141714,4.204077380732792,0.0004365368199240123,0.004072216135537327
macrophage,tlcd5b,21,1.2472324423718197,1.356442779983859,4.213621953475637,0.0004269037087233501,0.004010994263296271
macrophage,si:ch73-236c18.7,21,1.2458585316734467,1.9305033240545508,2.957384716960363,0.007787007193542593,0.038074593183896104
macrophage,si:ch211-11c3.9,21,1.2450709414000787,1.614130473139282,3.5348021300031878,0.002080440590524866,0.013890700316634145
macrophage,atp13a3,21,1.2447438403645399,1.1818521274360478,4.8264353355908245,0.00010254295092306904,0.0012904889259515591
macrophage,si:ch1073-385f13.3,21,1.2444455632456766,1.3482144960937639,4.229865506080911,0.00041099688408275964,0.0038912563329666578
macrophage,manba,21,1.2430722742023375,1.4526139827248274,3.9215323951017007,0.000845159797045366,0.00679969473077408
macrophage,rhoga,21,1.241969976335032,1.7501711841815497,3.2519227141082974,0.0039930383759939556,0.02279243090832475
macrophage,snx27a,21,1.24139450894819,0.7331496881581839,7.759376286238297,1.862346125880362e-07,8.5583695081286e-06
macrophage,p2rx7,21,1.2412850035177894,1.3811315523597016,4.118566749065436,0.0005331634506222043,0.0047646056246971255
macrophage,pak2a,21,1.240526070659411,0.8282534693579621,6.863604959928007,1.1409892549508198e-06,3.4975463921313674e-05
macrophage,ets2,21,1.240321308124843,1.2680094784373241,4.482510878036535,0.00022787038115307622,0.0024100719210837624
macrophage,mark3b,21,1.2401389345154363,1.4259764639312384,3.9853606868176965,0.0007280201591103809,0.006065030034571185
macrophage,adam17a,21,1.2374978550294424,0.950183556660783,5.968244296867408,7.767049172245494e-06,0.00016082188229475859
macrophage,CU915256.1,21,1.2370722648385712,1.9812104118203835,2.8613706348052244,0.00964994301161,0.04478115468936407
macrophage,kif21b,21,1.2367885410408725,1.2761711062641523,4.441157678742065,0.00025093161841528705,0.002612640968206224
macrophage,tiam1a,21,1.236220911349007,1.4446033883943696,3.9215441050852498,0.000845136669695048,0.00679969473077408
macrophage,mtbl,21,1.2358469738371956,1.548648908969295,3.6569698090965725,0.0015665164738397754,0.011096663945208942
macrophage,galnt2,21,1.2345206125417103,1.3758680936769232,4.111792532986859,0.0005416773530096244,0.00482184236853311
macrophage,rhbdf1a,21,1.2344690427224667,0.9851823391325563,5.742132807959545,1.2807769671773794e-05,0.00024249907587654522
macrophage,crybg1a,21,1.2343652531351588,1.5414296929983209,3.669691996598481,0.0015208246204730731,0.010851449535157025
macrophage,pdia4,21,1.2332237550697946,1.3250930279680158,4.26486373948488,0.00037871507515210834,0.003644352187582635
macrophage,ppfibp2b,21,1.2323108788576622,1.1981067287187952,4.713401357925455,0.00013321606553166047,0.0015876554117554755
macrophage,dbnlb,21,1.2321274002752975,0.8333171760491076,6.775711865631778,1.3710226529458447e-06,4.057605877407686e-05
macrophage,dennd2c,21,1.2310194270576216,1.0088478374890681,5.591764681275682,1.7919948492345594e-05,0.0003184156650825786
macrophage,BX248113.1,21,1.2310167078077643,1.4121554187705745,3.994763728057411,0.0007121895228149118,0.005962441122498354
macrophage,dcun1d2b,21,1.2294479986789637,1.1996285203909998,4.696485971442221,0.00013854604885406814,0.0016376608575232052
macrophage,ccdc50,21,1.2285346829700017,1.2136235846291274,4.638879179584369,0.00015836921292953831,0.0018080979428721946
macrophage,slc45a4b,21,1.2276581845882033,1.315806148885375,4.275581599290428,0.0003693474348175158,0.0035742669750329966
macrophage,irf7,21,1.2259136265241148,1.2757612427098497,4.403521443472995,0.0002739577341907217,0.0028003094029517323
macrophage,arhgap29b,21,1.225704919862117,1.1604964077179754,4.840071488022178,9.936193366931923e-05,0.0012550619936545916
macrophage,map3k1,21,1.2255887185664007,1.5505984270336097,3.622055185789715,0.0016990052120863148,0.011876080553003321
macrophage,slc4a4b,21,1.2230991734437486,1.3081783003655238,4.284541750293363,0.00036169478747699043,0.0035202064059101507
macrophage,pitpnaa,21,1.2222064949125429,1.0213548023271544,5.483749393493676,2.284432982531868e-05,0.00038687295602322095
macrophage,stk16,21,1.221370174459721,1.221216390892779,4.583152762903345,0.0001802710678860951,0.002003133555064811
macrophage,rrbp1a,21,1.2213239014249433,0.9347054968399909,5.987778230961538,7.4407037087575194e-06,0.0001557099208617563
macrophage,ids,21,1.2211671187529802,1.1706445965229353,4.780349881166534,0.00011407735595974441,0.0014066122520249834
macrophage,pstpip1a,21,1.2208064275823163,1.591271254596531,3.515703464839542,0.0021745832865022584,0.014360575607758887
macrophage,slka,21,1.220073709911992,0.7233099827170437,7.729853399914305,1.9735970538599075e-07,8.929020106631946e-06
macrophage,gpr155a,21,1.219396069368657,0.432802613354078,12.911139206643242,3.691287761968208e-11,1.8084014240999607e-08
macrophage,BX322618.1,21,1.2193232225003896,1.214467434404827,4.600898143031597,0.00017298350406247024,0.0019402299402918525
macrophage,tmed8,21,1.2192756951873072,1.49378937151062,3.7404357486928435,0.001289801911708334,0.009535358514610116
macrophage,ptprc,21,1.2178403962616364,1.311417673690521,4.255582269635461,0.00038701971772721794,0.003711249897184979
macrophage,stx10-1,21,1.2177870541590496,0.9764160756891749,5.715392745948213,1.3593523410960592e-05,0.0002538375079658346
macrophage,fam3a,21,1.216746109344343,0.5055745611189637,11.028701949071072,5.950319204636733e-10,1.2518904444770998e-07
macrophage,midn,21,1.2154116999867028,1.038763825584121,5.3618695400680165,3.0087739229694868e-05,0.0004827234653606308
macrophage,fam83ha,21,1.2151602881490369,1.689362983068071,3.2962507511761507,0.003607286554114938,0.021137528110239924
macrophage,krtcap2,21,1.2150719749142584,0.7185014732763672,7.749683900400736,1.8981361321666124e-07,8.650392821593191e-06
macrophage,rnf130,21,1.2137289419943547,0.7035310333496958,7.905841371866187,1.398943295641885e-07,6.865833509111827e-06
macrophage,uevld,21,1.2130059719404238,1.2229352387619385,4.54536880503821,0.00019683710310297716,0.00214476010452329
macrophage,si:ch1073-190k2.1,21,1.212404207487304,1.342057390932746,4.139863236274922,0.0005072602361577296,0.004572134399069893
macrophage,zgc:113232,21,1.2110628880589167,1.86491467966708,2.97589343705126,0.007470078838876414,0.03686886755505703
macrophage,lrp10,21,1.211038522033478,0.7579754995333493,7.321708551453892,4.454812815842965e-07,1.656233795880986e-05
macrophage,si:dkey-83h2.3,21,1.2110112259317318,1.8120748668038698,3.062539364094655,0.006144659910750423,0.0316223494000071
macrophage,lpcat2,21,1.2107629092462706,1.054370140909488,5.262300652292736,3.772091696621306e-05,0.000573973021058267
macrophage,swap70b,21,1.209781756196369,1.4105192214897508,3.930408311835087,0.0008278093945389866,0.006695445383012116
macrophage,hcls1,21,1.2097432729293456,1.1340267281571033,4.888544495482422,8.884163805174711e-05,0.0011491609334982
macrophage,prex1,21,1.2090519355222926,0.8896107030350915,6.228086054676458,4.4049390771420975e-06,0.00010258871271765149
macrophage,CT027744.2,21,1.2087250697093639,1.1058815813864933,5.008740736408096,6.736342494986769e-05,0.000910401755418532
macrophage,rap2b,21,1.205941364938119,0.7275475299972428,7.595816576448604,2.5721676873408555e-07,1.0823224003404351e-05
macrophage,nck1b,21,1.2049162190378038,0.9817860982046783,5.624055779479579,1.666944612802012e-05,0.0003000828441746929
macrophage,rhoab,21,1.204822196925216,0.7246111401880811,7.619519781243916,2.454025344874317e-07,1.0486944756483941e-05
macrophage,ppt1,21,1.204608663429439,0.7534537679773131,7.3265416108864745,4.411493255106533e-07,1.646657380324459e-05
macrophage,si:ch211-233m11.1,21,1.2036377286102595,1.6558472816811147,3.3310807474112587,0.0033299688758386286,0.019851737529037978
macrophage,zgc:152863,21,1.202919514670914,1.4135893583502326,3.8996259404163043,0.0008895477224307828,0.007077941347125443
macrophage,nek6,21,1.2025943785692488,1.0859744271303249,5.074686504989499,5.790180772947623e-05,0.00080800411752705
macrophage,rgs13,21,1.2024356138124805,1.1779512519935265,4.6778270401945825,0.0001446759327073867,0.0016868611193485569
macrophage,CU693446.1,21,1.202019039168393,1.1303506781873447,4.873127729352585,9.205914243031417e-05,0.0011818636277845902
macrophage,eif4ebp1,21,1.2018866466088984,0.6604526032211829,8.339336551903026,6.099262488773457e-08,3.622493355295706e-06
macrophage,si:ch211-22k7.9,21,1.2012915444721721,1.0993580977728385,5.0074761312138385,6.755946118218349e-05,0.0009126015842113264
macrophage,kcnk5a,21,1.2010571559325307,1.074129465629454,5.124089327354802,5.170750255422255e-05,0.0007373156614215674
macrophage,si:ch1073-90m23.1,21,1.2008450017552708,1.1274787519882001,4.880768802737046,9.044993626903321e-05,0.0011655678729642679
macrophage,cd74b,21,1.200312983876,1.8913491537764284,2.9082547213809056,0.008692309143865774,0.041322734597462746
macrophage,slc25a25a,21,1.1993598136499426,0.788621264092774,6.9693240365028,9.160825328042448e-07,2.922409800870286e-05
macrophage,plbd1,21,1.1992405047489771,1.300273670171564,4.226502862850495,0.0004142402935657035,0.003917505154765624
macrophage,zfhx4,21,1.1990774279837138,1.2254918032974706,4.483802391058938,0.0002271855867236342,0.0024055718146518347
macrophage,hyal2b,21,1.1979596104325143,1.5018289192897114,3.6553701448918523,0.0015723569512379647,0.011134381594066134
macrophage,si:dkey-33i11.9,21,1.197797504517424,1.3601167434155987,4.035681317984541,0.0006472070049294956,0.005526338057964741
macrophage,glud1b,21,1.1974365073086393,0.9270231001817283,5.919316825621362,8.65041520551825e-06,0.0001758982954933372
macrophage,otud4,21,1.1971093440604017,1.5189211041467112,3.6116715801230006,0.001740502011638482,0.012097966224804094
macrophage,arhgdig,21,1.1968564209842243,1.5288249191043473,3.5875168416062384,0.001840945923575042,0.012626587853320319
macrophage,neflb,21,1.1964293781337045,1.4821689436204795,3.6991249968941045,0.0014201095467444478,0.010260917939145096
macrophage,vps37c,21,1.1945631921049265,0.7032326043522537,7.784303822589617,1.7734705778270236e-07,8.20491826352182e-06
macrophage,tent5ba,21,1.1945301164914943,1.8312618950593462,2.98920907680946,0.0072498014671375215,0.035999692896093734
macrophage,mon1a,21,1.1939454452395055,1.6631211800881243,3.2898056040437624,0.003661022840376719,0.02139192288863576
macrophage,rnf167,21,1.193869351594495,1.7093569230598387,3.2006169102332644,0.004489889336901251,0.024866291726816505
macrophage,abcc3,21,1.1928890298621873,1.4094616647732703,3.878434165079095,0.0009346943692682953,0.007351473169243291
macrophage,akr7a3,21,1.1922952998242597,0.8665015351333725,6.305566973223827,3.725633916038697e-06,8.98968922484799e-05
macrophage,tacc1,21,1.1918340172434725,0.7459412604745023,7.321849439414683,4.453543814573971e-07,1.656233795880986e-05
macrophage,tgm1l1,21,1.191764116758558,1.6463671895110215,3.3172121689331813,0.0034377984761052014,0.020375027261167897
macrophage,ap3b1a,21,1.1902251767186611,0.5097383013373269,10.700190572389408,1.001932329117532e-09,1.7734202225380315e-07
macrophage,tradd,21,1.1902244316454167,1.4192278318945672,3.8431416221029324,0.001014995500399891,0.007855282168691233
macrophage,myh9a,21,1.1897144524896663,1.6442410044829048,3.3157891811799316,0.0034490536769649443,0.020424085393380798
macrophage,irgq1,21,1.189359167509029,1.52087604721734,3.583676936441955,0.0018574323342545112,0.012714235551465199
macrophage,ap3d1,21,1.189090112410105,0.8492736236427466,6.416183543850478,2.9371656238059094e-06,7.385988899093963e-05
macrophage,si:dkey-190l8.2,21,1.1890688258594717,1.6135878186013788,3.3769453625005426,0.0029964239450628264,0.018374360959499025
macrophage,cmbl,21,1.1884731993570814,1.3998265675712187,3.8906736903341987,0.0009083484406262388,0.007189740690784237
macrophage,hps5,21,1.1871671289140007,1.7451920677703527,3.1172977068147465,0.005427618577479529,0.028774244574521907
macrophage,ctnna1,21,1.1864185676524674,1.3142490188798253,4.136851398833468,0.0005108456572465787,0.0045996227786543765
macrophage,bmp2k,21,1.1829674617557058,1.390893663127733,3.897521486994838,0.0008939321798141735,0.007104585560023711
macrophage,tmed5,21,1.1825644138813285,0.7945572139959074,6.82039108740656,1.2486547146143723e-06,3.748013358363819e-05
macrophage,rdh12l,21,1.1824892433887346,1.4906683804090246,3.63517904955699,0.001647953502116292,0.011577875628824704
macrophage,stim1a,21,1.182217232202758,1.0610453460688338,5.105908031661886,5.3904745198592914e-05,0.0007630275572262579
macrophage,mitfa,21,1.182116500955185,1.7959162231464214,3.016364725740223,0.006819830286572234,0.03431176305008422
macrophage,ifi45,21,1.1809874884329294,1.347100893419308,4.017490142703897,0.0006753321578271837,0.005714655910502409
macrophage,arhgap17b,21,1.1807441052225502,1.296067351997257,4.174821030880108,0.00046744322579891283,0.0042733438519803974
macrophage,lman2lb,21,1.1805117599183754,0.8217361807615177,6.583359264524712,2.0566308861584493e-06,5.536750868871183e-05
macrophage,mfsd12a,21,1.1791371264500972,1.1447106459473477,4.7203938880278615,0.00013107375723908128,0.0015675712858998234
macrophage,sucla2,21,1.178321108441838,0.6880632510521859,7.847746067155459,1.5665305180042718e-07,7.539958730078455e-06
macrophage,rragca,21,1.1780277675133681,0.7793300127036922,6.926977438814957,1.0001119517659209e-06,3.153295625924566e-05
macrophage,prdx6,21,1.1774704831373761,1.079121445351105,5.000222765286298,6.869510287825316e-05,0.0009265733271705386
macrophage,atl3,21,1.177128097285181,0.748991030363576,7.202060358253139,5.67971843553273e-07,2.0054449842836607e-05
macrophage,tapbpl,21,1.1771075355135865,1.3321837386492792,4.049129430196447,0.0006271698878047743,0.005419340432102042
macrophage,dicp3.3,21,1.1760797694320935,1.8284875537858636,2.9475041028143347,0.007961457395140462,0.03868192936583065
macrophage,FBXO46,21,1.1758481065723987,0.7002169925670411,7.69534731567174,2.112390139797478e-07,9.365277160320545e-06
macrophage,gnsa,21,1.1749204550225878,1.1971350403212055,4.497539324593099,0.00022002896729804677,0.002347004167115829
macrophage,tmem9b,21,1.1748970168383468,0.9131115835689714,5.896381789830671,9.099310550568404e-06,0.00018239005734397296
macrophage,rnf144b,21,1.1748440593343066,1.491170764003605,3.6104596211461364,0.0017454102377970956,0.012119800018720152
macrophage,CU928117.1,21,1.1746058871927656,1.0866974111897285,4.953283530793127,7.652787973913735e-05,0.00101525260185843
macrophage,psenen,21,1.1743880408338843,0.6887910500757752,7.813286905775142,1.67562944377658e-07,7.924163752745044e-06
macrophage,mid1ip1l,21,1.1740424050169334,1.013803394982326,5.306885158114797,3.4084925715870456e-05,0.0005289139915242682
macrophage,nadka,21,1.1735960641015333,1.2801559814912105,4.20112304813259,0.0004395624908697936,0.004093481648680512
macrophage,ell,21,1.1735717335416824,0.6858497008133205,7.84134088859087,1.5862386747884797e-07,7.621446242175472e-06
macrophage,selplg,21,1.1724146553956685,1.1405789035174518,4.7104842003103125,0.00013412023274029383,0.0015963518811368139
macrophage,vps26a,21,1.172231756251231,1.4696075589135784,3.6552892794206056,0.0015726527675234653,0.011134381594066134
macrophage,etv5a,21,1.1718842439510846,1.4196266641343591,3.7828595287103446,0.0011683212148760926,0.008810580684476526
macrophage,si:dkey-9k7.3,21,1.1717566160172272,0.9605336408075948,5.590291855316548,1.797921928739146e-05,0.0003192620589964949
macrophage,sgk1,21,1.1714166884603276,1.4504030091812263,3.701113146638001,0.0014135496323318922,0.010226986857337937
macrophage,cnn2,21,1.1700184878008186,0.8992988276722483,5.962087484004929,7.87292102904782e-06,0.0001625835494655152
macrophage,rpz5,21,1.1700178987006922,1.7581884282033817,3.049556861620336,0.0063276629216302725,0.032369836333195325
macrophage,zdhhc5b,21,1.1681020279373988,1.2993573356573302,4.119664249054762,0.0005317967601160791,0.004757040793539169
macrophage,xiap,21,1.1668961555678345,1.3510395637825594,3.9579817678109044,0.0007761414123587143,0.006356443001915466
macrophage,bin2b,21,1.1658841850146275,1.4032072832231852,3.807529075183431,0.0011029750351162519,0.008403254676038426
macrophage,luzp1,21,1.165736697832095,1.3850010139409874,3.85709223634623,0.0009824648129665512,0.007657364245379924
macrophage,zgc:153759-1,21,1.165606242413604,1.3438011617247738,3.9749026779509387,0.0007460395437223786,0.0061760998437005
macrophage,ppib,21,1.1642267821768746,0.6393046572282688,8.345250257602036,6.031612265332868e-08,3.5973322282479827e-06
macrophage,CU467633.1,21,1.1632406870449599,0.9818150327459487,5.4293714417136085,2.5826332226139153e-05,0.00042504224632521157
macrophage,fnbp1b-1,21,1.1623350129939987,1.275645541061335,4.175523692506972,0.0004666758374331672,0.004270416961958912
macrophage,rcan1a,21,1.161229644559051,1.605024609999618,3.3154773529732875,0.003451524909691119,0.020433406127420926
macrophage,tmem176l.4,21,1.1610185460710114,1.6929104811325153,3.142786006652124,0.005122205697090185,0.027462910552993793
macrophage,calr3b,21,1.1608121061030106,1.156936070751982,4.5979285098964855,0.00017418200644947167,0.0019480975731517552
macrophage,si:dkey-58f10.7-1,21,1.1595375826583267,1.3783462577285763,3.8551044150796128,0.0009870359789140712,0.007683756028005111
macrophage,lpar6b,21,1.1591088953455444,1.6988656603936658,3.1266181755576605,0.005313940082057802,0.02830833905849627
macrophage,btg2,21,1.1585264358772218,1.23869115691063,4.286003865770564,0.00036046122357733933,0.0035105621827633314
macrophage,gsr,21,1.1581896551902293,1.3866984435300829,3.827430389633151,0.0010529152450276798,0.008080204125128502
macrophage,si:zfos-943e10.1,21,1.1581111411762937,1.0538250989821427,5.036065256690176,6.326584437184586e-05,0.0008669822379328627
macrophage,rap1b,21,1.156867981508837,0.6834849621023596,7.756476569766971,1.8729797877469158e-07,8.592842889103115e-06
macrophage,zgc:101583,21,1.1566659023306014,0.9728584794072027,5.448386546863597,2.474086954738451e-05,0.0004113731854742388
macrophage,cyth4b,21,1.1564593454152656,1.2861239225944452,4.120569095561138,0.0005306726131405067,0.0047485333142562956
macrophage,si:zfos-364h11.2-1,21,1.1558905734987583,1.2186305418388237,4.346646392229149,0.0003128528601788928,0.0031268190233180054
macrophage,pnpla2,21,1.1549650725982818,1.585278892228,3.3386648217924915,0.003272409129587338,0.01958092572960275
macrophage,slc29a3,21,1.1547233161104256,1.7509538177144208,3.022128253338948,0.006731794289846823,0.03395601697774363
macrophage,dennd2db,21,1.1545880119617737,1.699523361422352,3.1132181418649725,0.005478114845646628,0.028974760129229855
macrophage,snx4,21,1.1543407431848585,0.8444271747686807,6.264428705607771,4.071739704162376e-06,9.654985201702227e-05
macrophage,si:dkey-112e7.2,21,1.1522616266650176,0.5615048776683663,9.403882912846278,8.802204602060172e-09,8.845731987454975e-07
macrophage,TPGS1,21,1.151577591160029,1.180706125196144,4.46952155789746,0.00023487436854584137,0.0024688805751169186
macrophage,slc39a10,21,1.1512129462513663,0.6320196802781496,8.347082585922447,6.010809454957964e-08,3.5927354552673586e-06
macrophage,eepd1,21,1.151153998726414,1.6458122076957975,3.2052565359813747,0.00444258837541962,0.024682545986155786
macrophage,si:ch211-233a24.2,21,1.1505414542770718,0.6036436983248725,8.734363199749168,2.924433761915388e-08,2.1485742812592533e-06
macrophage,nrp1a,21,1.1502627709798685,1.422074997306477,3.7066724519374215,0.001395365528199894,0.010134711055811674
macrophage,spsb4b,21,1.149926937997413,1.4174979324352694,3.7175555014663666,0.0013604360245326461,0.009939697026112687
macrophage,ssr2,21,1.1497942213688457,0.7998842728724918,6.587226717339737,2.0398328763439023e-06,5.5081510789857246e-05
macrophage,arsa,21,1.1492993461455114,1.3323853102046657,3.9528739993883915,0.0007854637408107407,0.006411543507629476
macrophage,zgc:172139,21,1.1487545630860307,1.2096886644610751,4.351743465012068,0.00030915146922366114,0.0030962870432285016
macrophage,glceb,21,1.1484241414821699,1.2998837149993465,4.048624117319113,0.0006279114557783169,0.0054240399210573435
macrophage,BX664618.1,21,1.1484065815987943,1.646138046259001,3.19697372934295,0.004527374919101765,0.024999914739838997
macrophage,si:dkey-16p21.7,21,1.1483654465395734,1.7774779629807065,2.9606395656318356,0.007730350602776082,0.0378853463356845
macrophage,si:dkeyp-68b7.12,21,1.1482515778920057,1.206898405117405,4.359894544753106,0.0003033235782790204,0.0030482353003974086
macrophage,xbp1,21,1.1475384136535678,1.0702142724182306,4.913671756175171,8.383988657057896e-05,0.0010968751969784615
macrophage,plekhb2,21,1.146740630492118,0.7329965410263475,7.169236752950275,6.073160901206919e-07,2.111134514693261e-05
macrophage,bcar3,21,1.146502278361144,1.362000292741724,3.8575127355171404,0.000981500540138706,0.00765202254012657
macrophage,ftr56,21,1.1456821328745754,1.711446219903071,3.0676833634617764,0.00607357545959019,0.031323516669223526
macrophage,si:rp71-36a1.5-1,21,1.1455678989751212,1.1446607561481552,4.586207382902142,0.00017899489033100535,0.001992180452832102
macrophage,appb,21,1.1449539648697442,1.7888826643706108,2.933025354740875,0.008223902516499218,0.039659477155942355
macrophage,clic2,21,1.144445018522823,1.1025375220812863,4.7567595851030955,0.00012048133128618973,0.001465811673541736
macrophage,dnase2b,21,1.144172405265411,1.1538142102489082,4.544281573787626,0.00019733587858184544,0.0021466732073326445
macrophage,znrf2b,21,1.1424766686785095,1.223777259919072,4.2781362143356665,0.00036714918479560833,0.003555502253747799
macrophage,wasb,21,1.141917047778331,1.3195691613670855,3.965628677911321,0.0007623906227574954,0.006266083503700386
macrophage,si:ch211-198m17.1,21,1.141887090429262,1.3705329146940934,3.8180651999539523,0.001076184834420458,0.008224270454686704
macrophage,suclg1,21,1.1416781561265645,0.6796545710745057,7.697772945830839,2.1023113776188003e-07,9.34795991004405e-06
macrophage,atp6v0e1,21,1.1416433857054988,0.5653453618439599,9.2539314633753,1.146260669779601e-08,1.1034267184352054e-06
macrophage,COX7A2,21,1.1406595032521272,0.6656091482744787,7.853195121152488,1.5499638439985623e-07,7.496474521770421e-06
macrophage,si:dkey-120c6.5,21,1.139609113132283,1.5416866777148874,3.387423073105116,0.002924948231769377,0.018004477168183274
macrophage,coro1a,21,1.1394151950581972,1.3381904984819564,3.901878234272537,0.000884878967167142,0.007042835643815069
macrophage,actb2,21,1.1379590888376696,0.9046012023570164,5.764732181179983,1.2179984931202e-05,0.00023237683351010212
macrophage,atp10d,21,1.1374698579046334,1.3890626177929144,3.752560653356915,0.0012538573566114126,0.009322378476594608
macrophage,dnmbp,21,1.1366846856246302,1.2547938655252335,4.151234522485956,0.0004939489941777678,0.004473915699989125
macrophage,pargl,21,1.1355115598589935,1.6252939583838124,3.2016163283629195,0.004479659011956405,0.02483878964149571
macrophage,fnip1,21,1.1345961713828359,0.9129531749369078,5.695114471701412,1.4222149583627904e-05,0.0002632825059560267
macrophage,slc38a10,21,1.133691620346678,0.7929786973582909,6.55153496844624,2.200379263049556e-06,5.8382403367277145e-05
macrophage,cgrrf1,21,1.1326192551757397,1.2320499269707217,4.212746055810345,0.0004277787789962292,0.004016465024559051
macrophage,cst14a.1,21,1.1322541980744736,1.2975671905362962,3.9987451952012494,0.000705590407142462,0.0059180289880628074
macrophage,tmem251,21,1.1320114915364332,1.324156336586022,3.9176101825711926,0.0008529417857873974,0.006842239150022586
macrophage,lrch4,21,1.1313091837418756,1.1953064189788787,4.3372225619976845,0.00031981396249214985,0.0031744197036802212
macrophage,lrrc1,21,1.1305292029984575,1.1314360776246977,4.578902644659172,0.00018206199901703543,0.0020173145973474823
macrophage,mgrn1b,21,1.1300474483116767,0.7744402780414817,6.68680092915128,1.6526649903987968e-06,4.6936712227319865e-05
macrophage,nhsl1b,21,1.129461615352439,1.3082300845692973,3.956370831055814,0.0007790696068320842,0.006374522715012893
macrophage,CR847844.2,21,1.1288109082632845,1.6574111988308564,3.121048920181852,0.005381585371061062,0.02861313849904268
macrophage,si:dkey-286j15.3,21,1.1282620643801329,1.3056500742709174,3.959978569798841,0.0007725270570602616,0.006339898238243577
macrophage,washc4,21,1.1278909908710077,1.1551857012122881,4.4742986654881545,0.00023227363256965984,0.0024459875959327846
macrophage,mxa,21,1.1276025397755975,1.6929666359560438,3.0522302581752077,0.006289552374615304,0.03222896327933711
macrophage,snx17,21,1.1273218650319763,0.6699437474293111,7.711151568935144,2.0476086536079932e-07,9.164134324916035e-06
macrophage,wscd2,21,1.1267609376029057,1.21539961220935,4.248370029753912,0.00039359886670374826,0.0037559599680060288
macrophage,ankrd44,21,1.1248085134880554,1.5098250142484035,3.4139851351950945,0.00275115886780355,0.0171814349051196
macrophage,tln1,21,1.1247217491317711,1.17527879693442,4.385446725154416,0.00028576033738357586,0.00290579498002906
macrophage,parvg,21,1.1243052106719154,0.9034703353253631,5.7026927511481365,1.3983815276351622e-05,0.00026042360614216795
macrophage,CABZ01066694.1,21,1.1238077713535277,1.638104736355516,3.143836938207522,0.0051099779971716,0.027413423221040838
macrophage,RIN2,21,1.1236771372600112,1.3113475199859859,3.926751268984986,0.0008349146811476142,0.006739006848274432
macrophage,stxbp2,21,1.1234235599746532,0.8330754518283844,6.1797205640638015,4.89229410371134e-06,0.00011092569316968646
macrophage,pdia6,21,1.1232976821336262,0.8457074181266403,6.086734662619407,5.990804257968218e-06,0.0001308580531985335
macrophage,gng12a,21,1.1231254766281578,1.3251105893706825,3.8840588497796213,0.0009224939479076826,0.007285152982397026
macrophage,jpt2,21,1.122979157828187,0.7619628658885417,6.753789751426276,1.4355175300150769e-06,4.207908237657896e-05
macrophage,si:dkey-56f14.4,21,1.1220154963872142,1.3968042912529044,3.6810603857007362,0.0014811121204401918,0.010609480685189729
macrophage,ascl1b,21,1.1219747919889536,1.4770074074895114,3.481048494442452,0.002356238914893517,0.015280751518688502
macrophage,rnf121,21,1.1208908397914596,0.7317539206566005,7.019527978091265,8.258169824384296e-07,2.6885863590595987e-05
macrophage,znf827,21,1.120088360570728,1.5476592845563921,3.3165501920053413,0.0034430299434784744,0.02039722014669228
macrophage,trappc6b,21,1.119158513966431,0.6430507892202584,7.975464288169624,1.2222736963844663e-07,6.209829418575525e-06
macrophage,nit1,21,1.1176984163143058,1.5074445440174042,3.3977618727136645,0.0028560598802677526,0.017683593503756666
macrophage,rit1,21,1.115879531303223,1.0763258159533888,4.750979994026561,0.00012210503034360869,0.0014809688361966862
macrophage,pgk1,21,1.115877451087758,0.971112592435522,5.265705465809369,3.7429811630488055e-05,0.0005701759478525484
macrophage,ankrd22,21,1.114945252763059,1.0814170070689781,4.724653841321077,0.00012978574256733994,0.0015562376955135365
macrophage,dhx58,21,1.114184898535421,1.2772831249153898,3.997419629303786,0.0007077806736825616,0.005932772008090766
macrophage,pfkfb4a,21,1.1132528008321811,1.7857495070960732,2.8568201795172627,0.009748096701364766,0.04505374545180969
macrophage,atg3,21,1.1129867402274087,0.7027144659263036,7.258063170581072,5.068076396312381e-07,1.8295088938530284e-05
macrophage,dennd5a,21,1.1121159257313589,0.8551602537268603,5.959532601076223,7.917287661428627e-06,0.00016309134938604676
macrophage,C18H19orf12,21,1.1117528439181474,1.3562211659444554,3.75653447186061,0.0012422944194345942,0.009248940949033405
macrophage,apbb1ip,21,1.1114014436906,1.3472353166184985,3.7803946945057714,0.0011750577267192986,0.008841938763725715
macrophage,tpst2,21,1.1110808161268821,0.968742665866037,5.255897280587871,3.827465408480267e-05,0.000580146483324067
macrophage,xpnpep2,21,1.1110691817040037,1.6077065807657205,3.1669700730255315,0.00484789364663896,0.02633702221693859
macrophage,grnb,21,1.1108485961178256,0.8621478501986235,5.904495123629424,8.937846524650051e-06,0.0001799044896579414
macrophage,ppip5k1b,21,1.1103666344832852,1.7468045922336175,2.9129412495799665,0.008601765083365328,0.040970386295508296
macrophage,si:dkey-58f10.11,21,1.1100771372052716,1.5185910463948133,3.34982385189204,0.0031894839787475395,0.019248395148577954
macrophage,SLA,21,1.1095977283002099,1.269037604193526,4.006828138176535,0.0006923803644773584,0.0058214695983562145
macrophage,glg1a,21,1.1094621897028274,0.9875308689498205,5.148390419847226,4.891209174528774e-05,0.0007073817801960829
macrophage,klhl6,21,1.1091597049786037,1.7218133897079286,2.952008815962069,0.007881461353419108,0.03842434297029655
macrophage,stard3,21,1.1077811671399367,0.7655415438280427,6.631241756627093,1.8583118914714538e-06,5.154983492671318e-05
macrophage,si:dkey-104n9.1,21,1.1069946717106312,1.8066367023688736,2.8079175355926043,0.010865088977003945,0.04901080501218402
macrophage,slc35a3b,21,1.1065676125852395,1.4482962087118083,3.5013071329992527,0.002248308565607318,0.01471429997553358
macrophage,rnf19a,21,1.1060271726214501,0.8160169751528901,6.211210542851945,4.569055778998663e-06,0.00010534157556837345
macrophage,ubald1b,21,1.1055453274729676,0.8742605313624912,5.794891757785437,1.1390896642664338e-05,0.00022007693619119443
macrophage,vma21,21,1.1029564704663997,0.6144612575877322,8.225712283303626,7.563680848964588e-08,4.248020446809934e-06
macrophage,rreb1a,21,1.102550004966671,0.7268996398877661,6.950779141964935,9.519476844785224e-07,3.012305043098992e-05
macrophage,slc16a6b,21,1.1020159968581642,0.8826482295798554,5.721499860775353,1.3409826254151502e-05,0.0002509540131532377
macrophage,commd5,21,1.1017827249060776,0.796491161293484,6.339056830307243,3.4662682821458223e-06,8.453072917392945e-05
macrophage,qkib,21,1.101684841332085,0.9844301487596593,5.128402643651924,5.1199729766760146e-05,0.0007308348523158505
macrophage,znf609b,21,1.1015811138126963,1.1706266915618853,4.312287490596295,0.0003389928192302007,0.003333429389096973
macrophage,nitr2b,21,1.101477186821361,1.4078390001972534,3.5853549902855932,0.001850209856911649,0.012674284001091407
macrophage,zgc:92380,21,1.1009895511472965,1.7174240904842741,2.93775310678521,0.008137304081201608,0.039306183901485194
macrophage,acss3,21,1.1006100217364936,1.0261398211574912,4.915147654581062,8.35551351565876e-05,0.001094193380916936
macrophage,si:ch211-125e6.5,21,1.1000654136098862,1.639903595565337,3.0740423040125955,0.005986801749791216,0.030967054125126486
macrophage,unm_hu7910,21,1.0997250230028288,1.1030144590883888,4.568909428179739,0.00018634404282617958,0.0020558288408663796
macrophage,si:dkey-187i8.2,21,1.0995930131924891,1.799119959505064,2.800796128116644,0.011037622541984772,0.04958525862769809
macrophage,stxbp3,21,1.0991765473991002,0.48799668374481925,10.321913853846077,1.8521446768802963e-09,2.5692883958564137e-07
macrophage,ifngr1l,21,1.0989709393023186,1.2160728364444364,4.141295952826506,0.0005055635207733709,0.004562544471189945
macrophage,pi4kb,21,1.0985751818344642,0.5564937714864309,9.046469494005937,1.6593659543324596e-08,1.4226470299097195e-06
macrophage,zgc:136439,21,1.0983932274381716,1.70084868774132,2.959387359875367,0.007752100380983604,0.037945151945865604
macrophage,ENSDARG00000086236,21,1.0979309249561497,1.6707823512304796,3.011374622037994,0.006896949783545503,0.034639074404996924
macrophage,bcl6ab,21,1.097678330390244,1.56933636193437,3.20530012541467,0.004442146290615438,0.024682545986155786
macrophage,snx13,21,1.0976756882753067,1.7044600147308546,2.951187993007065,0.007895979881186328,0.03847793038663396
macrophage,arhgef9a,21,1.0967372185388855,1.3576781632519586,3.701820841981873,0.001411221836263096,0.010212838585565296
macrophage,nf2b,21,1.0961898780274413,1.5544858634125849,3.2315334673274396,0.004183716839083482,0.02361248127551025
macrophage,CU469362.1,21,1.096123810530536,1.505939497461417,3.3355060686482245,0.0032962633465669906,0.01970217536232361
macrophage,si:dkey-262k9.4,21,1.0957862780434287,1.2508052952785185,4.014632480037422,0.0006798599315546707,0.005740830169960724
macrophage,si:rp71-68n21.9,21,1.0957347591951576,1.5091381306690204,3.3272550560895424,0.0033593789690210883,0.019992312801538733
macrophage,arl8a,21,1.0947841533195635,0.9631273315857711,5.209001019589752,4.2590615484806076e-05,0.0006336624380833268
macrophage,si:ch73-91k6.2,21,1.094654773699919,0.6926797147989164,7.241930510092773,5.236957212511634e-07,1.880574883838438e-05
macrophage,dspb,21,1.0939018432627539,0.868421908087396,5.772410798161028,1.1973922123292597e-05,0.00022972346395281986
macrophage,ganab,21,1.0937824671600975,0.7674824192276336,6.530886993634244,2.2991389454996815e-06,6.0558115510210634e-05
macrophage,trappc10,21,1.0927446614401175,0.9427636234559902,5.311601977122734,3.372175137690295e-05,0.0005250463659521392
macrophage,LO017771.1,21,1.0923400342402734,1.4711496441504193,3.4025980371476674,0.00282438489036866,0.017550849256458476
macrophage,slc30a4,21,1.0917369216171944,0.9636299774043898,5.191792700103346,4.4295870725103254e-05,0.0006544196086931653
macrophage,si:dkeyp-19e1.3,21,1.091307270361465,1.335212945972108,3.745468607066307,0.0012747594992384619,0.009449615471928453
macrophage,pisd,21,1.090721241111463,1.0567818441368637,4.729748790841384,0.0001282620603786834,0.0015413357978489614
macrophage,tex264a,21,1.090269023081683,0.885820076785117,5.640242818011179,1.6076508090131803e-05,0.00029132034309958127
macrophage,CABZ01026681.1,21,1.0896268106763503,0.9087637190417822,5.494604631050543,2.22924345607501e-05,0.00038034386951130535
macrophage,si:dkey-253d23.3,21,1.089247641795526,1.1952614933179502,4.176123632347573,0.00046602163204798177,0.004266701836458755
macrophage,ncor2,21,1.0886144314445456,0.8067364725855714,6.183751701131614,4.849638081382348e-06,0.0001103232344632875
macrophage,trim35-1,21,1.0884886927230928,1.1652069601534325,4.280854816427014,0.0003648242459742989,0.003539233800673582
macrophage,abtb2b,21,1.0884799482492302,1.3529538522650413,3.6867789296309006,0.0014615256429424577,0.010502083817214857
macrophage,lgalsla,21,1.087609936909928,1.2048934011652195,4.1365110454219,0.0005112524205567071,0.004601774986211699
macrophage,rad51b,21,1.0873262906221772,1.7140072832065711,2.9070792643132313,0.008715162291336656,0.04140985061704558
macrophage,dennd10,21,1.0871937013989628,1.0682648534895487,4.663775481768862,0.0001494725468562336,0.0017302866341775396
macrophage,dock11,21,1.0866085404316543,1.2953887591014512,3.8439934362002295,0.0010129788560746976,0.00784615327961867
macrophage,pag1,21,1.0856943269092754,1.6379756067733526,3.037454534775814,0.006502999651422958,0.0330940076862899
macrophage,dnajc5ab,21,1.0853082988913028,1.0738857178669803,4.631319095957293,0.0001611752829432116,0.0018303218224750947
macrophage,tmsb1,21,1.0852557351531185,1.4968536630577234,3.322480131133786,0.0033964430775297746,0.020169137625980382
macrophage,si:ch211-149k12.3,21,1.0847412156255032,1.1828644435821072,4.202433133410213,0.0004382181857499919,0.004085122638821281
macrophage,si:ch211-286b5.6,21,1.0836467073192781,1.2285943377741366,4.041930611431137,0.000637817507130083,0.0054775341845899675
macrophage,pkz,21,1.0830555152283692,1.3609454515406096,3.6468646665852806,0.001603774567690892,0.011322582414976742
macrophage,zgc:101679,21,1.0829898465603944,0.9337850108708923,5.314802541221986,3.347756934957368e-05,0.0005233373875245321
macrophage,ankrd10b,21,1.0829397978993136,0.9231823166926503,5.375594297270288,2.916672047087084e-05,0.00047042267849402796
macrophage,mfsd6a,21,1.0829227202789582,1.186968336471729,4.180882661299207,0.00046086458467767776,0.004228702301214746
macrophage,pdlim5b,21,1.0828695742689982,1.3494863866089095,3.677200334211602,0.0014944797628148447,0.01068570557540403
macrophage,pstpip2,21,1.082639119568807,1.3365539027733715,3.711990743844805,0.001378186686739794,0.010036658823431535
macrophage,stab1,21,1.0819895922238896,1.487910072304655,3.3323917216585297,0.0033199488131096253,0.019809220462736532
macrophage,mep1a.1,21,1.0803884582357146,1.7294437301445353,2.8627481793859983,0.009620416494649613,0.04465924306780239
macrophage,si:dkey-74k8.4,21,1.0802119525829554,1.1092655835851555,4.462549918215714,0.0002387225775691932,0.0025016630693700595
macrophage,wdr91,21,1.080209728626937,1.4383967769140518,3.4414307146048544,0.0025822404156799266,0.016376275035640035
macrophage,babam1,21,1.078747809571894,0.7327295580022224,6.7466139984979545,1.4573010559567793e-06,4.2625401002043636e-05
macrophage,trim33l,21,1.0785941266952304,1.1820577793376899,4.181470073726102,0.00046023202118589894,0.004228381739060433
macrophage,si:ch211-195e19.1,21,1.078449300533808,0.8798604142643528,5.616885897748225,1.6939179498132986e-05,0.00030376950804148866
macrophage,zgc:175088,21,1.0784473713953047,0.914803354979139,5.4023268340088615,2.7454437708879316e-05,0.0004462159351558673
macrophage,si:ch211-278p9.3,21,1.0783581397206792,1.6129991505062167,3.0636456317977037,0.006129304848885751,0.031572940016744384
macrophage,cpne1,21,1.0777069193880764,0.7239015573652928,6.822299917475374,1.2436846679837365e-06,3.737183884571064e-05
macrophage,map3k4,21,1.0776992998365587,0.8759518886962321,5.638024966476887,1.6156457254632344e-05,0.0002925758447398273
macrophage,ccl34a.3,21,1.076155410736538,1.5047216421276597,3.277392636064769,0.0037667283094287955,0.021843202529946946
macrophage,tax1bp3,21,1.075925345745413,0.865977998864637,5.693573445819825,1.4271120364332746e-05,0.0002640109151688934
macrophage,zgc:77158,21,1.075684387130397,1.6293977557167034,3.0252926951768067,0.006683926408460128,0.03378713776727722
macrophage,suco,21,1.0755180977141232,0.8282152068074169,5.950920791552102,8.068731949244834e-06,0.00016594127513308248
macrophage,slc12a9,21,1.0741691499510209,1.2274425010183687,4.01033973872741,0.0006867185055324673,0.005788636186099772
macrophage,rab11fip2,21,1.0739986717107861,1.3588021489561064,3.6220727301452706,0.0016989359321579007,0.011876080553003321
macrophage,zgc:91890,21,1.0735527251266899,1.1085076157390943,4.438072012828728,0.0002527438302414703,0.002629513455697663
macrophage,fas,21,1.0730727506839384,1.0233062555402088,4.805440286894056,0.0001076435593152095,0.001340536109765217
macrophage,gnai1,21,1.0728701796444404,0.9418921294270094,5.219821522526605,4.1552717610261115e-05,0.0006212527562057295
macrophage,zbtb37,21,1.0726006388747997,0.9758997519491757,5.036658333281089,6.317976961272653e-05,0.0008666124645152823
macrophage,cluha,21,1.0723620772418758,0.8157881591810082,6.0238437344989855,6.874607260578835e-06,0.00014609206056853628
macrophage,pparg,21,1.0723565636867112,1.3267387727201643,3.703935715243908,0.001404288063851219,0.010178881065390341
macrophage,n4bp1,21,1.0719980245929333,0.6550259163364254,7.499721720960354,3.114734725324329e-07,1.2548127340568719e-05
macrophage,clic1,21,1.071997859906311,1.1550861108913444,4.252939492156565,0.0003894176061145127,0.003729030374782428
macrophage,tlcd4b,21,1.0718613814942775,0.9900626539219373,4.961186946846244,7.514821290504729e-05,0.0009993655943043977
macrophage,tmem214,21,1.0711677920462335,0.46960797083020644,10.45277719705783,1.494830019682499e-09,2.2657824082867047e-07
macrophage,si:dkey-79d12.5,21,1.0705502333134294,0.9165805182040639,5.352369357603125,3.074257790103452e-05,0.0004904407542037542
macrophage,ginm1,21,1.070096937512925,0.6778958133827647,7.233855292044035,5.323662630076815e-07,1.9067191156156322e-05
macrophage,camk1b,21,1.069316573125016,1.126066468691868,4.351629565800564,0.00030923369777459793,0.0030962870432285016
macrophage,trim108,21,1.068914580843264,1.5312743670113118,3.1988924282176443,0.004507595135389637,0.024922586162719605
macrophage,lifrb,21,1.0684213113164687,1.5702707009406658,3.118011136728648,0.005418834363151643,0.028755458559587103
macrophage,snx2,21,1.067151526104483,1.273454606233546,3.8401860752817263,0.0010220236677000558,0.007896147373514793
macrophage,slc4a2a,21,1.067081355143931,1.5858604939398615,3.0834875459155966,0.0058601249349451556,0.030495547721968958
macrophage,sec61a1,21,1.0668802493895246,0.6061876159014742,8.065257969696788,1.0279305533371973e-07,5.400395342649754e-06
macrophage,gss,21,1.0667688757038192,0.7563705011226575,6.463167342829693,2.656264089364721e-06,6.817081879487476e-05
macrophage,lrrc59,21,1.0664270248898826,0.8234839264551185,5.934520890701068,8.365397911765092e-06,0.0001708895694037791
macrophage,jmjd1cb,21,1.065647017769356,1.0089411775870343,4.84013164643661,9.934812376915397e-05,0.0012550619936545916
macrophage,si:ch211-26b3.4,21,1.0654079188780456,1.2305122901628829,3.9677071682215734,0.0007586952191509589,0.006248815171842257
macrophage,ahr2,21,1.065259465467245,1.0219167620162215,4.776937140790687,0.00011498204582437282,0.001415223161593391
macrophage,rgs14a,21,1.064434568981305,1.368217536315721,3.5651143588024756,0.0019392070192846868,0.01316233166107753
macrophage,nucb1,21,1.0640955431583796,0.7870165585809844,6.195928560868582,4.723090649096077e-06,0.00010798648147605991
macrophage,si:dkey-151g10.3,21,1.0635945918827876,1.4777405139703728,3.298280503221188,0.003590523709597061,0.021070963224414093
macrophage,si:ch211-269k10.4,21,1.0631605640251842,1.1440802224557494,4.2584546650755435,0.00038443028663728113,0.003690288633272851
macrophage,garem,21,1.0628498472053038,1.3896105322698944,3.5050035704857283,0.0022291471457168083,0.014620284949256667
macrophage,fmnl1a,21,1.0626219902028884,1.1454142184984317,4.251340368039989,0.00039087578244747606,0.003737775214864589
macrophage,slc25a23a,21,1.0620797317543196,1.3790794214384081,3.5292099129186623,0.0021075824725964322,0.014017339426832271
macrophage,AL929276.1,21,1.0616956494909782,1.3431527186956709,3.622298947153516,0.0016980428864189735,0.011876080553003321
macrophage,nufip2,21,1.061632827935232,0.5635956852510502,8.632097302334989,3.53059648404608e-08,2.4337164457237235e-06
macrophage,slc25a33,21,1.06111541367805,0.7269940836937178,6.6886950160005325,1.64608229703334e-06,4.6814324544909464e-05
macrophage,adcy7,21,1.0610398627169055,1.0266974290995414,4.7358601944978265,0.00012645824451477337,0.0015243330132964882
macrophage,GARRE1,21,1.0593230444419657,0.7933511393639058,6.118889600963537,5.5848452052200675e-06,0.000123564700165494
macrophage,cap1,21,1.0585538845094786,0.9844421864685012,4.9275654473483295,8.119782154252498e-05,0.0010684231338221454
macrophage,si:dkey-42l23.2,21,1.0577997754850226,1.4149668956407748,3.4258381282285884,0.0026769164971668213,0.016817312594406168
macrophage,zfyve21,21,1.0572277024017194,1.3642063524613346,3.5513879291933885,0.00200195112077152,0.013474859911277393
macrophage,itpka,21,1.0563356687474137,1.1395530155121971,4.247927121794368,0.00039400653384585367,0.003758468403322412
macrophage,tob1b,21,1.0562586135926249,0.6507429805559003,7.438243968613218,3.5227551046431476e-07,1.3926049898542472e-05
macrophage,CU914164.1,21,1.0560451041720982,1.4394004815989736,3.362098796701984,0.0031006424499254227,0.018882602799934287
macrophage,si:ch73-236c18.6,21,1.0560337293654687,1.6595336424748857,2.9160930380578325,0.008541382752137339,0.04073936644730318
macrophage,map3k8,21,1.0554008951001659,1.3127427543738703,3.6842362863602074,0.0014702025423743216,0.010545099803931899
macrophage,rasa1b,21,1.0553592463184318,0.9461544687102975,5.1114947839522085,5.3219656016667116e-05,0.0007549541172788327
macrophage,lpar6a,21,1.05429836273093,1.3997122264430253,3.451710973876497,0.002521627618568074,0.016077353872975857
macrophage,ptk6b,21,1.0541534246765665,1.2548714501305047,3.849587830032236,0.000999832932711198,0.0077596652076185905
macrophage,ppp1r9ba,21,1.0540487808779773,0.9837434462281379,4.910079292593403,8.453711567189462e-05,0.001104417032599252
macrophage,ehd4,21,1.0528989319709032,1.2151035279858458,3.9708460586010474,0.000753148330107788,0.006214323138799147
macrophage,fam49ba,21,1.0523706146530185,1.4167971645242536,3.40385209792118,0.002816227715982609,0.01751205969809222
macrophage,pik3cg,21,1.051422968165345,1.134290749168523,4.247786859378669,0.0003941357243068554,0.003758468403322412
macrophage,si:ch73-334d15.1,21,1.0483979984120682,1.146094602321858,4.191942948191536,0.0004490990455886464,0.0041540904638315964
macrophage,tmem63a,21,1.0478992904201079,1.4812344666792194,3.241943073203285,0.004085283422642974,0.023176127109224565
macrophage,spg21,21,1.0473430514850939,0.8205368001673771,5.8492547939805295,1.0098119181449314e-05,0.00019871456504270082
macrophage,si:ch211-262i1.6,21,1.046376332336581,0.7205858430994665,6.65444484409716,1.7693987672482038e-06,4.933277965391714e-05
macrophage,si:dkeyp-9d4.2,21,1.045705813533136,1.5471418220310316,3.0973411596360156,0.005679010959171888,0.029796072990032653
macrophage,arpc1b,21,1.0456006946892802,1.3238197983704227,3.61948381192838,0.0017091894121250453,0.011931707766323312
macrophage,smpd1,21,1.044732211221513,1.6108231732464966,2.972122898649508,0.007533617188246075,0.03711344721844695
macrophage,pgp,21,1.0442618408413817,1.5568657054549582,3.0737454837899034,0.005990825292279262,0.030975931378379486
macrophage,slc39a6,21,1.043142177432129,0.8504956650171194,5.620578899232326,1.679969501087917e-05,0.0003020312140389712
macrophage,ubtd2,21,1.0428086904561487,1.3203439022046006,3.619322020114544,0.0017098322190240154,0.011933158720153615
macrophage,rab11fip1b,21,1.0423635560273636,0.8160192568242102,5.853673007361091,9.999887494577485e-06,0.00019737188015376495
macrophage,si:ch211-102c2.4,21,1.0422514104552634,1.5148416109578813,3.152934238824874,0.005005308469141718,0.02696791788116713
macrophage,golga4,21,1.041569407210184,0.8699286632095122,5.48673799582738,2.2691008315434086e-05,0.0003847514296254228
macrophage,eea1,21,1.0409877932782294,1.0968236731828356,4.349291027225416,0.0003109268533495021,0.0031109694462595153
macrophage,babam2,21,1.0406521446295456,0.7783613590198717,6.12680366210378,5.489329680288915e-06,0.00012184446584039352
macrophage,hyou1,21,1.040604149260435,1.125625872613487,4.236440720218332,0.0004047282172438555,0.003848775958435069
macrophage,p4hb,21,1.0401543280263563,0.7409222523526554,6.433314598773801,2.8313656492139604e-06,7.212489933721913e-05
macrophage,si:ch211-157p22.10,21,1.0400317411852729,1.4774976939050066,3.2257405197985087,0.0042394925705354185,0.023848775614648186
macrophage,si:ch211-284e13.9,21,1.0393311034326358,1.3868723729423613,3.434211789436211,0.002625656682425924,0.0165597450764035
macrophage,chpt1,21,1.039278684720143,0.9807894129557218,4.855857106503258,9.580407434865377e-05,0.0012201104795769254
macrophage,smap2,21,1.0390053388430829,1.424432344515712,3.3426091671138325,0.003242859446932449,0.019438026857459413
macrophage,lman1,21,1.0383300791837455,1.0374494244297652,4.58646568416997,0.00017888739465046617,0.001991792074770917
macrophage,baxb,21,1.0378407946782868,1.2992250813902018,3.660631301727453,0.0015532287767630393,0.011036734392772333
macrophage,ftr02,21,1.0361279222201778,1.0774637811044119,4.406769597734778,0.00027188929970735267,0.0027843534667679063
macrophage,plekhm1,21,1.0355459623531271,1.5529998265935454,3.055678227922359,0.006240727704611085,0.03202064046680477
macrophage,fam20ca,21,1.0350255384052047,1.6358826457996902,2.8994028930697833,0.008865831043780076,0.041922453410221716
macrophage,tep1,21,1.0329790088166564,0.9624535455410229,4.918371926763314,8.293646907635298e-05,0.0010876491534941414
macrophage,akap11,21,1.031570972471174,1.393485263938393,3.392394730251956,0.0028916206062345393,0.017848604994860007
macrophage,gpr108,21,1.0308665655382552,1.0708595732781176,4.411431886925207,0.0002689477725224315,0.0027624792733631255
macrophage,rasal2,21,1.030787408508281,1.1835622189093413,3.9910545042992704,0.0007183928054025571,0.006005212253570736
macrophage,ponzr1,21,1.0304903582414409,1.648285849388726,2.864976406437542,0.009572839531720875,0.04451070992767715
macrophage,abi2b,21,1.0295424296749782,0.9206911293557479,5.124363605475073,5.167506204222764e-05,0.0007372362595572103
macrophage,edem1,21,1.028760827154749,0.6890841892332454,6.841507084479438,1.1947948563137414e-06,3.606072264352859e-05
macrophage,b4galnt1a,21,1.028136415059158,1.4726270819788523,3.1993931147986228,0.004502447437200273,0.02490807577351926
macrophage,cers5,21,1.027445976910201,1.0483794819580263,4.491073168348551,0.00022336893919788742,0.002375242963912419
macrophage,CABZ01068208.1,21,1.0274306369937292,1.3602799651971231,3.461257083690243,0.0024665966486304464,0.01582358640579173
macrophage,itpr1b,21,1.0269947536412398,1.0986469750104666,4.283706508033366,0.0003624013693501502,0.003523531928813563
macrophage,trim36,21,1.0269751718337057,1.5278679481685393,3.0802344321769204,0.005903458782297536,0.03066869753689318
macrophage,kdm2bb,21,1.026929602330008,0.6110792715841885,7.701100094375917,2.0885675618803516e-07,9.317048952876008e-06
macrophage,tec,21,1.0255660532224664,1.3896044657849822,3.3820660373412084,0.002961280885793335,0.018187316118589692
macrophage,pla2g15,21,1.0252266555601321,1.4266082688501285,3.293250751572847,0.003632202407054702,0.021251753686829973
macrophage,serpinb1l1,21,1.0243858499338934,1.4650210294996502,3.204271886641106,0.004452586129911068,0.024728077019050637
macrophage,arhgef6,21,1.0233425226063557,1.0370642375908337,4.5219422305071415,0.00020787114753427943,0.002235572298158744
macrophage,metap2a,21,1.023182866115206,1.2001268063701225,3.9069312583196774,0.00087449318539406,0.006984489240549064
macrophage,ly6m2,21,1.0229168913026303,1.1506087066129467,4.074012352854617,0.0005917154588735424,0.005176566841261363
macrophage,pkn1b,21,1.0226835191628563,1.34854793178814,3.4752377190875214,0.0023881264521525792,0.01543785325513808
macrophage,fbxw11b,21,1.0221512418141003,0.7189460437717456,6.515211367924783,2.3771535845508595e-06,6.211162723062175e-05
macrophage,tbc1d14,21,1.0219703648740355,1.0341275146142102,4.528703171372472,0.00020462417324940195,0.0022084438210453745
macrophage,vps26b,21,1.0218985357465558,0.7543378961582674,6.207996995076865,4.601012853781707e-06,0.00010598554797942999
macrophage,tmem63ba,21,1.021685256983422,1.2991026033671245,3.603987871636825,0.0017718520472725311,0.012259964922300604
macrophage,ikbke,21,1.0215202195128499,1.365474473638935,3.4282542956444626,0.002662025765166904,0.01673526051039276
macrophage,sptlc2b,21,1.0214673302342154,0.6227809065436789,7.516208848953281,3.013848188917733e-07,1.2322641589114456e-05
macrophage,myo1g,21,1.0200642935659123,1.390288280020082,3.3622680318645335,0.003099434690228386,0.018879438438369398
macrophage,lmnl3,21,1.0198509013339465,1.6636380917195341,2.8092311520116615,0.010833546179036766,0.04894900188107274
macrophage,si:dkey-6f10.3,21,1.0190112114297456,1.3207730646215212,3.5355778638047863,0.002076702866133664,0.013872496501674476
macrophage,abcb4,21,1.0175704553825617,1.5146482203964748,3.078664454192974,0.0059244829311456935,0.03074880613242189
macrophage,kidins220b,21,1.0171367514485143,1.310312103499855,3.5572487983469325,0.001974919614292469,0.01333216526036267
macrophage,si:dkey-93n13.2,21,1.017129526624016,0.9960217908732444,4.679689832129718,0.00014405183938132263,0.001681025825423407
macrophage,plcg2,21,1.0155280712514312,0.9786261406422742,4.755374972722409,0.00012086831883236635,0.001469620289447448
macrophage,cdh28,21,1.0152506583268104,1.1939110017184944,3.896825629749357,0.0008953866694249109,0.007108849148612319
macrophage,cep170aa,21,1.014990490608978,1.4442102060815039,3.220632795205099,0.004289271571330998,0.024054817162605463
macrophage,chmp2bb,21,1.01453358661325,0.5227507946189693,8.89367745317158,2.186520370075593e-08,1.740222697782579e-06
macrophage,sh3gl1a,21,1.0137591299100184,1.6222311679966108,2.8637274643184116,0.009599479016823823,0.0445846803498496
macrophage,abracl,21,1.0129739230776484,1.097802144960366,4.228475687381071,0.0004123343230576794,0.003900824880374977
macrophage,si:ch211-122l24.6,21,1.0115443828364468,1.495242427137281,3.100151934579779,0.005642932432588503,0.029640790979909168
macrophage,mboat7,21,1.0114744592967004,1.3757080866765101,3.3692891087377825,0.003049732455464028,0.018634612453375412
macrophage,ccr2,21,1.0113087968905279,1.6523618035445533,2.804712081085458,0.010942427680061822,0.049278644681959305
macrophage,lrrk2,21,1.0110623392664335,1.0187936160235591,4.547800093302127,0.00019572632714288555,0.0021384913521167127
macrophage,FO082779.1,21,1.010953551259001,0.999049992064866,4.6371765272262735,0.00015899684928776447,0.0018137540790893216
macrophage,tram1,21,1.0107691380876553,0.6051728780909138,7.6538890837670825,2.292599893941284e-07,1.001552198889795e-05
macrophage,CU896641.1,21,1.0092962033904658,1.4602666495538634,3.1673504644384125,0.004843695176953129,0.026324638902478027
macrophage,nagpa,21,1.009087143420299,1.0406456285846977,4.4436050952516135,0.00024950355758539966,0.0025987585810005468
macrophage,rin1a,21,1.0090360746605274,1.3448709833845263,3.4382362681631946,0.002601364858669243,0.016448132034475843
macrophage,vps25,21,1.0085184118990238,0.8697256632416899,5.313873279371796,3.354827976212683e-05,0.0005241441089259393
macrophage,usp24,21,1.0083190911822868,0.9915660068709947,4.660000976226562,0.000150788172011669,0.0017425751891912969
macrophage,tgfbr1a,21,1.00820925064621,0.8547297476976522,5.405445662662587,2.7261461684685242e-05,0.0004433421466030466
macrophage,bzw1b,21,1.0075651633807028,0.33096002464512997,13.951061412155235,9.090422421142138e-12,7.55744664012226e-09
macrophage,mafk,21,1.0072558013792166,1.2990433959415792,3.553250005676676,0.0019933235433928836,0.013421343245718517
macrophage,ITLN1,21,1.00692100719054,1.531588081936629,3.012749830527046,0.006875612980496235,0.034554394966095296
macrophage,kif13ba,21,1.0050962067475406,0.5715092974934727,8.059238000736453,1.0398989301832001e-07,5.4294977934081625e-06
macrophage,neu1,21,1.0049261249277013,1.0909021229232354,4.22141449590331,0.0004191971070126289,0.0039521211790005065
macrophage,grap2a,21,1.0048725580527396,1.3741024783013502,3.3512089773341476,0.003179335476771282,0.019210157872487407
macrophage,si:dkey-118j18.2,21,1.0047996119225933,0.761136232810287,6.049600690925489,6.497505434364048e-06,0.00014003068467539486
macrophage,klf11b,21,1.004678275655333,1.433559252381418,3.211596757943641,0.004378733842199092,0.024436648283305957
macrophage,atxn1a,21,1.004614410966942,1.2730365219780178,3.616331113066826,0.0017217583534743647,0.01199503312025627
macrophage,soga1,21,1.0041055914234702,1.2437058814468829,3.6997411904761286,0.001418073194050507,0.010251604236831531
macrophage,phactr2,21,1.003974911813724,0.7397484649611968,6.219399224389518,4.488649737186124e-06,0.00010400853508420718
macrophage,mnta,21,1.0035183040541933,0.820898449678832,5.60203103246357,1.7512308090179905e-05,0.00031177817810128857
macrophage,sptlc3,21,1.003464584654157,1.3555299683434725,3.392364996551602,0.002891818815460278,0.017848604994860007
macrophage,rbpjb,21,1.0028816889010232,1.3610546324625736,3.3766324604905,0.002998584588323079,0.01838068624429455
macrophage,ppp1r12a,21,1.0026726108818191,0.5943614639463177,7.730688167629824,1.97035875561329e-07,8.929020106631946e-06
macrophage,fam43a,21,1.0022233607826951,1.1180181965694247,4.107951398405119,0.0005465652178736468,0.004862197390519941
macrophage,mov10a,21,1.0020014092726723,0.6967930700610222,6.589829178470907,2.0286088033002827e-06,5.494065401633096e-05
macrophage,coro1ca,21,1.001943648924281,0.8458951460399817,5.427957158485406,2.5908981417208325e-05,0.0004256364701683296
macrophage,cdc42l,21,1.0017425720575996,0.8920920759475119,5.14583784239756,4.91983512215506e-05,0.0007103982977701267
macrophage,fam102ab,21,1.0010360930110185,1.2960172603781517,3.539554456448642,0.002057646090053076,0.013768663531855156
macrophage,wls,21,1.000688801343347,1.301974639379817,3.522136330884973,0.0021424143949790803,0.014197376552234558
macrophage,gnai2b,21,1.0000385635064646,1.3066388296281106,3.507283199633366,0.002217410356845035,0.014557227360623003
macrophage_immature,hist1h4l-14,15,3.565196436426965,2.2190463851835247,6.2224685867022504,2.2279051164578e-05,0.0059924094970607595
macrophage_immature,si:dkey-108k21.10,15,3.51154840865753,2.362389614586428,5.756954069793728,4.9633946828662997e-05,0.007913024804337261
macrophage_immature,hist1h2a6,15,3.3227551382767144,2.460933532193777,5.229306336688788,0.00012757061657635974,0.011697482647166113
macrophage_immature,CR762436.1,15,3.2664781648255357,1.6439954919561393,7.695286024213129,2.145765366993979e-06,0.0029963554800210845
macrophage_immature,si:dkey-261m9.12,15,3.188757534689424,2.6605949185084183,4.641820797684306,0.0003809508641945516,0.02005472084300481
macrophage_immature,FQ312024.1,15,3.18174724902555,2.1761117950955127,5.662785402427521,5.8578189665348376e-05,0.008526482756620057
macrophage_immature,hist2h3c,15,3.1582742241465183,2.1270159736706638,5.7507529911806605,5.017656228182163e-05,0.007913024804337261
macrophage_immature,top2a,15,3.1303511524710945,1.9785357826453513,6.127661671648883,2.6163053055933118e-05,0.00625029954229864
macrophage_immature,si:ch1073-153i20.5,15,3.1295455242681673,1.9605651491730698,6.182236638145307,2.3847739738335732e-05,0.0060374459532777066
macrophage_immature,CU459186.5,15,3.0860401391104317,1.9940343010393737,5.993970142977153,3.288702682072983e-05,0.006683374672790541
macrophage_immature,zgc:173552-3,15,3.035990448476348,1.784318783847522,6.589820469658008,1.209377260567433e-05,0.005296471370034117
macrophage_immature,hist1h2a1,15,3.0270807835581386,2.1240476494052896,5.519571778734679,7.554129801507797e-05,0.009569966588417581
macrophage_immature,hist1h2a3-1,15,3.0111022415462605,2.8615896021356018,4.0753393940672655,0.0011355523357777625,0.03532185751934571
macrophage_immature,zgc:173585,15,2.9848708397680754,2.3996050256076145,4.817607451907489,0.00027337272911199265,0.01681610050042044
macrophage_immature,CR762436.2,15,2.971264131885362,2.2654536155647236,5.079625740696024,0.0001678809592152046,0.013162640317750168
macrophage_immature,zgc:173552-5,15,2.9275230983132654,1.9040021904631337,5.954955441856333,3.517357294347581e-05,0.0068261810526794395
macrophage_immature,si:ch211-113a14.12,15,2.9200654102102255,2.4458796078479677,4.623843572387111,0.000394181140376876,0.020251609712059162
macrophage_immature,hist1h2a11-4,15,2.9150225541875914,2.004376031914532,5.632592700384554,6.179016971337336e-05,0.008737271584373353
macrophage_immature,si:dkey-108k21.19,15,2.871457583762538,2.0888105268576833,5.324134122391375,0.00010736569923608056,0.01107879410710805
macrophage_immature,zgc:173552-1,15,2.8307106897843806,1.7524719102858048,6.255903615412728,2.1057779130274653e-05,0.0059924094970607595
macrophage_immature,si:ch211-113a14.24,15,2.7960046675760273,2.3198259606066154,4.667970656992085,0.00036251880392962604,0.019501379187861354
macrophage_immature,hist1h2a4,15,2.781985842935821,1.772251187432721,6.079603678913752,2.8397020427638055e-05,0.006492268795268751
macrophage_immature,CR354435.2,15,2.776533768733406,1.3437813231147386,8.002395078361134,1.3646927870179758e-06,0.002496023107455878
macrophage_immature,hist1h4l-16,15,2.7642365811791803,2.074421439084053,5.160881025512051,0.00014457964965616327,0.012277552962027899
macrophage_immature,smc2,15,2.7438989691665694,1.8127353550732872,5.862452553548931,4.1285353070421304e-05,0.007451734615046108
macrophage_immature,zgc:171759-3,15,2.7352648314258245,1.4950033228137325,7.0860278220926425,5.455376317859953e-06,0.0036849757366457406
macrophage_immature,CU459186.2,15,2.7194178503439805,1.8399114347953092,5.724329903375555,5.2559085903705505e-05,0.00801088067648978
macrophage_immature,hist1h4l-23,15,2.7125178409135717,2.3809730399869506,4.412287013634703,0.0005906843374592228,0.025008371602150893
macrophage_immature,si:ch1073-159d7.7,15,2.6936712861384917,1.702313153936342,6.128451752398088,2.6127904007319044e-05,0.00625029954229864
macrophage_immature,pbk,15,2.6821987176351665,1.9189572004133102,5.4134146203899025,9.137743244628319e-05,0.010268456129649134
macrophage_immature,hist1h2a11-1,15,2.675414486471452,2.2150657494212456,4.67789082694875,0.0003557695518582527,0.01930840587737687
macrophage_immature,CU457819.1,15,2.6741246388811124,2.5235178070589463,4.104128040269282,0.0010734445017564845,0.0340855901686217
macrophage_immature,CU459186.4,15,2.6627703129918103,1.770244502443423,5.8256727038317075,4.401537520789649e-05,0.007677299189781748
macrophage_immature,si:dkey-23a13.21,15,2.6283813294764955,1.5577778556779998,6.534742472709258,1.3238257932386744e-05,0.0053353414894354405
macrophage_immature,zgc:153405,15,2.620902023649548,1.924939041182069,5.273263034554412,0.0001177534369336035,0.011350814371860973
macrophage_immature,CU457819.3,15,2.6070005099600833,1.4371223041033214,7.025755240038174,5.998677892911663e-06,0.003740311999818897
macrophage_immature,hist1h2a3,15,2.6025184856907577,2.0725666507186493,4.863298726621045,0.0002509347694393185,0.016186160744831445
macrophage_immature,CU459186.3,15,2.598020440874381,1.5017210877926486,6.700371981459623,1.0099137782266508e-05,0.0051094531904634045
macrophage_immature,aurkb,15,2.59320464882454,1.9043762475654862,5.273872970766367,0.00011762288168320861,0.011350814371860973
macrophage_immature,mki67,15,2.5588505662759924,1.8940204064060844,5.232459795628789,0.00012683877486662198,0.011697482647166113
macrophage_immature,si:ch211-113a14.19,15,2.550521366210773,1.6567244228279305,5.962444109213489,3.47221131821876e-05,0.0068261810526794395
macrophage_immature,CABZ01058261.1,15,2.532539289148438,1.7557808460570226,5.586393377348257,6.706543459107151e-05,0.009083128268254517
macrophage_immature,hist1h2a2,15,2.5232026061942534,2.063409009794843,4.736008046155192,0.00031875275152779177,0.01837181037429615
macrophage_immature,ncapd2,15,2.5198901850704076,1.78002816613286,5.4827743216287805,8.06788744016002e-05,0.009783633876089961
macrophage_immature,hist1h2a5,15,2.5009784723181334,2.0125851059920223,4.812838942150948,0.0002758311549366679,0.016891579767159565
macrophage_immature,zgc:154164,15,2.498709774118771,1.69341396613794,5.7147641012070185,5.345050191053966e-05,0.008057222636899206
macrophage_immature,ccna2,15,2.493617200776813,1.6314464357754266,5.919739489230997,3.738047003943242e-05,0.006953129965686836
macrophage_immature,knl1,15,2.493531787533746,1.602165203538301,6.027722400304984,3.103446231313046e-05,0.006667993900882184
macrophage_immature,si:ch211-113a14.18,15,2.4884514587454367,2.5472428048508826,3.783593397226547,0.0020150567638983837,0.04708950793658616
macrophage_immature,mad2l1,15,2.4782090777944643,2.152353116849035,4.459334489114504,0.0005396452132658718,0.02407344134300682
macrophage_immature,ano9a-1,15,2.4676601779565974,1.772814834260179,5.390978566192724,9.514646857934229e-05,0.01048330668865163
macrophage_immature,hist1h2a11-2,15,2.4575005890536397,2.3540862425139086,4.043122415317981,0.0012094247919595454,0.0366636123396797
macrophage_immature,fbxo5,15,2.4539549967516554,2.5062886095314867,3.7921118895155064,0.0019814349402192924,0.04656573059009567
macrophage_immature,si:ch211-113a14.19-2,15,2.44745386194326,2.5094946772891733,3.7772337728792076,0.002040534634814913,0.047282272978800534
macrophage_immature,si:dkey-23a13.17,15,2.4469099944369628,2.3178812539132854,4.08857944820213,0.001106544932194445,0.03489432208592483
macrophage_immature,si:ch73-36p18.1,15,2.4450190066692787,2.1731561196275853,4.357495445662465,0.0006564307406676869,0.026523088910483047
macrophage_immature,mis18bp1,15,2.431463225547505,1.6952736175126952,5.554865292646917,7.093364925943924e-05,0.009272445200661976
macrophage_immature,FP236630.1,15,2.424185948862159,2.14919759807688,4.368528894902159,0.0006426116935207256,0.026235196148424265
macrophage_immature,arhgef39,15,2.419089701301871,1.9935249588816604,4.69976264123623,0.0003413434066888761,0.01890743577575
macrophage_immature,zgc:173552,15,2.418442842045198,2.4372093973468534,3.843161306202109,0.0017915416243968576,0.045010022404146324
macrophage_immature,tpx2,15,2.41611961211122,1.7223415810972789,5.433063407892814,8.820439482207569e-05,0.01018909731645746
macrophage_immature,hist1h4l-10,15,2.4140718738101734,1.7693198615739025,5.28432442706969,0.00011540902030721081,0.011261151144054017
macrophage_immature,hist1h2a10-1,15,2.4062662637131713,2.3218731097138616,4.013754725403727,0.00128103576115452,0.03787200011559726
macrophage_immature,kif4,15,2.3799986353655647,1.9582771549799771,4.707043155421715,0.0003366764999729733,0.018888943755769227
macrophage_immature,hist1h4l-6,15,2.376343311845713,1.9146498001586523,4.806904150768041,0.00027892284352708127,0.016999471451352496
macrophage_immature,si:ch211-113a14.19-1,15,2.3731027186191986,2.3597820526727245,3.8948458386832177,0.0016180875333613746,0.043031078461326505
macrophage_immature,kif23,15,2.3724480836092257,1.5144489320232222,6.0671916518736335,2.9005864525989975e-05,0.006522753223528975
macrophage_immature,cenph,15,2.332438740902011,1.4632903831816237,6.17341335895409,2.4207000359414898e-05,0.0060374459532777066
macrophage_immature,si:ch73-368j24.11,15,2.3322054022472165,2.082382450830429,4.337624281858671,0.0006820937657687023,0.026964326316807417
macrophage_immature,zgc:173552-2,15,2.312397834505065,1.9330370310897207,4.633060908199709,0.00038733946347321656,0.020076184512154864
macrophage_immature,kif15,15,2.29744601727923,1.7684607094122717,5.0314774404516776,0.00018349748342041228,0.013738687924714294
macrophage_immature,ncaph,15,2.2915505698384413,1.6968216818844577,5.230447776999079,0.00012730521015440769,0.011697482647166113
macrophage_immature,cenpe,15,2.286721248553903,1.804108184718313,4.909036713034318,0.00023037771410812325,0.01553572996762565
macrophage_immature,CU457819.5,15,2.283275367090229,2.238784499441849,3.9499502849652353,0.0014519016088977302,0.041064866639287864
macrophage_immature,numa1,15,2.2828095720079533,1.719304203592713,5.14236133226142,0.00014957705765519629,0.012473089898997902
macrophage_immature,si:ch1073-153i20.4,15,2.2821183227108803,2.2895451258089556,3.8604202023802148,0.001731612111192456,0.044268256523645064
macrophage_immature,hist1h4l-2,15,2.2457415276137023,2.102338985882726,4.1371632237901395,0.0010064364994220173,0.03287037867785641
macrophage_immature,si:dkey-108k21.14,15,2.236252766364138,1.679555617349511,5.156703137765903,0.00014569166468062574,0.012298617909270667
macrophage_immature,hist1h4l-9,15,2.230611886283522,2.2362660016489517,3.8631909983240713,0.0017221824314672919,0.04415707944607958
macrophage_immature,cdk1,15,2.2290679291748976,1.6275464981329133,5.304390981863308,0.00011127912943184877,0.01112517124169671
macrophage_immature,kpna2,15,2.219089716897408,1.5831705551858397,5.428661800923232,8.890508158939712e-05,0.01018909731645746
macrophage_immature,zgc:163040-1,15,2.2116497042065553,1.7711700864081503,4.8361716007790925,0.00026401578820864255,0.01656886274486789
macrophage_immature,kif20bb,15,2.2060602392874236,1.8638297098481469,4.584128325857975,0.00042511669407779503,0.021167107989154825
macrophage_immature,H3C10,15,2.2051432361053105,1.9571295945878389,4.363780024100232,0.0006485224988612642,0.026367790820020977
macrophage_immature,spc24,15,2.2041809342186913,1.8931932678989187,4.509183607931936,0.0004904967104793956,0.02273104265540915
macrophage_immature,kifc1,15,2.1909374934002908,1.7947902881771853,4.727830588574617,0.0003237108404463956,0.018526350692192967
macrophage_immature,cdca8,15,2.18756783633651,1.863149928514467,4.547360182433385,0.00045598913517085467,0.02211542984432912
macrophage_immature,zgc:165555,15,2.1850530990312595,2.038980078555133,4.150444799403736,0.0009807164446613992,0.03253440829417834
macrophage_immature,cenpp,15,2.1831123130036976,1.9295296614204864,4.3819785724046,0.0006261697502607145,0.02575557286117347
macrophage_immature,birc5a,15,2.172853460232747,1.581684069134855,5.320547528706939,0.00010806583054715223,0.01107879410710805
macrophage_immature,nuf2,15,2.1727007824608733,1.6491580351060937,5.102503075893174,0.00016095068309310168,0.012951034191560018
macrophage_immature,ube2c,15,2.165454252655247,1.9574458151637444,4.284546827573988,0.0007558140460180983,0.028455030897511016
macrophage_immature,ndc80,15,2.1541429943104964,1.587158549235112,5.256538451268523,0.0001213926497395804,0.0114446987821491
macrophage_immature,nusap1,15,2.134562578056692,1.7789499006885439,4.647194006448041,0.00037708607583707577,0.019915285053394405
macrophage_immature,si:ch211-113a14.19-4,15,2.1328813520874044,2.1270165762611004,3.8836622376453214,0.0016541124401908951,0.04346798352168315
macrophage_immature,ncapg,15,2.124098788922289,1.692292473444918,4.8612159920849125,0.00025191489090300057,0.016186160744831445
macrophage_immature,zgc:171759-2,15,2.11519669380882,1.9584649366618623,4.182929913995674,0.0009206047278174825,0.03155231190262387
macrophage_immature,zgc:112234-5,15,2.0825869769870935,1.64525921499382,4.902464368771069,0.00023322094661339048,0.015602187163170994
macrophage_immature,si:dkey-6i22.5,15,2.0824531234551764,1.6963206725429105,4.754588207846942,0.00030777695470747806,0.018075001053895597
macrophage_immature,si:dkeyp-26a9.2,15,2.076076026655199,1.7777828146553838,4.5228291163646395,0.00047786375828209464,0.02241470385942218
macrophage_immature,cenpf,15,2.0722883381381516,2.083627538926852,3.8519063854774025,0.0017609163781984083,0.04453927139759361
macrophage_immature,kntc1,15,2.0629589280621135,1.5530845193670486,5.1444757015224605,0.000148997547531572,0.012473089898997902
macrophage_immature,kif20ba,15,2.0509467294025097,1.3521407837950437,5.874597247662433,4.042327956251849e-05,0.007344454799984734
macrophage_immature,mxd3,15,2.05079292053043,1.4677527628810374,5.411460995749588,9.169935308051897e-05,0.010268456129649134
macrophage_immature,prr11,15,2.0497627738527426,1.3857063589289051,5.728989432468134,5.2130512882739795e-05,0.007989947603005398
macrophage_immature,si:dkey-261m9.6,15,2.046478953418693,1.6150750901228372,4.907498699860301,0.0002310398333075001,0.01553572996762565
macrophage_immature,smc4,15,2.0411404427409976,1.6041382910311173,4.92806822591642,0.00022234534675150453,0.015212081267150939
macrophage_immature,bub1bb,15,2.0402030519044,1.8365236769691153,4.3025159664414,0.0007299821018733668,0.027888085195959183
macrophage_immature,kif2c,15,2.0352484811898512,2.062152002188621,3.8224551171185865,0.0018662305814859188,0.04578748482098228
macrophage_immature,iqgap3,15,2.0256076983513975,1.9915794170207672,3.9391574418860817,0.0014830235940712442,0.0412263313691109
macrophage_immature,spc25,15,2.0159613718249294,1.7972440558499427,4.344309719240104,0.0006733466494138953,0.026850676346904388
macrophage_immature,ercc6l,15,2.0126652445141207,1.788415615189002,4.358617151008201,0.000655012006451822,0.026504799995583684
macrophage_immature,cenpo,15,2.011583277130002,1.7215757831273697,4.525405508249669,0.0004755164093517828,0.02241470385942218
macrophage_immature,pclaf,15,1.9923694102180165,1.5482352163386353,4.9840059597118165,0.0002003743044363116,0.01431580479742242
macrophage_immature,dlgap5,15,1.9878140324495115,1.7797529702065478,4.3257523779498985,0.0006979154481433183,0.027275370825942932
macrophage_immature,knstrn,15,1.9645418328031559,1.6531942947136196,4.602385712135821,0.00041059573537735925,0.020783568265826294
macrophage_immature,zgc:163061,15,1.9608326294406262,1.5900011799564253,4.776268228135383,0.00029546227647889444,0.017621755554779277
macrophage_immature,hist1h4l-1,15,1.956934810590328,1.8628502522187511,4.06859108616096,0.0011506348161777463,0.035629420069792854
macrophage_immature,plk1,15,1.9522472151419306,1.6243994072269852,4.654656310686505,0.0003717856731755317,0.019813675780373484
macrophage_immature,depdc1a,15,1.9413856554223223,1.3972871965400335,5.381108715971263,9.685545351994868e-05,0.010628917469279167
macrophage_immature,sp100.2,15,1.9226423194131073,1.6360794700100287,4.551344736178935,0.0004525346779213879,0.0220741160417318
macrophage_immature,melk,15,1.897791283732171,1.5574716771212986,4.719260160196065,0.0003289927839484878,0.018725968936984985
macrophage_immature,neil3,15,1.8951971224264241,1.8130755873519062,4.048406444906315,0.0011969803631544844,0.03648226862273351
macrophage_immature,CU457819.2,15,1.8819220959850198,1.607667268689039,4.533682484282472,0.0004680553202756929,0.022360433416200587
macrophage_immature,kif20a,15,1.8727078714973868,1.6710978331006356,4.340240442514018,0.0006786570101927669,0.02690600444311931
macrophage_immature,zgc:163061-1,15,1.8714634585628258,1.3710211444820428,5.286677625083478,0.00011491656426810041,0.011259771216769052
macrophage_immature,si:dkey-108k21.11,15,1.8702660359849412,1.452644174976374,4.986430493527328,0.00019947450373487756,0.01431580479742242
macrophage_immature,cenpk,15,1.8399518176457874,1.6030158036188271,4.4454351176569435,0.0005542333357096577,0.02446478600111156
macrophage_immature,si:dkey-23a13.22,15,1.8296645112630656,1.5305887207172943,4.629761140502646,0.0003897745640470537,0.020076184512154864
macrophage_immature,mis18a,15,1.8294149949009253,1.7947598659389423,3.947767020546052,0.0014581430878424935,0.04111424009759384
macrophage_immature,hist1h2ba,15,1.818395810798882,1.361503965051464,5.172674390097129,0.00014148797705175318,0.012162256824919754
macrophage_immature,dut,15,1.8065934945959705,1.6930769793326543,4.132657051833971,0.0010153187228347596,0.03304302391574333
macrophage_immature,kif14,15,1.8001585028279556,1.794163026649266,3.885925525400583,0.0016467566033949662,0.043435839138134986
macrophage_immature,rrm1,15,1.7936322020474569,1.287551588074147,5.395284905159927,9.441068588924194e-05,0.010444182126497389
macrophage_immature,fanci,15,1.791482478413881,1.6628031890483297,4.172701766280822,0.0009391132641745182,0.0318081140773184
macrophage_immature,si:ch211-126c2.4,15,1.7850802291507715,1.4735803622138577,4.691692544516757,0.0003465946037873377,0.018979686536737747
macrophage_immature,si:ch211-63o20.7,15,1.7720316034344785,1.2692426197970814,5.40720015386198,9.240556465347816e-05,0.010305474253122655
macrophage_immature,diaph3,15,1.7682489003221373,1.5091707775135188,4.537855254645541,0.00046433970628275166,0.022310262420082824
macrophage_immature,hist1h4l-3,15,1.7621806355238543,1.6847525736639948,4.0509783816803004,0.001190970569054963,0.036390022029257625
macrophage_immature,tubb2b,15,1.7595650224865471,1.4474858347339636,4.7080018782442705,0.000336066875502189,0.018888943755769227
macrophage_immature,rad51d,15,1.7487736667236027,1.3469287615208336,5.028455461786375,0.00018452657233196707,0.013738687924714294
macrophage_immature,foxm1,15,1.7435454653225262,1.5733207809172955,4.292018914675847,0.0007449603202181961,0.028229262962964376
macrophage_immature,aurka,15,1.739176548716577,1.5729667724772105,4.282227652327211,0.000759215695898599,0.028455030897511016
macrophage_immature,H3C3,15,1.7246423252384888,1.7065200156834834,3.914112311854644,0.001557887248529534,0.042275605008316286
macrophage_immature,espl1,15,1.7223138525464685,1.6491226843088846,4.044873635735769,0.0012052859221174024,0.036578561143020945
macrophage_immature,cep55l,15,1.7180513939400555,1.5651144463365052,4.251436342072868,0.0008058963909779493,0.029346264820811454
macrophage_immature,cenpn,15,1.705571051573285,1.5189387817769184,4.3488574771849855,0.0006674623437932197,0.026732597667105083
macrophage_immature,FP236812.2,15,1.6971927589140317,1.4130348361647938,4.651831025212793,0.0003737833419315131,0.019818875522459214
macrophage_immature,hmmr,15,1.6937031952665464,1.5988105415925056,4.1028527758841316,0.0010761208247758753,0.03413106916500132
macrophage_immature,mis12,15,1.6913972091332141,1.3579954243847707,4.823840423293333,0.0002701934311707056,0.016665731668855276
macrophage_immature,gtse1,15,1.688416518986895,1.5183878761896095,4.306678920479708,0.0007241278936593469,0.027863181995153134
macrophage_immature,nsl1,15,1.6870364732564558,1.663752731416795,3.927184636266672,0.0015183439686677076,0.04158606580280433
macrophage_immature,tuba8l,15,1.6857623620003983,0.7519657482796565,8.682482637843114,5.214637233765849e-07,0.0019708579026605573
macrophage_immature,mybl2b,15,1.6791535684620003,1.7293328382153579,3.760602738041691,0.002108717416522879,0.04836915871343387
macrophage_immature,si:dkey-225f5.4,15,1.6499351850820732,1.1238005677470488,5.686214865467888,5.6206064877464766e-05,0.008290394569426053
macrophage_immature,esco2,15,1.642633956336163,1.495038438604095,4.2553380518729735,0.0007998220020146117,0.029346264820811454
macrophage_immature,dtymk,15,1.634582925204196,1.6792009517597895,3.7700743563040016,0.0020696079236718545,0.04778065476970269
macrophage_immature,ube2t,15,1.6334663034041488,1.6219763939602878,3.9004191511249298,0.0016004336669708818,0.04275355175593588
macrophage_immature,hist1h2a3-4,15,1.5818819701677016,1.6113798613336876,3.8020845817537356,0.0019427960078937181,0.046429101460421736
macrophage_immature,si:dkey-108k21.24,15,1.5603865798017234,1.6033657915795783,3.7691656320445337,0.0020733280409529053,0.0477997939525571
macrophage_immature,cntln,15,1.5439168354873205,1.0847977593754137,5.512146517720003,7.654981449735822e-05,0.009569966588417581
macrophage_immature,etaa1,15,1.5353870867061816,1.30878685354875,4.5435424421257515,0.0004593244658217824,0.022146865939930753
macrophage_immature,aspm,15,1.5107521568722582,1.50975692367457,3.8755364205068594,0.0016807983932263743,0.04391686087444341
macrophage_immature,brip1,15,1.510656949375842,1.3035791715380414,4.488219307663584,0.0005105793442655184,0.023191629652192878
macrophage_immature,sass6,15,1.5051164680834908,1.537321030209517,3.79185017341201,0.0019824593887090122,0.04656573059009567
macrophage_immature,rad51ap1,15,1.467756540753223,1.3534181982555364,4.200177480952522,0.0008902356021562005,0.03099443368674538
macrophage_immature,raver1,15,1.4650650722530907,1.373722310745386,4.130509187746657,0.0010195806061210982,0.03314240986840323
macrophage_immature,FP236812.1,15,1.463282404557262,1.4678258351854498,3.8609951179477635,0.0017296512301667169,0.04426584095114168
macrophage_immature,lbr,15,1.4189651940516834,0.9189565612516458,5.980291993263466,3.3670420672239855e-05,0.006701208709422919
macrophage_immature,thop1,15,1.3905221001235946,0.7408203910503822,7.2696013789201785,4.097587108724822e-06,0.0036849757366457406
macrophage_immature,chaf1a,15,1.386348313814114,1.2846102830385402,4.179714270031038,0.0009263830599341148,0.031650459837225954
macrophage_immature,pycard,15,1.3637467052350332,0.9615686990066297,5.492866274949433,7.923459947427074e-05,0.009766229230736024
macrophage_immature,zgc:194989,15,1.3567438067469306,1.356862732934132,3.8726438872988043,0.0016904030683227997,0.043956957176353686
macrophage_immature,tuba1b,15,1.3548054413637085,1.1468202525977393,4.575380404965108,0.000432260969130457,0.021444990394383523
macrophage_immature,hmgb2b,15,1.3501636014523666,1.1848678294412802,4.41328645537303,0.0005895500323743775,0.0249989260250248
macrophage_immature,h2ax,15,1.3486241806509265,1.1993323738126254,4.355088802738926,0.0006594853266786097,0.026558745578073216
macrophage_immature,hist1h4l-13,15,1.3301719180021985,1.3437179954798777,3.833939638633381,0.0018244225007809523,0.04537027669355796
macrophage_immature,ccnb2,15,1.326928117491264,1.3342410884008518,3.8517555375374863,0.001761440111769239,0.04453927139759361
macrophage_immature,gbp1,15,1.3212405751995857,1.017905549795641,5.027129231301315,0.00018498008852916813,0.013738687924714294
macrophage_immature,card9,15,1.3206033422986285,1.2560173076996908,4.072137159507472,0.0011426839937622177,0.035463275304147564
macrophage_immature,hmgb2a,15,1.3176742511026014,1.1138900581624063,4.581538719059682,0.00042721880528763317,0.021233238991061984
macrophage_immature,fbxo45,15,1.3168490119244252,1.1454168757732615,4.452644622692444,0.0005466166141487577,0.0242660627980116
macrophage_immature,tacc3,15,1.311657992957502,0.809163187635305,6.278127379336309,2.028502243378994e-05,0.0059924094970607595
macrophage_immature,gnai2b,15,1.3102964736797003,0.9548439286223415,5.314749635029564,0.00010920769123931949,0.011096714848706408
macrophage_immature,si:ch211-288g17.3,15,1.3058965833291414,0.917170108936407,5.514479451328929,7.623144603014627e-05,0.009569966588417581
macrophage_immature,anapc4,15,1.3031101344492144,0.9701177445799082,5.202382780021609,0.00013400053944031488,0.011974788484303738
macrophage_immature,rbbp4,15,1.288620581773139,0.9672145781000275,5.159978112190262,0.00014481922598266492,0.012277552962027899
macrophage_immature,si:dkey-230p4.1,15,1.2881238539758546,0.8200894980511997,6.083338765044806,2.8216436070361135e-05,0.006492268795268751
macrophage_immature,vrk1,15,1.287150424262782,0.8525878838251347,5.847036125903954,4.240744523042533e-05,0.007506117805785284
macrophage_immature,gstp1,15,1.2823087959814654,1.1728477562561008,4.234446103546158,0.0008329040945636441,0.02976724483877726
macrophage_immature,ifi45,15,1.281356316175547,0.9817321628252595,5.055015880119326,0.00017568285682351497,0.013326792564568464
macrophage_immature,parpbp,15,1.2783318162065038,1.148414751293749,4.311123511359775,0.0007179307904644127,0.02769448393901888
macrophage_immature,dek,15,1.2712671351673686,1.1554871039952734,4.261057026132048,0.000791003110731924,0.02912908770863132
macrophage_immature,gins1,15,1.2695731637020347,0.9009277995130552,5.45774669453808,8.438027997700962e-05,0.009978331815384737
macrophage_immature,cd2bp2,15,1.2564008439945673,0.5650271518638611,8.612010111196094,5.746988598973741e-07,0.0019708579026605573
macrophage_immature,chaf1b,15,1.2524576112151367,1.250572861352926,3.8788203550324862,0.0016699613135376778,0.043795800996775304
macrophage_immature,dnmt3aa,15,1.249459728466144,0.8509466736733818,5.6867684777667025,5.6151242843982294e-05,0.008290394569426053
macrophage_immature,rpa3,15,1.2488126811307905,1.158226185077824,4.175894811277471,0.0009332946844200148,0.03176785295663565
macrophage_immature,tcirg1b,15,1.2461518577851334,1.1524583189844069,4.1878524477140395,0.0009118306002306389,0.03146675788343092
macrophage_immature,arpp19b,15,1.2377642106422855,0.7234825997951805,6.626061463960968,1.1397804289858063e-05,0.005296471370034117
macrophage_immature,ponzr1,15,1.2311235857179255,1.0146013424322515,4.699502105110874,0.0003415116469183232,0.01890743577575
macrophage_immature,hmga1a,15,1.230376102281235,0.9695202669363836,4.915035111916328,0.0002278141097012837,0.015470495296175047
macrophage_immature,cenpx,15,1.1989361824678209,1.0121137352759444,4.587883462126286,0.00042208739275772703,0.021117106116134682
macrophage_immature,stil,15,1.191686370115883,1.136215114763577,4.062066597592788,0.0011654116393010126,0.03600570757232351
macrophage_immature,cdc14b,15,1.1905221937993824,0.8699859311761339,5.299939303204465,0.00011218186149391328,0.01112517124169671
macrophage_immature,sdf2l1,15,1.189682412473909,0.7422756416941555,6.207424724689833,2.2852571428811273e-05,0.006009595450254663
macrophage_immature,ccdc50,15,1.176620769674141,1.1447011823945126,3.980980115891201,0.0013660799841502254,0.03970169953936593
macrophage_immature,elmo1,15,1.1707779554114557,0.8349354454906607,5.430843244115281,8.855709813646937e-05,0.01018909731645746
macrophage_immature,rfwd3,15,1.1586496574178953,1.0796514848477263,4.1563698010394,0.0009694604229247964,0.032276273559415015
macrophage_immature,gm2a,15,1.1570803548916722,1.0598725261185526,4.228199933751231,0.0008430647114078872,0.03003828617853946
macrophage_immature,ovca2,15,1.1525787330636297,1.1298948379678437,3.950737792887698,0.0014496569796170716,0.041043693741789844
macrophage_immature,mpdu1b,15,1.150989171810682,0.9011366924218089,4.94682097796682,0.00021471414416613112,0.0149850617097612
macrophage_immature,ifi35,15,1.1462459449102405,0.9729032684803481,4.5630347837451195,0.0004425546474662954,0.021815045964028907
macrophage_immature,banf1,15,1.1462414899675486,0.8761691595655299,5.066800346610768,0.00017190099858522653,0.013247482854454186
macrophage_immature,slc39a7,15,1.1430338769856327,0.5906946889980912,7.4944827711673545,2.9030673191517425e-06,0.0033185688292053355
macrophage_immature,rfc3,15,1.1408207712040102,0.8652391494400664,5.106541758703311,0.00015975841610269787,0.012929121373974974
macrophage_immature,h3f3b.1,15,1.12900953479591,1.0079532837803842,4.338132725332402,0.0006814244456276505,0.026964326316807417
macrophage_immature,pds5b,15,1.1235317455238787,0.8904315565540808,4.886866045256839,0.00024011529514842615,0.015950516034859738
macrophage_immature,vac14,15,1.1227435315027194,1.0657053366838438,4.080271393876052,0.0011246571704207724,0.03510330171040679
macrophage_immature,nfkb2,15,1.1086412236134149,0.9798115548175974,4.382219187824435,0.0006258795714561547,0.02575557286117347
macrophage_immature,rab20,15,1.1078574507079915,1.1189049122345767,3.8347436047937506,0.0018215316324926337,0.04537027669355796
macrophage_immature,atp6v1ab,15,1.0907690392157783,0.9932764981473184,4.2531262254982,0.0008032597052560306,0.029346264820811454
macrophage_immature,pold1,15,1.0870922655392143,1.1140037857401668,3.7794218422937096,0.0020317321395379334,0.0471812181527565
macrophage_immature,ano6,15,1.0867536908452362,0.972662963815191,4.327273786146507,0.0006958669965343804,0.0272341099142949
macrophage_immature,net1,15,1.0822352653361818,1.0054025272876148,4.16895625937326,0.0009459859275826888,0.031897709145368935
macrophage_immature,calm3a,15,1.0810446382638126,0.8312159549836882,5.037039839526097,0.00018161882889629018,0.013651267317177319
macrophage_immature,serpinb1l3,15,1.0772356807672923,0.6902349888520882,6.044486180700096,3.0155279478492403e-05,0.006667993900882184
macrophage_immature,fli1b,15,1.0742807282542937,0.9740036055930331,4.271720705948704,0.0007748246145513739,0.02884303025809626
macrophage_immature,nedd8,15,1.0696400099728571,0.7422703593338612,5.581117301760251,6.769710216553006e-05,0.009083128268254517
macrophage_immature,srrt,15,1.064477681569955,0.5580590599755203,7.387577102163279,3.4170837965345315e-06,0.0034721368132564763
macrophage_immature,mad1l1,15,1.0593065235167136,0.6294584322384292,6.517787853789646,1.3613045535282698e-05,0.0053353414894354405
macrophage_immature,rpa2,15,1.057745238763645,1.0182318109569048,4.023278049437378,0.0012573516658560334,0.03737317763029282
macrophage_immature,nsmce2,15,1.055431569335994,0.909233201743859,4.495732099597705,0.0005032869204739952,0.022999541059986216
macrophage_immature,si:dkey-92i17.2,15,1.0434553666604833,0.5669654716799017,7.127921292301274,5.108454082204779e-06,0.0036849757366457406
macrophage_immature,ppp2r2d,15,1.0391129287073928,0.6599045507097996,6.098559349808685,2.749289728657612e-05,0.006446731940659964
macrophage_immature,clns1a,15,1.036833290937192,0.4601649261712643,8.7265192112852,4.908708978594492e-07,0.0019708579026605573
macrophage_immature,nutf2l,15,1.0351000531678753,0.6973231262837841,5.749020958106174,5.0329225883199554e-05,0.007913024804337261
macrophage_immature,mdh1aa,15,1.0327368784038236,0.7678187883299219,5.2092665507340925,0.00013232513688151315,0.011974788484303738
macrophage_immature,mier1a,15,1.0292701697340276,1.0073331870709774,3.95732641125333,0.0014310154554174914,0.0406838435433978
macrophage_immature,znf362a,15,1.0210071846482323,0.8869748206484991,4.458236841052108,0.0005407827497266798,0.024085023926544578
macrophage_immature,iqgap1,15,1.017425961816516,0.7528371985963944,5.234164588919268,0.0001264449527080742,0.011697482647166113
macrophage_immature,pole3,15,1.0169832393621787,1.054695450687983,3.7344990412659094,0.0022204262492717796,0.04976911286664319
macrophage_immature,si:ch73-281n10.2,15,1.0138688650908334,0.9972785572465962,3.937412672920893,0.0014881182030785796,0.0412263313691109
macrophage_immature,zfp36l1a,15,1.0116406155295736,1.0040031933866431,3.902445014220394,0.0015940652754493066,0.04268919030247783
macrophage_immature,uchl5,15,1.007928273544601,0.6098200213240472,6.401379556437168,1.6506805759811362e-05,0.005670546852445288
macrophage_immature,jpt2,15,1.0076496208310541,0.6335307009105625,6.160096416293225,2.4760011694891115e-05,0.00611973802566971
macrophage_immature,casp2,15,1.0009885287850264,1.0219030016674246,3.793718088119256,0.00197515947180858,0.04656573059009567
microglia,apoeb,12,5.003523405374243,2.122977002181024,8.164343510141581,5.381008084907775e-06,0.00036451347360356745
microglia,mcamb,12,4.958819864762012,1.1422899979433092,15.038086592395944,1.1096359228156835e-08,8.456350428457855e-06
microglia,apoc1,12,4.801506929379183,1.7740889327004539,9.375464556807499,1.4027747319242958e-06,0.00015033251863415256
microglia,mafaa,12,4.764087572308571,1.6182321778878956,10.198340929934904,6.073471664209558e-07,8.946814082314151e-05
microglia,BX539325.2,12,4.6574871133942715,0.8396383989339061,19.215424940638517,8.20653134481508e-10,2.4283757101243e-06
microglia,slco2b1,12,4.5798846508514535,1.2443085464984323,12.750202400204376,6.22227584974146e-08,2.5932504946575795e-05
microglia,pdgfd,12,4.57741399704353,2.2560458178831335,7.028504073197886,2.1868395194610595e-05,0.0009692397773249462
microglia,g0s2,12,4.478202278688405,3.399748526561394,4.562969180020009,0.0008126800376578875,0.010931821273967704
microglia,sall3a,12,4.447692558755449,2.616824953061213,5.887768288970652,0.00010496368355397837,0.0027137981992503587
microglia,si:ch73-86n18.1,12,4.21925564816758,0.9616853462848096,15.198245831612992,9.924692215612815e-09,8.00835090986287e-06
microglia,glula,12,4.1547027689042855,1.0069135105393943,14.2934943483565,1.8917538669143736e-08,1.2357206509237105e-05
microglia,ccl34b.1,12,4.148485728620253,0.9076768568052563,15.832480474901672,6.446047626903777e-09,5.971763127910118e-06
microglia,tgm2l,12,4.146296772112181,1.9771355263946153,7.264647847032577,1.6137437554638092e-05,0.0007934240131030396
microglia,p2ry12,12,3.9453435276290256,1.3980474260832119,9.775827794785789,9.268453578247081e-07,0.00011701352718638874
microglia,hbegfb,12,3.9116353504813914,2.200435841528787,6.158008372567791,7.126177810958033e-05,0.002095371278144859
microglia,stab1,12,3.864838250750937,0.838149289627378,15.97351759687654,5.868900537561862e-09,5.971763127910118e-06
microglia,abi1b,12,3.7454288234854225,1.145389030411367,11.327632526880004,2.09936953749326e-07,5.364611400329878e-05
microglia,srgap2,12,3.539166703514263,0.9189381333623,13.341521750792214,3.886257596331588e-08,1.974434762136243e-05
microglia,CR759843.2,12,3.480800874116983,2.3508900301414064,5.129056559602776,0.0003287932676005589,0.005789758213492513
microglia,si:ch73-158p21.2,12,3.47783525727802,0.6680372162106791,18.03428677261054,1.6166129656990377e-09,3.677529954982866e-06
microglia,fzd2,12,3.4507311596753705,0.9065305019770923,13.186189937974854,4.389721938759188e-08,2.0764141618941088e-05
microglia,si:ch73-160i9.3,12,3.4415647789614,0.9222836510912054,12.926533063115553,5.396678328759981e-08,2.3880301604762915e-05
microglia,arhgap12b,12,3.4224043883645785,0.9766907579031983,12.13849570445439,1.0337648459902258e-07,3.297900663196902e-05
microglia,skilb,12,3.4204672067888726,1.055912728428374,11.221425461173236,2.3108928888556143e-07,5.465460897047739e-05
microglia,lgals9l1,12,3.3719584851075255,1.2241935992785062,9.541633644647925,1.1791050653431154e-06,0.0001347864477820349
microglia,lgals3bpb,12,3.35783971756945,1.1459216786688824,10.15069197618968,6.365373585107283e-07,9.069885479186562e-05
microglia,dok4,12,3.353553152064458,1.7240567757768324,6.738205524166882,3.207588740399109e-05,0.0012370003600272652
microglia,timd4,12,3.331547974227544,1.4201767262733203,8.126327171066073,5.6263719932079275e-06,0.0003783321461609301
microglia,abhd12,12,3.328365124162989,0.7557002452196637,15.25710104676458,9.528514393124195e-09,7.921660375010977e-06
microglia,cblb,12,3.3262319487394834,1.0948416193284103,10.524266946500658,4.4265165417844446e-07,7.489155240996366e-05
microglia,trip10a,12,3.3155503998879063,0.9862086062113675,11.646018320043673,1.5815541522590853e-07,4.4731895017760835e-05
microglia,pdgfba,12,3.304334288475816,1.0370134189686566,11.037995783167492,2.7326381272180925e-07,5.659186939971809e-05
microglia,CR855337.1,12,3.2882321543483535,0.7717142832326669,14.760346626099423,1.3500602076970941e-08,9.49715430722302e-06
microglia,mtss1lb,12,3.2829304202662772,1.142239555642042,9.956234237429255,7.724095600564387e-07,0.00010346604367770882
microglia,bzw2,12,3.270513715756142,1.0452641338517128,10.838783689375383,3.287149699723779e-07,6.262705000827907e-05
microglia,havcr2,12,3.2215362474112186,2.1700599749597367,5.14259008813297,0.00032193435324499815,0.0057203814645573345
microglia,si:ch211-286b4.4,12,3.183407793422159,1.3284067955116894,8.301408963048907,4.587712530595854e-06,0.00032988674329636916
microglia,PPEF2,12,3.160245291120155,1.7765951731980079,6.1620176517167,7.085886088787705e-05,0.0020858506957713596
microglia,sh3gl3a,12,3.1462809654027772,0.5067663978926842,21.507023786997372,2.448139548926948e-10,2.238823617493694e-06
microglia,tmem63ba,12,3.123609066603058,1.22520030835047,8.83161646216577,2.520637969545382e-06,0.00021815048168604908
microglia,rin2,12,3.0696114540236046,1.1053231650125803,9.62021455110596,1.0870395323511872e-06,0.0001292424251691409
microglia,havcr1,12,3.059795199152056,1.2450026714257367,8.513589355784472,3.5978220272176058e-06,0.0002764880877218908
microglia,ngfrb,12,3.0556011180749945,0.8303854378395626,12.746987466301654,6.23854684335339e-08,2.5932504946575795e-05
microglia,FRMD4A,12,3.0488261626755992,2.275783945238687,4.640793629155815,0.0007157200738805293,0.00995224542671684
microglia,ngfra,12,3.030724348387272,1.840342470850885,5.704773582403693,0.00013721994581573923,0.003239784176811365
microglia,abcc5,12,3.03015614704503,0.7069278354048755,14.848430458374182,1.2681884028498606e-08,9.15598653478577e-06
microglia,arhgap42b,12,3.0249463459803287,1.8557886988848777,5.646505730481088,0.00014958937602605675,0.0034383731064397288
microglia,caspbl,12,2.987534917193488,1.454398797505614,7.115740572448081,1.9530606682190675e-05,0.0008900276796879937
microglia,egr1,12,2.970727981378231,1.0878550602980352,9.459811305752343,1.2839995202446552e-06,0.0001418084338345612
microglia,acvrl1,12,2.9610932375819012,1.0718666696261743,9.569779672744536,1.145195026936349e-06,0.00013312892188135057
microglia,tcima,12,2.9332960273651256,0.9762253015249202,10.40869919085303,4.947247938221814e-07,7.891148092157876e-05
microglia,dock4b,12,2.919973204383472,0.6276347974812728,16.116193579540276,5.341747468065485e-09,5.971763127910118e-06
microglia,lgals9l3,12,2.903646299142555,0.8817728836696667,11.407161663656526,1.9547374000929275e-07,5.206623356461113e-05
microglia,CU499330.1,12,2.9014965977315796,1.0614294932944048,9.469379844838015,1.2712276503716977e-06,0.00014119890926294547
microglia,gadd45bb,12,2.876259639979676,0.9000295082171925,11.070365552953328,2.652530591407196e-07,5.659186939971809e-05
microglia,igsf9ba,12,2.8167882758313336,2.3344871204611337,4.179779245850359,0.0015371254357082402,0.01662878397207514
microglia,plxnb1a,12,2.8142906892354542,1.4501365966051714,6.722807316821367,3.274404914119353e-05,0.0012459542138538759
microglia,si:ch73-158p21.3,12,2.789481671120857,0.7016229948834527,13.772421988438479,2.7899766896552508e-08,1.621928379116083e-05
microglia,zfp36l1b,12,2.7526619077681107,0.9375085876158366,10.171107429402078,6.238488716583081e-07,9.008049365234569e-05
microglia,vmp1,12,2.7522599457247856,1.1163845593018527,8.54016480595761,3.491076417506741e-06,0.0002713248768110409
microglia,acox1,12,2.749171240212737,0.6579303754050916,14.474796862278302,1.6575150792536375e-08,1.1091201512030133e-05
microglia,csf1rb,12,2.7253244503805636,1.086257432150209,8.691126569923656,2.9460456924769227e-06,0.0002434480830515192
microglia,slc7a7,12,2.718527414157608,0.480640129997744,19.593152170260595,6.66192766355851e-10,2.4283757101243e-06
microglia,mertka,12,2.7095262494764545,0.8990596098744335,10.439879796602616,4.800516228135189e-07,7.839414447552912e-05
microglia,dennd5b,12,2.705878968161061,1.5381848871069197,6.093831620985404,7.805542648338878e-05,0.0022099593659151403
microglia,BX470264.1,12,2.657617289612784,2.4483579962067505,3.760175742121435,0.00315370087701158,0.027394858972424867
microglia,etv4,12,2.641123212018813,0.9016528248855824,10.147053202759261,6.388280906644218e-07,9.069885479186562e-05
microglia,fam102ab,12,2.6232463699220827,2.002134334696632,4.538752385128169,0.0008455942742852975,0.011201776395469404
microglia,C1H3orf70-1,12,2.6115996916611546,2.4523621279888026,3.6890337714504025,0.003569162044028108,0.029744824021236675
microglia,zgc:154125,12,2.6078423875000074,0.5657162076584822,15.968838976621853,5.887118435848815e-09,5.971763127910118e-06
microglia,rgs19,12,2.6042932264111665,0.8003050264052282,11.272622405516731,2.2061798604304036e-07,5.3711348344280804e-05
microglia,tmem106c,12,2.603911934230814,0.7138924969198455,12.63525751561192,6.833729938250286e-08,2.7571085419984793e-05
microglia,dapk1,12,2.596181169571207,0.9119974779826175,9.86125027735357,8.499205441091538e-07,0.00010998853833789922
microglia,slc22a21,12,2.583470696577599,0.9462720823665477,9.457538882784961,1.287053035349216e-06,0.0001418084338345612
microglia,slc3a2a,12,2.572477607165506,0.969662493131557,9.19012944917393,1.7076142243821934e-06,0.00017504253856202918
microglia,igf1,12,2.5684112159282915,2.649418502737963,3.358184987475754,0.006384373837909942,0.04379977400426588
microglia,arap3,12,2.5640815209305328,0.9692617951287585,9.163921432413824,1.7562082130861694e-06,0.00017779177980080832
microglia,csf1ra,12,2.556621597252364,0.7144913889521389,12.395386622260938,8.330501646111843e-08,3.0472975021477123e-05
microglia,egr3,12,2.54833340210378,2.1353953454610046,4.133981968679157,0.001660878469163178,0.017533073269335443
microglia,si:dkey-56m19.5,12,2.5478779455162037,0.4569479992823728,19.315344678383017,7.763204097014688e-10,2.4283757101243e-06
microglia,ttc39c,12,2.5458331049514378,0.7136229600381705,12.358100936468922,8.593541778966383e-08,3.0618677754018534e-05
microglia,cd2ap,12,2.5451479321087693,0.6620284889493842,13.317630901918161,3.959431590619677e-08,1.975036467066379e-05
microglia,slc4a4b,12,2.5450868376137135,0.5696444989505515,15.477090432868069,8.193061637926093e-09,7.024270188640699e-06
microglia,swap70b,12,2.5442266868727246,0.5068341999667747,17.389236511368306,2.3832142894906048e-09,3.856099987672066e-06
microglia,prokr1a,12,2.5424243523083834,1.5465040970536352,5.694919478051394,0.00013923287933741965,0.003270422983409339
microglia,scn4bb,12,2.53989810843297,2.4811523697407125,3.546120442666503,0.004583181244177648,0.03508358745368688
microglia,fosb,12,2.5325000347277338,0.778453630240004,11.269569721104672,2.2122771506847933e-07,5.3711348344280804e-05
microglia,ch25h,12,2.5298639617923553,2.3905194372389365,3.666025759759488,0.0037153050803484062,0.030526922695225674
microglia,zgc:153184,12,2.526445665666733,0.7632256841841566,11.466941813349925,1.853138019717096e-07,5.0337466901919345e-05
microglia,insig1,12,2.522933921149511,1.550999791573365,5.634881138361807,0.00015219613188121112,0.0034824861369149515
microglia,mpp1,12,2.5182968962104746,0.7267974937770921,12.002843185690217,1.1604547376676773e-07,3.577199519990194e-05
microglia,irf8,12,2.5175813533582034,0.7660748912871049,11.384210253590446,1.995335112648565e-07,5.227771047562429e-05
microglia,BX901920.1,12,2.5170539471399747,0.7815481281960208,11.156485863260288,2.4515316973196347e-07,5.606200187754191e-05
microglia,qki2,12,2.516768965039173,0.6995701480339537,12.462429194874147,7.879245123246076e-08,2.9606149211131275e-05
microglia,slc36a1,12,2.5061211429939765,0.760871950173174,11.409880857351116,1.9499871786852285e-07,5.206623356461113e-05
microglia,inppl1a,12,2.4987167943864317,0.8089513115717829,10.70003689886816,3.7449059186359047e-07,6.671525576478964e-05
microglia,tnfsf12,12,2.4868750833526554,1.096008066128565,7.860150175096641,7.721684219024896e-06,0.00047498745862992826
microglia,arhgap17b,12,2.485644954747723,0.42953272830073125,20.046264545345792,5.213470861067635e-10,2.3838595512231763e-06
microglia,cd99l2,12,2.480185802441198,1.3803862552327117,6.2240663520877115,6.492390647366954e-05,0.001983423236248616
microglia,plcb3,12,2.4698640778143055,0.5406828562898811,15.824175006836404,6.4819080719493825e-09,5.971763127910118e-06
microglia,tmem104,12,2.4560383144918534,0.8387971813955144,10.143055414083125,6.413551240977557e-07,9.069885479186562e-05
microglia,scarb2a,12,2.450927714995967,0.871251309933221,9.744906617993115,9.565197681919247e-07,0.00011820774702858313
microglia,CU928117.1,12,2.4473015298838074,0.9845100707011706,8.611086300378577,3.2225751041359536e-06,0.000256264776759333
microglia,ttyh3a,12,2.4409745514955037,0.8084183859593428,10.459663007678046,4.709866407685098e-07,7.839414447552912e-05
microglia,tlr8b,12,2.428503953182274,0.881361630496084,9.544986048294414,1.1750097663997466e-06,0.0001347864477820349
microglia,enpp1,12,2.426405218567211,0.9954745506200077,8.443524981509876,3.8964942982885944e-06,0.00029368220075150437
microglia,si:dkey-151g10.3,12,2.4241458975979246,0.8033553392521606,10.453017872534103,4.7401070551525936e-07,7.839414447552912e-05
microglia,epb41l3b,12,2.417322724008958,0.8544086126548833,9.800757422761412,9.036456872056481e-07,0.00011530939269063701
microglia,glud1a,12,2.414802716668991,0.967783716604569,8.643586214077656,3.1070541559601255e-06,0.00024924310024457145
microglia,abi1a,12,2.4121067971323544,0.8027368628370026,10.409118403134308,4.94524328347204e-07,7.891148092157876e-05
microglia,CU896641.1,12,2.4118182564635045,2.1865037509530647,3.8210698307708006,0.002837885954619813,0.02547689828697466
microglia,mrc1b,12,2.4113376138357836,1.3809807176942572,6.04868584745895,8.324702087417023e-05,0.0023116214753875104
microglia,BX908750.1,12,2.4107045316582583,0.44011382237758795,18.97446759709525,9.393203543970743e-10,2.4283757101243e-06
microglia,bhlhe41,12,2.4096068015525285,1.2879619568683531,6.480876836922148,4.545245052850121e-05,0.0015705138290295097
microglia,ralgps1,12,2.4058767152676603,1.2362511713715378,6.741511440539044,3.193435032707397e-05,0.0012370003600272652
microglia,ppp1r9a,12,2.4048754880892234,0.6299480733851595,13.224475817075072,4.259372224779305e-08,2.050103105031934e-05
microglia,sall3b,12,2.3967368325742076,1.6414868132159564,5.057938855149465,0.0003674687635680987,0.006300940955306742
microglia,abca1b,12,2.3967262691769116,0.763480315372999,10.874548004610478,3.1792400095078695e-07,6.185989337648823e-05
microglia,camk1b,12,2.395989799985644,0.9196058265314422,9.025554097769813,2.0387890360134415e-06,0.0001948068077208066
microglia,bhlhe40,12,2.3955739338350495,0.8219735729306111,10.095837392670576,6.720343953114997e-07,9.406767160903567e-05
microglia,kif1b,12,2.385484081428268,1.3151660829295901,6.2832819114021135,5.9753071526419514e-05,0.0018735148769455077
microglia,clic5b,12,2.383905299710631,2.346510218277377,3.519307154402885,0.0048043054287433004,0.03611126559933492
microglia,rbpjb,12,2.3792615934578314,0.7891428841625493,10.44424792283218,4.780339503920754e-07,7.839414447552912e-05
microglia,tmem245,12,2.3762568369307573,1.342070514593621,6.133504206585222,7.377813302294563e-05,0.002146256158113349
microglia,spi1a,12,2.3694898653668113,0.6552540319030673,12.526674037900397,7.471613230796054e-08,2.8534639435434508e-05
microglia,kctd12.2,12,2.365106497224725,0.9134706391466003,8.969055912583194,2.1679723256258592e-06,0.00020026370624089376
microglia,si:zfos-741a10.3,12,2.352908560715545,0.9047719299574254,9.008584457112528,2.0766940457952604e-06,0.00019603542949741927
microglia,AXL,12,2.348607000144313,1.5034763729361718,5.411334324220302,0.0002129606102054584,0.004321430725581917
microglia,tgfbr1b,12,2.341915850226917,0.8308942025202958,9.763739420350099,9.383260791326963e-07,0.00011701352718638874
microglia,si:ch1073-392o20.2,12,2.3270322857785666,0.45972449691653217,17.534580718910018,2.181112386475399e-09,3.856099987672066e-06
microglia,parp12a,12,2.323548093682357,1.766605029823193,4.556200490938754,0.0008217419219795394,0.01100805157690853
microglia,mfng,12,2.314572313958952,0.5067702972649702,15.82159359854132,6.4930979352741225e-09,5.971763127910118e-06
microglia,gpd1a,12,2.3116296025498064,0.8723184786627094,9.179812231043307,1.726568466058027e-06,0.00017609072812751662
microglia,rac1a,12,2.310444003580333,1.1400586790144605,7.020351629099307,2.21017335323547e-05,0.0009694350545986876
microglia,si:dkey-27i16.2,12,2.3096374151590546,0.8568303451711409,9.337692981259911,1.4597672475771876e-06,0.00015403351706646208
microglia,cyfip1,12,2.3078591482172404,0.8096299619300751,9.874459912268236,8.386545378924912e-07,0.00010904496325630567
microglia,mgat1b,12,2.2991363002726986,1.05458948147399,7.5521725857389255,1.124735457210699e-05,0.0006122443902495144
microglia,itgav,12,2.298383854991654,0.8891545857104531,8.95438808080988,2.202937099585709e-06,0.0002015652751619084
microglia,ier2a,12,2.293708150975918,0.8718789757211342,9.113235129770672,1.8544804500314012e-06,0.00018500971326040544
microglia,BX322618.1,12,2.276489768175612,0.8960560804829156,8.800779387079965,2.6079858750237215e-06,0.00022429496075635047
microglia,srgap3,12,2.274397730573693,1.2088629380828562,6.5174839956967565,4.323085854957956e-05,0.0015128043422292284
microglia,marveld1,12,2.2609282071529213,0.8347098683076117,9.383002827064482,1.391690888887773e-06,0.00015031905329384275
microglia,si:ch1073-90m23.1,12,2.2568181097888194,1.793320968367068,4.35942444051732,0.0011373843217905332,0.013665365489341332
microglia,CABZ01020840.1,12,2.255067435401395,0.6496438425909338,12.024716056821662,1.1389365362575942e-07,3.550764076389443e-05
microglia,slc7a8a,12,2.2364575616991513,0.7009694113916416,11.052288624532487,2.696948115591473e-07,5.659186939971809e-05
microglia,si:dkey-265e15.2,12,2.233154347913823,0.9523933770440994,8.12256129654078,5.65132587418415e-06,0.0003790809910959466
microglia,mmp14b,12,2.2288978566330244,1.0682120797605934,7.228085893645754,1.6907402963743055e-05,0.0008174963454468521
microglia,zgc:123010,12,2.226570905935383,0.7278177709015107,10.597526166358524,4.1273556977670253e-07,7.212356915174417e-05
microglia,BX248082.2,12,2.2255259791182276,0.684974938248368,11.255080599750473,2.2414671647941695e-07,5.394267690011232e-05
microglia,smox,12,2.219551780598446,1.1295206878006145,6.80709347876078,2.9260581734043398e-05,0.001161742488963069
microglia,slc43a2b,12,2.2146206504403554,0.6740671884819407,11.381166600595328,2.000787169652105e-07,5.227771047562429e-05
microglia,mvb12ba,12,2.2118878680788483,0.8644339753477079,8.863839870747231,2.4327261587941652e-06,0.00021590415248173993
microglia,mef2cb,12,2.2097822854075386,1.3181056337652106,5.8075090401643745,0.00011798623097544029,0.0029293685491504112
microglia,mafba,12,2.2045259372024977,0.6013439757190944,12.699390312415092,6.484919908743596e-08,2.6554295178564263e-05
microglia,PAQR9,12,2.2012273948213745,0.8020697496165758,9.506997835701206,1.2223311372260296e-06,0.00013800269444360543
microglia,klf12a,12,2.2012027570069606,0.7390244470288329,10.317913103483564,5.402830127254405e-07,8.319080478477851e-05
microglia,ier2b,12,2.200038136507466,0.8142665934109231,9.359533749402045,1.42651358801705e-06,0.0001522817131799524
microglia,coro1ca,12,2.198525686896535,0.8306965502071452,9.168108837097009,1.7483448414004649e-06,0.00017765126194008057
microglia,anxa3b,12,2.1960783271337276,1.765744853799313,4.30834526495955,0.0012385562767889629,0.014447190243922277
microglia,slc17a5,12,2.1925106634798044,1.5349350807509698,4.948143948114883,0.00043691346706971606,0.007112239147644288
microglia,slc38a2,12,2.1922911715004525,0.9626381336120289,7.889069758281245,7.457818592338287e-06,0.00045978708557483354
microglia,lima1a,12,2.1906327476026877,1.240735434758445,6.116190629005065,7.5613191532839e-05,0.0021711575734631007
microglia,ip6k2a,12,2.188798196392561,0.9462136400388756,8.013221376752249,6.430433005687444e-06,0.0004131590855059368
microglia,pgap4,12,2.1873647350435887,0.9552213583780867,7.932458424532739,7.07997607421274e-06,0.0004424581858679419
microglia,adrb2a,12,2.1867920609314084,0.458198100696176,16.532739657220784,4.076066468342919e-09,5.325089693285142e-06
microglia,si:dkey-56i24.1,12,2.1777925660964303,0.7171144173694577,10.520071222836561,4.444346881567577e-07,7.489155240996366e-05
microglia,mras,12,2.1777094122478955,1.2804985194041383,5.891304502077072,0.00010442635112353214,0.0027104417626055855
microglia,junbb,12,2.168990284829308,1.0152504666978552,7.400738039878586,1.3586222039558027e-05,0.0007008418152803042
microglia,scarf1,12,2.1656248500654898,1.9363248889856346,3.874321186267609,0.0025885765012704336,0.02396231409179342
microglia,arhgef4,12,2.1638260267445837,1.1265574900561341,6.653644665528366,3.5934534775953865e-05,0.0013179999486340834
microglia,rgs5b,12,2.160547191566152,1.8498732284324735,4.0458745501320985,0.0019290661673662985,0.01951472356257168
microglia,eepd1,12,2.157579757340035,2.217065672540738,3.3711565763520723,0.006239443441980009,0.04316165679039878
microglia,snx33,12,2.1502184282234262,1.9326086610813002,3.854155929292087,0.002680202117204691,0.02448596239943746
microglia,CU570894.1,12,2.147278057566207,0.6056451988720184,12.281760676413446,9.160654330004532e-08,3.181298120806005e-05
microglia,smpd2a,12,2.145029190390923,1.2049244211371406,6.166859059872188,7.037555778673052e-05,0.0020767570347523545
microglia,mafbb,12,2.1436214607578834,0.6706889565577675,11.071782965634304,2.6490814757866645e-07,5.659186939971809e-05
microglia,slc43a2a,12,2.1389514430035876,1.2401947007299041,5.974501539193117,9.259465250994895e-05,0.00247812817946893
microglia,entpd1,12,2.13628468919203,0.8158907444201022,9.070218399749058,1.9425477197162032e-06,0.0001896576394676656
microglia,csf3a,12,2.127858713830727,2.0473390011262786,3.6003411273418715,0.004167437251962571,0.032949176082879866
microglia,itgae.1,12,2.122031474705816,1.0228162872145263,7.1869530733819635,1.782106129239769e-05,0.0008429669250981562
microglia,gng10,12,2.112885617722513,0.9783991127424015,7.4808433344122856,1.2290010820364816e-05,0.0006547115472945801
microglia,BX571880.1,12,2.112586697645281,1.0873950015043328,6.730042883503537,3.242824347370074e-05,0.0012403377661825605
microglia,etnk1,12,2.1112632936003273,0.9497112274223655,7.700899362000861,9.366765262831089e-06,0.0005393717659856646
microglia,bin1b,12,2.1061434391237532,1.0242295620848787,7.1233004389457,1.934103674102914e-05,0.0008858453138399574
microglia,myo9ab,12,2.10020394015483,0.9840252527562805,7.393428004851156,1.371162295970047e-05,0.0007044538874520269
microglia,arpp21,12,2.099056102518055,1.8233882064035891,3.9878198232615487,0.0021301094594102952,0.02102142194925232
microglia,inpp5b,12,2.0968074051338497,1.2604762725312924,5.762547123691809,0.000126024779902159,0.003058000545728353
microglia,vrk2,12,2.0848382134701153,0.7088278714112202,10.18878025803941,6.130858565609843e-07,8.946814082314151e-05
microglia,skia,12,2.084557048519704,0.5451470032396419,13.24618386547299,4.187335623234584e-08,2.050103105031934e-05
microglia,notch1a,12,2.082551643235884,1.0795553494209982,6.682538801563451,3.456289119012379e-05,0.0012949019402459596
microglia,DAB2,12,2.080238222740851,0.7968764616010803,9.04300344471124,2.0005903205226693e-06,0.000193357390910766
microglia,nck1a,12,2.0791767426948904,0.8205471324140202,8.777654845172377,2.67562983194328e-06,0.00022736513274018678
microglia,wdfy4,12,2.0790589476803016,0.5912735775182613,12.18060764503467,9.975511072583395e-08,3.297327063570186e-05
microglia,prcp,12,2.0767171579461023,0.8307606605654507,8.659484737913406,3.0521772239094888e-06,0.000247010271793383
microglia,BX682234.1,12,2.0731922963564813,1.0486067890819986,6.848848259495716,2.768398653191745e-05,0.0011235357551821824
microglia,usp43a,12,2.0712956143837515,1.6532687359869482,4.339995263341836,0.0011748081148603973,0.013934656563421964
microglia,cmklr1,12,2.067727248328172,1.019600326891165,7.025122601164626,2.196485690407434e-05,0.0009694350545986876
microglia,itgb5,12,2.066894078371074,2.001783086217428,3.576776706977435,0.004343135805077301,0.03388629605956424
microglia,CABZ01078737.1,12,2.063601775788586,0.8948483720218925,7.988533552738575,6.621896549334638e-06,0.00042446666315653226
microglia,rgs2,12,2.0605077000549485,1.328380948295454,5.3733140790096305,0.00022564134128604638,0.004487410373955932
microglia,psap,12,2.0580759256054018,0.8071345293837799,8.832956438388091,2.5169146989111463e-06,0.00021815048168604908
microglia,spns1,12,2.0570671616748832,1.2689727543038156,5.615478861178708,0.00015665520806886046,0.003546069004430022
microglia,loxl4,12,2.056633779061888,1.2744391795315295,5.590214511777643,0.00016267084080348406,0.0036372245455937938
microglia,xirp2a,12,2.0521000571859935,0.9705508969658591,7.32437952996126,1.4959400922424673e-05,0.0007572161703076031
microglia,grapa,12,2.0445063864456072,0.8380541960051917,8.45097836059496,3.863486180934641e-06,0.00029280315849155214
microglia,slc16a9a,12,2.0432462906421125,1.777320019475328,3.982407612573353,0.0021499306832005937,0.02114856518236224
microglia,zgc:162183,12,2.0414956648768205,1.675034551433338,4.2219716745215825,0.00143162128072995,0.015907869516738025
microglia,fosab,12,2.039971863360912,0.6848032396428422,10.319270438016208,5.395693542457054e-07,8.319080478477851e-05
microglia,rsph3,12,2.0384988147872183,1.9680057589158526,3.5881841324747556,0.0042571483795713445,0.03344641059379721
microglia,prf1.9,12,2.0379686639166192,1.9655466326297633,3.5917390221509367,0.004230711716886579,0.03328637107908898
microglia,zgc:171534,12,2.0378125855969444,1.2362826491996377,5.710012895258618,0.00013616232455595278,0.003228706459976287
microglia,galk1,12,2.0370947840988984,0.8671617493675945,8.13770134226056,5.551721150709834e-06,0.00037422965545386806
microglia,bcam,12,2.0344213614434135,1.3953698842004671,5.050590817419706,0.000371730665197721,0.006345629578670767
microglia,trim3a,12,2.033050520972869,0.5404439719809911,13.031311215376974,4.962992311154162e-08,2.249549559463319e-05
microglia,atp13a3,12,2.0273624208993923,1.4101037213619103,4.980477202006253,0.00041512645644510056,0.00690185768308735
microglia,elmo1,12,2.026850003051756,0.6779656115542698,10.356298681753294,5.20488979179403e-07,8.254112799876834e-05
microglia,vat1,12,2.015365907752994,1.004797084975367,6.94810166205037,2.429032318389058e-05,0.0010331860721706017
microglia,aplp2,12,2.014949795509272,0.7289407091036137,9.575526176372462,1.1384021537062373e-06,0.0001329023961145984
microglia,rassf2a,12,2.0135129745741183,0.7576676119498639,9.205901687380793,1.6790714239885335e-06,0.0001738314132721714
microglia,cx32.2,12,2.0092259977265665,1.1363250038512438,6.125151695432128,7.465740381607662e-05,0.0021582991292877366
microglia,arid3c,12,2.009193446289047,1.0029403684096778,6.939645149043457,2.456130385696548e-05,0.0010351810686020182
microglia,si:ch73-92i20.1-1,12,2.008526403916758,0.6151392590032562,11.310836461858853,2.1313746770036695e-07,5.364611400329878e-05
microglia,gnpda2,12,2.0062355771651776,0.8116286943302384,8.562787333362754,3.4028985159280155e-06,0.00026673863081281456
microglia,CABZ01073834.1,12,2.00412474192644,0.6238467904717913,11.128520433990815,2.5149297242041413e-07,5.6554997527492304e-05
microglia,reep3a,12,2.002933990087333,0.6400832509721087,10.839788198704442,3.2840652698693734e-07,6.262705000827907e-05
microglia,jdp2b,12,2.0016704312173705,0.8566570787991398,8.094242078141269,5.842841837075018e-06,0.00038626112241000747
microglia,dse,12,1.9917217230499178,1.0859637603624746,6.353367109984625,5.419554531896951e-05,0.0017700652212213437
microglia,rnf213a,12,1.9878178334061973,0.5867404774802586,11.736028502539652,1.4616200232155405e-07,4.311779068485845e-05
microglia,slc12a2,12,1.9775683912513997,1.060153061952178,6.461800756925381,4.66582699244799e-05,0.0015941091349665083
microglia,si:dkey-88j15.3,12,1.9730152017723988,2.064624336362308,3.3103964855869674,0.006948638019844343,0.046428612779939
microglia,mgat4a,12,1.9685747256910968,0.8165376638220428,8.351535010480674,4.329898209893462e-06,0.00032105610104980303
microglia,uhrf1bp1,12,1.9616363355663176,1.8354596186452565,3.7022375917830153,0.003487985331941197,0.029335646101105683
microglia,plxnb2b,12,1.956484571676791,1.181188217741456,5.737833533166135,0.00013068986442997635,0.003136899764336309
microglia,cbsb,12,1.9541732728459449,1.7385592683394477,3.893715281383756,0.002503516320709721,0.02346565434187605
microglia,gnsb,12,1.9536970624066619,1.0301770353556285,6.569555442513317,4.026874657780171e-05,0.0014366359718621456
microglia,ehd4,12,1.953680799163952,0.44798409622543434,15.107118464405936,1.0573873701266101e-08,8.288406428406728e-06
microglia,dmxl2,12,1.9490151058331975,1.4489957532160627,4.6594935568716735,0.0006942868056286494,0.009740605623672882
microglia,MDFIC,12,1.9470434599830597,1.2214858934889978,5.521763640843447,0.00018023746688965257,0.003878286199307936
microglia,selenop,12,1.9429718622201886,0.9755964141197982,6.8990126128709575,2.5909327367234197e-05,0.0010761394622303855
microglia,cxcr3.2,12,1.9427636749550967,0.9273294673797037,7.257324414869777,1.628859265395865e-05,0.0007994231475158418
microglia,selenon,12,1.9411046311693072,1.8960746291059705,3.546370794041758,0.004581166665413566,0.03508358745368688
microglia,pik3r6a,12,1.9400187839504586,0.8771414022623174,7.661731832002339,9.82673739029478e-06,0.0005562826320926892
microglia,ddit3,12,1.9380404035002725,0.9997595830247097,6.715183336033688,3.308037604876102e-05,0.0012500828056442956
microglia,rgs18,12,1.936505030732236,0.8204134060728479,8.176670633398052,5.3039421384083295e-06,0.00036248243766211105
microglia,il1b,12,1.9340859403181174,0.9883539672037371,6.7788165495268515,3.038277638801136e-05,0.0011959131566787542
microglia,CABZ01038524.1,12,1.9334670057451442,1.902066548503803,3.5212890856452175,0.0047875918895659815,0.03604489118832127
microglia,ctsla,12,1.9267452087661834,1.0659524795891255,6.2614809923032855,6.160366868028218e-05,0.0019032619935175018
microglia,tfec,12,1.9261030710729816,1.045558322258379,6.381486921756682,5.2123448955509856e-05,0.0017251334785825044
microglia,gdpd5b,12,1.9258289974022358,1.9167707825706728,3.4804721571522768,0.005144166343623589,0.037802136150426775
microglia,fam49al,12,1.9235172319764333,0.49278848531972214,13.521539866565124,3.379884904080439e-08,1.7752011656663267e-05
microglia,zgc:194930,12,1.923070952312629,1.8797531557193152,3.54392978230244,0.004600848389531643,0.03516744344648408
microglia,CR753876.1,12,1.92268067598592,1.1898444166396147,5.597674067242604,0.00016086951412484215,0.003617586163946758
microglia,git2b,12,1.914738259453961,1.3978572429103744,4.745010930680418,0.0006045343412151722,0.008907303786916353
microglia,zgc:162730,12,1.911429723556629,0.642031519065675,10.313180266026023,5.427794443767215e-07,8.319080478477851e-05
microglia,asah1b,12,1.9096862413836913,0.540809622040761,12.232303057442627,9.549662751442844e-08,3.2345061430349925e-05
microglia,spry4,12,1.908228274736027,1.088405551513782,6.073376453630574,8.036354294235946e-05,0.002261306462178084
microglia,lyn,12,1.9065390733847565,0.884210432583172,7.469313683780964,1.2468087568449641e-05,0.0006593740160157421
microglia,arhgef10,12,1.9026720926304668,1.7921004264348157,3.6778348868935264,0.003639539855882345,0.03009366363656785
microglia,slc38a7,12,1.9019945457953324,0.6384327581325467,10.320119533567093,5.391234361701502e-07,8.319080478477851e-05
microglia,si:ch211-26b3.4,12,1.900704667636037,0.9304406291488594,7.076468828624708,2.0548001797319343e-05,0.0009241548021466495
microglia,disc1,12,1.900640019465542,0.6299793253597263,10.451152754047097,4.7486325595594503e-07,7.839414447552912e-05
microglia,lpar6a,12,1.8958301462024771,1.7445990386753432,3.764388335599089,0.0031307252058295106,0.02728025954290466
microglia,adgrg3,12,1.8952553270355363,1.3213832651267892,4.9685486510624735,0.0004230275267165891,0.0069652162649067595
microglia,man1a2,12,1.8943084189695287,0.7394935155375815,8.873744956304357,2.406372603574852e-06,0.00021434685837362356
microglia,fam117ab,12,1.8931877860671162,0.6126945204289371,10.703857548591891,3.7314145223753836e-07,6.671525576478964e-05
microglia,CABZ01068358.1,12,1.8920682077444704,0.8457279077298501,7.749911613998735,8.823546324409772e-06,0.0005172521226713292
microglia,si:ch211-238e22.5,12,1.8919575031682359,1.7915745738797353,3.658197173620433,0.0037664269134995683,0.030808563617131978
microglia,slc4a2b,12,1.8857529514506914,0.8555381195539367,7.635474908209856,1.0148662649531948e-05,0.0005670642765578594
microglia,mical3b,12,1.8766733619915106,0.7210911035356138,9.015486659709865,2.0611855948403468e-06,0.00019566998890811388
microglia,pyroxd2,12,1.8757867505044654,0.9449969668918071,6.876123564130409,2.6703452004254394e-05,0.0010934465757264466
microglia,rnaset2l,12,1.8747811950567128,0.9409357158246296,6.902100171778655,2.580415945872782e-05,0.0010742596581945337
microglia,chd7,12,1.871343420917241,0.6459381561362637,10.035827277417106,7.133371873451821e-07,9.783946916969579e-05
microglia,osbpl1a,12,1.866241406644561,0.8323917418899602,7.766595396917107,8.64644945978733e-06,0.0005146694916076049
microglia,adipor2,12,1.8652285349656024,0.873132254354162,7.40018610966868,1.3595647046432335e-05,0.0007008418152803042
microglia,rgl1,12,1.8563593199550583,1.4460443818949156,4.447040076394872,0.0009834964818705915,0.012451419464752965
microglia,arhgap4a,12,1.854280079401175,0.820999788521125,7.823893145626667,8.06678283716356e-06,0.000488547874475899
microglia,phf20a,12,1.853064145774094,1.3127106412276486,4.890036157798383,0.00047915953953727466,0.007568072519979925
microglia,tbc1d9,12,1.8526323888614924,1.5684337190637254,4.091793470458321,0.0017840845860285274,0.01838015794881436
microglia,slc24a3,12,1.8517012465425375,1.1398233047629855,5.627610220019516,0.00015385112830508933,0.0034970221251450916
microglia,vsir,12,1.8480610765566763,0.716419755615706,8.935922425354251,2.2478232559715172e-06,0.00020352815520652994
microglia,acsl4b,12,1.8463768365774202,0.8036666980822279,7.958569139424964,6.8625687963221275e-06,0.0004337601372073595
microglia,soga1,12,1.8449939939051339,0.9701095323159774,6.588170161515863,3.926320062838967e-05,0.0014097532030908867
microglia,CR855277.3,12,1.8431840314629409,1.4503796685833559,4.402279567682684,0.001059184304484128,0.01306009950270654
microglia,slc6a15,12,1.838761244396969,1.4510484392434353,4.38969204907407,0.0010815514259215472,0.013183197822644802
microglia,zgc:158343,12,1.8369534120294804,1.2037254939592037,5.286415643332547,0.0002577305433945407,0.004920554946436482
microglia,socs3a,12,1.835222953360746,0.9088414112751059,6.995058453548458,2.2842832416853514e-05,0.0009900365045124426
microglia,tuba4l,12,1.824382068728803,1.825158116299927,3.462628697465282,0.0053084989806498565,0.03863459211591864
microglia,sox4b,12,1.8204356221274638,0.6489416314388268,9.717628941271753,9.83551523563015e-07,0.0001194368282952057
microglia,marcksl1a,12,1.816717787715863,0.7559075504564593,8.32548242027185,4.461888131257453e-06,0.0003247000023369979
microglia,si:ch211-39i2.2,12,1.8096980776061964,0.7809830040093367,8.02703516128293,6.3259101836197275e-06,0.00040835610797084057
microglia,sdc4,12,1.8091071572875617,0.81846177981216,7.656962340935943,9.884387734334991e-06,0.0005579797890771203
microglia,xaf1,12,1.8074347508844302,1.5117366070218088,4.14168553616598,0.0016393561944213126,0.017385286893679443
microglia,casp8ap2,12,1.8071907656521748,1.141312984112966,5.485167116558534,0.00019044669925369237,0.004037793813002357
microglia,CABZ01066694.1,12,1.8043979603519744,0.9012664603941972,6.935371683611349,2.469947456395153e-05,0.0010390838841021607
microglia,dusp6,12,1.7999420340443841,0.581431830577268,10.723840318643985,3.661704103020804e-07,6.65290411035601e-05
microglia,ccr12a,12,1.7991757154337515,1.44653573026263,4.308588700134713,0.00123805238008562,0.014447190243922277
microglia,p4ha1a,12,1.7987765851003472,1.2068283098164194,5.163240556285888,0.0003117588592084213,0.0056159581762199855
microglia,jmjd1cb,12,1.7936681587377141,0.5629770615360801,11.03677075003929,2.735720826687053e-07,5.659186939971809e-05
microglia,adgre5a,12,1.7909204187141057,0.8072771943732662,7.68500628816496,9.550554009293695e-06,0.0005479499696792959
microglia,hipk2,12,1.7905099217522942,0.7776113547868487,7.97636026490697,6.7185571764823675e-06,0.00042766500263757254
microglia,map7d1b,12,1.7903660191543367,0.7438240286761316,8.338006812819307,4.397902554205176e-06,0.0003230352099660037
microglia,naga,12,1.7849571229888932,1.0178614871231333,6.074768454177163,8.020418534933426e-05,0.002259139450779246
microglia,npl,12,1.780045704877076,1.1075369486853268,5.567542652733346,0.0001682784870915714,0.003710459700709804
microglia,clul1,12,1.778897820898871,0.8283769311829973,7.438984093558126,1.2949911433201533e-05,0.0006754388216157492
microglia,arhgap12a,12,1.7772531839105252,1.2080348806030428,5.09636412304572,0.00034600815012360053,0.006030961625566062
microglia,bmp2k,12,1.7767989799632151,0.850502817769477,7.236909846351575,1.6718032809858435e-05,0.0008132255853518904
microglia,BX005005.2,12,1.7731614627048657,1.8100188612948627,3.3935621435799574,0.005996979733161781,0.04207855216861725
microglia,si:ch211-117k10.3,12,1.7692967106217663,1.4378312149098385,4.2626864192172285,0.0013369679086290913,0.015245236134976182
microglia,arhgap27,12,1.768832940411272,1.6997038810133867,3.6049909129667346,0.004133641266142213,0.03276695987766877
microglia,snx13,12,1.7678171900045037,0.881092455034828,6.950347092599745,2.421891058204238e-05,0.001031748154997411
microglia,fuca2,12,1.7663329417485176,0.6703412452586611,9.127823835487025,1.8256004455879598e-06,0.00018279324169600611
microglia,npc1,12,1.764276540968609,1.277228016277148,4.785076068823747,0.00056677036584172,0.008487633726456107
microglia,samsn1a,12,1.7636916254171933,0.5799083358799053,10.535470229001646,4.3792849618575025e-07,7.489155240996366e-05
microglia,AL929435.1,12,1.7620813867018246,0.5140438971541123,11.874528637479289,1.2959104598404e-07,3.864489507143627e-05
microglia,tspan36,12,1.757105952075701,0.5727345617726209,10.627599542299128,4.0109508888464447e-07,7.053874207403988e-05
microglia,C5H11orf54,12,1.7569179481153536,1.046353324470419,5.816526941137428,0.00011644072742136474,0.002901499869941091
microglia,slc20a1b,12,1.7499481238578012,0.6203500979803824,9.771898387698478,9.305604900597865e-07,0.00011701352718638874
microglia,fuca1.2,12,1.7435267974936777,1.0502358745192482,5.750854776312549,0.00012820940395245328,0.0030936015808580085
microglia,strbp,12,1.7433188339022248,1.171834096365758,5.153488541551904,0.0003165210511551598,0.005675656887870464
microglia,inpp5d,12,1.7392285148657394,0.7325198763170533,8.224847546433445,5.013966389949296e-06,0.00034706302349954573
microglia,slc25a25a,12,1.7356963631471023,0.5449332863438268,11.033696648093768,2.7434731657235305e-07,5.659186939971809e-05
microglia,ccnd1,12,1.7294513817262764,0.8952820181421076,6.691740930051013,3.4137914248956355e-05,0.0012847375547601065
microglia,rbm47,12,1.7281698968137558,0.6352419117532724,9.424057229256235,1.3329647422598672e-06,0.00014627955081559783
microglia,slc37a2,12,1.7279547521152807,0.9295641909586029,6.439373316989222,4.811986304038288e-05,0.0016228212042752575
microglia,FAM83G,12,1.7253242963978812,1.0313997275414912,5.794745259468646,0.0001202111689451485,0.0029631567115994155
microglia,wipf1b,12,1.7199040331428392,1.0122356604563005,5.885904411237899,0.00010524808762538296,0.0027137981992503587
microglia,gadd45ba,12,1.716044628694479,0.6234992178301355,9.534178712520104,1.1882674299840266e-06,0.00013527019477847208
microglia,ifih1,12,1.715815187742251,0.8015008808800442,7.415784941633005,1.3331960706239857e-05,0.0006901176263692274
microglia,dusp2,12,1.7148166686327138,1.3089345150060925,4.538270725826248,0.0008462629484094008,0.011205223933210383
microglia,C24H8orf44,12,1.7123514701643812,1.2902596167948581,4.597337943672965,0.0007682602142856955,0.010507088224789659
microglia,her9,12,1.7105524075712246,1.083150872341309,5.470638956359604,0.0001946683808490803,0.004086671093189085
microglia,CU659670.1,12,1.708244487057911,1.335733086667588,4.430175868017648,0.0010113247234544037,0.012640407192697751
microglia,bcl6ab,12,1.707964225433973,0.9832390011908082,6.0174195945825355,8.705780041603787e-05,0.0023836634275588814
microglia,snx17,12,1.7076040388240488,0.43161362511763085,13.705113936785466,2.93639553198729e-08,1.621928379116083e-05
microglia,slc31a1,12,1.7064130433446458,0.5937719138492434,9.955317928768094,7.73119699432488e-07,0.00010346604367770882
microglia,nedd4l,12,1.7046871069845417,0.8565810165173044,6.893929758820847,2.6083461146839042e-05,0.001079335982750421
microglia,slc16a6b,12,1.701019049517761,0.820616814577482,7.180577746080535,1.7967355567708126e-05,0.0008455135506004672
microglia,cdc34a,12,1.7004731503164354,1.067183904171511,5.519771956345818,0.00018077784543640057,0.0038846266776191053
microglia,si:ch211-225b11.1,12,1.7002794469843308,0.7128578182865886,8.262434145200087,4.799602733356484e-06,0.00033850154496050164
microglia,zgc:77486-1,12,1.6894163817309986,1.1378768589628692,5.143183966258605,0.00032163686121510784,0.0057203814645573345
microglia,ncoa2,12,1.6893972051171202,0.7088998558391518,8.255388315642834,4.839021727671038e-06,0.000340406566919628
microglia,fbxw11a,12,1.6884632157366573,0.831159814800735,7.037164271634453,2.1623416393416847e-05,0.0009630493973269337
microglia,C7H20orf27,12,1.6857025939346244,1.2131486156100617,4.813462261055563,0.000541524527262805,0.008203157858386158
microglia,si:dkey-56f14.7,12,1.683937059567942,0.675989920125852,8.629313713366631,3.157225962916228e-06,0.00025179794852501954
microglia,col5a1,12,1.682964923742612,0.9874607888851885,5.903992924254551,0.00010252233377235649,0.002676213346379258
microglia,unc93b1,12,1.6806992395641387,0.9582261133698834,6.0759280811704865,8.007168761299383e-05,0.0022577253336716193
microglia,arhgef1a,12,1.679748986746296,0.5048436316588498,11.525987084147163,1.7583836855950296e-07,4.824125641429964e-05
microglia,zgc:123107,12,1.6795797151569622,1.3592288423883854,4.280541011625578,0.0012975450800756885,0.014907097685040418
microglia,si:ch211-158d24.4,12,1.67702630951716,1.6647441026797183,3.489659184300817,0.005061600702407325,0.0373493854950363
microglia,xpr1b,12,1.6757916853634691,0.4703445638966234,12.342255294307842,8.70804506672983e-08,3.062887389817088e-05
microglia,plod1a,12,1.675475704960042,1.5440495857697623,3.7589583580521118,0.0031603729630677027,0.02742088306191095
microglia,cul5a,12,1.6737829804711017,0.7481017205682596,7.750489227101013,8.817350208247063e-06,0.0005172521226713292
microglia,nup37,12,1.6702382007975185,1.4161898039337806,4.0855221757535,0.0018031967531991339,0.018537451078550683
microglia,myo18ab,12,1.6641137438206417,0.8491075718087353,6.789079851758207,2.9970225029827176e-05,0.001181369430593834
microglia,tpte,12,1.6639248524156303,1.2345370507555677,4.66896053479571,0.0006836945398136253,0.009628932084079472
microglia,tmem9b,12,1.662410095657411,0.4385372136340251,13.131741887232481,4.582614372640333e-08,2.1309156832777548e-05
microglia,znf827,12,1.6571032159161743,0.5155674260801574,11.134089619177583,2.502164016378368e-07,5.6554997527492304e-05
microglia,csf2rb,12,1.6425493324486957,1.2421939027909754,4.5805713445338165,0.0007896024701716355,0.010693482702388755
microglia,ms4a17a.10,12,1.6402429803568328,1.2505940908510216,4.543415324796492,0.0008391494624002689,0.011132526837984224
microglia,slc35f6,12,1.64014332075719,0.717108046219874,7.922966638628857,7.160836424165732e-06,0.00044550377430759345
microglia,iqsec2b,12,1.6391975842622573,1.6263891079888928,3.4913828254754704,0.005046262102892812,0.03727732649782474
microglia,cbl,12,1.634116995354699,0.5060393923075357,11.186376809756457,2.3856779553141444e-07,5.578243045062034e-05
microglia,ip6k2b,12,1.6321135585702844,0.5797062587486942,9.752882824717796,9.487680924778857e-07,0.00011778032858430225
microglia,cx43,12,1.6278453522689817,1.0344334101633503,5.451314370345978,0.00020043850528324674,0.004143956588128014
microglia,chst15,12,1.62526341846113,1.2948424765223294,4.348079194958676,0.0011590828922662575,0.0138018399085611
microglia,slc15a4,12,1.621536709823415,0.6844043616997315,8.207381848873824,5.117068105928918e-06,0.0003525189361989317
microglia,il10ra,12,1.619840148299912,0.6626121441744879,8.468439528800825,3.7873321766729253e-06,0.0002886262729639492
microglia,sulf2b,12,1.6183391473180617,0.7358007233085149,7.619034714803574,1.035599151077687e-05,0.000575134872668347
microglia,gnai2a,12,1.6176035390813037,0.6381963771802645,8.780280228387005,2.6678556230480187e-06,0.00022736513274018678
microglia,pkn1b,12,1.616765155701479,0.5762423403958115,9.71924205242702,9.819301844285994e-07,0.0001194368282952057
microglia,pitpnc1b,12,1.6151281781911784,1.3765769671889103,4.0644063238628565,0.0018691317426566773,0.019063059241556112
microglia,si:ch211-266g18.9,12,1.6119755302573422,1.6428944352296444,3.3989079993118714,0.005940566527219868,0.04181513083429106
microglia,gpr155a,12,1.6106434958824167,0.8437636161319548,6.612554308841921,3.7986478357502825e-05,0.001374879991738905
microglia,slc22a23,12,1.6073931427994408,1.5824025897870653,3.518809447147183,0.004808511977840749,0.0361230903921306
microglia,klf13,12,1.606953430892318,1.1460959502920862,4.857054048560729,0.0005050380337855451,0.007836944828566986
microglia,shc1,12,1.6061581329798205,0.7318248926981976,7.6027681459539656,1.0565621091651386e-05,0.0005832350395361284
microglia,fam49bb,12,1.6061467312037234,0.9110206612424069,6.1072769503639135,7.657689542146688e-05,0.0021838743512348686
microglia,nocta,12,1.6008279867094348,1.2749259880425026,4.349609990170663,0.0011561300198450607,0.013790620475847497
microglia,hck,12,1.59994006495459,1.4036969680675648,3.948398471475523,0.0022789495226287005,0.02208673056363298
microglia,p2ry11,12,1.5980254494049486,1.5802316636041631,3.5031082263528024,0.004943176392219407,0.036782219777743264
microglia,si:dkeyp-69e1.8,12,1.5961108778675355,1.0308427586961348,5.363660192902125,0.0002289871089566501,0.004532316909162349
microglia,mapk14a,12,1.5947731477837814,0.9732724970750652,5.676165979844836,0.00014315104681088974,0.0033367450885783854
microglia,zbtb2a,12,1.5931141472947683,1.0719863234314233,5.148115391134143,0.00031917776987349235,0.005694574649510182
microglia,ccdc50,12,1.5916216094628206,0.7062692118562692,7.806568508822884,8.23751012684649e-06,0.0004960905586772227
microglia,snx18a,12,1.5897181059620111,0.8783892978299562,6.269367206637804,6.0927263485271736e-05,0.001899594481090175
microglia,fosl2,12,1.5892215038811142,1.4145055214883502,3.8919782883658116,0.0025110149749182535,0.02350364974378287
microglia,si:ch211-212k18.7,12,1.581228466994497,0.7520040534337922,7.2839182999160315,1.57468486415411e-05,0.0007844983784244865
microglia,bsg,12,1.572876683141099,0.5228542521006577,10.420886196470393,4.889327484936407e-07,7.891148092157876e-05
microglia,slc45a4b,12,1.5724552696051504,0.795604932071619,6.8465448360000005,2.7768543487133806e-05,0.0011253027925694475
microglia,cpvl,12,1.5719697281657912,1.0547825608250252,5.162640222291375,0.0003120498172538818,0.005617243391523169
microglia,lamp2,12,1.5718833594944002,0.6354207780809908,8.56938248207343,3.377646524366362e-06,0.00026551785786816946
microglia,tcirg1b,12,1.570578690246652,0.857749859618501,6.342926339858786,5.498717987483845e-05,0.001787409099367527
microglia,si:ch211-226m16.2,12,1.569431789000193,0.5976658883542173,9.096505758585245,1.8882068315102697e-06,0.00018634156267080665
microglia,atp8a1,12,1.5678920718430422,1.0942476746277163,4.963535755541821,0.00042639517057491393,0.006992320086504939
microglia,gna11b,12,1.5677834001882827,1.311944497920667,4.139627108758072,0.0016450784120512051,0.017431608756103754
microglia,slc29a3,12,1.5671128899145446,1.5213380483019934,3.568331377181566,0.004407945048065935,0.034161574122510995
microglia,trps1,12,1.5662165292585832,0.9793812857151276,5.539755851775822,0.00017543295049479664,0.0038077555354626156
microglia,CABZ01056054.1,12,1.566170742404476,1.126974615984578,4.814105412307782,0.0005409664545276403,0.00820177205200599
microglia,slc12a9,12,1.5655170724521799,0.9037561045476246,6.000634675570867,8.917997288938416e-05,0.002424829094370916
microglia,rnaset2,12,1.5614973299815276,1.2516748180347694,4.32155807952992,0.0012115142537664865,0.01422678329001627
microglia,ckbb,12,1.5588735558459643,0.8240448383960156,6.553158458115827,4.1177345733794894e-05,0.0014562814250559286
microglia,ada2a,12,1.5555383546214054,0.8687430661582329,6.202688846176374,6.690638124945151e-05,0.0020201716540926983
microglia,nfe2l2a,12,1.5539700343923506,0.7525768745992601,7.152903959320657,1.8617497952437542e-05,0.0008686582590563333
microglia,si:dkey-18a10.3,12,1.5538315703233507,1.5310640892916834,3.515614068709116,0.0048356090978046,0.03624725016346153
microglia,mpeg1.1,12,1.5534655777955255,0.7292988667300633,7.378816645130203,1.3966019014785621e-05,0.0007152674608169931
microglia,snx25,12,1.5444603203977367,1.5627347235233675,3.4235928912767726,0.005687032548401927,0.040504763546388343
microglia,bcor,12,1.5436497250168408,0.4870335893911179,10.979447048658344,2.8842710346364717e-07,5.803748871595383e-05
microglia,egln1a,12,1.5342731826244684,1.629171820845046,3.262319015090228,0.007567738311367628,0.04934136492124514
microglia,OSBP2,12,1.532460712714282,1.5488798015949217,3.427379984284317,0.005649127601946769,0.04034986091106733
microglia,pho,12,1.5224423665997975,0.8321534809417361,6.337647058958538,5.5392160648072245e-05,0.0017920801030422901
microglia,slc30a1a,12,1.5215251442802593,0.9066511954000983,5.813390790763832,0.00011697574631121627,0.002908767242393736
microglia,isoc1,12,1.5206694257207813,0.9631803185464244,5.469124848480861,0.00019511404474191075,0.004086671093189085
microglia,snx20,12,1.5202150047108092,0.9635655256803377,5.465304759068783,0.0001962432762669886,0.004099692449694114
microglia,bin2b,12,1.5187337896119555,0.9979009591774248,5.272114557235988,0.00026345967115404766,0.00499862799316134
microglia,lgmn,12,1.5176424541608877,0.7869223010270807,6.680796401116908,3.464399577694676e-05,0.0012949019402459596
microglia,gnpda1,12,1.5161534474459162,0.5974327125534855,8.791131613208867,2.6359804755472903e-06,0.0002259941385832497
microglia,btg2,12,1.5137013206988685,0.6402142340634707,8.190407071376129,5.219464118328489e-06,0.0003579899952158552
microglia,tgfb1a,12,1.5132075854439353,1.2307492940842346,4.2591166746720655,0.0013449989839760192,0.015292186956229624
microglia,dock10,12,1.5108081640765072,1.0303884852208858,5.079242515233273,0.0003554020925282135,0.00613749146283853
microglia,osbpl9,12,1.5074077859252737,0.8626651638493865,6.053117669194125,8.272143143027407e-05,0.0023040228134919485
microglia,golga4,12,1.5054429609637083,0.5997485077132413,8.69532366567489,2.9322698213632564e-06,0.0002430880160664533
microglia,clcn3,12,1.5053668794270203,1.174712882532406,4.439164595825539,0.0009963908036101329,0.012540103281141574
microglia,irf2bp2b,12,1.5040030659053618,0.6004360956837141,8.677059036303056,2.992730357173475e-06,0.0002443617778245663
microglia,ctsba,12,1.4981540101417636,0.6706484043275589,7.7384180634274635,8.947818059732972e-06,0.0005217614620601781
microglia,si:dkey-204f11.64,12,1.4960861109088956,0.9809515933307661,5.283231454456849,0.00025899462484823454,0.004930962895705284
microglia,ZNF462,12,1.495263055677192,0.9448925413111826,5.4818330548355165,0.00019140685814489678,0.004045644956244409
microglia,itprid2,12,1.4891398952140171,0.6664329156053141,7.740511903574722,8.925039271287125e-06,0.0005217614620601781
microglia,clcn7,12,1.4891389665503294,0.603320078203161,8.550235414930926,3.4515226273212274e-06,0.000269779268605578
microglia,slc26a5,12,1.482642369705827,0.7778293305059675,6.603021544878886,3.8480228982351713e-05,0.0013890856343826568
microglia,tlcd4b,12,1.4775089280689306,0.9866443506625421,5.187523813081261,0.0003002272786958297,0.00547291388107647
microglia,slc7a6,12,1.473464161294445,1.367371965533122,3.7328756985284586,0.0033068836434235497,0.028324805731291005
microglia,si:ch211-283g2.2-1,12,1.4725183121434648,1.5599836018680748,3.269876079022705,0.0074668232961103,0.048949174941167524
microglia,tmed5,12,1.4697217480918383,1.1957979668539085,4.257630153664599,0.0013483581593267482,0.015311343584904527
microglia,CT027815.1,12,1.4669101112605534,1.41009410501939,3.603678412377811,0.004143152218565844,0.032822752953753684
microglia,rhoca,12,1.4655914839888913,0.8042243056233027,6.312862955420418,5.733647006670309e-05,0.001826551334017976
microglia,si:dkey-148a17.6,12,1.4624439054684542,1.1909377109606134,4.253836492334553,0.001356970716672475,0.015383674219797252
microglia,mroh1,12,1.462315177282442,1.0029710970773387,5.050602537027997,0.00037172382629301217,0.006345629578670767
microglia,mbnl3,12,1.4621848972524731,0.4615570748530265,10.974064401060735,2.8986622009161814e-07,5.803748871595383e-05
microglia,FP326652.1,12,1.4620473460769035,1.446053976322259,3.502414609608033,0.004949213859455818,0.036814406173102415
microglia,NCKAP1L,12,1.4615463226721532,0.8388134128301719,6.035841701535008,8.479049452593564e-05,0.0023426255964945062
microglia,tlk1b,12,1.4612587482780042,0.7517867073500142,6.733224650761593,3.229040561156463e-05,0.0012390031859486372
microglia,atp7a,12,1.4608335501720127,1.1815572668426402,4.282886663733957,0.001292456954620005,0.014861088243922814
microglia,evi5b,12,1.460041990788507,0.9765578657213613,5.179144007737192,0.0003041547665282352,0.005514497862050663
microglia,arhgef12b,12,1.4598755942172996,0.887714456870092,5.696828934901982,0.00013884038671319908,0.0032667976067552455
microglia,cep170aa,12,1.4560398234708494,0.9928917615785862,5.079979610437168,0.00035499216919876307,0.0061368684070372175
microglia,npc2,12,1.4556604424147583,0.6711129465704765,7.513721371983042,1.179705433618915e-05,0.0006321331752213855
microglia,ctsh,12,1.45508281219755,0.7444168768122114,6.771145143132298,3.069511543014242e-05,0.0012064763493208556
microglia,mid1ip1b,12,1.4529765163790431,1.2983114692073205,3.876772574626418,0.0025776615528968487,0.023890223749218415
microglia,atf4b,12,1.4513287148273217,0.46507526661538995,10.810186019388626,3.376290951056936e-07,6.307742280815213e-05
microglia,tbc1d5,12,1.4510041071798134,0.765952319155825,6.562321890731861,4.066690248248359e-05,0.0014452026808380017
microglia,diaph2,12,1.450745137494347,0.9197872974544435,5.463794279238045,0.0001966916923492172,0.004100483723100892
microglia,spred1,12,1.4506256590762912,0.8310684355423578,6.04657146590707,8.349902934263491e-05,0.0023139352222375643
microglia,prpsap2,12,1.447161711334075,0.7247530163484815,6.916998078677108,2.5303103177865657e-05,0.0010582174324462565
microglia,zgc:162297,12,1.4463838123114001,1.5149953410427366,3.3072184214695115,0.006987921350532839,0.04661162709746376
microglia,rab20,12,1.4462689960196402,0.686395340937377,7.299033758290591,1.5447584731542245e-05,0.0007761986943404057
microglia,grinab,12,1.4430509481542895,0.7040760729673601,7.0999076834969825,1.993412337403101e-05,0.0009054514482889748
microglia,ms4a17a.9,12,1.4410874761799664,0.8344247753178078,5.982652482829836,9.151488726666222e-05,0.0024542628857877596
microglia,ppp1r15a,12,1.4347516947270085,1.4457313744605576,3.4377933209618226,0.005546228849831771,0.03983266714532321
microglia,bbox1,12,1.4345828847719082,1.3514680075345766,3.6771428257876853,0.0036439357171524902,0.03012093293162958
microglia,zgc:175214,12,1.4342188923729362,0.5523990575375597,8.994005173863565,2.109867760537879e-06,0.00019754077279615973
microglia,flvcr2b,12,1.4321409587852107,0.9312675130277045,5.32723598647126,0.00024209244556443188,0.00472390202280241
microglia,pik3r5,12,1.4320113066030202,0.7887315861660193,6.289380021170966,5.92461258059775e-05,0.0018618756718064065
microglia,fcer1gl,12,1.423177512857795,0.7842189946992726,6.286549489672789,5.9480858463598974e-05,0.0018671136749986703
microglia,galt,12,1.419010434251058,1.0025635856466009,4.903027007525029,0.0004693541821540815,0.007490827217799432
microglia,cst3,12,1.4178227489735864,0.6745964528398748,7.2806224432731526,1.5812925214825625e-05,0.0007844983784244865
microglia,tmem131,12,1.4136195431904135,0.8084122073113112,6.057456454106279,8.221030468747581e-05,0.0022921135255090435
microglia,ifrd1,12,1.4135798377074067,0.4803953895729351,10.193237289978088,6.104033030291135e-07,8.946814082314151e-05
microglia,porb,12,1.411975425392973,0.7164772346095516,6.826771480470161,2.8505902422513085e-05,0.0011450357730038749
microglia,pak2a,12,1.4093250122892826,0.4936096663187014,9.890497258157874,8.251935037325574e-07,0.00010884222968703228
microglia,ugp2b,12,1.4089609709739788,0.7480861035367844,6.524361236148833,4.282661747863364e-05,0.00150057247832224
microglia,hexa,12,1.405982822331423,0.8317024842623342,5.856021182880086,0.00010992178953570254,0.002792318792511111
microglia,plp2,12,1.4057370001481055,0.6272960586264109,7.762866904241266,8.685692531959944e-06,0.0005146694916076049
microglia,tsc22d3,12,1.4034661025927821,0.7667796360554173,6.340477712466758,5.517462236929121e-05,0.0017899184522092305
microglia,pnpla7a,12,1.402895929708999,0.9520902027644378,5.104321042128726,0.0003417322554557744,0.005976404551893034
microglia,hivep1,12,1.4025351219057083,0.989948111940311,4.9078574144236935,0.00046576245912928395,0.007461646465418249
microglia,si:ch211-191c10.1,12,1.3979350212701076,0.8795033083367892,5.506049743231929,0.00018454802863532004,0.003934013337692312
microglia,gbp2,12,1.396788984604491,1.1072260562031828,4.370037130599394,0.0011174716983436274,0.013493765864461892
microglia,ctsc,12,1.3952047581681095,0.7475407509437624,6.4653746971201915,4.6429777814149174e-05,0.0015896543517176323
microglia,cd81a,12,1.3950814186590674,0.8475439721083704,5.702009517693338,0.00013778142696258848,0.0032502437220280436
microglia,wdr91,12,1.39315436402257,0.7703562842117889,6.264670492672983,6.132914188660645e-05,0.0019026386685865064
microglia,mnta,12,1.3920562924574291,0.41769149413799284,11.544942903413146,1.7290881050236717e-07,4.791669915285296e-05
microglia,scpep1,12,1.3901600948495985,0.6799690810553699,7.08216882802118,2.039687078202401e-05,0.0009203752465539946
microglia,snx4,12,1.388411248096001,0.7075256780775531,6.797771156621674,2.962555691249256e-05,0.0011728386059079846
microglia,gigyf2,12,1.3880452248891917,0.6990719256377453,6.878161644148964,2.6631694253372774e-05,0.0010933737840230638
microglia,vdac3,12,1.3813587973237726,0.7496545690002392,6.383162910986673,5.2002653470136294e-05,0.0017251334785825044
microglia,arrb2b,12,1.381291832122127,0.48007502953313785,9.967057172884184,7.640749641528138e-07,0.00010326303764301698
microglia,dop1b,12,1.3810529162180165,1.0104054668458995,4.734839423024597,0.000614537521236272,0.009011136769170027
microglia,nenf,12,1.3795378638205873,0.9457197062800962,5.053145567836161,0.0003702429986278018,0.006332310288518723
microglia,wasf2,12,1.3776006208406508,0.4972306171446443,9.59745512670362,1.1128777126182868e-06,0.00013160258640380472
microglia,st6gal2a,12,1.3754839293262615,0.9527741019039507,5.000992461543071,0.00040190034257620727,0.006731599351997841
microglia,tmem251,12,1.3725914607329972,1.0126178530102097,4.695548554585404,0.0006548457556026872,0.009371775328617488
microglia,mlec,12,1.3717948030992348,0.6013735866126223,7.901970919309238,7.343252791955541e-06,0.0004547678111677207
microglia,FP085398.1,12,1.3713404447037523,0.6234675349904614,7.619422636777188,1.0351047245560328e-05,0.000575134872668347
microglia,gadd45ab,12,1.370286359283388,1.426525672004276,3.3275329589586167,0.006740666600626204,0.04544855939743915
microglia,plekho1b,12,1.369278247492936,0.9125232682902396,5.198025248825327,0.0002953810984478918,0.005420588920346429
microglia,tbc1d12b,12,1.3692772268314481,1.0744867694423132,4.414494052355869,0.0010379430845490647,0.01285596773119801
microglia,glb1l,12,1.3681941320703457,0.8371494508634796,5.661550034869221,0.000146286065092992,0.0033839445158737234
microglia,ier5,12,1.3680394782738434,0.9035683204590214,5.244791853540372,0.00027478404316960854,0.005135354376265811
microglia,cers2b,12,1.3649818912764309,0.9652440287990226,4.89869487210161,0.00047260028080046995,0.007511860168160969
microglia,elovl1b,12,1.364691845583371,0.6771077308397072,6.981800696010382,2.324190066247696e-05,0.0010010071344977321
microglia,ifngr2,12,1.3644385544936615,0.611096849553166,7.734541265977351,8.990158866695366e-06,0.0005225529841266682
microglia,creb3l3l,12,1.3634349904227447,0.558791744698318,8.45230338005202,3.857649816033225e-06,0.00029280315849155214
microglia,larp6a,12,1.3627582916867398,1.0110069563366015,4.669337999789881,0.0006832757490682028,0.009628932084079472
microglia,MYO9B,12,1.361432540853542,0.43749722247505035,10.779818525455449,3.47382364965722e-07,6.396265223378915e-05
microglia,si:ch211-196l7.4,12,1.361049405997157,0.4940785038813608,9.542640306264294,1.1778737081096197e-06,0.0001347864477820349
microglia,zgc:110591,12,1.3604471052894338,0.4572328523864221,10.3070612493079,5.460255676339388e-07,8.32233969335395e-05
microglia,usp32,12,1.3600941949140264,1.1034939855204366,4.269624084193892,0.0013215028670440076,0.015119028839596475
microglia,ndfip1l,12,1.3584595508209223,0.7240316176320014,6.499497825093422,4.43075077889872e-05,0.0015406545959326537
microglia,acy3.1,12,1.3570863087679952,1.010179612131226,4.653711892052971,0.0007008405110846493,0.00979898187445409
microglia,zeb2a,12,1.3570371393325376,0.5686692386966276,8.266518085166894,4.7769130414994624e-06,0.0003377696115812829
microglia,stx5a,12,1.3564668029726537,1.1035490643516663,4.2580244004093615,0.0013474664041301589,0.015307553125180501
microglia,nfkbiab,12,1.3564189586815816,0.9939867374498818,4.727198994251426,0.0006221661018530936,0.00907331482900193
microglia,cndp2,12,1.355658853284184,0.5987820199278491,7.842820704274662,7.884602741897539e-06,0.0004810218477415086
microglia,MARK4,12,1.3550781588837737,0.789069850245184,5.948939041795337,9.606998043408085e-05,0.002549013455714708
microglia,txnipa,12,1.3520390955066102,0.6599608734164498,7.096785587042493,2.0014744283140953e-05,0.0009076107593520198
microglia,tnfb,12,1.3488493556185774,1.0558071793658546,4.4255725123808025,0.0010190634525397786,0.012708184463831285
microglia,atp6v1c1a,12,1.3422105701796092,0.6077168564551108,7.650855418320278,9.958735771605179e-06,0.000559872778471287
microglia,jund,12,1.3420109674384058,0.7284994578923595,6.381421852098153,5.212814484216862e-05,0.0017251334785825044
microglia,gsk3ba,12,1.3419566851733749,0.6585956252839857,7.0584652282642955,2.103329856935595e-05,0.0009398184792349845
microglia,si:dkey-24p1.7,12,1.3398561747246571,1.3911251441478998,3.3364345101812924,0.006635153442697204,0.04492483580957497
microglia,junba,12,1.3393996126930183,1.3060666679224249,3.552511120297845,0.004532039334020432,0.03485744298538003
microglia,rap1b,12,1.338299461400398,0.5300496065523592,8.746361224432214,2.77020194680622e-06,0.0002345694148476193
microglia,prss16,12,1.3376068656819893,0.7926101497664847,5.846009043908233,0.00011153673947602959,0.0028307219681081145
microglia,washc2c,12,1.3366488025039631,0.642292501158138,7.209000988298798,1.7324908355491447e-05,0.0008286132369461713
microglia,mcoln3a,12,1.3354984872605884,1.3865188669322286,3.3366314567139317,0.006632838125905577,0.044922623302574856
microglia,irf5,12,1.3352272994869603,0.9290874618638939,4.978393568512488,0.0004164952656505966,0.006904851017894095
microglia,tnfrsf1a,12,1.334860074250259,0.6979065785968613,6.625658907657732,3.731876683760367e-05,0.0013542862013090696
microglia,si:dkeyp-115e12.7,12,1.3342930455656925,0.7521649978551853,6.145096763863358,7.257605756661116e-05,0.0021272693796367276
microglia,tmem94,12,1.3339700446571596,0.9340256597197197,4.947409889819205,0.00043742189776239005,0.007113615746953865
microglia,atp6ap1b,12,1.3335858173100394,0.8014858564611581,5.763890586998014,0.0001257763146842701,0.003058000545728353
microglia,ltb4r,12,1.3335837115210856,0.8670836501451111,5.327824470255513,0.0002418744995398318,0.004723527478642892
microglia,herpud1,12,1.3334392396006558,0.7827992851647647,5.900834493757159,0.00010299280103387455,0.0026833879357686117
microglia,serinc2,12,1.3314790157167373,0.8526486568660505,5.409471500042453,0.000213563950614263,0.0043304707946062865
microglia,cep85l,12,1.3312800849135582,1.0986292357842526,4.19767592390507,0.0014914155722579494,0.016360250389802815
microglia,mef2d,12,1.3294226783079766,0.7732070294435609,5.956044205187318,9.50902591703804e-05,0.0025254610458270922
microglia,afdna,12,1.3291050472133181,1.3932993578448356,3.3044979995261987,0.007021727746577125,0.046768900395082164
microglia,cc2d1b,12,1.3291024174636794,0.6452791356059884,7.135122735210746,1.904853138171511e-05,0.000879792017604973
microglia,mcl1b,12,1.3259317567417905,0.6897805210433137,6.65887510587336,3.5681980463220466e-05,0.0013173261238635697
microglia,ccnl1b,12,1.3257512686134747,1.2323283357340258,3.726715500816071,0.003342500041351872,0.028525615239391587
microglia,kdm5ba,12,1.325198089929706,0.48896179111122534,9.38850627422281,1.3836587152537777e-06,0.00015004220099995016
microglia,taok1a,12,1.3247442652056394,1.0211199580869008,4.494132851287183,0.000909958242220659,0.011792491438509106
microglia,ivns1abpb,12,1.3247179507226718,0.672478849407953,6.823943380138243,2.861306802149943e-05,0.0011476601186693521
microglia,si:ch73-91k6.2,12,1.324691610386376,0.8286130134440054,5.538009025499062,0.00017589338912963622,0.0038147313286731777
microglia,pfkfb4b,12,1.3243017069901324,0.9476645713605297,4.8408643952237895,0.0005182765572936418,0.007965780027647654
microglia,map1sa,12,1.321140928190659,1.3857890653768932,3.3024985818640187,0.007046680589368328,0.04688956632775165
microglia,nucb1,12,1.3137780747326822,0.5291320828328853,8.600991885142232,3.2593923561176934e-06,0.000257698643487288
microglia,stim1a,12,1.311576621389599,0.9126406355665031,4.978339244901564,0.00041653101638836255,0.006904851017894095
microglia,abca1a,12,1.3104907832310089,1.347928632783024,3.367888424063494,0.006275638379406445,0.04334673722231765
microglia,fybb,12,1.3067208289348908,0.7802280665006448,5.801654578192182,0.00011900126577595323,0.002943962253605473
microglia,fbxl4,12,1.3060253780629456,0.801269145867115,5.646298306747799,0.00014963547129212047,0.0034383731064397288
microglia,jak1,12,1.30506031595319,0.5353463063265632,8.444742206903154,3.8910829692319204e-06,0.00029368220075150437
microglia,ptprea,12,1.3010742018891364,1.2393406987218152,3.636653947398434,0.003910885010291233,0.03159456132430506
microglia,si:ch211-233a24.2,12,1.2987654060455471,0.8849167701282205,5.084156490915556,0.0003526786942558274,0.006108421702593829
microglia,ogdhb,12,1.2972900236484268,0.8781139583964859,5.117723529220458,0.0003346559383886703,0.005866636210666562
microglia,arhgap15,12,1.2950959392403123,0.638874589473038,7.022260720341339,2.2046853205538903e-05,0.0009694350545986876
microglia,uhrf1bp1l,12,1.2950668169562733,0.8318361579335999,5.393181108493778,0.00021891812352550612,0.0044189120168568515
microglia,sec22bb,12,1.2939284760894199,0.7687799135425237,5.830406914821354,0.0001141039465485201,0.0028640821350033384
microglia,TAGAP,12,1.2933682876855273,0.7265050786513098,6.167003240578529,7.036121875466957e-05,0.0020767570347523545
microglia,uap1l1,12,1.2922821941839064,0.7501294497365351,5.967765747176742,9.349720466442208e-05,0.0024879687778549173
microglia,glmp,12,1.2913393334036163,1.1894977801837117,3.760688540203493,0.0031508947586517755,0.027388065134363298
microglia,rapgef1a,12,1.2910867010752396,0.8452247220253587,5.291439554395131,0.0002557494001929013,0.004896360638026691
microglia,rnaseka,12,1.2866812240397267,0.4682255715713953,9.519331657612819,1.20674506542635e-06,0.00013680599533046246
microglia,tmem176l.3a,12,1.286372614664627,0.5191557366686289,8.583407901303811,3.324614430778825e-06,0.000262099991116141
microglia,atp6v1aa,12,1.2847063959538916,0.7098619067245626,6.269322890893602,6.093104222195568e-05,0.001899594481090175
microglia,myorg,12,1.2813641806735647,0.838086666857006,5.2963206591715215,0.0002538400304151086,0.004890520529802321
microglia,dennd2c,12,1.2812616512420731,0.7249661237190238,6.122245454329583,7.496596255643126e-05,0.0021649380870902017
microglia,si:ch211-132b12.7,12,1.2796756593924534,1.2737676157761413,3.480168959903071,0.005146914669543378,0.037802136150426775
microglia,pkig,12,1.2779702820669179,0.8397819972751089,5.271628747187575,0.00026365664584112686,0.004998908140049285
microglia,TOM1L2,12,1.2753853939930042,0.9607242417523304,4.598681298179651,0.0007665766969424707,0.010494526786734872
microglia,shrprbck1r,12,1.2676469536149464,0.703733372859842,6.239945452063374,6.349198962632539e-05,0.0019484370642038446
microglia,zgc:110239,12,1.2654006237727602,0.579933652254246,7.558582481924676,1.1158427974168456e-05,0.0006086112752908779
microglia,fcho2,12,1.2625035351940717,1.0379123653482727,4.2136895959567795,0.001451717946026738,0.01604668889977581
microglia,sat1a.2,12,1.2599209872311092,0.4994430176309282,8.738723283220382,2.7938281223375867e-06,0.0002357093465456711
microglia,numb,12,1.2596701769886114,1.167100884375248,3.7388588707847386,0.003272666044314146,0.028124188816336777
microglia,pisd,12,1.2589566250924318,1.117411109937931,3.9029088216362187,0.0024642125745774246,0.023284341664006995
microglia,si:ch211-165d12.4,12,1.257481578118152,1.1965740262626334,3.640429986075065,0.003885157975939124,0.0314794179178647
microglia,tradd,12,1.253455743309442,1.1046615945087592,3.9307042867122166,0.0023492309855589555,0.022590659687630545
microglia,npepl1,12,1.2503567426994617,0.42855827874129937,10.106823334751699,6.647572934781578e-07,9.352623767473467e-05
microglia,arl5c,12,1.2441123508713916,1.1815438492228971,3.647542667926317,0.0038371702730707483,0.031201175590307047
microglia,hcls1,12,1.2424852487499096,0.7433552753554425,5.790091628691747,0.00012103345417774575,0.0029727420012233257
microglia,ikbke,12,1.2417278959334592,1.3080799022594434,3.2883859788953105,0.0072253970027623396,0.0477199727421244
microglia,tusc2b,12,1.2400057681503815,0.6542400005696173,6.565642547826432,4.048360300564492e-05,0.0014405546672631238
microglia,myo1f,12,1.2399338598937282,1.0773007635281007,3.987054527516647,0.0021329006427105814,0.021040124522715427
microglia,ctsz,12,1.2376347752621435,0.47241804147819605,9.075209343236141,1.9321020099672677e-06,0.00018931149515518568
microglia,tob1b,12,1.2343682402195653,0.7463109507692733,5.729484486609508,0.0001323071468085501,0.0031548389358887615
microglia,oxsr1a,12,1.2281511410354742,0.6305352296091058,6.747347573159015,3.168611730783532e-05,0.0012330618841708682
microglia,pde10a,12,1.2270941975409826,1.0135123978083758,4.194106555400595,0.0015004174657716866,0.016406517805279484
microglia,pik3r2,12,1.2217126892415517,0.6047126520154593,6.998591621872921,2.2737726467780452e-05,0.000987040388676514
microglia,tollip,12,1.21930083538054,0.5972905305025793,7.071570328808857,2.067884203195867e-05,0.0009270000508934412
microglia,rhbdf1a,12,1.2178155492751455,0.6886332342331618,6.126101096299297,7.45568989556476e-05,0.002157667218194295
microglia,cyyr1,12,1.217154047029904,1.2948552048083621,3.2562291787766044,0.007650070067076588,0.04972273686099176
microglia,fyco1b,12,1.214726897138675,1.1929588719829844,3.5273113810996297,0.004737171618767615,0.03576342965351941
microglia,gnptab,12,1.2140139762890432,1.0782308956728512,3.9003406347750156,0.002475127086263075,0.023300126710260258
microglia,hacd2,12,1.212881964391018,0.8414701273362113,4.993102233015623,0.00040693366333969134,0.0068074543010514825
microglia,si:ch211-102c2.4,12,1.2109024992806017,0.588538096015163,7.127302942551069,1.9241471162636275e-05,0.000884936081594014
microglia,pepd,12,1.20963450949187,0.5851206920370335,7.161423130446972,1.8414706193692886e-05,0.0008621287788804853
microglia,ppargc1b,12,1.2096285318278326,1.1107430639188107,3.7724981473553383,0.003086980013193461,0.02706737886141621
microglia,atp1b1a,12,1.208592309217688,0.34491055390849645,12.138470461285955,1.0337869766172173e-07,3.297900663196902e-05
microglia,si:ch73-376l24.3,12,1.2077407589374527,0.7770636853037445,5.384033243128016,0.00022198706337317722,0.004451911610850232
microglia,rab8b,12,1.2074818715166806,0.6897913000148703,6.0639209298237295,8.145500456970911e-05,0.0022761012011363836
microglia,glg1a,12,1.2074797099947914,0.9427691968293548,4.436751251214389,0.0010003775004022557,0.012556162474731887
microglia,rab14,12,1.2062035715603914,0.6200967947290194,6.738321784509844,3.207089853178291e-05,0.0012370003600272652
microglia,klf6a,12,1.2049696677487907,0.971252264267858,4.2976861169915574,0.0012608318164330846,0.014620000373559459
microglia,ankrd22,12,1.204917269572918,1.2533353186601823,3.330278655273901,0.006707939510943787,0.0453058396067806
microglia,lrp10,12,1.2038568441380784,1.0056024546410571,4.1470487854585745,0.0016245442063621048,0.017254885908456967
microglia,rab44,12,1.200502420386411,1.0110640174715375,4.113154361716191,0.0017205546148684177,0.017961725973711963
microglia,ets2,12,1.1981106255049054,0.804172129217199,5.161055453345949,0.0003128192739929109,0.005623982163824057
microglia,me2,12,1.1969129894510186,0.9439884004759013,4.3922448812362065,0.0010769755448092992,0.013172901552801888
microglia,stat5a,12,1.196825246320382,0.9600488613341404,4.318451316170154,0.0012178166651107848,0.01427202059261614
microglia,cd22,12,1.1954323967352714,1.1460382413638852,3.613404114151009,0.004073207077115217,0.03242345019866226
microglia,crfb4,12,1.1934368370570991,0.9800157869160157,4.2184896712982,0.0014400348107208513,0.015969019818967888
microglia,cgrrf1,12,1.1931679628556224,0.7073245040632085,5.843506118500636,0.00011194439672765742,0.0028332052806487834
microglia,ubl3b,12,1.1930457261043121,0.9848588455716459,4.196369505451621,0.0014947037799500813,0.01638321941787075
microglia,atp6ap2,12,1.1908697752638184,0.7465220675452477,5.526017369419677,0.0001790890957982738,0.0038626645780075798
microglia,gm2a,12,1.19070859652148,0.6675648987258109,6.178778393293895,6.920062603042391e-05,0.002067697375894756
microglia,CU929259.1,12,1.189867141816787,0.9677105421185382,4.259352883294289,0.0013444660159969762,0.015292186956229624
microglia,agtrap,12,1.1898623482247228,1.0958431236724264,3.7613085242199036,0.0031475055477982313,0.02738719146966206
microglia,ctsa,12,1.1891658596264483,0.44398213987569024,9.278281725819054,1.554536548993068e-06,0.00016278133672375885
microglia,cldn12,12,1.1869588942260547,0.9012879881077818,4.562078133564219,0.0008138669407981998,0.010931821273967704
microglia,helz,12,1.1868546268107811,0.7100056481715217,5.790637074869754,0.00012093676599377859,0.0029727420012233257
microglia,ctsf,12,1.1864262299286252,0.7832280973719437,5.247387106167381,0.0002736865465168661,0.005121821557769591
microglia,si:ch73-237c6.1,12,1.1851649969212856,1.2478870435978873,3.2899868630759683,0.007204893857155411,0.04761895036643188
microglia,zfhx3,12,1.1847319947551032,0.8522250044074854,4.815667218529782,0.0005396137728421012,0.008188221160355667
microglia,si:cabz01102082.1,12,1.183995627033236,1.1532845287936342,3.5563480316623406,0.004501616342635122,0.03470127686434239
microglia,ube2e3,12,1.1811946233267874,0.423129884661673,9.67026520882605,1.0324711097579134e-06,0.0001241358900369959
microglia,m6pr,12,1.1803493632053832,0.7311739400649345,5.592171590720893,0.00016219618138137756,0.003635500192972298
microglia,ppp1r9ba,12,1.1752088580530449,0.76757074369642,5.303801554109098,0.0002509429638182662,0.004844912183218954
microglia,sowahd,12,1.174274243152077,1.1844614294539642,3.434307948881906,0.0055804538714915985,0.04001313468192169
microglia,atf4a,12,1.1694542176362173,0.6472359959527552,6.259089836590283,6.181034147568721e-05,0.0019053558633544704
microglia,ap1g1,12,1.1693507644642318,0.6543451122563705,6.19054042884948,6.806171507144551e-05,0.0020452060821304573
microglia,rel,12,1.168778618063188,0.9645236317977547,4.197686573033729,0.0014913887998431771,0.016360250389802815
microglia,zswim5,12,1.1684427873707308,1.0375461471396208,3.9011320682802646,0.0024717582442605733,0.023287323980525007
microglia,mych,12,1.1671813362213461,0.8890628302891059,4.547749173866853,0.0008332057484450924,0.011107385669869343
microglia,dpp7,12,1.1666189604463413,0.5353068929720394,7.549476156929642,1.1284990468692993e-05,0.000613076660413054
microglia,rab5aa,12,1.1655010740277214,0.5553156411265672,7.270485205123212,1.601803401525827e-05,0.000788967258902353
microglia,si:ch211-1o7.3,12,1.164157227152965,0.9084742332016958,4.43904602185843,0.0009965862908353396,0.012540103281141574
microglia,itgb2,12,1.1622536919112634,0.838521543763186,4.8015044113007175,0.0005520118580748929,0.00829832620618339
microglia,atp6v1ba,12,1.1602075758135222,0.617980220673586,6.5035688891304115,4.4061326594715374e-05,0.0015340386993984978
microglia,arrdc3b,12,1.160162595781974,0.6827391647539334,5.886466353983381,0.00010516225591483686,0.0027137981992503587
microglia,trnau1apb,12,1.1591125419324086,0.74812589088801,5.367122936847468,0.00022778100379062217,0.004524803097205977
microglia,hyal1,12,1.1581229220590947,1.0947913704276722,3.66449315659637,0.003725256572722394,0.030590366379119688
microglia,bach1a,12,1.1567681396274863,0.719858057518266,5.566600719367221,0.00016851586612299675,0.003710459700709804
microglia,si:dkeyp-68b7.12,12,1.15619702272604,0.5604050522871412,7.146944799117471,1.8760775284108013e-05,0.0008708999491023744
microglia,wdfy3,12,1.1559507884638018,1.126800681248555,3.5537172278776095,0.00452245335633016,0.034803228003062535
microglia,erbin,12,1.1551589399655222,0.5436160652606254,7.3610553576206454,1.4282107852563465e-05,0.0007283078604741239
microglia,hif1al,12,1.1540360335217672,0.7748397476123158,5.159386957069391,0.00031363155442317873,0.0056348930554026904
microglia,ell,12,1.1532642472735166,0.8031771610749102,4.974026572561131,0.0004193795875974322,0.006926959052218876
microglia,plekhb2,12,1.1526438126855292,0.9543876539599789,4.183703840504539,0.0015269779567676893,0.01660147479339118
microglia,trioa,12,1.1518133279142815,1.174026428534594,3.3985592765107713,0.005944229888286809,0.04182609566174624
microglia,apbb1ip,12,1.150820359154781,0.9293041428790475,4.289832016169494,0.0012775132767926317,0.014750092680451457
microglia,sla1a,12,1.1500120644761014,1.1422810530555743,3.487546816366347,0.0050804638200891705,0.03745261147401115
microglia,arrdc3a,12,1.1497480821715835,0.8422303168725491,4.72892522230926,0.0006204338722253967,0.009063347333398922
microglia,rab32a,12,1.149447813492146,0.9681336639382752,4.112865997280897,0.0017213963632207291,0.017963677909836707
microglia,ptbp3,12,1.1478518870451069,0.7790180531142542,5.104214927954559,0.00034178890985675855,0.005976404551893034
microglia,sept9b,12,1.1474775677606894,0.6769388998208214,5.871990658043557,0.00010739727569511633,0.002748548748783131
microglia,camk2b1,12,1.1468992687434199,1.0263976427858255,3.870795726372704,0.002604357903302297,0.024049329881217944
microglia,hyal2b,12,1.1464083953655142,1.1444821109329821,3.4699320645176135,0.005240596060891004,0.03833815001505313
microglia,gfm1,12,1.144798721350514,0.7177505163160672,5.5251776341343986,0.00017931518008673119,0.003864502722450487
microglia,cebpa,12,1.1420564896675856,0.8999041593786506,4.3962456326100785,0.0010698450694369853,0.013138406213072377
microglia,man2b1,12,1.1404079251816295,0.6189977379526159,6.382073299014198,5.2081152226967304e-05,0.0017251334785825044
microglia,plekha3,12,1.1348216622247194,0.809042688935377,4.85899892152658,0.000503471851071519,0.00781706295084727
microglia,si:ch211-15b10.6,12,1.1293420426870546,1.0025111176486021,3.902356318293197,0.0024665564296267855,0.023284341664006995
microglia,plecb,12,1.128928913677689,1.1559367950242831,3.383164624640605,0.006108276090643314,0.042565545985978996
microglia,csk,12,1.1276406914704138,1.1669516816479992,3.3474067538950636,0.006507411988085305,0.04437267187516729
microglia,si:ch73-248e21.5,12,1.1260123432739257,0.9243835885373454,4.219699727871864,0.0014371051227325897,0.015952761498253188
microglia,smurf2,12,1.1254386419473212,0.8319461620433403,4.686161190686588,0.0006648821771038858,0.009457437642028024
microglia,dnaja3a,12,1.1243467865461465,0.9964510773291169,3.9087232758974912,0.002439685908157621,0.023112148788088514
microglia,exoc6b,12,1.1231457168601435,0.9987741766255815,3.8954660451426637,0.002495981721821252,0.02342704705376875
microglia,TPGS1,12,1.1228576393184908,0.666945750499193,5.832097976516992,0.00011382267820738475,0.0028640821350033384
microglia,slc29a1b,12,1.122290996108985,1.1301720121488636,3.439945433513011,0.005525203368932167,0.03976494082546012
microglia,ptpn6,12,1.1218515802403572,0.8143484681754857,4.772168209221727,0.0005786577914136323,0.008632668030143014
microglia,ephx2,12,1.1215294226769197,1.024609288024219,3.791778905314586,0.002985497431440119,0.02643675263630981
microglia,fermt3a,12,1.1189077462215464,0.4701831279643085,8.243618072085374,4.905652658523867e-06,0.00034333311399643444
microglia,atp6v0b,12,1.1172638352817181,0.3984680670484612,9.71298775583866,9.882325505016108e-07,0.0001194368282952057
microglia,cyth1b,12,1.1169134695145042,0.6102478305522263,6.340213860675381,5.519486096478983e-05,0.0017899184522092305
microglia,atp6v1ab,12,1.1158291419239807,0.7411490747561771,5.215341507413007,0.0002875701165762361,0.005300756080868379
microglia,dip2ba,12,1.1149153906866562,0.8783567355464873,4.397051960006492,0.001068413964207979,0.013126707168851724
microglia,rnf13,12,1.1096105252336097,0.865314162382098,4.4420902600901675,0.0009915801149855807,0.012519148722703776
microglia,plekho2,12,1.1086540429045153,0.5568086168209623,6.89732548066765,2.5966988299490258e-05,0.0010761394622303855
microglia,cltcb,12,1.1061563679560897,0.8419025742184864,4.5514031886511175,0.0008282287638966794,0.011057156271292164
microglia,serinc1,12,1.1055482284764124,0.6313132646694075,6.066293262320877,8.11796850556473e-05,0.0022749383651702593
microglia,glipr2,12,1.1044296502409903,1.1184629560067159,3.4206376837597,0.005716791993730666,0.040663777119004624
microglia,sult1st1,12,1.1040396316282701,0.6651630909336226,5.749725929217612,0.0001284224444746683,0.0030960191249231324
microglia,caspa,12,1.1030215334097073,1.052916981434904,3.6289458169903392,0.003963948700237748,0.031826436227984374
microglia,lcp2a,12,1.1022414921398889,0.7856131694431296,4.860250160903192,0.0005024669525349434,0.0078073547250969745
microglia,taok2a,12,1.1018276550697428,0.6698468629397708,5.69808290626231,0.00013858327108664278,0.003263546817392313
microglia,wsb1,12,1.0998611697728709,0.6903338644899896,5.5191133603916525,0.00018095691248395175,0.0038846266776191053
microglia,mbnl2,12,1.0990906649143335,0.9606226265545112,3.963431260378,0.002220955798002311,0.021668535675033216
microglia,irf2a,12,1.096169967772916,0.757149010361539,5.015187372449279,0.0003930100976032938,0.006622992646035851
microglia,atp6v1h,12,1.095265811905451,0.5752534087088984,6.595549040799881,3.887207203010558e-05,0.0014013867229250283
microglia,adam10a,12,1.094851930529748,0.8484145819167604,4.470312535548682,0.0009464057245600602,0.012144203341911098
microglia,prkcdb,12,1.0945249724224189,1.0470240197095801,3.621259544579305,0.004017600856906301,0.032134950294234514
microglia,ada,12,1.0942896742441317,0.9461945878270911,4.00629075324027,0.00206388182949079,0.02049315888240312
microglia,zfhx4,12,1.0929405394316902,1.0872560750357236,3.482212861188611,0.005128416867563862,0.03772067473501731
microglia,dnajc5ab,12,1.091162927486123,0.8697641436316766,4.345889960122122,0.001163319609308282,0.01383427545789888
microglia,ctnnb1,12,1.090866293267719,0.37563414998084393,10.05997907432205,6.963931761371247e-07,9.69824710016346e-05
microglia,bach1b,12,1.0900647679053062,0.8138017619126736,4.640067519921065,0.0007165662268583469,0.009956955389921932
microglia,nr1d1,12,1.085057823419147,1.0766586625658996,3.491125543601949,0.005048548610145922,0.03728315777102379
microglia,xbp1,12,1.08416979815426,0.7178304039339659,5.231980044711555,0.0002802707433443936,0.0052024545626883885
microglia,mfap3l,12,1.083891005644045,0.8589532243717105,4.371260828587306,0.001115199260715933,0.013484130329546772
microglia,lnpep,12,1.0755986161234026,0.9563462694257058,3.896060477749861,0.002493428870262933,0.023411095501596018
microglia,napsa,12,1.0751239848256313,0.6234581716708959,5.973678590700661,9.270442223673555e-05,0.00247812817946893
microglia,rnf38,12,1.0746902385919164,1.0658911440329346,3.4926983042501054,0.005034587817124421,0.0372372182127863
microglia,naa15b,12,1.0745725739193233,0.9640284769530147,3.861326379758061,0.0026472422846720188,0.024265650544596336
microglia,tmem33,12,1.0739778232740653,0.6150029301286766,6.049350547724073,8.316796449140064e-05,0.0023116214753875104
microglia,tnfrsf21,12,1.0723300556709625,0.894295772716299,4.153726754771271,0.0016062961646194586,0.017145955288247
microglia,ENSDARG00000071353,12,1.0696983943761031,0.491934940576276,7.532589434138731,1.1523791290464288e-05,0.0006211300865498776
microglia,cluha,12,1.0658836351570031,0.7432540172278114,4.967789122577399,0.0004235359635430475,0.006966252493886995
microglia,ctss2.2,12,1.0648032588259766,0.6864931956684206,5.373085577507478,0.00022571993133075217,0.004487410373955932
microglia,si:ch211-195e19.1,12,1.063183561577153,0.739264688762106,4.9819448281973875,0.0004141651768631481,0.006899873515769389
microglia,map3k4,12,1.0560607480338489,0.8363472749435413,4.374142001233398,0.0011098679441292306,0.013437434707495782
microglia,atp6v1d,12,1.0560592788239518,0.5834336884624646,6.270286967994687,6.08488933311619e-05,0.001899594481090175
microglia,cebpb,12,1.0541327101611155,0.8310032368521152,4.394234176116091,0.0010734238526155105,0.0131470461591547
microglia,stk24b,12,1.0526513184195718,0.6448864535323872,5.65447004250182,0.00014783086194251413,0.003416798397129634
microglia,si:dkey-118j18.2,12,1.0513828712371571,0.7257019888622851,5.018722779154404,0.00039082837291556894,0.0066024485289031
microglia,rrbp1a,12,1.0501979504491141,0.8993205588774696,4.045267708442106,0.0019310622812436634,0.019527716065580503
microglia,myh9b,12,1.0501379790126046,0.8377417053520221,4.342370262784579,0.0011701651234878646,0.013897610460125354
microglia,si:ch73-234b20.5,12,1.0477862339811528,0.6703133096201339,5.414838006886853,0.00021183071726197695,0.0043080620667771225
microglia,ubb,12,1.047438952738269,0.7590639348254908,4.780144071491177,0.000571281792094708,0.008545864757970726
microglia,gpatch8,12,1.046945538883367,0.4721616780507987,7.681109884180283,9.596202040201539e-06,0.0005484829228602692
microglia,dbnlb,12,1.0454903540920124,0.8520296372749591,4.25065592296096,0.00136423570930038,0.015453264527108145
microglia,ncor2,12,1.0446170421159355,0.48457382043491287,7.46771581582024,1.2492984855853779e-05,0.0006593740160157421
microglia,ano6,12,1.0427305905381365,0.9697124767972644,3.7249440522480586,0.0033528152135892724,0.028584364631703447
microglia,sult6b1,12,1.0416430680419126,1.0330922994135505,3.492773527059848,0.005033921086604026,0.0372372182127863
microglia,trappc10,12,1.0409290445310468,0.8484223947079044,4.250104672973933,0.0013654989911815031,0.015457527162183625
microglia,chac1,12,1.0400050882871232,0.5144320887450327,7.003224302892388,2.2600697311497715e-05,0.0009826467999064022
microglia,ezrb,12,1.0386994898495925,0.49887368584762537,7.21256839658155,1.7246033440853992e-05,0.0008271764465906106
microglia,zmiz1a,12,1.033482556217733,0.6228264700962952,5.74813172544999,0.0001287239511804359,0.003100563301699086
microglia,arhgef6,12,1.0313895498197778,0.977666510147901,3.654454937631439,0.003791119977417266,0.030945961493734808
microglia,adipor1b,12,1.0308894910634243,0.7019018557249791,5.0877568165606695,0.00035069735818628187,0.006082716687247432
microglia,suco,12,1.029867365994696,0.6825319334328762,5.226957203271639,0.0002824533649649131,0.0052288178595225315
microglia,ppp1r12c,12,1.028703618616412,0.804496065773886,4.429523049710902,0.0010124184205753434,0.012647156962218558
microglia,atp6v0ca,12,1.0284551492139193,0.6013294898937699,5.924660611802118,9.949974729305333e-05,0.0026222627924927166
microglia,crk,12,1.0266896755408694,0.5734167649636828,6.202395152348984,6.693406355277065e-05,0.0020201716540926983
microglia,map3k14a,12,1.0243598497660875,0.5136040625288987,6.9089924884644205,2.5571042437450296e-05,0.0010677953565775477
microglia,mdh1aa,12,1.0201013515139052,0.8466526341574394,4.173771623471272,0.0015527953598650703,0.01673249831025067
microglia,ostf1,12,1.017540573583499,0.8038435387144963,4.385012474014217,0.0010899924066431652,0.013249420326209677
microglia,vps37c,12,1.0174474318250795,0.8689737893472363,4.0559811298228166,0.0018961360168212565,0.019266848748700435
microglia,ppardb,12,1.0129270610573176,0.6811078601395877,5.151727756461766,0.00031738907136847754,0.005683791888377403
microglia,rtn3,12,1.0117768642020983,0.8199502482743192,4.274525041998545,0.0013106907410211175,0.01502666129540926
microglia,mapk11,12,1.0115012026464825,0.9934483996662326,3.5270507768482746,0.004739342136263274,0.035769972904644544
microglia,plxnc1,12,1.0091598122674996,0.9179394546901044,3.8083471821005324,0.002901051018550026,0.02591955862153989
microglia,si:ch73-269m14.2,12,1.0077456383288657,0.6481663062530548,5.385860480103593,0.00022137042958605857,0.004446045194504771
microglia,celf2,12,1.0070000624205608,0.6310708732408539,5.527668429316851,0.0001786454591225172,0.003859163914193905
microglia,itm2ba,12,1.0066826652775858,0.37190632251390976,9.376692020579556,1.4009634561439331e-06,0.00015033251863415256
microglia,si:dkey-33c12.4,12,1.0059435408354573,0.64338512572771,5.416181545391013,0.00021139913279027346,0.004307242963492209
microglia,fxyd6l,12,1.005461730255094,0.9599305674697953,3.6284099306437256,0.003967665275070231,0.031846956355047334
microglia,srrm1,12,1.0040847060134457,0.37436832551227567,9.290987551034792,1.5337237890355515e-06,0.00016121728793942665
microglia,jpt2,12,1.003928316453577,0.5168016395680596,6.7292930908965705,3.24608170628423e-05,0.0012403377661825605
microglia,csnk1da,12,1.0024193459086543,0.6747361938378812,5.146429829791869,0.00032001604098787093,0.005704769385641481
microglia,snx9b,12,1.0020887535821494,0.9718122824522405,3.5720244871116877,0.00437948269065287,0.03401931232813726
microglia,usp36,12,1.0012782173071775,0.7738132591336329,4.482385703314823,0.0009277448740936466,0.011960846156371802
neutrophil,lyz,14,10.44690732954447,1.6229011738896042,24.085722906250023,3.5973749204883005e-12,4.6997133782665014e-09
neutrophil,npsn,14,9.214675605236582,1.7154531971079825,20.098571679591444,3.5697994688581676e-11,2.3318440101934243e-08
neutrophil,mmp13a-1,14,7.972327441773567,1.5222234822051828,19.59614879878188,4.912560780920894e-11,2.995024556101438e-08
neutrophil,si:ch1073-429i10.1,14,7.8669936795018405,1.2099004300666545,24.328940035991504,3.1652605096264974e-12,4.570469583242261e-09
neutrophil,ch25hl2,14,7.740684030295321,0.9848390151472172,29.408854782533247,2.803696766884557e-13,6.992674618134346e-10
neutrophil,mpx,14,7.740505979649677,2.160900210060419,13.402896275027105,5.4895556480990096e-09,1.1409542364060328e-06
neutrophil,abcc13,14,7.047400147602622,1.0691040763200115,24.66453678728298,2.6582356880618185e-12,4.289923300116235e-09
neutrophil,abcb9,14,7.021006080662163,0.6493478244983822,40.456282862867724,4.6301377620063434e-15,4.234260983354801e-11
neutrophil,CR354540.1,14,6.80564951803955,0.750238301201773,33.94176057151028,4.447787270800758e-14,2.440500875488376e-10
neutrophil,scpp8,14,6.597580822381106,1.1156978669064632,22.12596057689689,1.0579634079478044e-11,8.639007925197263e-09
neutrophil,mmp13a,14,6.527901215659878,2.0363671847979354,11.994482127803506,2.1013208580346445e-08,2.9116029161707307e-06
neutrophil,sult2st1,14,6.410975661163972,0.7857668603981202,30.527724759056937,1.7367134615630829e-13,5.294081535331463e-10
neutrophil,cebp1,14,6.395723454742858,0.7960176777928647,30.06290761601535,2.1145778225733433e-13,5.801344256229967e-10
neutrophil,mmp9,14,6.2448664901219715,2.119226759277608,11.025790765376554,5.729870991518736e-08,6.632869647777068e-06
neutrophil,si:ch211-9d9.1,14,5.945435493526562,4.1596992229976895,5.347930568862187,0.000132464183882004,0.002377521749892401
neutrophil,cpa5,14,5.917299698474781,2.2854214701291564,9.687713367505097,2.596634574630405e-07,2.052987595244529e-05
neutrophil,il6r,14,5.81983374121665,0.9298723980261857,23.418077527456926,5.144667770277854e-12,5.2688576979532764e-09
neutrophil,si:dkey-19b23.14,14,5.7217732982393406,0.697547009328993,30.691716888582867,1.6213129740320948e-13,5.294081535331463e-10
neutrophil,ppdpfa,14,5.714692936236132,0.7779824466059828,27.48445434893229,6.670592471397175e-13,1.407751572713704e-09
neutrophil,BX908782.2,14,5.653832215610547,3.7796991519510197,5.596927750770842,8.669849188744897e-05,0.0017519922817460746
neutrophil,sms,14,5.556116635945012,0.6231752331413419,33.35993432836904,5.555574813023713e-14,2.5402865832550926e-10
neutrophil,il34,14,5.5406612007854195,1.119772897085264,18.51380397176373,1.00396623711321e-10,5.100706243555725e-08
neutrophil,prkcda,14,5.518948891716538,1.1641614286220037,17.73810347965409,1.717022932381159e-10,7.722381008176572e-08
neutrophil,adam19b,14,5.484978629902977,0.8301594064809555,24.721650621138263,2.58100854027648e-12,4.289923300116235e-09
neutrophil,ponzr6,14,5.439310728688788,1.7767860292796038,11.454410847213193,3.644176734211904e-08,4.544454031959254e-06
neutrophil,adam8a,14,5.402628459648815,1.1224795244663544,18.009045370917175,1.4200878507303514e-10,6.911868467558161e-08
neutrophil,lect2l,14,5.361152745625874,1.5458652291805668,12.976290813480325,8.133908476084456e-09,1.4833331072148819e-06
neutrophil,si:ch73-359m17.5,14,5.351448564057571,3.7573281381712196,5.329129187900159,0.00013682012246756732,0.002426412449836916
neutrophil,si:dkey-195m11.11,14,5.333855938607428,1.2515203289818742,15.946573947315867,6.474288382462175e-10,1.9998726421198258e-07
neutrophil,hpgd,14,5.3179991248157945,2.3138545086205187,8.599560012996369,1.0049003064739738e-06,5.8409830313799727e-05
neutrophil,f8,14,5.307928886570634,1.2456438030225916,15.943924963714203,6.487649540683962e-10,1.9998726421198258e-07
neutrophil,hsd3b7,14,5.3059444218523995,0.9543454224483214,20.802767711615527,2.3104213842412015e-11,1.7131462345042532e-08
neutrophil,ppp1r14aa,14,5.1840357044909435,0.8311729283410756,23.33676281507666,5.377365246680945e-12,5.2688576979532764e-09
neutrophil,f5,14,5.165506042779747,0.5108174483884199,37.83651851041668,1.0979771070643193e-14,7.5307504830774e-11
neutrophil,si:dkey-238m4.4,14,5.160762985343807,1.9489557948780423,9.907770610420398,2.0032427473509286e-07,1.685857815140268e-05
neutrophil,srgn,14,5.119216098688317,1.14410803411997,16.7417343108533,3.534898816246003e-10,1.3105398516717445e-07
neutrophil,dennd3b,14,5.109352637930045,0.9400306484348476,20.337046532657688,3.075850984892455e-11,2.1534972603255308e-08
neutrophil,papss2b,14,5.029728993228694,1.1255868651800145,16.719742583328216,3.5932764987078117e-10,1.3144205432273176e-07
neutrophil,si:dkey-27h10.2,14,5.015479802901933,0.9160675395679777,20.485615134440604,2.805637358598847e-11,2.025596340346299e-08
neutrophil,hyal3,14,5.011761481034362,0.7942154971208358,23.611090987573945,4.63455992551621e-12,5.2688576979532764e-09
neutrophil,ca6,14,4.9676585561608935,1.3065604765143046,14.226112503585043,2.6489121360630493e-09,6.431230482556616e-07
neutrophil,lsp1b,14,4.906485768464506,0.7723787815668841,23.768634194525312,4.258491591643054e-12,5.2688576979532764e-09
neutrophil,plpp1a,14,4.8948448120838055,0.5920949458753524,30.932255672557464,1.46672034636299e-13,5.294081535331463e-10
neutrophil,thy1,14,4.870096250566973,2.0210296331234825,9.016310949420221,5.89928015287316e-07,3.818746714102084e-05
neutrophil,gra,14,4.803919481848377,1.3456799636027288,13.357277585231019,5.722283928367579e-09,1.1715735789161532e-06
neutrophil,si:cabz01007802.1,14,4.683087676691165,0.9801443970350123,17.877477697580083,1.556728819154937e-10,7.363595716123395e-08
neutrophil,cnksr2b,14,4.5833919948486495,1.585662607588754,10.815341442707316,7.193782869127205e-08,7.926161968454011e-06
neutrophil,BX649411.1,14,4.567696093097538,0.7321974968658211,23.341726652213403,5.362840714026219e-12,5.2688576979532764e-09
neutrophil,si:ch73-343l4.8,14,4.471645802027137,2.5451625725387306,6.573790895212811,1.7864028066058003e-05,0.0005506737190924734
neutrophil,gapdh,14,4.452063251625595,1.2354177472762709,13.48377533717309,5.10151031341633e-09,1.0683964538059315e-06
neutrophil,cfh,14,4.443350482243363,1.4286762934138046,11.636992389777124,3.018048804279845e-08,3.90566834648196e-06
neutrophil,vamp8,14,4.417317533849184,0.7078436324030034,23.349915184152923,5.33897260773828e-12,5.2688576979532764e-09
neutrophil,srd5a2a,14,4.383088526706961,1.2422846536231635,13.201495740131726,6.6001688166764355e-09,1.282294346825673e-06
neutrophil,si:dkey-42l23.9,14,4.378172296893119,1.795892924512696,9.121713489507856,5.170710540011566e-07,3.4579280710448323e-05
neutrophil,mmp25b,14,4.371342445784231,0.8055608607974032,20.303947905558125,3.1397809518141514e-11,2.1534972603255308e-08
neutrophil,cd7al,14,4.29115620305264,1.4676474169210159,10.939981987388196,6.284155439999758e-08,7.094889073925653e-06
neutrophil,scinlb,14,4.247040238383922,1.2029565844337984,13.20992767777637,6.549131198162904e-09,1.282294346825673e-06
neutrophil,chia.6-1,14,4.238876998473859,2.938711244115156,5.397068345767815,0.00012175158033270006,0.0022493297012980648
neutrophil,HACD4,14,4.233321045950146,1.0407519069542446,15.219416708559846,1.153934846033463e-09,3.165820250092806e-07
neutrophil,ablim1a,14,4.232251001526804,0.6810366228069353,23.252249133499777,5.631259459850892e-12,5.3273656303796285e-09
neutrophil,cfl1l,14,4.225427118699012,2.4740890599128895,6.39027141226345,2.37954349090758e-05,0.0006800289132609319
neutrophil,zgc:77112,14,4.2228610531391535,1.1999008706633338,13.16817050400439,6.8060932511813444e-09,1.2967025579594455e-06
neutrophil,ctss1,14,4.184554433772801,2.7393459297705545,5.715659653395831,7.104786960438233e-05,0.0015168858385962874
neutrophil,dachd,14,4.175649152020279,0.7867632934566166,19.858385138419713,4.1545250533746206e-11,2.6506836009147143e-08
neutrophil,si:rp71-1g18.13,14,4.175441446137141,0.818714229473542,19.082447534870877,6.864040418638093e-11,3.7662989777067216e-08
neutrophil,cfbl,14,4.133655152378891,2.16587201788313,7.141105849084949,7.576546606255968e-06,0.000288901973208302
neutrophil,dgkzb,14,4.115619989635378,0.8154401710113636,18.88457361166612,7.825577999382023e-11,4.209700635549917e-08
neutrophil,calm1b,14,4.107441562462408,1.597777570639787,9.61876004854406,2.819201893655005e-07,2.1604693841459515e-05
neutrophil,lta4h,14,4.104408143527073,1.1241204043650994,13.661605099354952,4.34790122950346e-09,9.858237209208879e-07
neutrophil,b3gnt5b,14,4.099907777167016,0.7923742935272902,19.360105880315963,5.7228276899604565e-11,3.413169079870981e-08
neutrophil,timp2b,14,4.088543648674956,1.547395727585401,9.886242589078131,2.0543292864910267e-07,1.723563424308297e-05
neutrophil,SMIM22,14,4.070366857951272,0.7557979856638098,20.150779057127185,3.4547980646530445e-11,2.31176548545747e-08
neutrophil,antxr2a,14,4.014453775575488,0.886045239374677,16.952532394221056,3.024280720963741e-10,1.2024803127484092e-07
neutrophil,si:dkey-102g19.3,14,3.981465121968992,1.2644420636658877,11.781701045762187,2.6037321396779458e-08,3.518886268574603e-06
neutrophil,alox5ap,14,3.9504535261207905,0.6441750641722697,22.94600402781831,6.6649388886188274e-12,5.894899587891372e-09
neutrophil,rflna,14,3.8922667428674917,0.5619027779232713,25.918235648469018,1.4121515285413909e-12,2.7673126561095044e-09
neutrophil,nccrp1,14,3.8490336386830712,0.6515097365859513,22.10521859824872,1.0706260960696443e-11,8.639007925197263e-09
neutrophil,cst14b.2,14,3.8339345840556303,3.498382672205106,4.100543308430491,0.001251868234534095,0.011670066263827012
neutrophil,mctp2b,14,3.822057103927637,1.0837691615222185,13.195455917472586,6.6369891470474044e-09,1.282294346825673e-06
neutrophil,naa80,14,3.813310034748941,0.5816115783932413,24.532007596882075,2.8471778060567396e-12,4.339573506064814e-09
neutrophil,f3b,14,3.801611348101158,1.214934580439566,11.707895561849877,2.80686344285136e-08,3.6845118925658883e-06
neutrophil,tpst1,14,3.7965296271269033,0.29012998938815376,48.96189171413353,3.934148122305312e-16,1.0793335373544625e-11
neutrophil,camk1db,14,3.786275526497302,1.169420709911583,12.114498804413298,1.8646284839681924e-08,2.7066710295062094e-06
neutrophil,gsto2,14,3.75829444317992,0.8141283564758612,17.272767927980343,2.3941978860653607e-10,1.010535676987741e-07
neutrophil,BX322587.1,14,3.7483887098787387,0.9867769668952796,14.213126953039461,2.67875230562608e-09,6.446628903934343e-07
neutrophil,slc7a11,14,3.739909002541452,1.9983954250329865,7.002346967938341,9.308486409551571e-06,0.0003342648228351405
neutrophil,zgc:158403,14,3.739907100751676,1.4101902336107088,9.923094555510017,1.9677058325198262e-07,1.6713315639375057e-05
neutrophil,myh9a,14,3.727836203906379,0.6496494424819554,21.47048078074362,1.548934144289754e-11,1.21414309281684e-08
neutrophil,si:ch211-67e16.3,14,3.7077434975253944,0.9074820151498113,15.287471943439789,1.092034327078387e-09,3.088655851896448e-07
neutrophil,mapk12b,14,3.6938309564870324,1.0872805190946515,12.711576857223896,1.0440579902835594e-08,1.7255259616523766e-06
neutrophil,pde4cb,14,3.689974889788192,0.7883273414018632,17.513818281165246,2.0133738888378563e-10,8.909179458107515e-08
neutrophil,si:ch73-170d6.3,14,3.6367442776505,1.167496894135319,11.655235366049446,2.9621351739123107e-08,3.851477653852334e-06
neutrophil,cnksr1,14,3.6356600007024924,1.0686662758459848,12.729319156869831,1.0265894863703696e-08,1.7149840566586165e-06
neutrophil,si:ch211-284o19.8,14,3.6280658618320154,1.0630344672525602,12.77002754831742,9.876814950798034e-09,1.6935651135946503e-06
neutrophil,bdh1,14,3.61057089303569,0.8407340678463568,16.06871871744684,5.889169822429519e-10,1.9234449295042124e-07
neutrophil,ssuh2.3,14,3.6015990444740096,0.84234033007897,15.998224456011464,6.219585530484264e-10,1.9613141267682275e-07
neutrophil,hbegfa,14,3.567904665660657,1.293700572418493,10.319139631064427,1.2481471069798678e-07,1.1795615733901128e-05
neutrophil,cbx7a,14,3.5630715894233727,0.933472393858737,14.281936155669365,2.5246324769282024e-09,6.184222500404039e-07
neutrophil,ncf1,14,3.5589164825032533,1.2067271882815411,11.035009631823279,5.673508566382582e-08,6.595453708419751e-06
neutrophil,si:ch211-276a23.5,14,3.55518627595431,1.0675239060680153,12.460881592598502,1.3280570525375585e-08,2.0701843884299952e-06
neutrophil,neu4,14,3.554399654912589,0.883246683903321,15.057340114289257,1.3170371407326232e-09,3.50804989864073e-07
neutrophil,si:ch211-8c17.2,14,3.5507219398566643,1.0697579198023326,12.419244325015013,1.3827569871527437e-08,2.084392194644809e-06
neutrophil,si:ch1073-272o11.3,14,3.5392945392628485,1.0588972562873173,12.506244093249638,1.2710899876730008e-08,1.9927059321033587e-06
neutrophil,pygb,14,3.5353884248354754,0.8259707650901167,16.0153516008009,6.137518550190881e-10,1.9613141267682275e-07
neutrophil,ved,14,3.533750755515366,3.1897848531213726,4.145133677104761,0.0011516490576081821,0.010970656908152944
neutrophil,jakmip1,14,3.5227987454069214,2.2488899678586267,5.86116089993532,5.581655824242692e-05,0.001267655029288893
neutrophil,myo1ca,14,3.4994814250762105,2.181297043736717,6.002786535475189,4.425873922087314e-05,0.001074472579683028
neutrophil,kcnip3b,14,3.475503330097941,1.7985817604154961,7.2302204959613645,6.64693839904093e-06,0.0002635242123955028
neutrophil,actn1,14,3.441203199395624,1.1479462341535362,11.216381906512387,4.677165088919477e-08,5.6777886820577815e-06
neutrophil,glipr1a,14,3.4302151517206663,0.6879917299730411,18.655296715794027,9.124106174151356e-11,4.813843324766201e-08
neutrophil,elovl5,14,3.4170564285242935,1.2709606010285157,10.059678023429498,1.6791457948251223e-07,1.4765181051611291e-05
neutrophil,BX296551.1,14,3.416344701739147,1.8038617677823183,7.086347533571577,8.215318968645706e-06,0.00030748605171186216
neutrophil,CU499336.2,14,3.3616272260045115,0.5484191567862697,22.93511666417244,6.705255451697584e-12,5.894899587891372e-09
neutrophil,si:ch211-136m16.8,14,3.353169440011983,0.8768028634747883,14.309272616428034,2.4660676557453298e-09,6.095186138321903e-07
neutrophil,tbc1d10c,14,3.353133075892057,1.7898189892959107,7.009801112448286,9.205521333658034e-06,0.0003323072076169844
neutrophil,sult5a1,14,3.3334819834312257,2.309898026830998,5.399696151996348,0.00012120487998845435,0.002246794515191382
neutrophil,si:ch211-193e13.5,14,3.3179926943377924,1.229213892510455,10.099781616262021,1.603268395377708e-07,1.4327579292243459e-05
neutrophil,zgc:114045,14,3.3104851995689963,0.7233030026039561,17.125190074118176,2.665022396568043e-10,1.0912670067140935e-07
neutrophil,rab3db,14,3.297611598600615,1.6189849539421162,7.621153468148018,3.787870332294712e-06,0.000167613262204041
neutrophil,g6pd,14,3.2929107090092886,0.511513300800488,24.08724007581049,3.5944906349486514e-12,4.6997133782665014e-09
neutrophil,pxna,14,3.2655390230942385,0.7565189522273358,16.15098758806431,5.527215193584721e-10,1.8269776968192385e-07
neutrophil,sat1a.1,14,3.2488823814357723,1.6624673306154636,7.312146553134678,5.898581273903522e-06,0.00023728383760930076
neutrophil,vaspa,14,3.234408540080147,1.4646449101835601,8.262786783124712,1.566974991830334e-06,8.509938455884055e-05
neutrophil,mfsd10,14,3.23255626738792,0.7273814205111455,16.628302146533972,3.8473449469132886e-10,1.3602539983907313e-07
neutrophil,zgc:171579,14,3.23164720676149,1.4996780231645823,8.062875134431103,2.0522704126657125e-06,0.00010623403541789401
neutrophil,si:dkeyp-28d2.4,14,3.2314322304169747,0.984752993194815,12.278116805284089,1.5868508305021382e-08,2.353256893774387e-06
neutrophil,triobpa,14,3.2290558129555884,0.9068765643268794,13.322673680313239,5.905866164227814e-09,1.200203246041408e-06
neutrophil,dhrs9,14,3.214793697242784,0.7040893700704908,17.083991174356896,2.746372910774156e-10,1.1080403059866025e-07
neutrophil,ipcef1,14,3.2107776733735456,1.2462633779351926,9.63971999142841,2.749468863232866e-07,2.130838369005471e-05
neutrophil,hlx1,14,3.210603195974848,0.9530007000745747,12.605423231356772,1.1554532183426324e-08,1.8552436895745283e-06
neutrophil,cox6a2,14,3.2008842960012833,1.9696005640820144,6.080731590328282,3.8999625326248096e-05,0.0009762360591474603
neutrophil,SGMS1,14,3.1834478483911406,1.3533508971896648,8.80139155490064,7.746213087444742e-07,4.754303267428333e-05
neutrophil,si:cabz01036022.1,14,3.1828832324951253,0.7170723931589452,16.608167699275125,3.905839698236077e-10,1.3602539983907313e-07
neutrophil,phtf1,14,3.1748893250681647,0.6015407859405045,19.74820057588906,4.4564969847442704e-11,2.778727154010433e-08
neutrophil,st6galnac5b,14,3.1572929186270957,1.2541760586530828,9.41933813014833,3.585427408624388e-07,2.6022804485611133e-05
neutrophil,zmp:0000000924,14,3.1560409908880263,1.8543162835322071,6.368290130108448,2.4634370681380625e-05,0.000696746350148121
neutrophil,si:dkey-117a8.1,14,3.1421250732031774,1.8952232311979011,6.203361850354306,3.201605929093465e-05,0.0008445774871603769
neutrophil,il16,14,3.127309593796043,0.8837911414728779,13.239916642358734,6.371010682003225e-09,1.2665846236286845e-06
neutrophil,si:dkey-42l23.4,14,3.1270890421495414,1.2480866107230135,9.374746682748734,3.785467707835022e-07,2.733008067485627e-05
neutrophil,sult2st2,14,3.120019709165209,1.4334091414279684,8.144251668472377,1.8377908833309117e-06,9.714796316798375e-05
neutrophil,cebpa,14,3.1126647984268287,1.0568510809304106,11.020024907702055,5.7654265097723604e-08,6.645986398974988e-06
neutrophil,cd28,14,3.1117273223949047,0.7275449149590355,16.00315978034257,6.195817146259545e-10,1.9613141267682275e-07
neutrophil,agr1,14,3.095818132794448,1.7398600936953623,6.6577139315129585,1.5692814512404147e-05,0.0004954342533346464
neutrophil,apol1,14,3.0780049695082723,0.8808743732038442,13.074327487584204,7.423855020696304e-09,1.3950237157041308e-06
neutrophil,gsr,14,3.0676170333535913,0.4878766900672089,23.526379034546302,4.851408648707363e-12,5.2688576979532764e-09
neutrophil,pxk,14,3.065247739454826,0.900359456141511,12.738364403672856,1.0178045555786956e-08,1.7149840566586165e-06
neutrophil,slc2a3b,14,3.063889637652777,0.8191102241030928,13.995705288059975,3.2357870632679108e-09,7.652915351789235e-07
neutrophil,C18H19orf12-2,14,3.063832206369687,2.5830372289138475,4.438112729648697,0.0006690693825487083,0.007533647837703504
neutrophil,sema4aa,14,3.058969478347425,0.9140793260715058,12.521468780795198,1.2525617972952392e-08,1.987921526263368e-06
neutrophil,pgp,14,3.055708589968878,0.3922733373691405,29.14655044914884,3.144908380790358e-13,7.190046785581956e-10
neutrophil,slc16a3,14,3.0433553451892297,2.4918399042164276,4.569793183196496,0.0005258237030464747,0.006371443959551078
neutrophil,itgb3a,14,3.038390084393753,1.720194843445693,6.608911046611619,1.6919115376750802e-05,0.0005268739277652193
neutrophil,p3h1,14,3.025960066612351,0.6715201546644556,16.860411048988524,3.2369506339646656e-10,1.2377821325456891e-07
neutrophil,homeza,14,3.018742170189585,1.4242643109907582,7.930479513313559,2.460070362917409e-06,0.00012178075585266736
neutrophil,fam107b,14,3.0136558471413903,0.9073838600211168,12.427009293937237,1.3723757271024616e-08,2.0806144679430053e-06
neutrophil,dusp2,14,3.010066268284432,1.0561146427964796,10.664217908752073,8.489567647118404e-08,8.889743832011199e-06
neutrophil,pgm1,14,3.0094185445333252,0.9061240012138411,12.42679049662458,1.372667099317237e-08,2.0806144679430053e-06
neutrophil,rhof,14,3.0031659368038213,1.0561651994797983,10.639261752502794,8.726559027087999e-08,9.034458373892803e-06
neutrophil,fmo5,14,2.998858736207482,0.7985865835321463,14.050701794404254,3.0840405656002403e-09,7.357448079760224e-07
neutrophil,alox12,14,2.9593056737172256,1.2242919918057942,9.0441724751088,5.696627211312633e-07,3.724265103511444e-05
neutrophil,slc6a7,14,2.9410857884207386,1.0460370935850265,10.520215232200865,9.958561323700957e-08,1.0156621929953002e-05
neutrophil,itln1,14,2.9410674988812073,2.2945295063923234,4.795957908378304,0.0003493643798878485,0.004806826360192138
neutrophil,cnr2,14,2.9165888081971763,1.4791133867488506,7.377984782059272,5.3620197902218156e-06,0.00022121355330035415
neutrophil,prdx5,14,2.903437757401808,0.6957702560565954,15.61387431764138,8.408408300785955e-10,2.5074421927398116e-07
neutrophil,myh11a,14,2.8985139433975347,1.5952043758046563,6.798656191944101,1.2650581410485131e-05,0.00042119987985031503
neutrophil,hopx,14,2.8961610134693045,0.9357341878967923,11.580684332685024,3.197869897932058e-08,4.0996990957834586e-06
neutrophil,si:ch73-186j5.2,14,2.86982712304059,2.129831810658786,5.041670332817336,0.00022573554922320613,0.0035147870561513393
neutrophil,aldh8a1,14,2.8680706737074035,0.9896610468951498,10.84344771953418,6.977023508526787e-08,7.749580565037749e-06
neutrophil,unm_sa1614,14,2.8570432528406715,1.066786113957107,10.020825028993366,1.7563240847991692e-07,1.5248339008375066e-05
neutrophil,atg16l1,14,2.8483568929246785,0.6148612639896062,17.333301401078756,2.2917956421212047e-10,9.91270891919437e-08
neutrophil,atp1a3a,14,2.8467296522587118,0.856586974271491,12.434799210647682,1.3620449407226898e-08,2.0806144679430053e-06
neutrophil,sema4e,14,2.828912517579264,1.8859051507593336,5.612594787005003,8.44411022209915e-05,0.001722883064511964
neutrophil,cyp4f3,14,2.8269128614029913,1.359965192296251,7.777654494064891,3.040396810955011e-06,0.00014258681454453116
neutrophil,inhbaa,14,2.8124001069687585,1.8148492879736073,5.798298351568965,6.192674029995525e-05,0.0013756762106309898
neutrophil,svild,14,2.8038981741953486,2.163818751366058,4.848477400714221,0.00031801524166974465,0.004478823488300536
neutrophil,cxcr1,14,2.793552253468848,2.7101247130655968,3.8568392716906343,0.00198167369317658,0.01609449904449363
neutrophil,CU856539.2,14,2.7926446872918893,1.4550504726189195,7.181276402071137,7.141510086834223e-06,0.0002771249352649178
neutrophil,dennd11,14,2.791823539620886,1.8773067337148197,5.5643795347823595,9.159299764707647e-05,0.0018302865987275979
neutrophil,itgam,14,2.7786762510612384,0.8658005946114626,12.00837073218032,2.072353937769294e-08,2.9007668511581927e-06
neutrophil,dnase1l1l,14,2.778483191658501,1.6445094738545971,6.321722266353732,2.6516474920675582e-05,0.000735570767895586
neutrophil,FAR2,14,2.7784636172189017,1.2751019273349238,8.15311991487491,1.8159003735716583e-06,9.636214071361402e-05
neutrophil,smap2,14,2.7721223360326706,0.962143086239792,10.780446447102165,7.472965637249872e-08,8.135746518172629e-06
neutrophil,limd2,14,2.7700732398957917,1.3801701115047615,7.509701096671774,4.4378855471005035e-06,0.00019113562007017632
neutrophil,s1pr4,14,2.766871500695847,1.9214183770267454,5.38804318341794,0.00012364896094178705,0.002275171494770084
neutrophil,zgc:172079,14,2.761705477388607,1.0511934029419567,9.83011848309298,2.1941663113115315e-07,1.8077162988237798e-05
neutrophil,selenow1,14,2.7605142390927955,0.5350324108094563,19.30518279886914,5.931258619921202e-11,3.46221447313911e-08
neutrophil,si:ch211-260p9.3,14,2.7512546204019217,1.0794144903039764,9.536885289008671,3.110224789188611e-07,2.2999735065064567e-05
neutrophil,odc1,14,2.7456744592138387,0.5962931774251117,17.228728268124847,2.471781637832105e-10,1.0274746853624818e-07
neutrophil,hhla2a.1,14,2.7379528717139374,1.2156475837669387,8.427180478854494,1.2594837923342617e-06,7.080724967764439e-05
neutrophil,spns3,14,2.736158804306199,0.6080520577032907,16.836993924810525,3.293533649565712e-10,1.2377821325456891e-07
neutrophil,si:ch211-188c18.1,14,2.732373428527693,2.244085716389718,4.555799784120191,0.0005394068598133581,0.006482096889609933
neutrophil,spi1b,14,2.7314918457065858,1.0471393413674885,9.760216465607957,2.382695535311547e-07,1.945513452716437e-05
neutrophil,hyal6,14,2.7309810099797835,1.904743067160273,5.364710571890691,0.00012869911100513577,0.0023367704238424223
neutrophil,plek,14,2.7075768758157133,1.0006796381640028,10.123944398670595,1.559326052981424e-07,1.4072404691955713e-05
neutrophil,asah1a,14,2.697260003433936,0.9170809384585972,11.004724220810003,5.860927889057894e-08,6.671973304410926e-06
neutrophil,si:ch211-105j21.9,14,2.696568088028189,1.343410701283024,7.510461168631048,4.433071829914679e-06,0.00019113562007017632
neutrophil,skap2,14,2.690567164079784,0.6511624890455308,15.46032007901275,9.50276355021323e-10,2.7442980842115785e-07
neutrophil,ltb4r,14,2.6871795118237216,1.0373259047801315,9.692715687201453,2.581234570194115e-07,2.0493747364632985e-05
neutrophil,b3gnt2b,14,2.683255062417586,1.3195511866213867,7.608512065833198,3.85623109198104e-06,0.00016981653291894036
neutrophil,tpm1,14,2.6777852727037064,1.305120079482338,7.67696030680975,3.501099308775249e-06,0.00015824161373352382
neutrophil,slc25a15a,14,2.6761238872328685,1.2410883280072056,8.068030682928896,2.0379219338369954e-06,0.00010589088684624616
neutrophil,AL831726.1,14,2.672025559588733,2.4258516161481434,4.121358497828831,0.0012040140553269062,0.011351245913365523
neutrophil,rdh12l,14,2.6707201762877415,1.249198179297669,7.999467211224647,2.237796387094708e-06,0.00011348233619213181
neutrophil,mrtfab,14,2.67037874038597,0.5598755890685579,17.846183213795662,1.5912670369810514e-10,7.399391721961889e-08
neutrophil,lrrfip1a,14,2.66666338880854,0.22368483995944616,44.606244967625244,1.3120617015283582e-15,1.7998206390715254e-11
neutrophil,agpat9l,14,2.664766887806589,1.099309718740593,9.06991409228588,5.515979615567635e-07,3.6290383873644616e-05
neutrophil,cdaa,14,2.662535167223592,2.4816239759544847,4.014425421625707,0.0014715743842926253,0.01303170115147369
neutrophil,sla1a,14,2.639201668908611,1.0744515304955236,9.19072488556445,4.7460792897751015e-07,3.2552171328744976e-05
neutrophil,socs1a,14,2.6375707247358515,1.6240476142304205,6.076722073215271,3.9253423451929105e-05,0.0009816934114892206
neutrophil,spice1,14,2.636518181739756,1.7917022193207182,5.505908082097717,0.00010112766973546328,0.001966279317699272
neutrophil,pgd,14,2.6345539048064097,0.7252489649332606,13.5920195069567,4.627524355831147e-09,1.0138876716716438e-06
neutrophil,tktb,14,2.629416178080909,0.5825858850347206,16.887423328206786,3.1729740277635803e-10,1.2377821325456891e-07
neutrophil,si:ch73-208g10.1,14,2.628482872387696,1.4079330890371402,6.985333629884433,9.548088655115147e-06,0.00034101189740648924
neutrophil,CU571315.1,14,2.6279799568340994,1.7188027427596302,5.720842987482531,7.043621844027187e-05,0.0015078048463915623
neutrophil,osbpl6,14,2.6276681487227926,1.0852138235763713,9.059812660935327,5.586129985246858e-07,3.666398950843243e-05
neutrophil,map3k15,14,2.6242483987856007,1.9260196242796401,5.098098836723066,0.00020442329889910568,0.0032761648241931667
neutrophil,si:ch211-286b5.8,14,2.6235795470117433,1.5798262246216266,6.213680744675961,3.149186832073431e-05,0.000833369752934028
neutrophil,ccdc88b,14,2.6182207122133754,1.133874713283982,8.639830091707982,9.537118669987682e-07,5.6269000152927326e-05
neutrophil,tnfaip8l2a,14,2.6176384659708156,1.235628788676913,7.92657664814597,2.473326951432495e-06,0.00012187815550155632
neutrophil,AL935269.1,14,2.6038265510212333,1.0572359562998188,9.215186818470093,4.6046227423078013e-07,3.177129601508941e-05
neutrophil,vwa11,14,2.601170636591062,1.6968322792732018,5.735799256971461,6.870213097209747e-05,0.0014841283174956647
neutrophil,tmem30ab,14,2.600545243658762,1.023564854149907,9.50633394760014,3.2268924782590255e-07,2.373452952842798e-05
neutrophil,mical1,14,2.594875712014244,0.8730545200309597,11.120881517541525,5.176104164998349e-08,6.1474639725857014e-06
neutrophil,wipf1a,14,2.5805100837877513,1.3069308527592647,7.38783126610264,5.286331473376177e-06,0.00021841943369288466
neutrophil,CR626902.1,14,2.575432825358105,1.7700761213272718,5.444052455730265,0.00011235478317767689,0.002112716570582293
neutrophil,unc13d,14,2.5676007841724333,1.5867975486687629,6.054384472956346,4.0699568370019084e-05,0.0010096697777919727
neutrophil,fybb,14,2.5668487663622677,1.0573512135498162,9.083328722106263,5.424268425099008e-07,3.585898897411838e-05
neutrophil,BX248410.4,14,2.5657981343371374,1.957299363728892,4.904889727253344,0.00028758342945641666,0.004156929076468278
neutrophil,hcar1-3,14,2.56457287107846,1.2832192091477659,7.477875142910053,4.644508675419883e-06,0.00019724782586709675
neutrophil,vclb,14,2.5610306298562717,0.7591699508848879,12.622337281377753,1.1368832563356867e-08,1.8455853335839979e-06
neutrophil,zgc:153441,14,2.5609712891538794,1.9559474066667555,4.899046420531478,0.0002905898033288321,0.0041871487680286285
neutrophil,gpr183b,14,2.555452774661498,1.0463222147202582,9.138321461922251,5.064946991572131e-07,3.4310326102168254e-05
neutrophil,si:ch73-233k15.2,14,2.55530167409436,1.0473708518243334,9.128632296437608,5.126366584299652e-07,3.4555741336673456e-05
neutrophil,sult1st7,14,2.5484052659685585,1.202512979465176,7.92944404820123,2.463580080125037e-06,0.00012178075585266736
neutrophil,lpcat2,14,2.5433036207982846,1.268816408042253,7.500037609264519,4.4995725430068865e-06,0.0001931858727971736
neutrophil,loxhd1b,14,2.541193660588264,2.0459113801518787,4.647452535631011,0.00045662333166314294,0.005759752231806127
neutrophil,tpd52,14,2.533345098715336,0.9375263328344209,10.110552706501839,1.5835189340570016e-07,1.4197333972501255e-05
neutrophil,stim1b,14,2.53284877574649,0.8462154247456498,11.199337726798992,4.7622959363601286e-08,5.730420570791234e-06
neutrophil,rab27a,14,2.527011096099938,0.6289898776747491,15.032371854911377,1.3442887892251188e-09,3.5462079742683786e-07
neutrophil,pald1a,14,2.5253628218354245,0.7348026685840005,12.859292515653967,9.07785263393286e-09,1.5863113822417074e-06
neutrophil,fmnl1a,14,2.5110257978746753,1.2843900122850955,7.315066401273304,5.873616981503945e-06,0.00023674804527519842
neutrophil,sh3bgrl,14,2.5091079604078184,0.6234458162471471,15.058601869823956,1.3156758212961872e-09,3.50804989864073e-07
neutrophil,zgc:92360,14,2.5007087550913347,0.5250475071564716,17.82085479527722,1.6198234156699237e-10,7.406642568150727e-08
neutrophil,sh3bp4,14,2.4992552036774685,1.1757750856434475,7.953355032315084,2.383873611111315e-06,0.0001195641179540017
neutrophil,stk17b,14,2.4855952698012516,0.4840640597999731,19.212841179792,6.300301112719268e-11,3.601015854738607e-08
neutrophil,dub,14,2.482697201272748,1.4296579582896116,6.497639710535139,2.0109653478969416e-05,0.0005997425206981694
neutrophil,samsn1b,14,2.4790233187398187,2.4076279293818996,3.8526118588967333,0.0019976151136959375,0.01616177252853083
neutrophil,pigrl2.3-1,14,2.4765987849072184,1.8925246088629435,4.896414077907795,0.00029195481511982697,0.004197998088476129
neutrophil,pla2g4ab,14,2.472031258564475,1.4959660552895835,6.182957150824769,3.3079859699079855e-05,0.0008651534326446672
neutrophil,si:ch211-165d12.4,14,2.4705584507586313,2.106844289982588,4.387596805653927,0.0007342495555833014,0.008090014681697942
neutrophil,csgalnact1a,14,2.4680764852164834,1.687821853198755,5.471369264790447,0.00010724362106707624,0.0020443514281940868
neutrophil,stx11a,14,2.465697391816669,1.1343991565551252,8.132758920287296,1.8665780731908812e-06,9.847994122690736e-05
neutrophil,tagln2,14,2.4592532829132945,0.6153323241824721,14.954005909222973,1.4338235213539361e-09,3.7463760293662135e-07
neutrophil,zgc:158868,14,2.4563421339370697,1.3101766460177822,7.014924833093813,9.135446455767399e-06,0.00033024675188352893
neutrophil,ryr3,14,2.455827488160538,2.1647628796035363,4.24474437745406,0.0009564954563942825,0.009661801489755944
neutrophil,itgb2,14,2.4557536283356165,1.0703516240072004,8.584644987185122,1.0245948382033915e-06,5.942866677824534e-05
neutrophil,pi4k2b,14,2.455167074235728,0.9382372482262942,9.791120568326237,2.2972965174842564e-07,1.881382983796435e-05
neutrophil,cd28l,14,2.447098649442769,1.0274324778473258,8.911733797860986,6.7312259904207e-07,4.274795950166479e-05
neutrophil,mid1ip1l,14,2.432691833306566,1.1028332527953009,8.253559044184579,1.5864511318646045e-06,8.584671953196335e-05
neutrophil,si:ch211-264f5.2,14,2.4304059481355487,1.357379415023603,6.699487459475414,1.4717745383953172e-05,0.00047170717828125616
neutrophil,CU571081.1,14,2.420846180987618,1.2232147131491984,7.4050588976450475,5.156617800051472e-06,0.00021370363949306967
neutrophil,klf7b,14,2.418232966605345,0.7667930109225303,11.800054400017604,2.5557011036629052e-08,3.4710722662867233e-06
neutrophil,si:ch73-265h17.1,14,2.4103674977957428,1.131849638819344,7.968169130994228,2.335869776282719e-06,0.00011758639873819521
neutrophil,selplg,14,2.4077285480442834,0.8254488109506247,10.913935773632447,6.463538763908736e-08,7.267507622452301e-06
neutrophil,iqgap1,14,2.3969728266405537,0.705960415245025,12.704184100156947,1.0514304036850466e-08,1.7273049775508534e-06
neutrophil,ppm1j,14,2.3965939229020514,0.8888937024722069,10.088082894258527,1.6250171139841089e-07,1.4474787182517542e-05
neutrophil,xbp1,14,2.392832782646526,0.9871269394157374,9.06991806120035,5.515952238319028e-07,3.6290383873644616e-05
neutrophil,txn,14,2.391865965195799,2.1985205077030585,4.070711610599544,0.0013238838021018763,0.012119036406628288
neutrophil,cnp,14,2.388748451052004,0.3904736881223464,22.889834984791733,6.8757713436312706e-12,5.894899587891372e-09
neutrophil,myo1f,14,2.38866889639639,1.0062765230898907,8.881833587168282,6.991449797207998e-07,4.4094350617563556e-05
neutrophil,adora2b,14,2.386803839626597,0.8605953851920333,10.377236935016201,1.168891684076227e-07,1.1453051197368317e-05
neutrophil,si:dkey-24p1.7,14,2.374517278244138,1.5197129234970816,5.846255550502065,5.720561231299867e-05,0.001289594062290155
neutrophil,cybrd1,14,2.3720693365082943,1.6669094437980185,5.324506851832122,0.0001379138203808608,0.0024422333287907427
neutrophil,sptlc3,14,2.371729577496815,1.2780972715923014,6.943289599558716,1.016864630208433e-05,0.00035947433695060564
neutrophil,fgd6,14,2.3638593101954517,1.1458888259149345,7.718682169908654,3.3018021354725035e-06,0.00015173357049696505
neutrophil,sc:d156,14,2.361003241517402,1.1052043095305657,7.993151259583004,2.257229261371622e-06,0.00011425661399581263
neutrophil,si:ch73-248e21.5,14,2.3523347857095454,1.2242189817707787,7.18958859336117,7.0548420791434565e-06,0.00027492839835412033
neutrophil,ripor2,14,2.3506601692052174,1.437504861891056,6.11849407892198,3.6692383789189706e-05,0.0009382403679994878
neutrophil,si:ch211-203d1.3,14,2.349223428161802,0.594573238580237,14.78369462802152,1.651244228170518e-09,4.194619018505385e-07
neutrophil,si:ch211-243a20.4,14,2.3465812619508006,1.1261502446126046,7.7965645831421755,2.961301603049016e-06,0.00013959331525713016
neutrophil,chst12a,14,2.3390571293579314,0.4701215536793557,18.616356381987078,9.366775825137616e-11,4.848631976653783e-08
neutrophil,fli1a,14,2.3347555945413947,0.9256760060545709,9.437271204491601,3.5081848453983074e-07,2.552972181260015e-05
neutrophil,larp6a,14,2.3339929752300006,0.723918377486347,12.063517556732457,1.9614858927273842e-08,2.7815307033817553e-06
neutrophil,si:ch211-163c2.2,14,2.3328388060118086,1.9712311499273405,4.428036534928298,0.0006815754479077834,0.007632254046265321
neutrophil,ostf1,14,2.3233910671836564,0.6896949110534837,12.604607065482869,1.1563574664379236e-08,1.8552436895745283e-06
neutrophil,ly97.2,14,2.3197832633475572,2.0209566994031904,4.294913486064393,0.0008714477587395692,0.009087103481953662
neutrophil,tprg1,14,2.319399951725592,1.0429948992578773,8.320654270152357,1.4504949130057247e-06,7.958865587662411e-05
neutrophil,si:dkey-34d22.5,14,2.3083283094754607,1.3498648651579608,6.398398753224505,2.349292863626405e-05,0.0006727854876157664
neutrophil,sntb1,14,2.3077089805988362,1.6364836668125655,5.276347408098615,0.00014986843244997486,0.00261554735640271
neutrophil,tspan2b,14,2.30590258331799,1.654777177776365,5.213933059946329,0.00016699524994352104,0.0028376840384680565
neutrophil,sptbn2,14,2.3057844325831693,0.8560637495361523,10.078052433779444,1.6439153516447388e-07,1.4595733874554503e-05
neutrophil,syne2b,14,2.300089693297746,0.822118744371936,10.46825370432936,1.0553448132290329e-07,1.0585494531671094e-05
neutrophil,rassf2b,14,2.2939018931152004,0.9437376430508894,9.094683279944567,5.347911168996902e-07,3.5525409908336566e-05
neutrophil,si:ch73-90p23.1,14,2.2932810696298773,2.1371029714137624,4.015095280342568,0.0014697207632549318,0.013028041725330874
neutrophil,rgs14a,14,2.286743533495511,0.7277025021583464,11.7578417119407,2.6676218030105583e-08,3.5875590277252286e-06
neutrophil,fam102ba,14,2.286700984458029,0.886263897941833,9.654067653788347,2.702797262193197e-07,2.1065694002349535e-05
neutrophil,ARF5,14,2.285834854443493,0.40417126703958056,21.161353034124158,1.861165704519919e-11,1.4183633639862213e-08
neutrophil,lrmp,14,2.2853124582448565,1.5484178958449293,5.522318143844762,9.835104768568863e-05,0.001926157444719892
neutrophil,tmc6a,14,2.2809683052715677,1.701629686156006,5.015545966229778,0.00023637544666204647,0.0036298767924524016
neutrophil,gpia,14,2.2796548294387584,0.5429701578999955,15.709311474601192,7.796982016889938e-10,2.3767800181486163e-07
neutrophil,rbpms2b,14,2.279634345098862,1.665973653900252,5.11989530357449,0.0001967631966321284,0.003196091355596473
neutrophil,sh3bgrl3,14,2.2772112989119053,0.5911033960450984,14.414643080766083,2.253595373062604e-09,5.620671732724776e-07
neutrophil,zyx,14,2.2699666105769185,0.7885582454446223,10.770843352739755,7.551813121794857e-08,8.18909063227043e-06
neutrophil,mogat3b,14,2.2644183164528418,1.2077437273841267,7.015294162490173,9.13041717020934e-06,0.00033024675188352893
neutrophil,kctd12.2,14,2.263561979877921,1.1997074772681293,7.059615417015511,8.547654795311325e-06,0.00031639083712204464
neutrophil,zgc:153733,14,2.2566936560754103,1.2229577115009689,6.904387951057751,1.0780921149139201e-05,0.00037362718071506885
neutrophil,lpp,14,2.252700160522824,0.7659046302624593,11.005067553800641,5.858766471523961e-08,6.671973304410926e-06
neutrophil,ptprr,14,2.2518415029352763,0.7043415483399784,11.962405757774425,2.1698910576481855e-08,2.9915055862601994e-06
neutrophil,arpc5b,14,2.2492176335972904,0.622911222084845,13.510435315395897,4.980128883269279e-09,1.0591460148255247e-06
neutrophil,CR318588.4,14,2.246903391555551,0.9497076581518235,8.852347983317257,7.258585959429789e-07,4.5057656754461835e-05
neutrophil,PLPP1,14,2.2452138463072724,1.5970399199116523,5.2602448243043725,0.0001541033923814351,0.0026657166267242574
neutrophil,apbb1ip,14,2.24433046894099,0.8801744049901337,9.540740596256047,3.09582523870026e-07,2.2999735065064567e-05
neutrophil,mapk11,14,2.2421502722029394,1.0394999112739798,8.07057127880231,2.030890426261327e-06,0.00010572576630831026
neutrophil,pstpip2,14,2.239949195421505,1.3291532773984793,6.305610192265708,2.7202496928148256e-05,0.0007482491885377588
neutrophil,gadd45ab,14,2.2375695155464106,0.6149765368144889,13.61388281515843,4.537647148343581e-09,1.0039544315710171e-06
neutrophil,ANPEP,14,2.2367550632495026,1.80829659217362,4.628207087838147,0.0004728408609124729,0.0059180606839113565
neutrophil,tgfb1b,14,2.231279935447542,1.2795046328001616,6.52493538390471,1.9272248241769783e-05,0.0005803887272370515
neutrophil,slc7a3a,14,2.2307383644204224,2.0790846362197613,4.014583405497997,0.0014711369981510996,0.01303170115147369
neutrophil,tbc1d14,14,2.225717213932831,1.0257594724725914,8.118736875329432,1.9023515052272858e-06,0.00010017469010731398
neutrophil,rhogb,14,2.2222524470721288,0.904953114068656,9.188218875208017,4.7608303273664327e-07,3.257191521977508e-05
neutrophil,sptlc2a,14,2.2210883708406652,0.8335808432222402,9.969700931836321,1.8636990124984034e-07,1.5950665131840343e-05
neutrophil,si:ch73-264p11.1,14,2.219657786543283,0.9649290423703503,8.60705667302565,9.951539113754165e-07,5.8066956624288007e-05
neutrophil,itpkcb,14,2.2184884623963224,0.7564379969982624,10.97356792722964,6.060663873532631e-08,6.870839395469742e-06
neutrophil,ptpn22,14,2.2174607994305933,1.0070755384985652,8.238685444034294,1.6183874286915518e-06,8.723076445216643e-05
neutrophil,alox5a,14,2.2135520064574865,0.9398247988655499,8.812656599365598,7.635484665437475e-07,4.7106153565643586e-05
neutrophil,nme2b.2,14,2.2134034255911854,1.2178181961500218,6.800520228270409,1.2614801727791546e-05,0.0004210305175206339
neutrophil,fgd4a,14,2.212130291683738,1.2213586041031737,6.776906977670626,1.3076075160954788e-05,0.0004322613558588029
neutrophil,birc2,14,2.210507876909601,1.288805941775718,6.417539567489152,2.279641307794675e-05,0.0006594102602416771
neutrophil,pik3cb,14,2.200469548620714,0.9382235185660088,8.775524145410296,8.006999179964502e-07,4.870776552158007e-05
neutrophil,fbp1a,14,2.199412808490784,0.8983582967652691,9.160542303763041,4.927032087001809e-07,3.354171843843539e-05
neutrophil,pigrl4.2,14,2.198309641437238,1.6478984441257223,4.991400736872403,0.00024667467358402016,0.0037327742249186942
neutrophil,slco3a1,14,2.197857133592339,1.4070925540667842,5.844411837168503,5.7379939858961654e-05,0.0012915389566576932
neutrophil,actn4,14,2.192209730428887,0.4487160498216875,18.27992944419192,1.1776470289588706e-10,5.8743174980884754e-08
neutrophil,socs3b,14,2.186804585530798,0.8085165063414471,10.120106969624386,1.5662179823649212e-07,1.4088259129895611e-05
neutrophil,crip1,14,2.1852473046675427,0.4963975896401847,16.471568134252784,4.328799376682709e-10,1.4845076362411264e-07
neutrophil,zgc:112433,14,2.1799459041089433,1.9203450155806456,4.247471484914678,0.0009516594617733497,0.009627130285306729
neutrophil,pstpip1a,14,2.178497264163998,1.1375119882739646,7.165806131761723,7.305830369968489e-06,0.00028032930937074897
neutrophil,mctp1b,14,2.1744927669367233,1.8612204774672925,4.371436389399104,0.0007564597345436043,0.008268315863427803
neutrophil,arhgef3l,14,2.1736897202437198,1.0847559066351817,7.497725662110456,4.514465332707686e-06,0.00019352243187943023
neutrophil,actb2,14,2.1683822624025404,0.5246046602767186,15.465633692976398,9.462442084885216e-10,2.7442980842115785e-07
neutrophil,mrvi1,14,2.16479410965638,1.621646118754533,4.994873898542958,0.0002451648301130105,0.003724392448759682
neutrophil,fhl1b,14,2.158198904958881,1.7062860349414037,4.732641954222021,0.0003914777151945152,0.005150159434704966
neutrophil,si:dkey-32n7.4,14,2.157483679686372,1.187234137146152,6.799471556930967,1.2634917507001955e-05,0.00042118950401530815
neutrophil,fermt3b,14,2.156585017042846,1.1291094056873292,7.146519388271644,7.516317651376091e-06,0.0002872008005090572
neutrophil,lasp1,14,2.1478600224327673,0.4639809126448768,17.32087700091028,2.3124234402348813e-10,9.91270891919437e-08
neutrophil,ccdc78,14,2.1469660471779917,1.879677640937608,4.273717575088733,0.000906385904100585,0.009336948968329496
neutrophil,tpst1l,14,2.1456707543806606,0.65121341724567,12.328316056001217,1.5107816760012498e-08,2.264934168365808e-06
neutrophil,evi5a,14,2.1449499571000845,1.2921069611731097,6.211303005408654,3.161184804195124e-05,0.0008355212437677575
neutrophil,tnfsf18,14,2.144634505763626,1.3717970828959334,5.8496170027426,5.688921032611536e-05,0.0012866904248120155
neutrophil,noctb,14,2.1436203831557132,2.445694795465725,3.279515112001704,0.005978792594603914,0.033939204393328856
neutrophil,si:dkey-27j5.7,14,2.1405125059375534,1.7083848135874584,4.688091562055573,0.0004242462974236266,0.005477269256384563
neutrophil,pld7,14,2.135488495481383,0.5895242106550621,13.553754297232572,4.7894528591228066e-09,1.0314018929212852e-06
neutrophil,kcnk6,14,2.1328704324029437,1.4860250797234895,5.370347053575409,0.00012745968053985826,0.002321132316428743
neutrophil,acsl4b,14,2.132454167435124,1.0824537303208597,7.371135286471235,5.41534799271476e-06,0.0002227276455088116
neutrophil,sult6b1,14,2.1294712623704997,0.8988044804967209,8.8648332887349,7.14416647450526e-07,4.4851306001842525e-05
neutrophil,gys1,14,2.127727858622637,0.9601314839290058,8.291810853531764,1.507356984309406e-06,8.221538541655776e-05
neutrophil,pfn1,14,2.126042984995724,0.6142389131043969,12.950863694394661,8.329723982554601e-09,1.5034603780354307e-06
neutrophil,rps6ka1,14,2.1239714385727173,1.1761932128377792,6.756690427806913,1.3485171324909777e-05,0.0004414864860368732
neutrophil,c6ast1,14,2.1138442919396394,1.7091559359118766,4.6275947929853976,0.0004733665248455208,0.005920810739423323
neutrophil,il4,14,2.1107052836670426,1.767592616933794,4.46796164471159,0.000633396811837431,0.007261697255645599
neutrophil,nadka-1,14,2.104832101605626,0.4721827373273858,16.679052320862642,3.7040372788125017e-10,1.337108720318697e-07
neutrophil,RAP1GAP,14,2.103632585310829,1.4143353007050135,5.565209606210831,9.146463702692457e-05,0.0018302865987275979
neutrophil,cnn2,14,2.101447902209241,0.7844460248405202,10.02350425297949,1.750882264567479e-07,1.5248339008375066e-05
neutrophil,cd82b,14,2.1003544968997576,1.3145979341437604,5.978106852333931,4.607557621941826e-05,0.0011015747189454788
neutrophil,mgat5,14,2.099185106704803,0.9126989785659191,8.605719569281394,9.96884875889909e-07,5.8066956624288007e-05
neutrophil,abracl,14,2.099131876988887,0.886817107792576,8.85665400941408,7.218905100872301e-07,4.5057656754461835e-05
neutrophil,sri,14,2.0989524808193365,0.5276953298792935,14.882756412003127,1.5207941308064133e-09,3.8993445774461636e-07
neutrophil,selp,14,2.097047039937815,1.8262888583943728,4.296380340563507,0.0008690818776642123,0.009083147167130538
neutrophil,eml2,14,2.0938582733295332,0.9938831323074507,7.882717817206733,2.6276297788334197e-06,0.00012827228288664566
neutrophil,fam49ba,14,2.091597733297782,0.9932610454699274,7.8791392702314775,2.6406633034574134e-06,0.0001286795696809132
neutrophil,rab11fip4b,14,2.0878435799903503,0.8536493432152944,9.151293110676269,4.983945032143967e-07,3.3845181177443e-05
neutrophil,nfil3-6,14,2.080155901408059,1.3814854139663675,5.633957923448878,8.146189676651676e-05,0.0016765995032178448
neutrophil,sh3kbp1,14,2.079323876229904,1.091911552783565,7.125226874976743,7.756177725170933e-06,0.00029390985620174657
neutrophil,agla,14,2.0751394017966374,1.4621118089367087,5.310442487270924,0.00014129823048362322,0.002489734716325114
neutrophil,IQSEC1,14,2.0750251852684505,1.5245890271366511,5.092541776181735,0.00020642562916679672,0.003302208242677008
neutrophil,zgc:194312,14,2.073962080001611,1.1589277178163426,6.695892605924217,1.4799081335951749e-05,0.0004732083874730026
neutrophil,hacd3,14,2.07325378846718,1.3806026712149821,5.618854369916924,8.355650741915622e-05,0.0017094502468639455
neutrophil,sybl1,14,2.0711882625075004,1.6697651126541155,4.641177853747616,0.0004618464289832369,0.0058096087937437434
neutrophil,si:dkey-52l18.4,14,2.0705617714565023,1.3164527064049851,5.88500650972768,5.3667609149255336e-05,0.0012393694082574243
neutrophil,si:dkey-1c7.2-1,14,2.0704598110878996,1.6734695887183582,4.629275188746448,0.00047192532999939884,0.0059092977766013275
neutrophil,CR848841.1,14,2.0702184307482656,1.3709258971021479,5.65023105918295,7.926663444926494e-05,0.0016420529213763777
neutrophil,zmp:0000001082,14,2.069153881790988,0.936787054062683,8.264487508232774,1.5634132673739427e-06,8.509938455884055e-05
neutrophil,itpk1b,14,2.0649682916234937,0.8952776868356518,8.630175838644982,9.657253228130255e-07,5.6841181109786294e-05
neutrophil,atp8b4,14,2.0643670395754365,1.9194049257400707,4.024244222287728,0.0014446424133669512,0.012862565894660734
neutrophil,mlx,14,2.0633412889440756,0.7835390808442445,9.853134787986338,2.1356279792700574e-07,1.7754834427658798e-05
neutrophil,exoc6,14,2.0599780937182577,0.5941675061501644,12.972322066036106,8.164144311625556e-09,1.4833331072148819e-06
neutrophil,rnf144b,14,2.056425618329309,1.0322340314920082,7.4541623996365995,4.805083068025463e-06,0.00020312396605744003
neutrophil,BX908744.2,14,2.055782249001116,1.4979425173606638,5.135065430365737,0.0001916091578971612,0.0031274412409356194
neutrophil,si:dkey-261j15.2,14,2.0520901738150346,1.003830722182518,7.64891747932096,3.642205648045983e-06,0.0001624779056164903
neutrophil,BX649411.2,14,2.04669070762016,1.8399972380579035,4.1619711411586175,0.0011159860918228026,0.010757933390428175
neutrophil,tctn1,14,2.045283398070686,1.7379988611878443,4.403196058026746,0.000713449396590136,0.007907627609872521
neutrophil,socs3a,14,2.043919175770868,1.0932798007780513,6.995140014980059,9.409196924641759e-06,0.0003374396308856819
neutrophil,hcar1-4,14,2.038716983154688,1.4295052236622563,5.336238254533656,0.00013515571525746982,0.0024109213576649444
neutrophil,nadka,14,2.038671999136213,0.8073428033610299,9.448293975026731,3.461589173945532e-07,2.5257632709360553e-05
neutrophil,cmtm7,14,2.038400989131668,0.7469264536834965,10.211176857612926,1.4110855246459541e-07,1.3034724366552777e-05
neutrophil,lratd2,14,2.036643015933506,1.3174210617753024,5.78434686213396,6.337579579100798e-05,0.00139768083402436
neutrophil,CR354540.2,14,2.0347039761670036,0.9934390877402617,7.663444348300163,3.5683704305635735e-06,0.00015970349553427672
neutrophil,actr2a,14,2.033520690261607,0.6760776722172654,11.25423605089835,4.4938613001011525e-08,5.479514878590005e-06
neutrophil,ITPRIP,14,2.0282744784105886,0.7580087672318552,10.011900274273122,1.774581984095021e-07,1.5309954947687704e-05
neutrophil,si:zfos-741a10.3,14,2.027120755457713,0.9545098664474346,7.946268147830426,2.4072077763415163e-06,0.00012029461811280418
neutrophil,arhgap45a,14,2.024004627881811,0.8086733846239993,9.364883290056373,3.8313033920558535e-07,2.755886232156944e-05
neutrophil,fcer1gl,14,2.0222024555363443,0.906372239444039,8.3479926083693,1.3987029444302834e-06,7.721009110753486e-05
neutrophil,slc9a3r1a,14,2.0201710111013673,0.7923515200913553,9.539689890873827,3.0997425529045855e-07,2.2999735065064567e-05
neutrophil,yrk,14,2.017181617841793,0.703524615141387,10.728270679406885,7.912228789884404e-08,8.446381200407728e-06
neutrophil,csrp1a,14,2.0129321281268844,0.742281236418455,10.146696422802489,1.5191236581321496e-07,1.3846231747792534e-05
neutrophil,apmap,14,2.0073904522478174,0.8021440865965771,9.36361364410335,3.837246366626399e-07,2.755886232156944e-05
neutrophil,syngr2a,14,2.0058770054084154,0.8544985802395707,8.783284943717721,7.927789332658724e-07,4.837848464694517e-05
neutrophil,cyp7b1,14,2.002917108288675,1.8312202456366287,4.09247855968239,0.0012709307061986423,0.01177098875335138
neutrophil,hgsnat,14,2.001626242900889,0.9320603237472971,8.035316412997782,2.1308126811015602e-06,0.00010967888537715068
neutrophil,csf3r,14,2.0000537546593615,1.258780289442144,5.945053293122853,4.8632709980473106e-05,0.0011472385196167494
neutrophil,adgre5b.3-1,14,1.9994794470507724,0.8451338380841535,8.852286709664615,7.25915228192897e-07,4.5057656754461835e-05
neutrophil,trpm2-1,14,1.9957854354994577,1.3383041136081448,5.5798568062527,8.923039590074238e-05,0.001792322559582985
neutrophil,pttg1ipa,14,1.9948697943787281,1.9527239825496663,3.8224139041112726,0.002115368655459739,0.016787888030965738
neutrophil,lpar5a,14,1.9931136603162467,1.2553935045569342,5.940407069761225,4.9003955937725765e-05,0.001153021896356352
neutrophil,inpp5ka,14,1.9924408228044377,0.6452677052505063,11.553392276872088,3.2891227147742924e-08,4.177642670362625e-06
neutrophil,aqp3a,14,1.9889853659997974,1.9735773858075008,3.770869001842273,0.00233299266395481,0.0179639780341286
neutrophil,rab11bb,14,1.9889304056567085,2.1416333987617904,3.4748692976152364,0.004107335013694404,0.026248482669626365
neutrophil,ly97.3,14,1.9876311182668176,2.1348154294504345,3.4836897622382765,0.004038417707065828,0.025943981645755457
neutrophil,cyfip2,14,1.9817970917361654,0.9045340648475012,8.197818098350885,1.709708906054194e-06,9.107934725746954e-05
neutrophil,zgc:154055,14,1.9813886819338051,1.0512205885160142,7.052447106552239,8.639172062883228e-06,0.00031814185979221656
neutrophil,adam19a,14,1.9758048145267944,1.088263379287901,6.793194386394885,1.2756038685659476e-05,0.00042419626829220334
neutrophil,lmf2a,14,1.9757736897045213,1.3803649351145815,5.355589694157854,0.00013073153718721193,0.0023642845898030054
neutrophil,CABZ01086293.1,14,1.9722339506373332,1.8583143969823068,3.97103081256427,0.0015969108688658122,0.01383367530386282
neutrophil,lxn,14,1.9708160742516925,0.6228438883676763,11.839433058454587,2.455817000221319e-08,3.352006935376711e-06
neutrophil,agap2,14,1.9700327245514155,1.6123725650141947,4.5716403615062156,0.0005240573491372063,0.006365761950837681
neutrophil,def6a,14,1.9690417174885335,1.0189286699121336,7.23061358921459,6.64311645549324e-06,0.0002635242123955028
neutrophil,BX005340.1,14,1.968512181226973,0.7586814049296162,9.708288744108197,2.533912662543868e-07,2.0349783678147456e-05
neutrophil,hvcn1,14,1.9662933518964427,1.7430672188848664,4.220833232922946,0.0009999971983017922,0.009940189541815097
neutrophil,rsph4a,14,1.9656773821468458,1.4004550916468614,5.251786609076657,0.0001563778452332739,0.002693174001239717
neutrophil,CR376737.1,14,1.9631105434455607,0.7184014326197204,10.224488332590857,1.389821365889527e-07,1.2925338702772601e-05
neutrophil,serpine2,14,1.9613614841072489,0.9152730672539744,8.018090936688075,2.1815231817278663e-06,0.00011124551764071378
neutrophil,mtpn,14,1.9571382739924437,0.4800145920165915,15.255663060277788,1.1205110626197251e-09,3.136859286017567e-07
neutrophil,plxnc1,14,1.9565170875407083,1.0826518810636654,6.761745618318138,1.3381622816166805e-05,0.0004396704454629177
neutrophil,rock2a,14,1.9544453847948517,0.566742952995513,12.903318819249249,8.709552964009019e-09,1.551601204984334e-06
neutrophil,coro1a,14,1.953222603672456,0.7622019254483511,9.588390607575427,2.92360834887039e-07,2.2218613587606413e-05
neutrophil,rab44,14,1.9491046529553613,0.622057952162517,11.723798075360943,2.7617042474204995e-08,3.6602587453131113e-06
neutrophil,arpc1b,14,1.9454563880814935,0.6382707719432635,11.404613190965181,3.8381190945394674e-08,4.764651464194131e-06
neutrophil,zmp:0000000937,14,1.9450191809968496,1.522651884456855,4.779553002418444,0.0003598023628251295,0.004891564828596346
neutrophil,tor4aa,14,1.9413249436083668,0.9064521668120535,8.013409952923466,2.1955242039104103e-06,0.00011175177464616347
neutrophil,mgst1.2,14,1.9343556611866295,1.3165318701849722,5.4975472392552485,0.00010257382726943921,0.0019822839809421457
neutrophil,elf1,14,1.9343427870803624,0.992528836006789,7.292128666962604,6.072789640312511e-06,0.00024322187413426826
neutrophil,glipr2,14,1.9310617807931334,1.2591978779037234,5.7380747722113865,6.844225453561792e-05,0.0014796794745348127
neutrophil,syne1b,14,1.9282216497807705,0.655073161571769,11.013647333572248,5.8050292169474757e-08,6.663639186901841e-06
neutrophil,tmsb1,14,1.926067819849288,1.0986965522857095,6.559305087991769,1.82698671720356e-05,0.0005587890812316573
neutrophil,ifngr1,14,1.9231058661433977,1.9192832698352078,3.749109567459298,0.002431595381138076,0.018499949883949835
neutrophil,dgat1a,14,1.9203896565942948,1.7991155897940623,3.9938735369987013,0.001529626053884164,0.013416013679127889
neutrophil,gramd1c,14,1.9147522019891041,1.0671263646146072,6.713681676304198,1.4401179389732547e-05,0.0004648192430086029
neutrophil,si:ch211-153b23.5,14,1.9133655389641029,2.13191808675974,3.3580831960316084,0.005140196140283829,0.030616865199454377
neutrophil,madd,14,1.909357943127601,0.539115583276195,13.25163559265704,6.302822558564261e-09,1.262174721855551e-06
neutrophil,prdm1b,14,1.9085278828881624,1.556872616512763,4.58679623183801,0.0005097948659469904,0.006263422367781317
neutrophil,bcl6ab,14,1.906478394314412,0.9776740128911409,7.296285748372151,6.036168437277017e-06,0.0002421085980653435
neutrophil,tprg1l,14,1.8980691611475782,1.5717761431367208,4.518407108052087,0.0005775164254581633,0.006801105124862464
neutrophil,mapre1a,14,1.8968608552021018,0.7675634358852726,9.246666918628632,4.4291625453447775e-07,3.088818248646698e-05
neutrophil,stim1a,14,1.8967260526288874,1.0839277172828619,6.547391428734402,1.86109412695644e-05,0.0005660656028054316
neutrophil,rbm11,14,1.894859907639574,1.5275608900525548,4.641331560981164,0.000461717743883208,0.0058096087937437434
neutrophil,arap3,14,1.890743418520565,0.9349994440820358,7.566329716214223,4.093976318300045e-06,0.00017913594942992303
neutrophil,klhl6,14,1.8896826252152177,1.032682694761455,6.8467739308134306,1.1760407980495566e-05,0.000400803469496765
neutrophil,si:dkey-15h8.17,14,1.8891767535241037,1.231570571194413,5.739542921920984,6.82751318801055e-05,0.0014775373834265465
neutrophil,ENSDARG00000116593,14,1.887800876231813,1.2472853832583761,5.663101795403524,7.757436732020371e-05,0.0016184431691481285
neutrophil,hephl1a,14,1.887718033752532,1.2865682115773533,5.489949200965374,0.00010390684821365885,0.0020032919049485106
neutrophil,cd63,14,1.8869179387826571,0.8280849203649095,8.525937703069381,1.1061995150495408e-06,6.335821230769134e-05
neutrophil,rac2,14,1.884398042782697,0.7329215514616407,9.620090775525865,2.814718973810435e-07,2.1604693841459515e-05
neutrophil,wu:fj29h11,14,1.8801244932135857,0.9331110013936258,7.539062006107091,4.255902999860216e-06,0.00018504072710168784
neutrophil,lrrc15,14,1.8752537271597318,1.4750713649575526,4.75675762338759,0.00037484756620413917,0.004995083501446999
neutrophil,si:ch211-1f22.3,14,1.8751422831741036,1.7004511421220692,4.12604620108919,0.001193498939073149,0.011271477932348312
neutrophil,cap1,14,1.8750911168342144,0.5315781386777765,13.198339092025291,6.619385180781214e-09,1.282294346825673e-06
neutrophil,arpc3,14,1.8726133423480065,0.4219772074879382,16.604398106426487,3.9168968789089766e-10,1.3602539983907313e-07
neutrophil,si:dkey-172m14.1,14,1.8718373585603147,0.7804275360589441,8.974278527978084,6.219678222660434e-07,3.9868428046422667e-05
neutrophil,CABZ01088367.1,14,1.8683948666599244,1.184906082329901,5.8999557505032865,5.236491149333476e-05,0.001216160227175375
neutrophil,sort1b,14,1.8663416599459726,0.7256181062039236,9.623810374183615,2.8022287808822077e-07,2.15952658998605e-05
neutrophil,si:ch211-139g16.8,14,1.8658405888854794,1.262725837244956,5.52878227088315,9.72793494648946e-05,0.0019110641197583869
neutrophil,triqk,14,1.86451740958091,0.8166764626178585,8.542410192604553,1.0826262276998254e-06,6.213776267143244e-05
neutrophil,amd1,14,1.8636851344229477,0.8877661196347729,7.854851740347123,2.73095676624629e-06,0.00013237420297167307
neutrophil,heca,14,1.8626292848491155,1.395983962146341,4.992407371042965,0.0002462360772589127,0.0037287752959367757
neutrophil,wasb,14,1.8610958687772374,1.1098267984768522,6.274477345890163,2.8581654310571788e-05,0.0007745259994127305
neutrophil,stat1a,14,1.8567543893137564,0.7685113562034068,9.039994946232074,5.72653386019208e-07,3.7317685618615133e-05
neutrophil,gde1,14,1.8551251080974274,1.758625963336358,3.9469692298492194,0.0016710725454092252,0.014302838220812483
neutrophil,prkaa1,14,1.8549519612899703,0.6502941544766608,10.673007992293934,8.407740494753621e-08,8.837791589025503e-06
neutrophil,crhr1,14,1.8546518293415295,1.9816271369975262,3.5019058770379567,0.0038997682410288983,0.02535912341612416
neutrophil,prkcaa,14,1.8535486401961518,0.9632704347262746,7.199789084469815,6.950005857144125e-06,0.0002720020123976449
neutrophil,sash3,14,1.8498778162034253,0.976973705586208,7.084744406169724,8.234858306428361e-06,0.00030754725864048807
neutrophil,si:dkey-192k22.2,14,1.849176894048876,1.2781419162833838,5.4133162342323375,0.00011841220110484418,0.0022009747542760163
neutrophil,cep131,14,1.8486619000753575,1.2068437544497927,5.731528566610547,6.91926693513727e-05,0.0014889229312943278
neutrophil,si:ch73-343l4.2,14,1.8477738278979885,1.1086980382996652,6.235905858411366,3.039333707434727e-05,0.0008127107238155139
neutrophil,arhgdig,14,1.84634564083354,0.6967764399294117,9.914791042967165,1.9868777343710554e-07,1.68240711859475e-05
neutrophil,stk38a,14,1.8457738904710073,0.9003141161794757,7.670937717718261,3.5309068879574857e-06,0.00015859192060684363
neutrophil,gltpa,14,1.8421791599755986,1.2520810579978714,5.505077500897254,0.00010127037273224243,0.001966279317699272
neutrophil,sh2d3cb,14,1.841979385120999,1.424542664085984,4.838083088964832,0.00032397880443622943,0.004548801688693938
neutrophil,b4galt4,14,1.8406480161445882,0.7964977829065791,8.646696066027822,9.452649394774609e-07,5.601154128415581e-05
neutrophil,gpr84,14,1.8394279297844045,2.043453754757934,3.368076759697169,0.005042383747211913,0.03024438087117596
neutrophil,plekho2,14,1.8333973064694622,0.7127391422029236,9.624761947885023,2.799042962102732e-07,2.15952658998605e-05
neutrophil,rasal3,14,1.8293595879299112,1.1246995849003851,6.085924550109916,3.8673482379454266e-05,0.0009716181218684321
neutrophil,zgc:172106,14,1.828756499346842,1.2582347374536929,5.4382382402185065,0.00011347523512069098,0.0021308645280877186
neutrophil,tmsb4x,14,1.8273338205330323,0.7073977465926998,9.665364528841186,2.6666446179794153e-07,2.1018265152443216e-05
neutrophil,CU019662.1,14,1.82559274488112,1.2471668148473285,5.477007965419238,0.00010621925794674505,0.0020335836299853107
neutrophil,ssuh2.2,14,1.8213191135112994,1.8160010218208087,3.7526146917634033,0.002415429387310726,0.018402472991077414
neutrophil,ank3b-1,14,1.8197212266182412,0.9607122341844695,7.087214180451567,8.204776502129418e-06,0.00030748605171186216
neutrophil,CABZ01073834.1,14,1.8194974972790372,1.3981906252070184,4.869104489885143,0.000306516620792623,0.004341395710606924
neutrophil,zgc:85932,14,1.8181043113195408,1.676788961913997,4.056994398752025,0.0013584132185522294,0.012340419420854442
neutrophil,fes,14,1.8167090901123966,1.4067937296192725,4.831911632473693,0.00032757451886044627,0.004581719411328051
neutrophil,WDR1,14,1.816195383494138,0.7008753990930299,9.695847337871205,2.5716431902728447e-07,2.0493747364632985e-05
neutrophil,arpc4l,14,1.8153428873119448,0.8878102157753661,7.650724223651967,3.6329349074078426e-06,0.00016232828857448562
neutrophil,slc4a11,14,1.812812302922477,1.5192497830950753,4.464652632858127,0.0006372525259022443,0.007286080422952804
neutrophil,il1b,14,1.8094667007216638,1.2452346520247006,5.437051109899877,0.00011370544136833062,0.002133726938399556
neutrophil,ippk,14,1.8092734157563162,1.1020999491090393,6.142529310731837,3.529910768450105e-05,0.0009127530813612501
neutrophil,tpm3,14,1.8067019540838256,0.4897246436689069,13.803797296276155,3.831256923477521e-09,8.983806298769726e-07
neutrophil,cybb,14,1.806129502200376,1.152544244653579,5.863477974686872,5.560383124346079e-05,0.0012651717231709444
neutrophil,rin3,14,1.804923587946171,0.7346548845282277,9.192623390421124,4.7349366336620886e-07,3.2552171328744976e-05
neutrophil,fa2h,14,1.80143876680247,0.5192332440377242,12.981385044247455,8.095273888716803e-09,1.4833331072148819e-06
neutrophil,cited4a,14,1.7976762468340504,0.8527949685186332,7.887345559365496,2.6108762058812775e-06,0.00012768161980098548
neutrophil,si:dkey-185m8.2,14,1.7949825478352903,1.1617501973758937,5.7811134651911225,6.371668725058913e-05,0.0014040701323051509
neutrophil,zmp:0000001139,14,1.78917624003348,1.6436111489971108,4.073034244654825,0.0013181270366917847,0.01207809192169204
neutrophil,si:ch211-193k19.1,14,1.7887004001211564,0.6713847988539059,9.96850699667862,1.8662888672574268e-07,1.5950665131840343e-05
neutrophil,sall1a,14,1.786793498439879,2.22291885079071,3.007563271911215,0.010091048591126757,0.0482145451232258
neutrophil,si:dkeyp-4c4.2,14,1.784280351383066,1.1150047897817572,5.987566885820102,4.53700525264698e-05,0.0010909091946219975
neutrophil,agtrap,14,1.7821314294206627,1.0464638295032789,6.3720551433287085,2.448848949935678e-05,0.0006940513527012947
neutrophil,pleca,14,1.782082461954653,1.1496563561927298,5.799943584615903,6.175816950338492e-05,0.0013730432579622085
neutrophil,fli1b,14,1.781605942429066,1.4149386459590787,4.711270735199677,0.000406855915822756,0.005305176830131802
neutrophil,si:ch73-234b20.5,14,1.779876451690994,0.6430018544538699,10.357182995484466,1.1956236109878213e-07,1.1587753975545761e-05
neutrophil,hck,14,1.77962579414684,1.2723619423614696,5.233377214980593,0.00016145039646859292,0.002764913624916259
neutrophil,inpp4aa,14,1.7775926698001645,0.9764898778103542,6.811276690903628,1.2410414366715622e-05,0.0004174307402083726
neutrophil,pisd,14,1.7725306073773912,0.9890144227324285,6.705870094445343,1.4574496168460083e-05,0.00046930904035411073
neutrophil,camkk1a,14,1.7690240973270446,1.4482930889094723,4.57026421781025,0.0005253726935010182,0.006371443959551078
neutrophil,pfkfb4a,14,1.7680711307342076,0.5151561989331094,12.84176803143234,9.229064931848816e-09,1.6025278253498245e-06
neutrophil,inpp5d,14,1.7640177671906045,1.0203000439146666,6.469028545451307,2.102879221824612e-05,0.0006196830445838693
neutrophil,cd22,14,1.7596478897322736,1.4904055159124414,4.41758934360032,0.0006947974433040825,0.007745537528259855
neutrophil,si:dkey-172j4.3,14,1.7583741963786637,1.7072892442178151,3.8536140392585665,0.001993824113753977,0.016145385053376732
neutrophil,zgc:103586,14,1.7583237956719813,1.3976307228285803,4.707284342677822,0.00040979318608742453,0.005338402687705837
neutrophil,plekhg5b,14,1.7517607090583673,1.209555112819322,5.418924964593719,0.00011728184524090829,0.0021858881957773904
neutrophil,capzb,14,1.7465922612163851,0.9686636543892216,6.746562448431229,1.3695186550543498e-05,0.00044729457501685823
neutrophil,stk17al,14,1.7445086090298132,1.553215569892744,4.20247752455757,0.001034771674720965,0.010212046899434099
neutrophil,rab5b,14,1.7347190587018002,0.7577101643389531,8.566236386220071,1.0494707360558218e-06,6.036106843541189e-05
neutrophil,arhgap25,14,1.7344282996442317,1.9839907498219869,3.271001369223061,0.006077553456154107,0.03435765074584544
neutrophil,lim2.4,14,1.7331407351475108,1.390432165177865,4.663887240521338,0.0004432314594993879,0.00564474296440511
neutrophil,si:ch211-226m16.2,14,1.7324687320971608,0.8976481029076734,7.2214316588077905,6.733001301714564e-06,0.0002654021418283607
neutrophil,si:dkey-262k9.4,14,1.7286966745473786,1.1914718009295786,5.428740048035804,0.00011533087199059321,0.00215832365147471
neutrophil,elovl1b,14,1.72849828237589,0.8240987967881993,7.847904148730374,2.757384889270747e-06,0.00013295053503891555
neutrophil,cers2b,14,1.728325472620306,0.8404772777595511,7.694201785701806,3.4172338373321114e-06,0.0001559930288306264
neutrophil,arpc2,14,1.72601453351585,0.4945475248708822,13.058714692172147,7.53233733706299e-09,1.4057801009681845e-06
neutrophil,prkcdb,14,1.7257625699415076,0.9106921845839627,7.09044436412893,8.165608468294686e-06,0.0003064616529790215
neutrophil,si:dkey-21a6.5,14,1.7244940934810276,1.5214921175071658,4.240880375964832,0.0009633909198847707,0.009695755644548307
neutrophil,FQ976914.1,14,1.7237432401692463,1.1159897427194867,5.779315329336394,6.390709475179713e-05,0.0014060073332121524
neutrophil,mvb12a,14,1.7217772752013751,1.004161915856026,6.415599474956003,2.286600807023755e-05,0.0006598804956727526
neutrophil,c8g,14,1.7190085002446296,1.438871894733379,4.4701275189333955,0.0006308861787195564,0.007244634266395406
neutrophil,zgc:175214,14,1.7185149415061496,1.0496018025484255,6.126222448890284,3.623817172489019e-05,0.0009300226765878039
neutrophil,arpc4,14,1.7147185028869423,0.6418451817367264,9.996007347448728,1.8075987885094324e-07,1.5545916226569367e-05
neutrophil,cyth4b,14,1.7108047414385383,1.1010403950077345,5.813815030906675,6.0355928256821487e-05,0.001345138011150201
neutrophil,CABZ01109481.1,14,1.7060779110905717,1.1592358248447143,5.506695774605658,0.00010099253022097723,0.0019650567848315675
neutrophil,ank3b,14,1.7045410536164327,1.384865012691388,4.605364830416604,0.0004928676250240742,0.006094675851693011
neutrophil,actb1,14,1.7044252343946353,0.4902416432170305,13.008636366807629,7.891912138277216e-09,1.4629365507678068e-06
neutrophil,mia2,14,1.7043438181182775,0.9565409563121223,6.666803543102966,1.5474981332907192e-05,0.0004908163154546924
neutrophil,si:ch211-197h24.8,14,1.7011881632867836,1.5756369460202113,4.039803251333977,0.001402996921461411,0.012624211393996002
neutrophil,c2cd2l,14,1.7008658867589517,1.662358817108949,3.828329566159091,0.002091755295019089,0.016662980986889866
neutrophil,scamp2,14,1.7006165436190475,0.6053241392003128,10.51192913090899,1.0050972272377387e-07,1.0212904603432356e-05
neutrophil,lrmda,14,1.6977638473676553,0.8458374562927174,7.510249863305359,4.434409520754547e-06,0.00019113562007017632
neutrophil,si:dkeyp-67f1.1,14,1.6957543112690459,1.1329514073283367,5.600356382341101,8.619912127743893e-05,0.0017458625042438365
neutrophil,actr3,14,1.6916338559071913,0.8450106428667186,7.490455139356589,4.561641408983407e-06,0.00019523967559354098
neutrophil,lcp1,14,1.6913932173235469,0.6069404092655637,10.427076248220176,1.1051827084723926e-07,1.0906722160769817e-05
neutrophil,slc36a4,14,1.6913352304581806,1.5781909069805475,4.009905855219111,0.0014841436853758243,0.013113520775615374
neutrophil,SLC9A1,14,1.6910639969154657,1.1753261100662757,5.38351189629355,0.0001246132339671703,0.0022883293667264504
neutrophil,gpd2,14,1.6901875229203165,1.0547714655803364,5.995708868260315,4.4771931790881895e-05,0.0010784178653931913
neutrophil,slc8b1,14,1.683902850833983,1.520736029851357,4.143117159556295,0.0011559981095102137,0.010994690099395627
neutrophil,kcnq5b,14,1.6826964670410949,1.1387072625714476,5.529141573563717,9.722014044000574e-05,0.0019110641197583869
neutrophil,cotl1,14,1.6825998168826561,0.6018737652821861,10.460186831489079,1.0649157976093392e-07,1.0585494531671094e-05
neutrophil,gnai1,14,1.6824026828195706,0.401754158636251,15.66872250201055,8.050978671108881e-10,2.427237360899694e-07
neutrophil,pgk1,14,1.6817938156132881,0.8983330369509895,7.00485899369579,9.273651916135337e-06,0.00033380982763475924
neutrophil,mtmr6,14,1.681772987238184,0.7833396799345441,8.033064686704547,2.1373697982606655e-06,0.00010981037530951564
neutrophil,taldo1,14,1.681714781673612,1.4373413663961805,4.377805219001535,0.0007476249521233305,0.008204995712735495
neutrophil,ar,14,1.6805126883005812,1.6731688254185226,3.7580802476249593,0.0023904399946613067,0.01827297889482668
neutrophil,si:ch211-196f19.1,14,1.6799360673384685,1.233200877055648,5.097097571542923,0.00020478257367350102,0.0032778354193305137
neutrophil,si:zfos-2326c3.2,14,1.6780048760470634,0.9738099698416394,6.4473763197610285,2.1753811966045893e-05,0.0006349104588175204
neutrophil,ttc7a,14,1.6753192796285439,2.0733843897919484,3.0233037292500993,0.00979011381117114,0.04720531982977162
neutrophil,id3,14,1.6712890701170868,1.9584259655526677,3.1930699473101822,0.007061170801083827,0.03797005506227652
neutrophil,fam43a,14,1.670657258417013,1.001474520055243,6.241823377971414,3.010771106426879e-05,0.0008066455596173968
neutrophil,prkcea,14,1.670249615742809,1.4092071985126506,4.434764326421596,0.0006731987091990842,0.007560051816159179
neutrophil,ncf4,14,1.6691316336586257,0.8501826948860023,7.34585488994723,5.617094395840169e-06,0.0002286424106081232
neutrophil,sh3glb1a,14,1.6689550575889338,0.9139246233425432,6.832793274113193,1.2012008417229456e-05,0.00040785823134491353
neutrophil,cyba,14,1.6680401618769969,0.779258745707021,8.009194413929865,2.2082148104646776e-06,0.00011218958023166376
neutrophil,idh1,14,1.6677705084393366,0.5122749656955521,12.18139917080074,1.7452231146219857e-08,2.5604382967729507e-06
neutrophil,cited4b,14,1.6674818029627858,0.7655873404803105,8.149488994230955,1.824829284022916e-06,9.664901816055734e-05
neutrophil,CRACR2A,14,1.6663108496861734,1.4306230541103446,4.358076211253998,0.0007753450308264903,0.00842439244385139
neutrophil,hace1,14,1.666166468635138,1.5162161958262108,4.111698643059664,0.0012259837817179837,0.01148731729898664
neutrophil,hcls1,14,1.6649779530268547,0.6678929184289623,9.327508774030058,4.0104289684932207e-07,2.8284349293216325e-05
neutrophil,add3a,14,1.66490761092253,1.5264020381597698,4.081175014817682,0.0012981519353708192,0.011950866953608396
neutrophil,si:ch73-7i4.3,14,1.66146194011189,1.7533624425720884,3.5455426614157237,0.0035869040205023742,0.02401921205820909
neutrophil,mpzl2b,14,1.658405647863027,1.4032741203218564,4.421934141542559,0.0006892667313105264,0.007693259875306871
neutrophil,dixdc1b,14,1.6575369014979107,1.6774664173044895,3.6972037874271724,0.0026843175733343386,0.019756929208552116
neutrophil,vsir,14,1.6561313589858175,0.9396086696258024,6.594954190115197,1.72881443852344e-05,0.0005359324759422664
neutrophil,zmp:0000000936,14,1.6553718099888086,1.0123212853311896,6.118447029072997,3.6695167299560795e-05,0.0009382403679994878
neutrophil,gmip,14,1.6536337095898428,0.9942833272381216,6.222905096570548,3.103093532718255e-05,0.0008249357661833851
neutrophil,eno3,14,1.6523312728431916,0.802663013795291,7.70243228624469,3.377953839781838e-06,0.00015445693932402457
neutrophil,ksr1b,14,1.6503260035223561,0.9772873814393702,6.318463329148825,2.6653747475366244e-05,0.0007378865408543622
neutrophil,bik,14,1.6480376226119877,1.657963872469589,3.7192560385181825,0.0025738310129595045,0.01922610105906228
neutrophil,si:ch211-9d9.7,14,1.646446510500888,1.6619502970087807,3.7067526983397383,0.002635894478404565,0.019534242305518434
neutrophil,tm7sf3,14,1.6447987185851214,1.0621024195837039,5.794425435507933,6.232547149230506e-05,0.0013800640116153264
neutrophil,tfr1b,14,1.6428549632360432,0.8096535815604496,7.592136376082258,3.946738593174129e-06,0.0001732460372859716
neutrophil,capza1b,14,1.6397935618658426,0.50134668791919,12.238129504764267,1.650379243375061e-08,2.434309383978215e-06
neutrophil,ENSDARG00000086236,14,1.6391445371224038,1.1776694844311695,5.20784256227593,0.0001687727202072463,0.0028584603971925893
neutrophil,bcorl1,14,1.6371878504405815,1.061835778438295,5.769061599287156,6.500436459352544e-05,0.0014219963196590772
neutrophil,pde4ca,14,1.636273252662514,1.713246465083943,3.5735511658010894,0.003399612633804842,0.0231424313178616
neutrophil,wbp2nl,14,1.6325333493687233,0.721636332381402,8.464624342932698,1.1988603149305924e-06,6.823803473054108e-05
neutrophil,CABZ01041494.1,14,1.6286309956544094,1.1908888806522286,5.117000665823553,0.00019776298421927618,0.0032057383534534784
neutrophil,clic1,14,1.6279312233175978,1.0858130217012572,5.609769605951646,8.484356571405655e-05,0.0017268771905020132
neutrophil,si:dkey-53k12.1,14,1.6239164017711758,1.541383343396318,3.9420036723649687,0.0016868113394355475,0.014389822480539256
neutrophil,stxbp5b,14,1.623824216958765,1.1541372155768115,5.264360072792238,0.0001530093184612248,0.0026534833451224414
neutrophil,ncalda,14,1.6210807297237242,0.5871677539809329,10.330146105272378,1.2327024691399692e-07,1.1742775083630226e-05
neutrophil,zmp:0000001114,14,1.6204231603083075,1.4226300813750132,4.261872686965133,0.0009265364599841939,0.00944168408492595
neutrophil,osbpl1a,14,1.6200973335239133,1.5922573362664498,3.8070788039114554,0.0021778569597798647,0.01712879683105533
neutrophil,hiat1a,14,1.6199457839920508,0.6400900399662973,9.469421066396073,3.3741155363686716e-07,2.474428160611981e-05
neutrophil,si:ch73-314g15.3,14,1.6199409736931571,1.188651667197592,5.099277002359343,0.0002040013909777055,0.0032761648241931667
neutrophil,zdhhc8b,14,1.6194151089457776,1.375587337617702,4.404879529593542,0.0007112413488129022,0.007893570552055815
neutrophil,smad3a,14,1.6179543401346719,1.2285398374095824,4.927663413009512,0.00027617208264774345,0.004054402837859057
neutrophil,pik3cd,14,1.617773082887636,1.264836358587026,4.785719958645617,0.00035584097369384605,0.004860220137093402
neutrophil,CABZ01079663.1,14,1.6159981637902952,1.2108591479810578,4.993571280888298,0.00024572996828889327,0.0037287619911536432
neutrophil,si:dkey-222f8.3,14,1.615889835323099,0.44407795884950946,13.614965611473918,4.5332448221938715e-09,1.0039544315710171e-06
neutrophil,cd164,14,1.6154546222459092,0.5417696816262467,11.156913953140785,4.981470872030043e-08,5.967976129875295e-06
neutrophil,OSCP1,14,1.614057243580588,1.7848038764161989,3.383704668014179,0.004893170536666988,0.029647556023290375
neutrophil,si:ch211-195h23.3,14,1.6140350393342497,0.9501787676266534,6.355820960429931,2.512409015597088e-05,0.0007054704748194227
neutrophil,illr4,14,1.6118575490146052,1.398641713392372,4.312054078574381,0.0008442116704909068,0.008899916689265498
neutrophil,pkma,14,1.6118037473371347,0.9975547629972039,6.045600322867501,4.128353035126579e-05,0.0010194542350917884
neutrophil,GFOD1,14,1.6103290593867163,1.1038554344478684,5.4584136945476045,0.000109636627880606,0.002074049943424406
neutrophil,AL928650.3,14,1.6074563723433712,1.9643948146513974,3.0617831836227705,0.009091482485861488,0.04505042407926576
neutrophil,arhgap45b,14,1.6057596536530725,0.8158893984726154,7.3639913457905335,5.471568329217953e-06,0.0002237145709569218
neutrophil,nfil3-5,14,1.603831243911711,1.2341701680281774,4.862365965715098,0.0003102246684498096,0.0043848602673469995
neutrophil,ptn,14,1.6032074309791966,1.386239236485597,4.327285484908081,0.0008207465566270642,0.008741141995754468
neutrophil,ncf2,14,1.6019908892669894,1.0680372536925107,5.612258396087835,8.448891783082996e-05,0.001722883064511964
neutrophil,samd1b,14,1.6007618309888205,1.5688134645562888,3.817854999784264,0.0021337519046970683,0.016914037418481385
neutrophil,ndrg3b,14,1.5996373086906317,0.8448586095282267,7.084374455938502,8.239374343020183e-06,0.00030754725864048807
neutrophil,si:ch73-265h17.2,14,1.5986473313854483,1.2509678831491031,4.781570076177459,0.0003585016594940422,0.004881137979265036
neutrophil,ehd1a,14,1.5977340897951593,0.8075649912815244,7.402715104942622,5.174064969721329e-06,0.00021410327668824232
neutrophil,efhd2,14,1.596891578896973,0.8381483003203312,7.128835278641469,7.714965172346865e-06,0.00029315799100185073
neutrophil,tlr5b,14,1.5946619035594087,1.9906558257338631,2.9973430935307044,0.010291344541905466,0.048906195983526156
neutrophil,cxcr4b,14,1.5946395523888417,1.6189282927768993,3.6855213952702495,0.0027447933557615055,0.02007647919048186
neutrophil,cdc14ab,14,1.5933570264233456,0.6862288174885243,8.687767018447563,8.963723094524184e-07,5.357728607805469e-05
neutrophil,slc44a4,14,1.5910095140070009,1.3359542756348628,4.456000185846903,0.000647449697679738,0.007373508698980329
neutrophil,si:dkey-56i24.1,14,1.5894497971105312,1.1101768591552146,5.356963194846672,0.00013042334069624504,0.002360266722956123
neutrophil,nrros,14,1.58804041793352,1.0874768099708219,5.46393551179814,0.00010860992980247071,0.0020606593527875408
neutrophil,prune2,14,1.5844736674706486,1.4727967588755124,4.025373878855378,0.0014415764891855282,0.012855320660905578
neutrophil,dock5,14,1.582612843326327,1.4230167122679838,4.1612969015645,0.0011173921077358867,0.010767703714694082
neutrophil,rab6bb,14,1.5819937229993069,1.2882385152910445,4.594862231822851,0.0005023689890763552,0.006194378973172946
neutrophil,arl11,14,1.58101918602204,1.152347237443606,5.133549961150657,0.0001921176396416268,0.003133619169778853
neutrophil,CU862078.1,14,1.5791294634130775,1.4400859087835136,4.102922878012924,0.0012463000246277713,0.011625413290375464
neutrophil,rps6ka3a,14,1.5773106667238042,1.0282847387264153,5.739418164169281,6.828931664606746e-05,0.0014775373834265465
neutrophil,map4k5,14,1.5771836677800901,0.4888890684322153,12.070797450581178,1.947331489038753e-08,2.7815307033817553e-06
neutrophil,swap70b,14,1.5749647827369873,1.117659578495772,5.272606012259892,0.00015084143867514157,0.002629183526081645
neutrophil,si:dkeyp-19e1.3,14,1.5737995283463522,0.8369006864348694,7.036221532597282,8.850176942224419e-06,0.000324605086109528
neutrophil,ubac2,14,1.569032401546625,1.1071098399822565,5.302799653039554,0.00014317371534824003,0.002517930051653183
neutrophil,mxd,14,1.5672804839096792,1.8257436651578272,3.211966012359327,0.006808919265723692,0.037115577201496025
neutrophil,asph,14,1.5657765924848432,0.9623186431375788,6.088003796961736,3.8543702072257684e-05,0.0009692451570599355
neutrophil,hip1,14,1.5657684683558604,1.8694135367575824,3.1339075278992907,0.00791303071259185,0.04093398524186442
neutrophil,si:ch211-137j23.8,14,1.5642534026280932,1.2674850732083107,4.6177272004589165,0.00048192210996130425,0.006004329285553307
neutrophil,arhgap4a,14,1.5639998695919497,1.1451617787623611,5.110152795438845,0.0002001493637156265,0.00323195867777411
neutrophil,dok2,14,1.5614299992762055,1.092483170722329,5.3477584344474645,0.0001325033991465457,0.002377521749892401
neutrophil,wasa,14,1.5613978927468621,0.9990750332033589,5.847624817885322,5.707650513038485e-05,0.0012877417090889048
neutrophil,CT027744.2,14,1.5613604013520013,0.745048221523524,7.8412047842873545,2.7831261950781857e-06,0.00013372165877753068
neutrophil,abhd2a,14,1.56013848887607,0.8632106509543706,6.762548278151463,1.3365258953582412e-05,0.00043965932780759407
neutrophil,FP085398.1,14,1.558901688323352,1.041660566486937,5.599593768861928,8.630993225076861e-05,0.0017462485186576968
neutrophil,acss2,14,1.5568404842537336,0.6033492920827528,9.654712078683849,2.70072094717257e-07,2.1065694002349535e-05
neutrophil,cyb5a,14,1.5564538548641624,0.6385493998151807,9.120229484063197,5.180274967010848e-07,3.4579280710448323e-05
neutrophil,si:ch73-122g19.1,14,1.5559742690751865,1.7502709654690607,3.3262978889415105,0.005464183130376644,0.031947325693744914
neutrophil,arhgef2,14,1.555311552518464,0.7351025801990038,7.916504602174221,2.5078899126818416e-06,0.0001233045873735239
neutrophil,GARNL3,14,1.5551378213211555,1.489920706708937,3.9054379809586495,0.0018074841623332608,0.015109179766487816
neutrophil,si:ch211-223g7.6-1,14,1.5531309754918419,1.0473296196428823,5.548667657330263,9.405861594604357e-05,0.001865869941055463
neutrophil,itm2bb,14,1.5505402786381428,0.6867820518296535,8.447498695693833,1.2261929758702652e-06,6.96492842505191e-05
neutrophil,napaa,14,1.5502515054846584,0.8877656899386446,6.533829886188754,1.900739388980801e-05,0.0005743465115323186
neutrophil,lactb,14,1.5492396981929093,0.8276143216822996,7.004137082649649,9.283648568810691e-06,0.00033380982763475924
neutrophil,CR381673.1,14,1.5473322904252993,1.7417872626143531,3.3239347987731427,0.0054890755014225,0.032000894316839675
neutrophil,myo1g,14,1.5427400921382797,0.8051781967598823,7.169102299155938,7.270486691600674e-06,0.0002793638688852444
neutrophil,tln1,14,1.5409010829609444,0.864507002807846,6.6691465779026045,1.5419349997562778e-05,0.0004896179018323319
neutrophil,parvg,14,1.5374696791949292,0.5109490057894123,11.258823712187903,4.472173727548961e-08,5.477414563183293e-06
neutrophil,aldocb,14,1.5372078273074388,0.8618372743175615,6.673771480359837,1.5310159117626844e-05,0.0004878446171801306
neutrophil,ptafr,14,1.536067472710935,0.9594333302584745,5.9904508469636655,4.5157236824893566e-05,0.0010867445546411886
neutrophil,si:dkey-172h23.2,14,1.536044678846842,0.9843651519096144,5.838639155269306,5.792938177856607e-05,0.0012984416577573204
neutrophil,lpar2a,14,1.5329839821568088,1.3680353181969338,4.192801724010352,0.0010536011898138796,0.010341877868530872
neutrophil,gusb,14,1.5318042343762763,0.7965985563417903,7.194949806294191,6.999534534781197e-06,0.0002735501851306583
neutrophil,git2a,14,1.5309814689252086,1.229103523719356,4.660639247769342,0.0004458454009477014,0.0056654787285781326
neutrophil,bnipl,14,1.525625655522066,1.3389447269760342,4.2633339438351205,0.0009240257892733332,0.00943455434637659
neutrophil,tsg101b,14,1.523347341503796,1.5582069866636994,3.65795037613337,0.002893075897933186,0.02080997623551939
neutrophil,elk3,14,1.5222677459829779,0.8214901897432482,6.933502587760806,1.031913709081911e-05,0.00036249107053344724
neutrophil,si:dkeyp-46h3.3,14,1.5212345361366553,1.675005013314116,3.3981620317000982,0.004759099360324616,0.02904045617226553
neutrophil,si:dkeyp-68b7.12,14,1.5212027535445294,1.1972386808430422,4.754122641253807,0.0003766283645264533,0.005003776842994308
neutrophil,rnls,14,1.520992699886786,0.8871848381852693,6.414710132334548,2.2897985488626225e-05,0.0006598804956727526
neutrophil,CR855337.1,14,1.514256364944281,1.0968081678142434,5.165742451256797,0.00018161282015590187,0.0030069690530942473
neutrophil,cebpb,14,1.5138507126052383,0.8305024264401069,6.820342145864731,1.2240878479140468e-05,0.0004130731870543896
neutrophil,dennd4a,14,1.51206109488604,1.775283374872283,3.1868797089032976,0.007145824972284217,0.03824758117980773
neutrophil,myl12.1,14,1.510874373298653,0.4161311412456502,13.585078594257805,4.656455135069331e-09,1.0138876716716438e-06
neutrophil,dnajc5ab,14,1.5101625425353884,0.9380535421979951,6.023654917678674,4.2781324316753055e-05,0.0010470166214363247
neutrophil,CU571384.1,14,1.508758522097772,1.2999957793157788,4.342519844207884,0.0007979497530316224,0.00858836856587782
neutrophil,si:dkey-117a8.4,14,1.5068620079146104,1.7686991878966778,3.1877446438292143,0.007133935840309217,0.03821237634924077
neutrophil,selenbp1,14,1.5047865178814128,0.628991192718439,8.951469679272936,6.401259495218134e-07,4.0746764327450004e-05
neutrophil,BX548046.2,14,1.504763635760887,1.2566179887693294,4.480526320180715,0.0006189747533485666,0.007126131916960941
neutrophil,arhgef6,14,1.5039980973243647,1.0500190695793514,5.3593746566927365,0.00012988407699627172,0.002356725960577192
neutrophil,cdc42,14,1.498815609770478,0.5495669528203585,10.204497320898676,1.4218863223485086e-07,1.3090419883768905e-05
neutrophil,capgb,14,1.4968242699349878,0.6057699238279491,9.245430263215649,4.4359190448944744e-07,3.088818248646698e-05
neutrophil,zgc:153759-1,14,1.4921737073033605,1.0730618350830932,5.20305782177887,0.00017018297762260148,0.002874981521598566
neutrophil,si:ch211-271d10.2,14,1.4904821797932513,1.7750887453694781,3.1417435733431676,0.0077945530699463335,0.04051602187835878
neutrophil,socs7,14,1.4884181944573327,1.0352694902765325,5.37942147837509,0.00012549045072577427,0.0023013572965652524
neutrophil,ushbp1,14,1.485792674544989,1.5257315426501297,3.6437125277423035,0.0029728142337546726,0.021164957729835773
neutrophil,arrb2a,14,1.4827768988145649,1.8510953783175559,2.9971676237611486,0.01029481765435822,0.04890706880473035
neutrophil,plekhf1,14,1.4807938579093063,1.7599560005332326,3.148160110285221,0.007698858601528835,0.04016471116728219
neutrophil,C13H9orf72,14,1.4791817119476558,1.561605908021111,3.544166393365777,0.003596372152696302,0.024059124606004154
neutrophil,lrch4,14,1.4783987039678295,0.9254003686703127,5.977587235292085,4.6114661929083444e-05,0.0011015747189454788
neutrophil,grasp,14,1.4779366765024844,1.1934502200276975,4.633567944452104,0.00046826426959456567,0.005874179349029222
neutrophil,cass4,14,1.4766895092420214,1.5369592520563191,3.594933439409448,0.003263330699519735,0.022573795950424448
neutrophil,mgat1a,14,1.4741764446780539,0.9325015756511142,5.915124786557454,5.1077006922562396e-05,0.0011946271823704171
neutrophil,CABZ01056054.1,14,1.4741442782095464,1.3821015685943108,3.990837542672907,0.0015383986281303286,0.013465996703990596
neutrophil,cybc1,14,1.473180875472188,0.46927537978462497,11.746062849694827,2.6997796160124868e-08,3.6130953056245157e-06
neutrophil,cfl1,14,1.471203783864272,0.4479502653728094,12.288731430405942,1.5704306196528973e-08,2.341563263596589e-06
neutrophil,dap,14,1.4708088864612414,0.8943446892244817,6.153402598423808,3.4687220015980486e-05,0.000898625005796435
neutrophil,si:ch73-248e21.7,14,1.4700725743809042,1.0860019276137538,5.0649154178871765,0.00021668829199035546,0.003408740419011125
neutrophil,arhgap15,14,1.468683900256804,1.0030358256389313,5.478679648088674,0.00010591754363110578,0.0020306413763238203
neutrophil,sec24d,14,1.468633870429798,1.105231779257318,4.971920707394618,0.00025532452548674523,0.0038319629960223496
neutrophil,wscd2,14,1.467719296343828,1.158285817287644,4.7412328329595255,0.0003854672447159542,0.005096527160858894
neutrophil,dgkza,14,1.46617521100628,1.0586597222544785,5.181953363526372,0.00017655185004222132,0.002957081810688853
neutrophil,gyg1a,14,1.4655980547221803,0.7446322843199994,7.3643943500254725,5.468380410037084e-06,0.0002237145709569218
neutrophil,snx18a,14,1.4653564883196506,0.9970777503874113,5.498931178283735,0.0001023329611587568,0.001981301897946713
neutrophil,sult1st1,14,1.4649496916090379,1.1199139969573442,4.894429259526381,0.00029298846470223995,0.004210654022580384
neutrophil,dicp3.1,14,1.4625322479550604,1.317481898653728,4.153601347045471,0.001133569656049321,0.010873945284515078
neutrophil,dock11,14,1.4604808184919196,0.846040824240599,6.459048648931274,2.13597451966135e-05,0.0006260733007148412
neutrophil,glo1,14,1.4586632019290167,0.3990897710819261,13.675664824776078,4.29363478780033e-09,9.816322533608505e-07
neutrophil,cltb,14,1.4584286235839983,1.3584125986710205,4.017144892394493,0.0014640639766386537,0.012990490038512765
neutrophil,CAPN1,14,1.4536963440260686,0.4269984191831824,12.738299298991034,1.0178674980838661e-08,1.7149840566586165e-06
neutrophil,anxa11b,14,1.4530736886850357,0.7938974436280513,6.848370585436052,1.1732030810126481e-05,0.0004003336632783831
neutrophil,asns,14,1.4530109247864296,1.5519312844991566,3.50316351896013,0.0038903755272931126,0.025322052809320653
neutrophil,gapdhs,14,1.451922434689258,0.6233978113965124,8.714493704442063,8.660072534745249e-07,5.1875347159549325e-05
neutrophil,hk2,14,1.4518062724748657,0.8660920181908546,6.272037554297464,2.8692806455905262e-05,0.0007763186835480876
neutrophil,serpinb14,14,1.4487016192180842,1.3660746634940262,3.9679713412695308,0.0016061503661234384,0.013883115801466383
neutrophil,smc6,14,1.4483004775520094,0.7557822528885777,7.170113031087029,7.25968528536441e-06,0.0002793400642411958
neutrophil,hnrnph3,14,1.4480519595969668,1.5661543923128456,3.4595020373803487,0.004230258238528172,0.02676594436670212
neutrophil,eef2k,14,1.446097275337836,0.8175071738538532,6.618658190795008,1.6666335942774737e-05,0.0005219645280708047
neutrophil,ptprc,14,1.4436967988217133,0.8746978358977308,6.175639826556899,3.347036917600204e-05,0.0008728703216194069
neutrophil,si:ch211-201h21.5,14,1.443218771039211,1.1116293811855673,4.857761288776364,0.00031278534018080523,0.004416503246454139
neutrophil,caspa,14,1.4432148481389284,0.9360964249965376,5.768653050096658,6.504849211489491e-05,0.0014219963196590772
neutrophil,si:ch1073-80i24.3,14,1.4425018334986774,1.6887495945968611,3.196061546373746,0.007020619941370712,0.03787076446942696
neutrophil,pde4ba,14,1.440982653162235,1.3288745615075954,4.057315524424516,0.001357594389069643,0.012337065937106874
neutrophil,CFAP77,14,1.439900669700823,1.7470402465438095,3.0838528120146127,0.008713417018681256,0.043771738920217
neutrophil,ppp3r1a,14,1.432592274266342,0.7753390996737962,6.913451762588953,1.0634860611951442e-05,0.00037026319909757335
neutrophil,pam,14,1.4316313321845422,0.7789592750768667,6.876706036623957,1.1240297723334202e-05,0.0003869229210033549
neutrophil,frem3,14,1.4306155056479566,1.5051012285783811,3.5564870805380866,0.0035125047746456042,0.02368868448682452
neutrophil,spag1a,14,1.4302609785540281,1.0020560710805444,5.340565972172082,0.00013415287805581343,0.0023977095827109065
neutrophil,abi3a,14,1.4299277496258536,1.2096981469660495,4.42283865637001,0.0006881210649695535,0.00768672696149825
neutrophil,si:dkey-20d21.12,14,1.4293250912269655,1.5792124566034462,3.3865264697780004,0.004866706558769834,0.029545938136722818
neutrophil,rab11ba,14,1.4279891803732243,0.7405581088469155,7.214891311224881,6.797812362451014e-06,0.0002675724277816981
neutrophil,MARK4,14,1.4266146660644876,0.8925707674561917,5.980369846273528,4.590575939895395e-05,0.0010989742662393556
neutrophil,pak2a,14,1.4248917448849319,0.8556377457696291,6.230974204867945,3.063355967878302e-05,0.000816746073651518
neutrophil,ssr3,14,1.4228435059062623,0.6866392251767844,7.75340632881382,3.1451173962327627e-06,0.00014600050044948534
neutrophil,si:zfos-943e10.1,14,1.4214306624907478,1.165960341113838,4.561481510610157,0.0005338483748565155,0.006437859412830111
neutrophil,shc2,14,1.4211430497003126,0.6134675107308689,8.667827222404288,9.197642785040042e-07,5.473694789752137e-05
neutrophil,osbpl3b,14,1.4205813866149088,1.2715200148415968,4.180295061579045,0.001078463666586625,0.010504242649548195
neutrophil,b3gnt3.4,14,1.4179399082870476,0.931009314856837,5.698595327866966,7.310123248098739e-05,0.0015498704119906405
neutrophil,si:dkey-27j5.9,14,1.4144446517058886,1.2770995792731266,4.1440521672166195,0.0011539794684569471,0.010989040859811295
neutrophil,pdhb,14,1.4126040213841293,0.5661244255008262,9.336251949423774,3.967739645060003e-07,2.8141949503669253e-05
neutrophil,RASSF5,14,1.4119441156489678,0.544228506856611,9.707339956416297,2.5367690971118754e-07,2.0349783678147456e-05
neutrophil,pik3cg,14,1.4111714215283055,0.8037624265407567,6.569254544642399,1.7990085851856544e-05,0.0005533161494906774
neutrophil,ccnjl,14,1.4110639915221432,1.1894059750273656,4.438953660854171,0.0006680364487176516,0.007532914085724937
neutrophil,slc30a7,14,1.411010198223017,0.5576498427186272,9.4674405452283,3.382214544302872e-07,2.474428160611981e-05
neutrophil,moxd1,14,1.4108622826208863,1.577961652321704,3.345431920808773,0.0052667671486211765,0.031093986813518822
neutrophil,slc35d1a,14,1.4105211383014538,1.6890448149560267,3.124657670177818,0.00805520100083699,0.0414390473388267
neutrophil,slc35a5,14,1.408542613514242,1.5342275772448648,3.435138275838912,0.004432812333712719,0.027671036717954144
neutrophil,si:dkey-24c2.9,14,1.4043913422191328,1.676192494657168,3.134933043958262,0.00789742363970864,0.04088034293498237
neutrophil,bcap29,14,1.4043575198022162,0.7169048124374536,7.3295988483797965,5.751021916623226e-06,0.00023271281162619205
neutrophil,myb,14,1.402274122144226,1.2034331029669822,4.3598844958371075,0.0007727606910209095,0.008406300379920163
neutrophil,atp11c,14,1.4016144715880057,1.263046805567785,4.152151066696999,0.0011366453143667095,0.010892023821044594
neutrophil,cgrrf1,14,1.399476826355333,0.5844698683099736,8.959166398248401,6.339362363821198e-07,4.044660615149641e-05
neutrophil,camk1b,14,1.3969756328183442,0.797223971265453,6.556506557850999,1.834938809193957e-05,0.0005605962831874857
neutrophil,ndufaf1,14,1.3945104134615984,0.7430437866135204,7.022170541580342,9.037312601826855e-06,0.00032934625504147606
neutrophil,CHST13,14,1.3943918531408888,1.177407245649026,4.431208145390715,0.0006776131431342672,0.007603401464985121
neutrophil,syne3,14,1.3907818951953959,0.731083021124204,7.117973200290249,7.839731149774495e-06,0.0002958501019175561
neutrophil,cyp3c1,14,1.390130086986646,1.0772198116104579,4.82853216445596,0.0003295610887967168,0.004596598104289744
neutrophil,smim14,14,1.3857766733486003,1.3593554265370775,3.8143824823377654,0.002147863820600151,0.016977485898802405
neutrophil,GCA,14,1.3815762197973918,0.6154360388527614,8.399548518205751,1.3063098265031242e-06,7.314002059206779e-05
neutrophil,pitpnaa,14,1.3813273471553986,1.0582104410870137,4.8841454132012885,0.0002984054173018807,0.004257281655578314
neutrophil,cx27.5,14,1.3812937198961364,1.2149996059660542,4.253769157599407,0.0009405878261020632,0.009546809844287865
neutrophil,tmc6b,14,1.3809692421507138,1.0119135620352504,5.10627978481509,0.0002015123408891251,0.0032463247635309144
neutrophil,hiat1b,14,1.377833098694337,1.0043876500338338,5.132858205990119,0.00019235021079431973,0.0031336864804882196
neutrophil,cabp1b,14,1.3756336180473008,1.3919225104966015,3.6978708582167243,0.0026809055846265073,0.01974513952059818
neutrophil,ppt1,14,1.373207967808592,0.9898008757183516,5.1910175696691265,0.00017378648431198894,0.002925050427668354
neutrophil,rsu1,14,1.3704672086635303,1.3213152379811697,3.8808443339093928,0.0018935851994493688,0.01560810476631389
neutrophil,erlin1,14,1.369765346036452,0.945337236947564,5.421549500888369,0.00011675679605563838,0.00217906306107921
neutrophil,il12rb2l,14,1.3665708720278518,0.5890814073731728,8.680022716510503,9.053812469174565e-07,5.39981184982183e-05
neutrophil,cds2,14,1.3660681366762317,0.8034767048338007,6.361552119284431,2.489773876956932e-05,0.0007020241142272705
neutrophil,zgc:66427,14,1.364222727113454,0.5930711186748281,8.606816085589292,9.954651306256003e-07,5.8066956624288007e-05
neutrophil,sypl2b,14,1.3640901182126564,1.6887781362868435,3.0222785085659134,0.009809440142087645,0.04727243813423055
neutrophil,erg,14,1.3625496705259497,1.4588618740308936,3.494637929966122,0.003954500322218525,0.025593705199354857
neutrophil,CR847906.1,14,1.3617012927486614,1.6051065020553341,3.174256470874983,0.007321613521966296,0.038807663635074444
neutrophil,zmp:0000000735,14,1.3586320851970746,0.8070121731316576,6.299205819608347,2.7480360018469522e-05,0.0007524188394278557
neutrophil,ppp3cca,14,1.3560804620173545,0.7361999775235725,6.892133432053235,1.0981782986281192e-05,0.00037993091579902207
neutrophil,sesn3,14,1.3548824626996192,1.3802076888215493,3.6730022704763736,0.0028111410005264886,0.020402990714538438
neutrophil,gnai2a,14,1.3539559265624628,0.8966949965310889,5.649679337552937,7.934003625719092e-05,0.0016420529213763777
neutrophil,glulb,14,1.3532606178430895,1.2893653593837318,3.927077418461898,0.0017350417583845783,0.01468785871570305
neutrophil,kif3a,14,1.3528318371459942,1.2612094741187128,4.013475430048839,0.0014742072972389,0.013046734580564266
neutrophil,ehbp1l1b,14,1.3525854489342657,0.9624292882033595,5.258476023413038,0.0001545761539976979,0.002670138041704635
neutrophil,C2H14orf119,14,1.351625629455887,0.49942244228175836,10.126337129546569,1.5550451659502985e-07,1.4072404691955713e-05
neutrophil,cers2a,14,1.3500668455592688,0.6485160474230941,7.789302370230823,2.9914156540281788e-06,0.00014077099222686634
neutrophil,asap1b,14,1.3485642756281544,0.6261969013262842,8.057953453229162,2.066068241013482e-06,0.00010665866064465471
neutrophil,capza1a,14,1.3462043060667086,0.4930288553433652,10.2165121398288,1.4025213435203498e-07,1.2999382790365134e-05
neutrophil,arhgap20,14,1.3424503481456578,1.1952476120308144,4.202467514644951,0.0010347909743184543,0.010212046899434099
neutrophil,arfip1,14,1.339548091799981,0.4841518876982265,10.352391759642202,1.2021065212250704e-07,1.1587753975545761e-05
neutrophil,arpc5a,14,1.3393709133516833,0.8509783727841339,5.889065141780914,5.331059828771274e-05,0.0012332008971529503
neutrophil,dhrs13a.1,14,1.334345722521226,0.7507432407918704,6.650295677541613,1.5872994798443918e-05,0.0004993986379533358
neutrophil,plcg2,14,1.3333537841774301,1.1799579746234157,4.228076883282811,0.0009866076192575355,0.009871473389617245
neutrophil,il10,14,1.333194633652946,1.6045754484003258,3.1088332767325118,0.008304358654183643,0.042355471217238934
neutrophil,si:ch73-27e22.1,14,1.3317611474431477,1.4801238659870395,3.36660603160143,0.005056660018712309,0.030310130568794447
neutrophil,mboat7,14,1.3307164660205832,1.2179041101818306,4.088240653071006,0.0012810670565604578,0.011829712116033711
neutrophil,trmt10b,14,1.3272708296204867,1.3441757530265162,3.6946007192268593,0.0026976742938588636,0.019822452478018778
neutrophil,si:ch211-102c2.4,14,1.325978238387226,0.8307302085125966,5.972283443557755,4.651561580201185e-05,0.0011077742357015583
neutrophil,arhgap33,14,1.3253494215294037,0.6013656639297225,8.246236442427794,1.6020894740218448e-06,8.652229275549077e-05
neutrophil,si:ch211-253p18.2,14,1.323326507789398,1.298014326207052,3.8146223065600737,0.00214688614577826,0.016977485898802405
neutrophil,ATP11B,14,1.3196455516104717,0.8958528301983534,5.511688259123356,0.00010014039116662615,0.0019526308682703544
neutrophil,map2k2a,14,1.3167143479175316,0.8150664633340198,6.0445303392858065,4.135526224887638e-05,0.0010203072120484923
neutrophil,zdhhc20a,14,1.316223174964892,1.6202875231631308,3.03949520986011,0.009489861233827869,0.04629686373227348
neutrophil,si:dkey-190l8.2,14,1.3149038248914342,1.2988641441637765,3.7878631351932834,0.002258826452095366,0.01758538697878444
neutrophil,GCNT4,14,1.3132107403521829,1.095359856028053,4.485817733769294,0.0006130032340674512,0.007084138048290027
neutrophil,sox5,14,1.3126490727416968,1.2737119997771826,3.8560389633803616,0.0019846816177887146,0.016109390586992126
neutrophil,arrb2b,14,1.311606576176455,1.1915719926328845,4.118578201429668,0.0012102955713870712,0.011390895026073516
neutrophil,hyal2b,14,1.3114269989619693,0.7951056862474656,6.171394070943202,3.3699180336875475e-05,0.0008771698411216116
neutrophil,abca2,14,1.3106338975005538,1.1786061783127768,4.160798657070901,0.0011184322859113536,0.01077394303510463
neutrophil,si:dkey-105i14.1,14,1.3103598052662802,1.0621484132995587,4.616038006850052,0.00048340271045198925,0.006011855558137047
neutrophil,prkacba,14,1.3100959294140329,0.7586779704911428,6.461147288224465,2.1289696412398658e-05,0.0006246875091702216
neutrophil,rras,14,1.3094542860269107,0.8611880181505085,5.6892678470813385,7.424986747987783e-05,0.0015669577802388064
neutrophil,mbnl1,14,1.3083218699185648,0.7404649302493368,6.611106061714903,1.6861839232945904e-05,0.0005262850504617416
neutrophil,prkab1b,14,1.3081498048841216,0.5444004814116075,8.990896495462215,6.090842601180333e-07,3.931818041491352e-05
neutrophil,xpo6,14,1.3079968159659308,0.3846023748237153,12.725027895573833,1.0307856256717661e-08,1.7149840566586165e-06
neutrophil,orai1a,14,1.3078724992913082,0.6366953208510877,7.685953764180956,3.457084316527126e-06,0.00015714482751289944
neutrophil,rasgrp2,14,1.307667437390753,1.444922914701483,3.386231526107197,0.004869465891072387,0.029556149717161712
neutrophil,mrps15,14,1.3072312262637271,0.7650020252987808,6.393723431073153,2.366644880066439e-05,0.0006770479904548775
neutrophil,anxa1a,14,1.3049197080912514,1.471478667219893,3.318133367268784,0.005550671655982653,0.03224278570440061
neutrophil,ubtd2,14,1.3033977064866975,0.7817424925874547,6.238457935474939,3.026980500563795e-05,0.0008101971710533436
neutrophil,ptger1b,14,1.3021989049765366,1.2466791421681167,3.908288818709816,0.0017977660351824448,0.015050873108095933
neutrophil,pcxa,14,1.298735471608995,0.4703546900698454,10.331401543140842,1.230953814328773e-07,1.1742775083630226e-05
neutrophil,jpt2,14,1.2974109498199713,0.7584200307444725,6.400763517954686,2.340567438417048e-05,0.0006709871230195581
neutrophil,sec61b,14,1.297324701535441,0.7070744675662675,6.865110784232141,1.1438832879172517e-05,0.0003922804750501225
neutrophil,pnp5a,14,1.2972312641609158,1.1938123225158745,4.065793969752935,0.0013361577963629182,0.012192564449510918
neutrophil,napsa,14,1.2972019860991293,0.6483129617059277,7.4866394474884,4.586609224865021e-06,0.00019569770464101377
neutrophil,fbxo45,14,1.2959775336539623,0.8472004423224789,5.723679627215842,7.010382891396029e-05,0.0015037517953514468
neutrophil,rgs13,14,1.295063100450982,1.2773841693100991,3.793441732378662,0.002235008225521306,0.017449473724296255
neutrophil,dnajc3a,14,1.2936930817432983,1.14696052512259,4.220333803559443,0.0010009272433906336,0.009945171995829784
neutrophil,plekho1b,14,1.2933268514359089,1.2021012764416998,4.025605880323633,0.0014409476565955695,0.012855320660905578
neutrophil,hk1,14,1.29331847216439,0.6331722229272206,7.642714635290168,3.674225181172894e-06,0.00016337498840434092
neutrophil,mafga,14,1.2932479979643638,1.2658735674213686,3.822570475478822,0.0021147401802967146,0.016787888030965738
neutrophil,bida,14,1.29311712663063,0.6086310221247171,7.949646128668634,2.3960553607984256e-06,0.00011995580077281898
neutrophil,gyg1b,14,1.2922838583138583,1.3227175095551316,3.6555677303274106,0.0029062667043615216,0.020850791588430527
neutrophil,stxbp2,14,1.2921914007294641,0.7142035016931576,6.769691674996007,1.3220554970191564e-05,0.00043594462212404516
neutrophil,atxn7l2a,14,1.2897433144901869,1.3723755262123944,3.5163681569163,0.0037931282000352525,0.024911394370693545
neutrophil,atp2a3,14,1.2863156341634314,0.7072796176395955,6.804879250377209,1.2531548601527373e-05,0.0004194997568499224
neutrophil,si:rp71-68n21.9,14,1.2854239176595637,0.9462100952248346,5.083031687063076,0.00020989995526045287,0.0033383218971423326
neutrophil,sgk1,14,1.28438216170192,1.015189577170591,4.733813379139063,0.00039065244560363495,0.005143301891947405
neutrophil,ikzf1,14,1.2819635203055686,0.677455980858891,7.080413208906582,8.287894606302981e-06,0.0003085188446728932
neutrophil,zgc:136439,14,1.2810507463401553,1.2911006573072696,3.7125323736359648,0.002607018388468079,0.019382073561387925
neutrophil,rasgrp4,14,1.2763134569168486,0.8887911589054758,5.373059380780582,0.00012686771449521323,0.002315778940236976
neutrophil,tbc1d2b,14,1.269455090280611,1.4856395912424964,3.197185941816303,0.0070054392137580326,0.037820069694524144
neutrophil,ptenb,14,1.2693423145372715,0.7878149439039871,6.028629038181764,4.243689343710853e-05,0.0010404434061189209
neutrophil,cbr1l,14,1.268041989697432,0.4583613322090644,10.351175686274644,1.2037579307565307e-07,1.1587753975545761e-05
neutrophil,degs1,14,1.267443468642974,0.5679299318874932,8.350218839506114,1.394572910340274e-06,7.71373141031964e-05
neutrophil,tmem123,14,1.2668376833240396,1.4433830042318678,3.284001932789508,0.0059273949184669335,0.033715269895430736
neutrophil,ptk2ba,14,1.266835439571293,0.9151809437708011,5.179373775822466,0.00017734722262171176,0.002964993166759115
neutrophil,LO018493.2,14,1.2653814899689328,1.3524269124379555,3.500835391166827,0.003907781258090565,0.02537514291496205
neutrophil,zmynd8,14,1.2622421409225455,1.0143668650727524,4.655985711975581,0.0004496184198934855,0.0056966948207566245
neutrophil,SLA,14,1.2598458881764727,1.2611972260706183,3.737648304523253,0.00248522991053023,0.01876748763980095
neutrophil,limk1b,14,1.2582024967574124,1.2306649332343178,3.825381335663225,0.002103489813225906,0.016722469726413423
neutrophil,ppp1r18,14,1.2559914415288433,0.6594792770992358,7.126061148717623,7.746628576917249e-06,0.00029390985620174657
neutrophil,tph1b,14,1.2557151503015611,1.4057678057863994,3.342270215941833,0.005298885951307502,0.031229846632464302
neutrophil,cdh23-1,14,1.2554889905183182,1.4981054258219368,3.1357003148218867,0.00788576684360146,0.04085083333727456
neutrophil,rab11fip1b,14,1.255245214214055,1.3273686807721485,3.5383519258903444,0.0036366535393598147,0.024198784829574705
neutrophil,inpp5b,14,1.2545326434510926,0.7679171363622951,6.112679493719784,3.703807034428249e-05,0.0009434906777115972
neutrophil,p4hb,14,1.2540870255499903,0.8296380051825447,5.655917344063841,7.851426289333831e-05,0.001634323825856401
neutrophil,arhgef18b,14,1.2535262007005084,1.356261839612157,3.4582301377048115,0.00424059735722868,0.026812811361043753
neutrophil,snap23.1,14,1.2531195411315594,0.7437065006943868,6.304562328294652,2.724775651588701e-05,0.000748290490503864
neutrophil,ticam1,14,1.2524007169846578,0.8347651607459,5.613619990704243,8.429555175417149e-05,0.001722001833488976
neutrophil,CABZ01046427.2,14,1.2507713939682419,1.5661371422292911,2.988217250722504,0.010473525976200401,0.04949038669601412
neutrophil,dnajc5gb,14,1.2490875928217513,0.9214052666382734,5.072315068765477,0.00021388830605267007,0.0033801060456733344
neutrophil,itgae.2,14,1.2477772871666146,1.2371743507143755,3.773724455958739,0.0023203593499230546,0.01789328081150097
neutrophil,ppp1r12a,14,1.247708603833034,0.5963596641854311,7.828326418504486,2.833329134478238e-06,0.00013518675618158342
neutrophil,sowahd,14,1.2464194086725005,0.9133989481661343,5.105846023625608,0.00020166559091607385,0.0032468870227596747
neutrophil,cfhl1,14,1.2461233477055162,1.2835727901881513,3.632491016025947,0.003037231378469799,0.021481019938439337
neutrophil,MYO9B,14,1.245803466545263,0.7564348848505935,6.162288171027903,3.419548972003737e-05,0.0008875622142565991
neutrophil,btk,14,1.2457407902307398,0.4378153731437503,10.646348930835826,8.658546321332383e-08,8.998000694157347e-06
neutrophil,CR388166.2,14,1.245543291484257,1.008378976400312,4.621671381691608,0.00047848326818715963,0.00597233324054355
neutrophil,grk6,14,1.2451840532967644,0.43522053009556516,10.705037535540722,8.116635951038294e-08,8.621197413884487e-06
neutrophil,acap1,14,1.2439432249946318,0.976249024586536,4.767645589709873,0.0003675814422824991,0.00494585427612573
neutrophil,march7-2,14,1.2397665763765666,0.8228547372692625,5.637424879838631,8.098890964515964e-05,0.0016681161682544706
neutrophil,osbpl2a,14,1.2394250596022427,1.4437761624857506,3.2120657274387114,0.006807612354673476,0.037115577201496025
neutrophil,nipsnap3a,14,1.2381467979694343,0.6426305862123,7.208995668628768,6.856801483019979e-06,0.0002691221011253979
neutrophil,arhgef1b,14,1.2377577829960131,0.46993613122777894,9.855095712015354,2.1307183297654835e-07,1.7754834427658798e-05
neutrophil,lipf,14,1.2377298034849673,1.268113241576093,3.652008913875768,0.00292608300114857,0.02097102589773015
neutrophil,gnmt,14,1.23644792210143,0.8408866008118383,5.501769794673335,0.00010184077057235851,0.0019731649298394462
neutrophil,BX470185.1,14,1.2359909069306958,1.2611107896206581,3.6671278566205556,0.0028428338060304424,0.020561851072187408
neutrophil,srprb,14,1.2358872506832204,0.6696370923464707,6.905630995640861,1.0760764888842025e-05,0.00037362718071506885
neutrophil,cdipt,14,1.234976934181337,0.4784793680642827,9.657387291261914,2.6921196860067993e-07,2.1065694002349535e-05
neutrophil,ptpn6,14,1.2333042088423203,0.8226064593118045,5.609732030325718,8.48489321230805e-05,0.0017268771905020132
neutrophil,dock8,14,1.2311556617818973,1.1208970394115707,4.109710806795484,0.0012305556809651225,0.011517425806657091
neutrophil,RNF14-1,14,1.2310121048045697,1.5154107367280536,3.039456843954462,0.00949056175069459,0.04629686373227348
neutrophil,CT027702.1,14,1.2286723838802671,1.519921807585638,3.0246760577594527,0.009764303401236818,0.04711284977364265
neutrophil,pvalb7,14,1.227346348160925,1.4904230586632787,3.0812120780290853,0.008757816337405086,0.04389120105846663
neutrophil,serp1,14,1.227123685792245,1.1409835461882878,4.024139014772542,0.001444928290304725,0.012862565894660734
neutrophil,tmx1,14,1.2263510228622618,0.5679903910621316,8.078632025604852,2.0087512267896177e-06,0.00010497159982280603
neutrophil,tacc1,14,1.223803710404949,0.8394072294413525,5.455104545675066,0.00011025678254320696,0.0020818271363199467
neutrophil,CT583642.1,14,1.2235402499727936,1.2395872996309014,3.693219844773418,0.0027047872020676505,0.0198579895482792
neutrophil,vaspb,14,1.2205545453309858,1.0373837360044695,4.402321698321398,0.0007145990046938101,0.007912719879084627
neutrophil,mfsd2ab,14,1.2196273590912952,0.8880510091120563,5.138699996319373,0.00019039537946616872,0.0031192004852230518
neutrophil,sec61g,14,1.2192472358695112,0.33671620186588364,13.548517716447588,4.812081002147786e-09,1.0314018929212852e-06
neutrophil,mapk3,14,1.2173652284150607,0.9774356129222204,4.660116266567239,0.00044626778250867697,0.005668220654224793
neutrophil,tspan15,14,1.2154601717364204,1.035609666564723,4.391457203169002,0.0007290444020644873,0.008048826225609339
neutrophil,rgs19,14,1.2151150772206678,0.7987123247295822,5.692342741803078,7.386912917842926e-05,0.0015625285728683167
neutrophil,tpmt.1,14,1.2150077592923163,0.7443200694782327,6.107779359933946,3.733205485506511e-05,0.0009492167979135415
neutrophil,snx20,14,1.2145622069417636,1.0105540351220879,4.497014009499333,0.0006005636630197385,0.0069993475339619905
neutrophil,cdc42l,14,1.2121691162267803,0.9981219696901328,4.544055401522948,0.0005510874247336538,0.006584966680125344
neutrophil,lyst,14,1.2118815083601053,1.1906319146087778,3.808435959101834,0.0021722515234832546,0.017110456659995145
neutrophil,ical1,14,1.2118749757193632,1.4616267224100632,3.102311202459463,0.00840927391142328,0.0427282285724315
neutrophil,si:dkey-76b14.2,14,1.2097811873603883,1.262812046661606,3.5845292480648387,0.003328936293910946,0.022832341805861703
neutrophil,ufm1,14,1.2070877211482451,0.6297420550545851,7.171997887177744,7.2395877532494606e-06,0.00027895799158763896
neutrophil,cd44b,14,1.206140600050107,1.1557819233340607,3.904685472711823,0.0018100583195683482,0.015121482946820228
neutrophil,map7d3,14,1.20552827141787,0.7676734556850913,5.8757714342096845,5.448935899184376e-05,0.0012499294012886567
neutrophil,sh3gl1a,14,1.2044880089993522,0.9735350452226489,4.629295553630898,0.0004719078919586201,0.0059092977766013275
neutrophil,prkacab,14,1.2041451728116137,0.7953551167044924,5.664763557776594,7.735865615405615e-05,0.001615198193888138
neutrophil,nck1a,14,1.204098273641253,1.379276265971026,3.266440024471636,0.006131138073520452,0.03456797637629133
neutrophil,zgc:113411,14,1.2039113926882012,1.1742411527251873,3.8362000386536854,0.00206075572999725,0.016502352945390552
neutrophil,cfap99,14,1.2004719217792872,1.4260524674289863,3.1497821688414533,0.007674854119286341,0.040091321927384
neutrophil,tmem176l.3a,14,1.1993804113686546,1.2415210874206406,3.6146551365253003,0.0031425505595454677,0.021960232960043277
neutrophil,zgc:152863,14,1.199276845072454,1.1100018667144604,4.042590558369407,0.0013956675133179701,0.012574758038712155
neutrophil,plpp5,14,1.1977767969987423,1.4570893176655249,3.075769169303281,0.00885004168575926,0.04417774629708975
neutrophil,cyb5r3,14,1.197768399495238,0.5901083931722146,7.594603011023191,3.9329626514839985e-06,0.00017291799734529408
neutrophil,nbeal2,14,1.1972952086723647,0.753783749724954,5.9431746350497034,4.878246231138505e-05,0.0011497825202000421
neutrophil,si:rp71-36a1.3,14,1.1970852663093416,1.0030704546467855,4.465372206443697,0.0006364120057040584,0.007286080422952804
neutrophil,sept9b,14,1.196019247555967,1.238403870825811,3.6135984049835423,0.003148905634564672,0.021987840693377902
neutrophil,adgrg3,14,1.1951249747283523,1.273933538031696,3.510189547815406,0.0038383212494870764,0.025102346479065063
neutrophil,ppp1r9ba,14,1.1931228257427748,0.6811279259390303,6.55421201254441,1.8414860916595765e-05,0.0005619707555581811
neutrophil,si:ch211-191c10.1,14,1.1926738744987226,1.2113912525789958,3.683844507734246,0.0027535871253747007,0.020123778045992254
neutrophil,tnfaip8l2b,14,1.1916423917197208,0.9783595750239663,4.557340339068933,0.0005378938201878922,0.006469913759592179
neutrophil,arid3a,14,1.1912880427568742,0.5108767118935611,8.72498511125206,8.543887196629353e-07,5.138837520076802e-05
neutrophil,dusp1,14,1.1909154687477999,0.7285260778815883,6.116455945709903,3.681316565585431e-05,0.0009403810053709153
neutrophil,nfkbiab,14,1.1903703352834891,0.6693000736489869,6.65465033303718,1.5766962145066016e-05,0.0004972029959194094
neutrophil,tmem154,14,1.1901458196872947,1.4799185250803106,3.009029093226221,0.01006264049386979,0.04813749641662035
neutrophil,pgam1b,14,1.1894126176831838,0.9029293006085912,4.9288183514221755,0.0002756060894757359,0.004054291187542528
neutrophil,grap2b,14,1.1877493362440947,1.007332539226115,4.411801370983002,0.0007022366071647094,0.007812595830317843
neutrophil,furina,14,1.1873486976179777,0.6966728894300124,6.37695551602921,2.4299981009863728e-05,0.0006901345538360366
neutrophil,cep85l,14,1.184564462487992,0.7385943963743526,6.0009044110478795,4.439460246897971e-05,0.0010749919847629818
neutrophil,dennd2da,14,1.1842448572822006,0.7715953810195163,5.74269704951347,6.79175386885842e-05,0.001472978398356765
neutrophil,tnfrsf1a,14,1.183589042690615,1.1910175968431498,3.7183201123360536,0.0025784247544435764,0.019233029673235324
neutrophil,bcl10,14,1.1808498739334812,1.159195478691369,3.811553559941594,0.0021594306585953384,0.017048627372248375
neutrophil,herpud1,14,1.1785600778626868,1.1789603982650296,3.740386893046835,0.002472305667774254,0.018697252403282384
neutrophil,fdx1,14,1.1776151622843838,0.9236713964980525,4.7703463455119,0.00036580184701851724,0.004930247850238174
neutrophil,ssr2,14,1.1769592004094342,0.9556695637193683,4.608055182802366,0.0004904638621146984,0.0060849794465490355
neutrophil,mpped2,14,1.176940233611535,1.4184231239125973,3.104649835894387,0.008371503061831851,0.0425913487490195
neutrophil,acsl1b,14,1.1767490113405592,0.9173220135575658,4.799832082504613,0.00034694562853442306,0.004783142371277335
neutrophil,si:ch211-233a24.2,14,1.176045518786158,0.5485979874554571,8.021100155614231,2.1725726163215917e-06,0.00011109882456288547
neutrophil,pef1,14,1.1745906769620598,0.8922114139330277,4.925868257521296,0.00027705422761470095,0.004054402837859057
neutrophil,slc35e1,14,1.1713534394290324,1.0364779595452556,4.228554219412069,0.0009857317972754354,0.009866308594765257
neutrophil,itpr1b,14,1.1700487944078553,1.3302067045516461,3.2911589601089104,0.005846326456362691,0.03336674980867702
neutrophil,zgc:55558,14,1.169083349501546,0.690876311916209,6.331537606614897,2.6107521211265258e-05,0.0007271673547523476
neutrophil,map3k3,14,1.1648434811426236,0.9357961567909281,4.657472873792233,0.00044840906107344007,0.005687518534697101
neutrophil,zgc:153867,14,1.1648207469440126,0.32628334487658506,13.357593087441012,5.720638518939378e-09,1.1715735789161532e-06
neutrophil,rell1,14,1.1629357973433208,0.9149792814168523,4.755634804905579,0.00037560532751551915,0.005002297165237023
neutrophil,laptm5,14,1.1611813244409512,1.0813788309947392,4.017780407243398,0.001462314540285839,0.012983365505741746
neutrophil,CABZ01057928.1,14,1.1608152667666138,0.9125870705722958,4.759406699520163,0.0003730660625496423,0.004987849622831109
neutrophil,ARSB,14,1.1601194418103307,1.3249032665193536,3.276291627232,0.006015994547049261,0.03407986999758342
neutrophil,sec11a,14,1.159663609824302,0.829926687479595,5.228249648230183,0.00016289366982209577,0.0027809507352639685
neutrophil,plin2,14,1.159486412022995,1.2804496226484727,3.3881855417601954,0.004851214534550765,0.029464926002966622
neutrophil,nol4la,14,1.1593402194773663,1.1159423179793506,3.887166770273764,0.0018710577476293798,0.015484907784679347
neutrophil,tyk2,14,1.1586842910587596,1.0854217072967691,3.9942076037673875,0.0015286638981471456,0.01341186250261175
neutrophil,CT583687.1,14,1.1584872923110545,1.2375479356589585,3.5026219266822314,0.003894417605485044,0.025342349859222527
neutrophil,stk24b,14,1.157848541752159,0.5284486664140681,8.198095338966816,1.7090712448360687e-06,9.107934725746954e-05
neutrophil,rca2.1,14,1.1555573718221883,0.9064501333746214,4.769925688049578,0.00036607843878323684,0.0049304673382514
neutrophil,glod5,14,1.1545819977834577,0.6274463038069141,6.885131419902524,1.109832625955646e-05,0.00038347932107170215
neutrophil,si:ch211-8c17.3,14,1.150833808230413,1.4028069681981103,3.069578293473657,0.008956117201050695,0.04456939514072661
neutrophil,aldh9a1a.1,14,1.1505855598964632,0.6690921527645605,6.4342362132244375,2.220663204974979e-05,0.0006467504780094326
neutrophil,SIPA1,14,1.1477189088974586,0.9483347894888167,4.528327950228537,0.0005671412405165253,0.00671827285560055
neutrophil,h1-10,14,1.1467765065320659,0.9421028745872649,4.554539533195181,0.0005406478811745124,0.006491323684911487
neutrophil,ikbke,14,1.144744370283171,0.9298422751111819,4.606416963055117,0.000491926119272048,0.0060881799732818995
neutrophil,plcl2,14,1.1440131772183226,0.8899338049505376,4.8099143231710055,0.0003407322990411508,0.004716217726089992
neutrophil,ppp1r12c,14,1.1438999064747277,1.4324334500224396,2.987979326176819,0.010478318282724526,0.0495045052671857
neutrophil,zmiz1a,14,1.1431736511537307,1.1166672892722738,3.830473210146801,0.0020832651830413767,0.016617103508623245
neutrophil,badb,14,1.1423903158574025,0.752876714050533,5.677467617387309,7.573022345396907e-05,0.001593296534094817
neutrophil,dok1b,14,1.142133886233593,1.0618223654955286,4.02465970860994,0.0014435139930302479,0.01286223007430492
neutrophil,sec61a1l,14,1.1419575913761564,0.7727587401944691,5.529298906512394,9.71942256425067e-05,0.0019110641197583869
neutrophil,atrnl1b,14,1.140642408536695,1.0660603588184028,4.003425376682593,0.0015023589003058137,0.013236100330728966
neutrophil,magt1,14,1.1370965464243281,0.527099436077267,8.071770526007628,2.0275802814943926e-06,0.00010572576630831026
neutrophil,pik3r5,14,1.1370137771887692,1.081498612516331,3.9337230293652885,0.0017133961029284501,0.014553257611096602
neutrophil,mettl5,14,1.1352452916199405,0.4820290136723054,8.812122944279391,7.640691939752649e-07,4.7106153565643586e-05
neutrophil,gosr2,14,1.1348772601915988,0.6579223499619354,6.454138370467795,2.1524593781922834e-05,0.0006288894892513875
neutrophil,zgc:162200,14,1.1295959070246098,0.7981517517502491,5.295435185501893,0.00014500553940300566,0.002545250782803238
neutrophil,ccr9a,14,1.1280207140724854,1.2275152499829163,3.4383825677946334,0.00440528455482436,0.027575270566952234
neutrophil,akt3a,14,1.1273719775075224,1.4075199343358187,2.9969306894921326,0.010299509193614645,0.04891257948845155
neutrophil,cyth1a-1,14,1.1264163806352372,0.4505944613651566,9.35356408602521,3.8846348098887375e-07,2.7753894794087895e-05
neutrophil,si:ch211-235o23.1,14,1.1261941186023026,1.3116453254259526,3.2126310833618414,0.006800207293727706,0.03709077587697588
neutrophil,tmem214,14,1.123722093943355,0.6162085704838834,6.823311578062842,1.218588025385931e-05,0.0004122313498947351
neutrophil,dbnlb,14,1.1233114988286546,0.7106325704155323,5.914514676385676,5.112815906459729e-05,0.0011948049778000226
neutrophil,tmed7,14,1.1227353216579838,0.5351775085863514,7.849528132768671,2.7511831372044455e-06,0.00013295053503891555
neutrophil,msna,14,1.1225602052909578,0.6029801286539896,6.965794533895198,9.831340136776286e-06,0.0003489190530834839
neutrophil,arfgef1,14,1.1218846489137335,1.2521913806870189,3.3522894730462647,0.005197775355850228,0.03084598029153169
neutrophil,nucb1,14,1.1202102697661303,1.059458045815249,3.9562142617786917,0.0016421690951467537,0.014123169004812284
neutrophil,si:ch211-57i17.2,14,1.1201918251079686,1.3603325070529961,3.0811393503336495,0.008759042310738284,0.04389120105846663
neutrophil,impa1,14,1.1173682545063888,1.0587586921411665,3.9487838109414066,0.0016653586591772577,0.01428466061676861
neutrophil,zgc:165573,14,1.116888406918915,1.2423970016153267,3.3636701895745977,0.005085279969227636,0.03043435926437102
neutrophil,malt1,14,1.1159022915327141,1.0293653971987116,4.056211781932798,0.0013604109161870427,0.012354476493078952
neutrophil,tpi1b,14,1.1127869949958626,0.8393066996752013,4.960841705831159,0.00026038448676775664,0.0038950657847882566
neutrophil,tram1,14,1.1116943618212864,0.5412294939965293,7.685426361428546,3.4596492005755877e-06,0.00015714482751289944
neutrophil,trim33l,14,1.1082054461127036,1.129084362649738,3.6724670278663964,0.00281401372492983,0.020413132348876224
neutrophil,esyt1a,14,1.1071766280904616,1.0796867552589944,3.8369236158355937,0.0020579294237751795,0.01650106088778306
neutrophil,gng5,14,1.1030827242676848,0.30121406052488997,13.70240690718969,4.1924116198173955e-09,9.665446452915147e-07
neutrophil,zgc:158564,14,1.0996539008556032,0.5187809356023061,7.931147539672345,2.4578089021028026e-06,0.00012178075585266736
neutrophil,cab39l1,14,1.099575022321866,0.48778173745088627,8.434577780798909,1.2472535123593135e-06,7.026365525991328e-05
neutrophil,itgav,14,1.099248285620366,1.2766987161546217,3.2215983424643033,0.006683827055230891,0.03664042979617898
neutrophil,actr2b,14,1.09873901310696,0.8111412457319304,5.068297249289459,0.00021540391040132437,0.0033961297851930537
neutrophil,ppcs,14,1.0968441062188004,0.891783482479522,4.60203057446433,0.0004958636630089679,0.006125177665308884
neutrophil,lgals3b,14,1.094772150253452,0.9810457395402619,4.175403997727784,0.0010883503778291983,0.010559168536833554
neutrophil,chmp3,14,1.0946233938195915,0.7271539230733733,5.632515451350125,8.16595423406983e-05,0.0016773102948984032
neutrophil,rab5aa,14,1.0933259812376481,0.7415288629599539,5.516779505413047,9.927915377355638e-05,0.0019385932980622914
neutrophil,st7,14,1.093086947015766,0.6323119694384063,6.468257833740281,2.1054156603844823e-05,0.0006197647923030931
neutrophil,plcg1,14,1.0909453477744917,0.5227695374166011,7.808304476268947,2.913299030035148e-06,0.00013780406705002463
neutrophil,dynlt3,14,1.0904564315794747,0.7464243092752499,5.46621313303171,0.0001081893800145043,0.0020569477759514385
neutrophil,rab32a,14,1.0901176854844692,1.2281957785414732,3.321007091548266,0.005520073735338377,0.032133083583494246
neutrophil,echdc2,14,1.0848366560567304,1.1477025649697483,3.5367064703604614,0.003648135681566727,0.024257538154091894
neutrophil,CABZ01026681.1,14,1.0843488317831596,0.8316389197853955,4.878633887562802,0.00030135139619163386,0.0042903868990749735
neutrophil,elmsan1a,14,1.0837136690732223,1.057006271553917,3.8361979149608825,0.0020607640310154195,0.016502352945390552
neutrophil,tm9sf5,14,1.0828824181267656,1.0690271972554461,3.7901514659252027,0.002249025081054527,0.0175190241620474
neutrophil,fam49bb,14,1.0821056959065447,0.7031862898302409,5.75788923776704,6.622250432995577e-05,0.0014442085900575011
neutrophil,cib1,14,1.080202325812564,0.3861266028957562,10.467414006897979,1.0563367771758553e-07,1.0585494531671094e-05
neutrophil,reep5,14,1.0783398150520618,0.5835585481183321,6.914093105913742,1.062460520332078e-05,0.00037026319909757335
neutrophil,si:dkey-237j10.2,14,1.0774616651829403,0.8180109383545378,4.928408911752465,0.0002758066025387689,0.004054402837859057
neutrophil,pmm2,14,1.077454955860828,1.1339314541254684,3.5553007016831373,0.0035204935056087462,0.0237134150077034
neutrophil,tpd52l2b,14,1.0765048999090865,0.927230284006254,4.344026052772893,0.0007957316526195815,0.008576080399404896
neutrophil,st3gal8,14,1.0757420869183607,0.7956348883323147,5.058926380438642,0.00021898250507397486,0.003438915298628792
neutrophil,si:ch73-265h17.4,14,1.0756582763025098,1.3144453902976023,3.061933774411558,0.009088848217175274,0.04505042407926576
neutrophil,si:ch211-229l10.4,14,1.0753028707703691,1.2423426419414958,3.23857106212623,0.0064689860691549824,0.03582491578669095
neutrophil,capns1a,14,1.0740395588002802,0.5719028974750292,7.026871286393439,8.974244445520014e-06,0.00032827786181712214
neutrophil,si:ch211-200p22.4,14,1.0730459788100233,0.4808056101715459,8.350506583170073,1.3940400449631537e-06,7.71373141031964e-05
neutrophil,atad1b,14,1.0724435624306552,0.9491989041800977,4.227476832933071,0.0009877097363590601,0.009878204214868458
neutrophil,herpud2,14,1.0686947084516034,0.7263504301881364,5.5051794339110405,0.00010125284816081744,0.001966279317699272
neutrophil,abcb10,14,1.0668739489518564,0.8831925549595105,4.51982613467049,0.0005760204455176449,0.006791199365181172
neutrophil,zgc:56525,14,1.0628854504904104,1.050543560278464,3.785614749823258,0.0022684991815849383,0.01763067281778549
neutrophil,myorg,14,1.0612132945881252,0.694232511026517,5.719548565605428,7.058844475804435e-05,0.001509426330426303
neutrophil,gpr137,14,1.0606887171081583,1.1831829397082425,3.3542858337816748,0.00517786212277468,0.03076773821492817
neutrophil,tmc8,14,1.0585098380885365,0.7086180822219843,5.589161854630962,8.784082856264028e-05,0.0017693929013333598
neutrophil,vps4b,14,1.0576527950088264,0.5439359885942635,7.275441368228334,6.222181396179545e-06,0.00024847968938018316
neutrophil,spcs2,14,1.0565294232464975,0.6153297353695789,6.424476006282904,2.2549412101854093e-05,0.0006553422892101346
neutrophil,gpd1c,14,1.053552840849138,1.2293822188357926,3.206516011800543,0.006880733030563916,0.03736398671846543
neutrophil,utrn,14,1.0510850317631986,0.5865726449438216,6.704711014269946,1.460040014678464e-05,0.00046959200237636176
neutrophil,dctn5,14,1.0487126246507867,0.5600104691752825,7.006874968616919,9.245796036225093e-06,0.0003333224891640413
neutrophil,numb,14,1.048344769797414,1.0007639832713404,3.9195524792730154,0.001759889790953191,0.014825031651507137
neutrophil,krtcap2,14,1.0461766862569735,0.864841604209842,4.526186884337614,0.0005693639063406205,0.00672717431974803
neutrophil,cbfb,14,1.0452984990832748,1.287232122798022,3.038417688005711,0.009509555104119492,0.04631539930437036
neutrophil,acadl,14,1.0416247821284121,0.8115140415884329,4.802631698977029,0.00034520859607819625,0.004766380389232669
neutrophil,mtdha,14,1.0415934307331367,0.7539758032397483,5.168979876239606,0.00018059013358855269,0.0029954596825888407
neutrophil,zgc:195282,14,1.0406701321042797,1.2510332365985337,3.1124921169720707,0.008246074667267338,0.04211806303091382
neutrophil,uhrf1bp1l,14,1.038055657378204,1.2078475184758495,3.2156779385636476,0.006760438143821239,0.03691732095456523
neutrophil,nrm,14,1.038005613842621,0.8053136444653275,4.8227934535067725,0.0003329632674317183,0.004634625693551086
neutrophil,dicp3.3,14,1.0357201005985261,1.257265079411029,3.0823330962553497,0.008738940908155622,0.04384658592857199
neutrophil,arhgap4b,14,1.0350374851989204,1.0413464664392973,3.71898861415901,0.002575142742113327,0.0192294306191088
neutrophil,si:dkey-239i20.2,14,1.0323759809258122,1.1793898046112194,3.275250642201721,0.0060280580548564885,0.03413411201960531
neutrophil,dbi,14,1.03188388626185,0.3333896355755051,11.580911802071409,3.1971208207744514e-08,4.0996990957834586e-06
neutrophil,sptssa,14,1.029474551873681,0.4962492230775363,7.76211000921226,3.1070947472248584e-06,0.00014474843022860057
neutrophil,arhgap27,14,1.029221037252037,1.0985843564256295,3.5054135571226124,0.003873628179420506,0.02525035679159914
neutrophil,zgc:194981,14,1.0289963610475035,0.6606462661673866,5.827856800906208,5.897050776583154e-05,0.0013196214360159774
neutrophil,ldha,14,1.028382478676889,0.7562737503356262,5.087912804143526,0.0002081091746075426,0.0033175335301324415
neutrophil,ralab,14,1.0282967165974095,0.6102132664074348,6.305228380405479,2.7218979047227387e-05,0.0007482491885377588
neutrophil,crkl,14,1.028164187828642,0.6302173090604227,6.104304139061071,3.754204049897609e-05,0.0009536721121198232
neutrophil,TOM1L2,14,1.0268392465181997,1.0341814317760054,3.7150934388429153,0.0025943261293295103,0.019325369904467857
neutrophil,C18H19orf12-1,14,1.0265585703372477,1.0235408931789711,3.752688811219618,0.0024150887261519295,0.018402472991077414
neutrophil,cry-dash,14,1.0259062336693,1.2029687348524227,3.1909305089438402,0.007090314419071773,0.03805218624554658
neutrophil,asap2b,14,1.0252899739698347,1.150659907400784,3.3339858111118543,0.005383983047420022,0.031615919286380204
neutrophil,ube4b,14,1.0241922049690921,0.5971752058653191,6.4171725342246795,2.280956212755063e-05,0.0006594102602416771
neutrophil,cmpk,14,1.0233764967609669,0.8706482579155614,4.398015149911289,0.0007202892585115206,0.007961779132660583
neutrophil,tmed3,14,1.022394181555274,1.023393885948465,3.7380023411666414,0.002483555235073005,0.01876000492131825
neutrophil,scarb2a,14,1.0214698058755218,1.014013610187891,3.769170360358869,0.0023405411777871893,0.01800076625750138
neutrophil,arhgdia,14,1.0162956169325572,0.5362691276731247,7.090898591797218,8.160116570643292e-06,0.0003064616529790215
neutrophil,rrbp1a,14,1.0160090756371525,1.0858220586296865,3.5010873399318325,0.0039058938221577864,0.025370480497858873
neutrophil,BX908744.1,14,1.0154008264887049,1.2687534247477974,2.9944998995553833,0.01034776404141716,0.049031244641844524
neutrophil,zgc:153993,14,1.0140710879977866,0.7941085186226113,4.77807061395345,0.00036076140331803774,0.004899747079222953
neutrophil,litaf,14,1.0133420091898528,1.1663283148257566,3.250867329393441,0.00631767805002062,0.03529179026736631
neutrophil,si:dkey-4i23.5,14,1.0128526504244444,1.0717070795897268,3.5361785634792913,0.003651827242219573,0.02426282842577976
neutrophil,atpv0e2,14,1.0113079110234844,0.6163227893910735,6.139587535490131,3.546660150788499e-05,0.000915358619349788
neutrophil,map3k5,14,1.0102187928380337,0.7886135245652823,4.793086208563215,0.00035116857141547896,0.004824391465590218
neutrophil,scp2a,14,1.008629997842749,0.7521439860700028,5.017586993773905,0.00023552564546829423,0.003624030332822576
neutrophil,aclya,14,1.0077050402728793,0.729348366174853,5.169665392411971,0.00018037435527435572,0.0029954596825888407
neutrophil,mapk14a,14,1.0069895471641723,0.8731812408793733,4.315037590313373,0.000839561420403712,0.008877005979695379
neutrophil,znf217,14,1.0057827556766514,0.6215558103229571,6.054636469912501,4.0682944738705724e-05,0.0010096697777919727
neutrophil,crfb4,14,1.0057771612418294,1.028095885785916,3.660430507347304,0.0028794100459666534,0.020755810460088054
neutrophil,gfpt1,14,1.0044461021115532,1.1362971503321022,3.307491510018801,0.005665473611939146,0.032626420769007236
neutrophil,rps6ka5,14,1.0004874997524729,1.1081774362639516,3.378052396053469,0.004946616948538242,0.029890581880748567
non_specific_hematopoietic,gins2,23,1.0015164939093346,1.5653950479373846,3.068301754842488,0.005626461831847105,0.02095032306687369
