dataset,replicate,age,broad_type,n_cells,ACIN1,CASP2,CASP3,CASP7,DFFA,DFFB,ROCK1,CASP8,DAB2IP,FADD,FAS,FASLG,TNFRSF1A,TNFSF10,TRADD,AIFM1,APAF1,BAD,BAX,BBC3,BCL2L11,BID,BNIP3L,CASP9,DIABLO,ENDOG,OMA1,DAP3,DAPK1,DAPK2,DAPK3,DDIT3,EIF2AK3,MAP3K5,PRKCD,TP53,TP53BP2,UNC5B,ANLN,ANP32E,AURKA,AURKB,BIRC5,BUB1,BUB3,CCNB1,CCNB2,CDC20,CDK1,CENPF,CENPK,CKAP2L,CKAP5,CKS1B,CKS2,CTCF,DLGAP5,ECT2,G2E3,GAS2L3,GTSE1,HMGB2,HMMR,KIF11,KIF20B,KIF23,KIF2C,LBR,MAD2L1,MKI67,NCAPD2,NDC80,NEK2,PLK1,RANGAP1,SMC4,TACC3,TMPO,TOP2A,TPX2,TTK,UBE2C,ATAD2,BLM,CASP8AP2,CCNE1,CDC45,CDC6,CDCA7,CHAF1B,DSCC1,DTL,E2F8,EXO1,FEN1,GINS1,GINS2,GINS3,GMNN,HELLS,MCM10,MCM2,MCM3,MCM4,MCM5,MCM6,MRPL36,MSH2,NASP,ORC1,PCNA,POLA1,POLA2,POLD3,POLR1B,PRIM1,RAD51,RAD51AP1,RFC2,RFC3,RRM1,RRM2,TIPIN,TYMS,UBR7,UHRF1,UNG,USP1,WDR76,proliferation,S_phase,G2M_phase,apoptosis
Popescu,F16,8.142857142857142,erythroid,844,0.3967251777648926,0.08527016639709473,0.22441066801548004,0.021210456266999245,0.18798767030239105,0.03385069966316223,0.24910016357898712,0.04318844899535179,0.005631885025650263,0.09873121976852417,0.004138148855417967,0.0,0.08067663758993149,0.018354320898652077,0.032657645642757416,0.29313182830810547,0.012906386516988277,0.2230442315340042,0.589718759059906,0.008352411910891533,0.12342359125614166,0.36810460686683655,0.8346714973449707,0.029787465929985046,0.03656258434057236,0.025710346177220345,0.16643047332763672,0.5513913035392761,0.02393537014722824,0.0010801865719258785,0.07769997417926788,0.04766552895307541,0.0052493177354335785,0.01923946477472782,0.004026259295642376,0.2835056185722351,0.17283765971660614,0.0004774774133693427,0.12392329424619675,0.863457441329956,0.6221507787704468,0.5792638659477234,0.986108124256134,0.41269874572753906,0.8745158910751343,1.0372246503829956,1.0180449485778809,1.161595344543457,1.0297023057937622,1.1677329540252686,0.43391287326812744,0.2871091663837433,0.2616134583950043,1.187760829925537,1.6000474691390991,0.15275438129901886,0.6351924538612366,0.11722752451896667,0.20472966134548187,0.07491948455572128,0.32436561584472656,2.8168466091156006,0.7399588227272034,0.26514509320259094,0.6344712376594543,0.3102804720401764,0.2865746319293976,0.7898708581924438,0.6937419176101685,0.7801598906517029,0.17490607500076294,0.3966500163078308,0.254332035779953,0.5647819638252258,0.20711113512516022,1.3236098289489746,0.5507931709289551,0.6819808483123779,0.7785272598266602,0.7044586539268494,0.232969269156456,1.0977364778518677,0.4485711455345154,0.18525177240371704,0.29136914014816284,0.0524488165974617,0.35397085547447205,0.37460365891456604,0.26241111755371094,0.15255914628505707,0.2876394987106323,0.227669358253479,0.09687942266464233,0.18731938302516937,0.9191466569900513,0.1223142147064209,0.7214003801345825,0.09930647909641266,0.9172238111495972,0.42210692167282104,0.2883782982826233,0.5297642350196838,0.9164050221443176,0.59847092628479,0.9533812999725342,0.5662586688995361,0.5526045560836792,0.4639030694961548,1.3522400856018066,0.20934703946113586,1.4509087800979614,0.10781863331794739,0.2394484281539917,0.21536242961883545,0.060468923300504684,0.4710116386413574,0.33620256185531616,0.3604417145252228,0.45009252429008484,0.38080763816833496,0.7775692343711853,1.1220365762710571,0.45481613278388977,0.7493482828140259,0.15626949071884155,0.3917345404624939,0.3495609164237976,0.6074002385139465,0.20986507833003998,0.630556583404541,0.5980169177055359,0.6653148531913757,-0.06834367662668228
Popescu,F16,8.142857142857142,innate_lymphoid,43,0.5022081136703491,0.15173488855361938,0.6199996471405029,0.09871101379394531,0.30277350544929504,0.025519290938973427,0.5750566124916077,0.2745397984981537,0.005443122703582048,0.0717962309718132,0.03988518565893173,0.23223835229873657,0.4075603783130646,0.26670122146606445,0.08984000235795975,0.29898813366889954,0.13170650601387024,0.22825287282466888,0.7643930912017822,0.0036911184433847666,0.1535283625125885,0.6021792888641357,0.42457473278045654,0.08504105359315872,0.21529056131839752,0.025408102199435234,0.20812296867370605,0.6695683598518372,0.1480875164270401,0.011349325999617577,0.17908133566379547,0.19827879965305328,0.03364966809749603,0.04866059869527817,0.08530764281749725,0.4934893846511841,0.027731530368328094,0.027940617874264717,0.06130874902009964,1.0209885835647583,0.30953845381736755,0.5545084476470947,0.5561491250991821,0.16928668320178986,0.9730060696601868,0.5546889901161194,0.4233469069004059,0.5540652871131897,0.6154673099517822,0.7321457266807556,0.3353273272514343,0.18762284517288208,0.24168497323989868,0.7331900596618652,0.8732272386550903,0.09473025798797607,0.3520355224609375,0.07581380754709244,0.17414838075637817,0.055687315762043,0.2774467468261719,2.105297088623047,0.321985125541687,0.18248794972896576,0.29610374569892883,0.1948176473379135,0.24331124126911163,0.5398225784301758,0.42302167415618896,0.5958443284034729,0.3149360716342926,0.22477246820926666,0.1652597188949585,0.4061061441898346,0.21001797914505005,0.7758715152740479,0.45261311531066895,0.6269346475601196,0.8513971567153931,0.3966851234436035,0.13564974069595337,0.6983619332313538,0.28956088423728943,0.10687526315450668,0.30908557772636414,0.018839403986930847,0.1569654494524002,0.3453466594219208,0.307120680809021,0.10365504026412964,0.0840655118227005,0.16594767570495605,0.06441998481750488,0.03655942529439926,0.5238556265830994,0.058478254824876785,0.33256635069847107,0.03737674653530121,0.38805219531059265,0.506954550743103,0.12478790432214737,0.42947036027908325,0.6544308066368103,0.3043747544288635,0.8771078586578369,0.36961430311203003,0.42436155676841736,0.3202292323112488,1.181801676750183,0.05420467630028725,0.9471951723098755,0.1391495168209076,0.20382554829120636,0.1561560481786728,0.09912487864494324,0.20946508646011353,0.2588900327682495,0.16616325080394745,0.38829052448272705,0.19362716376781464,0.5237756967544556,0.5979254841804504,1.5811604261398315,0.7094588279724121,0.09939274936914444,0.3532482385635376,0.24685746431350708,0.4150618612766266,0.12050709873437881,0.2631644010543823,0.28281161189079285,0.2421775460243225,0.2683340907096863
Popescu,F16,8.142857142857142,macrophage,31,0.30098065733909607,0.14267069101333618,0.27674949169158936,0.07159531861543655,0.24079830944538116,0.0,0.37958699464797974,0.12953858077526093,0.0,0.04417598247528076,0.08197329193353653,0.011823835782706738,0.7010987997055054,0.4391467273235321,0.10417581349611282,0.27447763085365295,0.14405721426010132,0.12862339615821838,0.8271833658218384,0.010218772105872631,0.043776631355285645,0.8222021460533142,0.6379445195198059,0.051254574209451675,0.03832073509693146,0.0646001324057579,0.26463189721107483,0.4075635075569153,0.2805735170841217,0.023608971387147903,0.13451513648033142,0.16337935626506805,0.009240719489753246,0.12304693460464478,0.3430468738079071,0.19933770596981049,0.1497638076543808,0.0,0.04625210538506508,0.48431292176246643,0.19862312078475952,0.24799257516860962,0.31576764583587646,0.041365835815668106,0.406955361366272,0.3842198848724365,0.33934643864631653,0.28438371419906616,0.36003726720809937,0.369507759809494,0.14078651368618011,0.08379855006933212,0.09738439321517944,0.5286230444908142,0.49739763140678406,0.1617072969675064,0.20133210718631744,0.0,0.03974936157464981,0.06575778126716614,0.16640247404575348,1.61138117313385,0.06401577591896057,0.12766432762145996,0.1676773875951767,0.11618777364492416,0.061079610139131546,0.44925087690353394,0.06861604005098343,0.3629271984100342,0.18389733135700226,0.06622833013534546,0.0,0.2140790969133377,0.17119203507900238,0.31004419922828674,0.3035419285297394,0.3856864273548126,0.36319881677627563,0.1584991067647934,0.01958581618964672,0.3130435645580292,0.11891680955886841,0.06482718139886856,0.12658724188804626,0.020408401265740395,0.08309244364500046,0.09093096852302551,0.2028193473815918,0.10924632847309113,0.07574967294931412,0.08315999060869217,0.03290426358580589,0.04277607053518295,0.3222275972366333,0.048333730548620224,0.23429596424102783,0.027018558233976364,0.22712469100952148,0.18982507288455963,0.07517848163843155,0.23738589882850647,0.40312403440475464,0.1487841159105301,0.4904859662055969,0.2217545509338379,0.27823370695114136,0.07168049365282059,0.7286922335624695,0.03950238227844238,0.5928751230239868,0.11136550456285477,0.07698328793048859,0.17047269642353058,0.0,0.11017836630344391,0.07187782973051071,0.09986226260662079,0.39303311705589294,0.07280389219522476,0.13522173464298248,0.3691604435443878,1.0919883251190186,0.1285374015569687,0.11108015477657318,0.1774982064962387,0.14548085629940033,0.2740229368209839,0.10659021884202957,-0.1553380936384201,-0.10675507038831711,-0.2072335034608841,0.1639024317264557
Popescu,F16,8.142857142857142,stem_progenitor,30,0.36816319823265076,0.20353522896766663,0.24378736317157745,0.14119477570056915,0.23484483361244202,0.05848873406648636,0.5072706341743469,0.173418328166008,0.0,0.16555649042129517,0.0,0.0,0.65299391746521,0.29164373874664307,0.04575261101126671,0.2326270192861557,0.08218444138765335,0.13507431745529175,0.725416898727417,0.0,0.03655296936631203,0.6185343861579895,0.5989730358123779,0.029129616916179657,0.11745849251747131,0.0195077583193779,0.25894832611083984,0.5522844195365906,0.14244690537452698,0.007952340878546238,0.10877912491559982,0.05377417430281639,0.0,0.018342042341828346,0.009318971075117588,0.32045942544937134,0.05456564575433731,0.0,0.06866256892681122,0.47764450311660767,0.23520779609680176,0.40948376059532166,0.4603939354419708,0.21349214017391205,0.7603309154510498,0.45302364230155945,0.4487694799900055,0.4738084673881531,0.4848184585571289,0.6666406393051147,0.3525886833667755,0.1277582347393036,0.22602669894695282,1.0035072565078735,1.270221471786499,0.13905028998851776,0.19605152308940887,0.03247732296586037,0.12871547043323517,0.0,0.18861466646194458,1.908669114112854,0.235415518283844,0.08702875673770905,0.38549190759658813,0.07551821321249008,0.1404028832912445,0.34057289361953735,0.5363916754722595,0.332017719745636,0.12804360687732697,0.21399958431720734,0.14462871849536896,0.21418604254722595,0.11343736946582794,0.6419445872306824,0.3743067681789398,0.4887341558933258,0.3227769732475281,0.24874244630336761,0.15773066878318787,0.7773875594139099,0.25655922293663025,0.09536324441432953,0.3534014821052551,0.005577248055487871,0.23556742072105408,0.203156977891922,0.6805581450462341,0.1312672644853592,0.2118849903345108,0.1802903115749359,0.028818663209676743,0.09205897897481918,0.6096487641334534,0.0920323058962822,0.5675185322761536,0.07861330360174179,0.6366891264915466,0.479851096868515,0.2041536122560501,0.3835311830043793,0.894396185874939,0.4087901711463928,0.9500517249107361,0.38432440161705017,0.5504419803619385,0.40488216280937195,1.394212007522583,0.12768301367759705,1.094469428062439,0.053776808083057404,0.1371224969625473,0.18739312887191772,0.09695805609226227,0.49085038900375366,0.2712844908237457,0.27970579266548157,0.432020366191864,0.23275572061538696,0.4228188097476959,0.48719215393066406,0.6686047911643982,0.7043313384056091,0.11543851345777512,0.5299727916717529,0.40729060769081116,0.5305766463279724,0.09711642563343048,0.22556142508983612,0.386660099029541,0.053478725254535675,0.09015899151563644
Popescu,F17,9.142857142857142,erythroid,1454,0.418535441160202,0.11875990778207779,0.29219478368759155,0.031174657866358757,0.16449278593063354,0.04116032272577286,0.24820256233215332,0.03598938137292862,0.0065161241218447685,0.07842709869146347,0.0009765202994458377,0.00013818814477417618,0.07636673748493195,0.012013069353997707,0.06161336973309517,0.2719377279281616,0.01502434816211462,0.18781381845474243,0.5092291235923767,0.042108695954084396,0.15401729941368103,0.3198191523551941,0.8523600697517395,0.0399826355278492,0.039659056812524796,0.11818797886371613,0.17548558115959167,0.5235264897346497,0.01643930748105049,0.0032002998050302267,0.08536919951438904,0.07592066377401352,0.007745747920125723,0.01625344529747963,0.006215351168066263,0.3520922064781189,0.24441847205162048,0.0001920650975080207,0.16217085719108582,0.8258064389228821,0.49639421701431274,0.47027134895324707,0.838083028793335,0.424140602350235,0.8409931659698486,0.8732449412345886,0.9226875305175781,1.0418773889541626,0.9253928661346436,1.0550791025161743,0.5534216165542603,0.22572064399719238,0.29201823472976685,1.0085678100585938,1.3181161880493164,0.26040157675743103,0.6125763058662415,0.14489834010601044,0.16492988169193268,0.09592559188604355,0.24624650180339813,2.7880184650421143,0.6141791343688965,0.25193700194358826,0.6002081632614136,0.26848217844963074,0.2629968822002411,0.938656747341156,0.6849818825721741,0.8601493835449219,0.1820688098669052,0.3428252041339874,0.19796861708164215,0.47034212946891785,0.16383926570415497,1.2041324377059937,0.49430274963378906,0.7395567893981934,0.7806714773178101,0.6654321551322937,0.20613087713718414,0.8312631249427795,0.4556867182254791,0.19120849668979645,0.3273756504058838,0.27362504601478577,0.34202513098716736,0.41840505599975586,0.22075623273849487,0.16501310467720032,0.2517724633216858,0.3051672577857971,0.11639385670423508,0.2115156501531601,0.901187539100647,0.14777331054210663,0.6571356654167175,0.11720038950443268,0.8583908677101135,0.4769766926765442,0.279504656791687,0.6077243685722351,0.9805985689163208,0.7435672879219055,0.9735805988311768,0.6149284243583679,0.4255857467651367,0.578681468963623,1.2939016819000244,0.2589833438396454,1.4951680898666382,0.15091665089130402,0.2357713133096695,0.22586002945899963,0.061907947063446045,0.49946969747543335,0.29823583364486694,0.3760015070438385,0.44563812017440796,0.3902127742767334,0.8436757922172546,1.033988118171692,0.5803626179695129,1.3337393999099731,0.19975240528583527,0.5053454637527466,0.3854684829711914,0.6241271495819092,0.2548442482948303,0.648719072341919,0.7174682021141052,0.5752823948860168,-0.022139212116599083
Popescu,F17,9.142857142857142,innate_lymphoid,144,0.4103243947029114,0.1406877487897873,0.8169200420379639,0.09219874441623688,0.19738613069057465,0.03755011036992073,0.6159459948539734,0.3358522057533264,0.0,0.057914573699235916,0.00913578737527132,0.35052502155303955,0.25035279989242554,0.30177655816078186,0.08573552966117859,0.16254667937755585,0.09329261630773544,0.292817085981369,0.7636584043502808,0.0156329944729805,0.3514280915260315,0.5141932964324951,0.2941242754459381,0.07524821907281876,0.14302560687065125,0.03190017119050026,0.11846849322319031,0.46259504556655884,0.12131205946207047,0.08370451629161835,0.1146603673696518,0.280370831489563,0.0492812842130661,0.050012603402137756,0.05336138233542442,0.3287021517753601,0.09402059018611908,0.0,0.03148036450147629,0.765315592288971,0.08962467312812805,0.14730866253376007,0.21780461072921753,0.11504580080509186,0.6883351802825928,0.09511217474937439,0.12796221673488617,0.11945169419050217,0.2422511875629425,0.2563886046409607,0.3015424311161041,0.05302172154188156,0.15716150403022766,0.36305364966392517,0.5040158033370972,0.18238788843154907,0.0789300724864006,0.05745402351021767,0.14158855378627777,0.017740510404109955,0.12242637574672699,1.3692374229431152,0.09385330229997635,0.08646862208843231,0.23082727193832397,0.05494110286235809,0.09733961522579193,0.6060202717781067,0.2443714439868927,0.3349451422691345,0.136188805103302,0.09156180918216705,0.01788562908768654,0.10202530026435852,0.11477943509817123,0.481580525636673,0.2069462388753891,0.31215184926986694,0.3133758306503296,0.19009047746658325,0.03475835174322128,0.2653861939907074,0.22800159454345703,0.13059602677822113,0.1976119875907898,0.019307885318994522,0.10189250856637955,0.1378585398197174,0.17809589207172394,0.0698702484369278,0.054409775882959366,0.11512283235788345,0.032993439584970474,0.022000804543495178,0.2734754681587219,0.027038725093007088,0.21564748883247375,0.04333861172199249,0.263450562953949,0.2921251952648163,0.054810281842947006,0.21010571718215942,0.36945950984954834,0.21149832010269165,0.4927530884742737,0.23760005831718445,0.18508446216583252,0.24893450736999512,0.9032487869262695,0.03680168092250824,0.5676454901695251,0.10031812638044357,0.12026245146989822,0.09791538119316101,0.03072209469974041,0.17805393040180206,0.10297315567731857,0.10601530969142914,0.3178807497024536,0.041407689452171326,0.36685097217559814,0.30793607234954834,1.4201728105545044,0.49335044622421265,0.08874337375164032,0.22878339886665344,0.18768645823001862,0.3551318645477295,0.11977037042379379,-0.12726229429244995,-0.031859856098890305,-0.2291693389415741,0.207626074552536
Popescu,F17,9.142857142857142,macrophage,61,0.333900511264801,0.08140573650598526,0.2528250217437744,0.035203780978918076,0.15887762606143951,0.02448391541838646,0.5923031568527222,0.1806224286556244,0.029330812394618988,0.010418849997222424,0.06209308281540871,0.05884180963039398,0.5582711100578308,0.3825754225254059,0.12542860209941864,0.11039446294307709,0.14922495186328888,0.18583661317825317,0.8155951499938965,0.01351271104067564,0.11019120365381241,0.9853449463844299,0.6879390478134155,0.10164184868335724,0.0964643731713295,0.02511262521147728,0.10395769029855728,0.39252614974975586,0.21247367560863495,0.028729284182190895,0.07467886060476303,0.267392635345459,0.027885913848876953,0.08919057995080948,0.24958565831184387,0.24396267533302307,0.12338830530643463,0.006362585816532373,0.04031388461589813,0.40262916684150696,0.018834203481674194,0.07018355280160904,0.1687113642692566,0.0427025742828846,0.33938583731651306,0.048154715448617935,0.1377418041229248,0.10146079957485199,0.14807318150997162,0.14463239908218384,0.07423480600118637,0.0753544345498085,0.0737990140914917,0.3534180521965027,0.4739338755607605,0.15836195647716522,0.04768618568778038,0.006238793022930622,0.08074517548084259,0.032553549855947495,0.04143737629055977,1.362855076789856,0.023851167410612106,0.08148624747991562,0.14083898067474365,0.05053097382187843,0.09362994879484177,0.4485098123550415,0.08790706843137741,0.19251079857349396,0.05079037696123123,0.03510908782482147,0.0,0.059049174189567566,0.0362965352833271,0.21390388906002045,0.1726696640253067,0.3073413074016571,0.11883494257926941,0.06898573786020279,0.010400054976344109,0.1489252895116806,0.1035633236169815,0.01935492269694805,0.0713856890797615,0.017704475671052933,0.047126900404691696,0.052083589136600494,0.05275806039571762,0.049269117414951324,0.03543801233172417,0.050309933722019196,0.012506102211773396,0.0281328447163105,0.15469196438789368,0.03237167373299599,0.16795283555984497,0.012386157177388668,0.1171453446149826,0.08038939535617828,0.0060837105847895145,0.1066618412733078,0.1560293287038803,0.08480437099933624,0.37054863572120667,0.16521474719047546,0.1573670506477356,0.14321185648441315,0.5716175436973572,0.03775343671441078,0.335393488407135,0.07451795041561127,0.02495746873319149,0.12523484230041504,0.026234034448862076,0.06106182932853699,0.027729535475373268,0.10057000815868378,0.1400272250175476,0.06913057714700699,0.19551266729831696,0.1835847795009613,0.9492587447166443,0.3106685280799866,0.04588450863957405,0.08354123681783676,0.0711406022310257,0.2557517886161804,0.022806858643889427,-0.34813326597213745,-0.2945397198200226,-0.4053809344768524,0.14251203835010529
Popescu,F17,9.142857142857142,neutrophil,30,0.25669345259666443,0.15873223543167114,0.06575442850589752,0.05389167368412018,0.08718538284301758,0.010056833736598492,0.3270411491394043,0.06186553090810776,0.0,0.05202670022845268,0.013571851886808872,0.0,0.45245417952537537,0.19344373047351837,0.08089566975831985,0.06954510509967804,0.12467169016599655,0.18405799567699432,0.8099225759506226,0.02024628035724163,0.041043780744075775,0.5081353783607483,0.32334548234939575,0.029156597331166267,0.03386908769607544,0.05834128335118294,0.08404526114463806,0.27674826979637146,0.016752146184444427,0.025876939296722412,0.07153312116861343,0.11537912487983704,0.032594211399555206,0.031231196597218513,0.2630620300769806,0.2567773461341858,0.17674808204174042,0.0,0.09019418060779572,0.6063379645347595,0.0625855103135109,0.3488616645336151,0.40792128443717957,0.18809154629707336,0.4715133309364319,0.28032368421554565,0.33927205204963684,0.42515328526496887,0.4154914617538452,0.30772271752357483,0.49646177887916565,0.04566231742501259,0.12254481017589569,0.9584631323814392,0.7054233551025391,0.17777703702449799,0.17798757553100586,0.03216374292969704,0.06853974610567093,0.007060108240693808,0.025970209389925003,2.120720386505127,0.21113331615924835,0.12947405874729156,0.11086783558130264,0.15792639553546906,0.1387483924627304,0.48851749300956726,0.4427127540111542,0.4290473163127899,0.13818079233169556,0.17760437726974487,0.07995402067899704,0.19858495891094208,0.0644371286034584,0.4951117932796478,0.20780719816684723,0.5253250002861023,0.3818334639072418,0.24872608482837677,0.06086765602231026,0.7656936645507812,0.24183838069438934,0.07180588692426682,0.1609344482421875,0.06849029660224915,0.20707902312278748,0.2371646910905838,0.364234983921051,0.15504756569862366,0.08598939329385757,0.10837658494710922,0.052095890045166016,0.05406069755554199,0.4144096374511719,0.06341265141963959,0.4600156545639038,0.08514939993619919,0.5602437257766724,0.3734786808490753,0.062028445303440094,0.25055572390556335,0.5049787163734436,0.3447948098182678,0.652276873588562,0.29598045349121094,0.49906113743782043,0.24117523431777954,1.1650753021240234,0.14080975949764252,1.1851314306259155,0.07666581124067307,0.09781153500080109,0.18564561009407043,0.04289160296320915,0.21691876649856567,0.20053666830062866,0.2798769772052765,0.4001392424106598,0.15264058113098145,0.44258466362953186,0.3543948829174042,0.784002959728241,1.0584180355072021,0.13488835096359253,0.25930702686309814,0.2737693786621094,0.4806293547153473,0.09379952400922775,0.06287457048892975,0.18468189239501953,-0.0672377422451973,-0.05063531547784805
Popescu,F17,9.142857142857142,stem_progenitor,55,0.34092167019844055,0.26129379868507385,0.18938618898391724,0.11578049510717392,0.26830288767814636,0.06268341839313507,0.6231836080551147,0.13816490769386292,0.013648501597344875,0.11986102908849716,0.004756370093673468,0.0,0.6142199635505676,0.26166096329689026,0.06252861768007278,0.304872065782547,0.03226722031831741,0.16252069175243378,0.7657088041305542,0.03491292521357536,0.0,0.5949334502220154,0.6745288968086243,0.05976208299398422,0.03440001234412193,0.05806484818458557,0.20338395237922668,0.5109718441963196,0.21902945637702942,0.005624409765005112,0.1570325344800949,0.13358792662620544,0.027370721101760864,0.026287434622645378,0.07905524224042892,0.4735533893108368,0.12136190384626389,0.0,0.05650327727198601,0.4476913511753082,0.09148640930652618,0.26106736063957214,0.35395917296409607,0.1702210009098053,0.6592177748680115,0.3273417055606842,0.439371794462204,0.3455910384654999,0.30242249369621277,0.4286596477031708,0.36650484800338745,0.10895135998725891,0.17850780487060547,0.7192621231079102,0.9496146440505981,0.22486943006515503,0.16176891326904297,0.041964542120695114,0.09585575759410858,0.010701050981879234,0.09010400623083115,1.666510820388794,0.19540025293827057,0.05211947113275528,0.24339541792869568,0.06775061786174774,0.09296316653490067,0.5126238465309143,0.527367353439331,0.2769296169281006,0.13102048635482788,0.11789209395647049,0.08623922616243362,0.169334277510643,0.07127807289361954,0.4709700047969818,0.41786718368530273,0.5248082876205444,0.2883603274822235,0.2541835904121399,0.07896990329027176,0.4315078854560852,0.15752173960208893,0.08458828181028366,0.20458249747753143,0.045582033693790436,0.1327143907546997,0.13302630186080933,0.725375771522522,0.10174816101789474,0.17897804081439972,0.11988278478384018,0.004348481073975563,0.06190715357661247,0.3832867741584778,0.07313809543848038,0.39811140298843384,0.0370895154774189,0.5200039744377136,0.4272480607032776,0.10685151815414429,0.440798282623291,0.8252148628234863,0.3258020281791687,0.7140942811965942,0.35996994376182556,0.463508665561676,0.4886750280857086,1.3613771200180054,0.11317289620637894,0.862840473651886,0.048190344125032425,0.1278826743364334,0.14122243225574493,0.0802571102976799,0.41239774227142334,0.1521252691745758,0.17540200054645538,0.4268873333930969,0.13771913945674896,0.4342833459377289,0.18897883594036102,0.7999507784843445,1.074843168258667,0.15895146131515503,0.6118258237838745,0.376205176115036,0.5087812542915344,0.16013702750205994,0.09359658509492874,0.26387345790863037,-0.08829010277986526,0.1440887302160263
Popescu,F21,16.285714285714285,erythroid,3314,0.36227208375930786,0.09472125768661499,0.24776333570480347,0.025377865880727768,0.21740590035915375,0.03216717392206192,0.26317092776298523,0.06005629152059555,0.0079214321449399,0.1267871856689453,0.0017554137157276273,7.700345304328948e-05,0.08781452476978302,0.020841212943196297,0.07772833853960037,0.22887907922267914,0.020965248346328735,0.20362310111522675,0.4725062847137451,0.017978694289922714,0.1533462256193161,0.4010310471057892,0.7708076238632202,0.03351026400923729,0.031125737354159355,0.12009216845035553,0.13834823668003082,0.5066676735877991,0.033317629247903824,0.0011009216541424394,0.061613354831933975,0.09904226660728455,0.009323363192379475,0.031679730862379074,0.004150482825934887,0.36874690651893616,0.18965663015842438,0.00038226658944040537,0.09247875958681107,0.7402922511100769,0.42143702507019043,0.4523578882217407,0.7079958915710449,0.19617679715156555,0.697393536567688,0.6834623217582703,0.7929758429527283,0.8193917274475098,0.7690214514732361,1.0343163013458252,0.41847139596939087,0.18657180666923523,0.22824659943580627,1.1519365310668945,1.5513226985931396,0.30089521408081055,0.38737183809280396,0.07883668690919876,0.17880737781524658,0.05040533468127251,0.27619022130966187,2.6373181343078613,0.5872344970703125,0.14946241676807404,0.5696329474449158,0.20770898461341858,0.1932561993598938,0.6050296425819397,0.7121807932853699,0.8208963871002197,0.17702114582061768,0.2453358918428421,0.17135025560855865,0.2856810986995697,0.1355646401643753,1.2107269763946533,0.32115375995635986,0.5712705850601196,0.7329481840133667,0.5119479894638062,0.1267957091331482,0.7664510011672974,0.3691336214542389,0.16418692469596863,0.28366944193840027,0.3364034593105316,0.2549375891685486,0.2595316469669342,0.2982398271560669,0.10116658359766006,0.21931469440460205,0.19797293841838837,0.0749281495809555,0.11461987346410751,0.7069035172462463,0.09094397723674774,0.6949815154075623,0.08690182119607925,0.880539059638977,0.4030238389968872,0.254305362701416,0.3935384750366211,0.7704300284385681,0.4366396963596344,0.7468661665916443,0.49304884672164917,0.504571259021759,0.34888091683387756,1.3475298881530762,0.14677508175373077,1.3912034034729004,0.10704947263002396,0.1826704740524292,0.21705684065818787,0.04418075084686279,0.43319886922836304,0.2667113244533539,0.3404034674167633,0.3728595972061157,0.2929181754589081,0.5553455352783203,0.8333300948143005,0.26012149453163147,1.3637728691101074,0.1514316350221634,0.26875779032707214,0.4124807119369507,0.6097661852836609,0.18257394433021545,0.41398176550865173,0.45239877700805664,0.3729453682899475,-0.03757333382964134
Popescu,F21,16.285714285714285,innate_lymphoid,197,0.2650390565395355,0.12681885063648224,0.3222380578517914,0.09384702146053314,0.15305107831954956,0.0293623898178339,0.48891329765319824,0.10584911704063416,0.005984162911772728,0.08785593509674072,0.025760700926184654,0.31371238827705383,0.2611665725708008,0.26849091053009033,0.21802400052547455,0.12531155347824097,0.04092708230018616,0.1658509224653244,0.7096627950668335,0.03164638951420784,0.11234267801046371,0.38310420513153076,0.3068614602088928,0.03509608283638954,0.03558346629142761,0.03255150094628334,0.13386227190494537,0.390411376953125,0.030835766345262527,0.01080933678895235,0.0676727369427681,0.3739389479160309,0.027122370898723602,0.03953529894351959,0.018811987712979317,0.23682166635990143,0.07538075000047684,0.003457452170550823,0.056693244725465775,0.6328179240226746,0.19696301221847534,0.3416801989078522,0.3860047161579132,0.12383083999156952,0.7974656820297241,0.22607731819152832,0.2499426305294037,0.2419101446866989,0.440098375082016,0.4192875027656555,0.4150056838989258,0.08797115832567215,0.1530759185552597,0.734972357749939,1.1492277383804321,0.2451360821723938,0.1851460039615631,0.05756023898720741,0.11482641845941544,0.020278019830584526,0.24427318572998047,1.8597205877304077,0.2455207109451294,0.15700240433216095,0.31648755073547363,0.1206544041633606,0.14424867928028107,0.439131498336792,0.4437514543533325,0.5409438014030457,0.1455579251050949,0.21878473460674286,0.12055882066488266,0.12455879896879196,0.14919984340667725,0.9178949594497681,0.21808215975761414,0.5051442384719849,0.5165823698043823,0.29707372188568115,0.06801863014698029,0.5642974972724915,0.34655267000198364,0.07459209114313126,0.2025451809167862,0.021991441026329994,0.08076385408639908,0.0889320969581604,0.2994207441806793,0.04668630659580231,0.08287470787763596,0.09446218609809875,0.04285245016217232,0.026193706318736076,0.2086232751607895,0.019254298880696297,0.2054145187139511,0.03287230059504509,0.265068382024765,0.32231757044792175,0.10631896555423737,0.18375027179718018,0.408336877822876,0.12024704366922379,0.3747324049472809,0.23242932558059692,0.25894641876220703,0.18931061029434204,0.8117967247962952,0.011395541951060295,0.718535304069519,0.051865000277757645,0.10751377791166306,0.1363247185945511,0.01905723102390766,0.18232624232769012,0.1317390650510788,0.1658649742603302,0.24997428059577942,0.14335095882415771,0.24060256779193878,0.3902319073677063,0.20029906928539276,0.7156010866165161,0.06813524663448334,0.15212906897068024,0.18943674862384796,0.4212751090526581,0.13687624037265778,-0.05453827232122421,-0.11258956789970398,0.007471055723726749,0.010874539613723755
Popescu,F21,16.285714285714285,macrophage,1338,0.19473864138126373,0.04868729040026665,0.11050907522439957,0.03457930311560631,0.10424981266260147,0.008442727848887444,0.32549625635147095,0.0531044639647007,0.0033317552879452705,0.06669948995113373,0.0076906029134988785,0.003560823854058981,0.7432829141616821,0.4296983480453491,0.14882633090019226,0.12794676423072815,0.16449642181396484,0.14911358058452606,0.7337173223495483,0.026744289323687553,0.19483917951583862,0.789814829826355,0.9108186960220337,0.10186303406953812,0.02719932235777378,0.05120998993515968,0.10292885452508926,0.2883754372596741,0.2711825668811798,0.009305236861109734,0.04579911381006241,0.27527832984924316,0.033750616014003754,0.07296491414308548,0.1475367248058319,0.1186894103884697,0.03885172680020332,0.04656275361776352,0.011216196231544018,0.21982301771640778,0.053252752870321274,0.0371452271938324,0.032074540853500366,0.009733077138662338,0.27167943120002747,0.04122060537338257,0.03939739614725113,0.03385726362466812,0.0911315307021141,0.05707955360412598,0.026122376322746277,0.005383491516113281,0.06995368003845215,0.41966360807418823,0.5905647873878479,0.12731459736824036,0.018033238127827644,0.023905863985419273,0.07705535739660263,0.03540700674057007,0.013993129134178162,0.7335365414619446,0.02521456778049469,0.013086933642625809,0.1385919749736786,0.012725653126835823,0.007724795490503311,0.3664300739765167,0.04396495223045349,0.03995063528418541,0.033609893172979355,0.01499549113214016,0.010616871528327465,0.01801670715212822,0.05214530974626541,0.20488488674163818,0.08540588617324829,0.20293156802654266,0.06181490421295166,0.028429333120584488,0.01028695423156023,0.08040617406368256,0.03591115400195122,0.012283693067729473,0.0803631842136383,0.007496890611946583,0.006649300921708345,0.010201658122241497,0.02391163446009159,0.004403275437653065,0.007059107068926096,0.008533952757716179,0.0025703622959554195,0.002050145296379924,0.03636830300092697,0.00982947088778019,0.027187228202819824,0.007220917381346226,0.11245492845773697,0.022671345621347427,0.005610303487628698,0.02456088922917843,0.06445350497961044,0.027260977774858475,0.23464268445968628,0.05823434144258499,0.22172357141971588,0.049048613756895065,0.3483341336250305,0.005642435979098082,0.2671652138233185,0.018033862113952637,0.03588201105594635,0.08311408758163452,0.010656609199941158,0.03982722386717796,0.00974563229829073,0.09195071458816528,0.09798087179660797,0.05007573217153549,0.0710662379860878,0.036677002906799316,0.11898616701364517,0.0811200961470604,0.06276902556419373,0.02075979858636856,0.03406690061092377,0.14935460686683655,0.012409212999045849,-0.4966813921928406,-0.48567771911621094,-0.5084351897239685,0.038902122527360916
Popescu,F21,16.285714285714285,neutrophil,33,0.4199129343032837,0.2079979032278061,0.11063697189092636,0.015894681215286255,0.29696500301361084,0.01495832297950983,0.3823609948158264,0.0853366106748581,0.0,0.08740246295928955,0.013690224848687649,0.0,0.4323441982269287,0.1422388255596161,0.09886892139911652,0.15038205683231354,0.22002531588077545,0.28087368607521057,0.6824776530265808,0.0,0.03391798213124275,0.7054011821746826,0.19438131153583527,0.049539245665073395,0.06953787803649902,0.07277340441942215,0.01495832297950983,0.3553500771522522,0.06836783140897751,0.0,0.07593286037445068,0.2358175665140152,0.0,0.02926456555724144,0.1423591822385788,0.3029220700263977,0.16687756776809692,0.0,0.054600320756435394,0.4489542543888092,0.10267885774374008,0.2082485407590866,0.23510847985744476,0.08545909821987152,0.685849130153656,0.21893931925296783,0.2961804270744324,0.24307988584041595,0.3946908414363861,0.3030289113521576,0.30932074785232544,0.06378519535064697,0.14443668723106384,0.9448320865631104,1.0550599098205566,0.1907869577407837,0.11707919836044312,0.03816606476902962,0.15737593173980713,0.0,0.1021624356508255,1.882344126701355,0.19909045100212097,0.08553145825862885,0.23194539546966553,0.03850093483924866,0.035436492413282394,0.36685022711753845,0.4499396085739136,0.30921512842178345,0.09032658487558365,0.1407952755689621,0.049491073936223984,0.07492949813604355,0.11784683167934418,0.5498586893081665,0.1960289180278778,0.49777916073799133,0.34879541397094727,0.28036364912986755,0.0,0.5552206039428711,0.37314194440841675,0.11603157222270966,0.18068338930606842,0.09965608268976212,0.25797614455223083,0.19963610172271729,0.5819557309150696,0.07090809941291809,0.2079780101776123,0.18933197855949402,0.0,0.05954957380890846,0.5213295221328735,0.10582539439201355,0.60811448097229,0.0561881922185421,0.5336308479309082,0.4022536873817444,0.1381424367427826,0.32615336775779724,0.6845790147781372,0.3276951313018799,0.6873554587364197,0.4856886565685272,0.42498907446861267,0.2207695096731186,1.1933225393295288,0.07460620254278183,1.0740644931793213,0.08753091096878052,0.1127496212720871,0.1756901890039444,0.07752984762191772,0.33046430349349976,0.1871757209300995,0.3100475072860718,0.2829624116420746,0.18971145153045654,0.310642808675766,0.43758317828178406,0.24022094905376434,1.1659709215164185,0.09158637374639511,0.5218915343284607,0.394015371799469,0.6040739417076111,0.09159506857395172,0.05728374049067497,0.24745024740695953,-0.14584864675998688,0.010405723005533218
Popescu,F21,16.285714285714285,stem_progenitor,298,0.3388902246952057,0.18462994694709778,0.13675256073474884,0.09908311069011688,0.21521466970443726,0.032413024455308914,0.5013309717178345,0.08712658286094666,0.00722760334610939,0.11362285912036896,0.001281560631468892,0.0,0.5985833406448364,0.37709492444992065,0.08792224526405334,0.16020897030830383,0.06296893209218979,0.16347552835941315,0.5941677093505859,0.007205399684607983,0.01897614262998104,0.5081084370613098,0.6515294313430786,0.0349293015897274,0.024466488510370255,0.03228721022605896,0.18458402156829834,0.4059363305568695,0.15757004916667938,0.021932028234004974,0.05655234307050705,0.19456367194652557,0.020751142874360085,0.02602824568748474,0.04314419999718666,0.3292683959007263,0.04425712674856186,0.0,0.027452945709228516,0.38595786690711975,0.1508214920759201,0.23741687834262848,0.24076803028583527,0.07744181156158447,0.5234697461128235,0.24898137152194977,0.30349287390708923,0.19781939685344696,0.25721117854118347,0.3981829285621643,0.23664118349552155,0.11018519103527069,0.1298137605190277,0.7237073183059692,1.2151917219161987,0.22918915748596191,0.09905780106782913,0.014635921455919743,0.12779243290424347,0.01497729867696762,0.13293351233005524,1.4623658657073975,0.14266400039196014,0.052962981164455414,0.2547200620174408,0.06166711449623108,0.09467995166778564,0.25001177191734314,0.4652833342552185,0.2693482041358948,0.10312332212924957,0.11059717833995819,0.05840650945901871,0.10590911656618118,0.09431848675012589,0.5248300433158875,0.2506827414035797,0.43019410967826843,0.312015563249588,0.22062434256076813,0.04117678478360176,0.41864147782325745,0.17741140723228455,0.10776752978563309,0.17128458619117737,0.05412929877638817,0.11180316656827927,0.10201475769281387,0.941180944442749,0.06250343471765518,0.14093829691410065,0.10864854604005814,0.015231174416840076,0.04138229414820671,0.2661738991737366,0.07237116247415543,0.42761221528053284,0.05757017061114311,0.43883201479911804,0.40306004881858826,0.12127343565225601,0.295758992433548,0.6218293309211731,0.21149775385856628,0.5332744121551514,0.31007587909698486,0.33078038692474365,0.25686344504356384,1.2306623458862305,0.057761166244745255,0.8090596795082092,0.03463767096400261,0.09262444823980331,0.1366359293460846,0.031482551246881485,0.37958189845085144,0.1436775028705597,0.16316615045070648,0.31797105073928833,0.12992525100708008,0.2466253936290741,0.19058693945407867,0.2762526571750641,0.9087443351745605,0.09883996844291687,0.25998204946517944,0.3053906261920929,0.48514601588249207,0.11124676465988159,-0.047511812299489975,0.07450389862060547,-0.17784668505191803,0.016773976385593414
Popescu,F22,9.714285714285714,erythroid,6019,0.26488396525382996,0.07227280735969543,0.16716277599334717,0.0149229159578681,0.17224524915218353,0.023963460698723793,0.21319667994976044,0.025009507313370705,0.0034546128008514643,0.11577088385820389,0.001110865268856287,0.000255314982496202,0.06411341577768326,0.01246896106749773,0.06921849399805069,0.20280587673187256,0.009944228455424309,0.19872470200061798,0.45164644718170166,0.024757135659456253,0.1800398975610733,0.3109405040740967,0.7498233318328857,0.028473544865846634,0.019903216511011124,0.04006018862128258,0.09553984552621841,0.4540193974971771,0.015274877659976482,0.0009187751566059887,0.054943688213825226,0.061973247677087784,0.006498738192021847,0.014024827629327774,0.002239357214421034,0.307485431432724,0.18631215393543243,0.00020906346617266536,0.08240161836147308,0.6354562044143677,0.460360050201416,0.5274829864501953,0.7637491226196289,0.17987769842147827,0.6323279738426208,0.7075403928756714,0.8309372067451477,0.9779806733131409,0.8092803955078125,0.907486617565155,0.38987022638320923,0.2068140208721161,0.17755882441997528,1.054024338722229,1.3435487747192383,0.24001625180244446,0.3724519908428192,0.07380411028862,0.14418520033359528,0.04568113014101982,0.2762632369995117,2.4185261726379395,0.5527669191360474,0.14901313185691833,0.49327385425567627,0.1707121580839157,0.20469635725021362,0.5566460490226746,0.57631516456604,0.7926532030105591,0.16633294522762299,0.2666511833667755,0.18088895082473755,0.40105870366096497,0.14991241693496704,1.2207521200180054,0.4034366309642792,0.5565442442893982,0.7510101199150085,0.49203866720199585,0.1138899177312851,0.8061782121658325,0.29731449484825134,0.11395976692438126,0.21633899211883545,0.07400856912136078,0.24693909287452698,0.23882430791854858,0.2139977216720581,0.09887580573558807,0.1913522481918335,0.18608452379703522,0.07470739632844925,0.10925273597240448,0.706587016582489,0.07748271524906158,0.6380872130393982,0.09102001786231995,0.7575700879096985,0.2966352701187134,0.19821476936340332,0.3623519837856293,0.6110453009605408,0.39023154973983765,0.751996636390686,0.4121827483177185,0.5682413578033447,0.245768204331398,1.1237808465957642,0.15879160165786743,1.2611757516860962,0.06387568265199661,0.20399484038352966,0.17036733031272888,0.032067786902189255,0.3222178816795349,0.22775335609912872,0.2869299650192261,0.34766268730163574,0.2687376141548157,0.5427844524383545,1.0069684982299805,0.2095271646976471,1.2795943021774292,0.12570631504058838,0.2406335473060608,0.25075456500053406,0.4625761806964874,0.1724541038274765,0.3189418315887451,0.2952187955379486,0.344282329082489,-0.12267006933689117
Popescu,F22,9.714285714285714,innate_lymphoid,615,0.25677919387817383,0.10476580262184143,0.3908660113811493,0.08809330314397812,0.17353646457195282,0.031499918550252914,0.5590490102767944,0.17429140210151672,0.00725206034258008,0.10146736353635788,0.05438043177127838,0.3992108702659607,0.4884909391403198,0.3608383536338806,0.17055478692054749,0.1811194121837616,0.06479757279157639,0.2304510623216629,0.6725418567657471,0.049629826098680496,0.12025604397058487,0.46306657791137695,0.26055842638015747,0.06735032051801682,0.032700154930353165,0.03807683661580086,0.10598156601190567,0.4292384088039398,0.03459872677922249,0.009814268909394741,0.10118737816810608,0.3640059530735016,0.027905303984880447,0.04786425828933716,0.06801117956638336,0.2962653934955597,0.047536641359329224,0.005754692945629358,0.06131013110280037,0.5901010632514954,0.17911368608474731,0.3448216915130615,0.32034337520599365,0.09205761551856995,0.7907156348228455,0.2140328288078308,0.2614140808582306,0.290423184633255,0.3490099310874939,0.3566705882549286,0.3634335398674011,0.12439418584108353,0.1202443540096283,0.6164886355400085,0.9782841801643372,0.21395516395568848,0.16048693656921387,0.08134788274765015,0.09662637859582901,0.019491735845804214,0.20920433104038239,1.518642544746399,0.17586566507816315,0.12709252536296844,0.22028404474258423,0.10510887950658798,0.15655507147312164,0.3717387914657593,0.34333115816116333,0.4141613245010376,0.1374015361070633,0.17261268198490143,0.10568466782569885,0.21322621405124664,0.13464036583900452,0.7395464181900024,0.2371385544538498,0.4634455442428589,0.4020461142063141,0.2755349278450012,0.06373312324285507,0.4713231921195984,0.19354233145713806,0.07647411525249481,0.14330759644508362,0.03754540905356407,0.10691565275192261,0.07631900906562805,0.18178628385066986,0.05156823247671127,0.08256899565458298,0.07039672881364822,0.044480349868535995,0.023397114127874374,0.23570546507835388,0.03626616299152374,0.21071390807628632,0.04851774498820305,0.2758379578590393,0.2334233522415161,0.07193860411643982,0.2007504403591156,0.4030889868736267,0.13833552598953247,0.4619206488132477,0.18917259573936462,0.29597702622413635,0.1233242005109787,0.8009735941886902,0.029176538810133934,0.6508471965789795,0.039369892328977585,0.15128344297409058,0.1066737249493599,0.016657009720802307,0.13639545440673828,0.15061131119728088,0.16265933215618134,0.3555571734905243,0.07349738478660583,0.25217556953430176,0.35288408398628235,0.2920907735824585,0.7027308940887451,0.10891882330179214,0.13309067487716675,0.1793215572834015,0.4368874728679657,0.11148358881473541,-0.0971289873123169,-0.12439946085214615,-0.06799924373626709,0.10678078234195709
Popescu,F22,9.714285714285714,macrophage,1559,0.213357612490654,0.04497966542840004,0.11687324196100235,0.04866311699151993,0.1523357629776001,0.012762774713337421,0.3142424523830414,0.05022569000720978,0.0017124661244452,0.11400946229696274,0.01907365582883358,0.006653657648712397,0.9572445154190063,0.40835922956466675,0.21179288625717163,0.16607104241847992,0.08018870651721954,0.18674956262111664,0.8834842443466187,0.03464428335428238,0.09808533638715744,0.867533802986145,0.9124820828437805,0.05802842229604721,0.02104629948735237,0.052243005484342575,0.10597580671310425,0.3957921862602234,0.23792743682861328,0.02252224273979664,0.06529402732849121,0.25964826345443726,0.023667046800255775,0.08699016273021698,0.2208709567785263,0.13929414749145508,0.03775094449520111,0.07120291888713837,0.014821725897490978,0.17139098048210144,0.05306306853890419,0.052514418959617615,0.073623426258564,0.014143173582851887,0.25468751788139343,0.06949171423912048,0.07835154980421066,0.0712815374135971,0.1327570229768753,0.07998251169919968,0.05488463118672371,0.015190616250038147,0.11558695137500763,0.4258890748023987,0.534885823726654,0.13627634942531586,0.028560420498251915,0.02093488909304142,0.06320111453533173,0.04991985112428665,0.040875039994716644,0.5698645710945129,0.0479578860104084,0.01799667999148369,0.13216839730739594,0.014671013690531254,0.0169694684445858,0.381693035364151,0.056706275790929794,0.08417103439569473,0.052338212728500366,0.028121285140514374,0.016814332455396652,0.04167942702770233,0.06839778274297714,0.2357202023267746,0.13477778434753418,0.1754833608865738,0.1270110309123993,0.050104476511478424,0.015536738559603691,0.13378149271011353,0.04459662362933159,0.022468838840723038,0.0881880670785904,0.01257321797311306,0.014200923964381218,0.016312560066580772,0.020071860402822495,0.005995711777359247,0.00823788158595562,0.016750717535614967,0.007271453272551298,0.005354847759008408,0.06564509123563766,0.01411674078553915,0.05633927509188652,0.01073495950549841,0.15999557077884674,0.030492141842842102,0.011708153411746025,0.03780314698815346,0.10749498009681702,0.03687119111418724,0.3410448133945465,0.07949934899806976,0.3041595220565796,0.041454460471868515,0.3528604805469513,0.006302405148744583,0.27418452501296997,0.01700587570667267,0.05336661636829376,0.07280556857585907,0.015783008188009262,0.052618157118558884,0.018430126830935478,0.08693554252386093,0.13019709289073944,0.03986832872033119,0.1033308357000351,0.07821238040924072,0.1965445578098297,0.13589173555374146,0.07684426009654999,0.027796121314167976,0.04506983980536461,0.1641463190317154,0.021114198490977287,-0.45911547541618347,-0.44205132126808167,-0.4773431420326233,0.09807047247886658
Popescu,F22,9.714285714285714,neutrophil,55,0.24383969604969025,0.0837063193321228,0.06162053719162941,0.03350489214062691,0.08932358026504517,0.009039204567670822,0.23871955275535583,0.029317615553736687,0.006454598158597946,0.13302171230316162,0.0,0.0,0.4097529351711273,0.16218242049217224,0.08518577367067337,0.1590539962053299,0.1307559758424759,0.05561670660972595,0.5227160453796387,0.0,0.010840539820492268,0.4875541925430298,0.29663020372390747,0.012195875868201256,0.008505890145897865,0.02295476570725441,0.07802759855985641,0.3939381241798401,0.02813110314309597,0.0,0.04654119536280632,0.2050572633743286,0.0,0.0534307137131691,0.06689770519733429,0.37783223390579224,0.0927351713180542,0.0,0.07417573779821396,0.36774930357933044,0.16957004368305206,0.25334566831588745,0.2882797122001648,0.11324610561132431,0.43502748012542725,0.16471442580223083,0.32975539565086365,0.34604933857917786,0.27476799488067627,0.32346346974372864,0.11623641848564148,0.04558658227324486,0.08801715075969696,0.7780449390411377,0.949910044670105,0.06900426000356674,0.08029801398515701,0.03450998291373253,0.12532658874988556,0.02652955986559391,0.17346301674842834,1.560520887374878,0.15159988403320312,0.041362736374139786,0.15329572558403015,0.05908475071191788,0.07391767203807831,0.3292015790939331,0.32035163044929504,0.35126662254333496,0.1730218082666397,0.09631507098674774,0.020167294889688492,0.1127471998333931,0.06357944756746292,0.5531460642814636,0.24532730877399445,0.3604544699192047,0.3571779727935791,0.19477088749408722,0.04387972503900528,0.5033403635025024,0.15363186597824097,0.08978058397769928,0.14630232751369476,0.015448486432433128,0.030331308022141457,0.04912784695625305,0.47853830456733704,0.04753854125738144,0.05888102203607559,0.07987985014915466,0.006278073415160179,0.010458780452609062,0.28906920552253723,0.028675148263573647,0.33542168140411377,0.019299756735563278,0.25824400782585144,0.3858424425125122,0.08017683774232864,0.22413794696331024,0.4523388147354126,0.23171332478523254,0.32374629378318787,0.27169859409332275,0.4322338402271271,0.12174053490161896,0.9928789138793945,0.10202857106924057,0.7139294743537903,0.038199786096811295,0.07243014872074127,0.17334361374378204,0.016393134370446205,0.23198698461055756,0.08516037464141846,0.10122723132371902,0.2192070037126541,0.11612746864557266,0.2344680279493332,0.35991397500038147,0.1898787021636963,0.8138847947120667,0.08034829050302505,0.22012856602668762,0.14926812052726746,0.23895201086997986,0.08837916702032089,-0.15639455616474152,-0.10827884078025818,-0.20779086649417877,-0.13414672017097473
Popescu,F22,9.714285714285714,stem_progenitor,319,0.2732781171798706,0.14459121227264404,0.1728350818157196,0.06959459185600281,0.20853416621685028,0.03449580818414688,0.4696873426437378,0.07299040257930756,0.005870059598237276,0.1267533302307129,0.011641530320048332,0.0,0.571021556854248,0.25855553150177,0.09173603355884552,0.19467942416667938,0.03047342598438263,0.16779406368732452,0.6057270765304565,0.006983136758208275,0.027963634580373764,0.615060567855835,0.6046450734138489,0.024647222831845284,0.03084063157439232,0.01002601906657219,0.14588284492492676,0.486116886138916,0.10043894499540329,0.003969855606555939,0.07338661700487137,0.14153341948986053,0.008525640703737736,0.018414849415421486,0.024725962430238724,0.4234479069709778,0.06836744397878647,0.002796120010316372,0.041368644684553146,0.3326418697834015,0.2004438042640686,0.3461270332336426,0.3204565942287445,0.09854966402053833,0.602294385433197,0.35460126399993896,0.3953089118003845,0.3715171813964844,0.35779139399528503,0.4533483684062958,0.2674403786659241,0.1121620461344719,0.1039111465215683,0.8257479667663574,1.139783263206482,0.23330776393413544,0.1302865594625473,0.034005776047706604,0.08212859183549881,0.009947715327143669,0.19396011531352997,1.3987114429473877,0.17315249145030975,0.08133897185325623,0.22699692845344543,0.06778313219547272,0.11321374773979187,0.27202388644218445,0.45680853724479675,0.3139147460460663,0.14841939508914948,0.14216691255569458,0.09831651300191879,0.19838306307792664,0.0914064347743988,0.6099966168403625,0.34108424186706543,0.44064396619796753,0.4378308951854706,0.26722031831741333,0.05900513753294945,0.5580295920372009,0.15237876772880554,0.08341600000858307,0.17255868017673492,0.0145207978785038,0.17733114957809448,0.14170417189598083,0.8379309773445129,0.09832075238227844,0.15963470935821533,0.12759414315223694,0.014204165898263454,0.043809883296489716,0.3538852334022522,0.05816863104701042,0.4939030706882477,0.059009816497564316,0.5282944440841675,0.3642617464065552,0.1503814309835434,0.34243595600128174,0.6705062389373779,0.23430119454860687,0.6457918286323547,0.32926928997039795,0.4472426772117615,0.19555994868278503,1.2667768001556396,0.08437434583902359,0.8889868259429932,0.04992920160293579,0.15105944871902466,0.1498126983642578,0.06734646111726761,0.3243681788444519,0.1823585331439972,0.2151053547859192,0.3963836133480072,0.1378653347492218,0.3440997898578644,0.3137494623661041,0.26939794421195984,1.0776304006576538,0.07842015475034714,0.3600432276725769,0.33829692006111145,0.4261194169521332,0.10327360033988953,0.029868213459849358,0.14522793889045715,-0.0933568999171257,-0.007112832739949226
Popescu,F23,11.428571428571429,erythroid,2367,0.2779873013496399,0.06759936362504959,0.23154599964618683,0.012437795288860798,0.17866642773151398,0.02328013814985752,0.2360634058713913,0.030650723725557327,0.007426837459206581,0.0905543714761734,0.0004337987338658422,0.0,0.07559723407030106,0.018198072910308838,0.06737221777439117,0.22674201428890228,0.012119492515921593,0.1989489495754242,0.4477284848690033,0.030990349128842354,0.22577236592769623,0.30495449900627136,0.8426163196563721,0.02548946812748909,0.02473113127052784,0.057770587503910065,0.09930652379989624,0.5041899681091309,0.022722739726305008,0.000673409434966743,0.05074242874979973,0.06359750032424927,0.0058713629841804504,0.012531393207609653,0.005114114377647638,0.31516849994659424,0.2236880511045456,0.0,0.12404133379459381,0.7037253975868225,0.45297694206237793,0.5451173186302185,0.8286644816398621,0.2250814139842987,0.6462637782096863,0.6669460535049438,0.8589022159576416,0.988844633102417,0.906481146812439,0.9044657349586487,0.38597559928894043,0.22680504620075226,0.2123144418001175,1.1276445388793945,1.4358575344085693,0.3022826910018921,0.4164004921913147,0.08243005722761154,0.14030762016773224,0.05076644942164421,0.27195867896080017,2.510451555252075,0.5419846773147583,0.15906551480293274,0.5210722088813782,0.17811346054077148,0.22498582303524017,0.5845435857772827,0.6543567776679993,0.7914524674415588,0.18256264925003052,0.27712997794151306,0.20421025156974792,0.34308061003685,0.1765122413635254,1.2399299144744873,0.4617902934551239,0.648634672164917,0.7972975373268127,0.5206754207611084,0.11787910014390945,0.86345374584198,0.315696120262146,0.11490537226200104,0.23487359285354614,0.1573106050491333,0.2549925744533539,0.2588716149330139,0.15637080371379852,0.10154220461845398,0.1773170381784439,0.2062835395336151,0.05739310011267662,0.11841718852519989,0.7143282294273376,0.08784119039773941,0.7339513301849365,0.06890491396188736,0.7691121101379395,0.32575151324272156,0.2810575067996979,0.4672115743160248,0.6799851655960083,0.41828453540802,0.8140995502471924,0.49121835827827454,0.5733122229576111,0.273175984621048,1.1482021808624268,0.2043219357728958,1.3287594318389893,0.0819270983338356,0.1801633983850479,0.18398985266685486,0.03633546829223633,0.3066229522228241,0.2630263566970825,0.2772917151451111,0.39068368077278137,0.285657674074173,0.6432362794876099,0.9722158312797546,0.21780990064144135,1.4325392246246338,0.15328232944011688,0.2783791124820709,0.23527012765407562,0.49982312321662903,0.18273943662643433,0.38968196511268616,0.37089619040489197,0.4097485840320587,-0.0911186933517456
Popescu,F23,11.428571428571429,innate_lymphoid,466,0.2441689819097519,0.08415953814983368,0.42675721645355225,0.10175570845603943,0.17643001675605774,0.02697126939892769,0.57579106092453,0.13739654421806335,0.0022266509477049112,0.0876915380358696,0.04482394456863403,0.3390413820743561,0.34820854663848877,0.2586730718612671,0.12245967239141464,0.1436491161584854,0.07296034693717957,0.243691086769104,0.5480865240097046,0.045966073870658875,0.16756214201450348,0.44381290674209595,0.6662702560424805,0.12327303737401962,0.03713230788707733,0.00933174230158329,0.07608421891927719,0.37097764015197754,0.019582677632570267,0.00580314826220274,0.07771343737840652,0.442055881023407,0.015987860038876534,0.03308815509080887,0.013760515488684177,0.2605244815349579,0.05007071793079376,0.0013412428088486195,0.019464250653982162,0.5353665351867676,0.12038759142160416,0.29399374127388,0.22366434335708618,0.04429261386394501,0.7575761079788208,0.11464863270521164,0.19976934790611267,0.21908342838287354,0.276876300573349,0.26012924313545227,0.2262965887784958,0.087767094373703,0.10380321741104126,0.6163617968559265,0.7536834478378296,0.2401939332485199,0.08469000458717346,0.04124827682971954,0.06283032149076462,0.009549794718623161,0.1525806337594986,1.7293181419372559,0.13469305634498596,0.07648786902427673,0.18776506185531616,0.07173784077167511,0.12638862431049347,0.3925207257270813,0.26071885228157043,0.3292422294616699,0.13875991106033325,0.1536564826965332,0.07662033289670944,0.0892665758728981,0.13326390087604523,0.7582906484603882,0.21814286708831787,0.39373889565467834,0.32426607608795166,0.21224068105220795,0.05167657509446144,0.36803314089775085,0.19382938742637634,0.06770538538694382,0.10063333809375763,0.00371245457790792,0.08014377951622009,0.05072559416294098,0.13814754784107208,0.028038930147886276,0.05436985567212105,0.06557974219322205,0.02439534105360508,0.02432781271636486,0.18273881077766418,0.01735062524676323,0.15407976508140564,0.02047295682132244,0.24009008705615997,0.22161799669265747,0.06551669538021088,0.16141490638256073,0.305385947227478,0.10122017562389374,0.4380955398082733,0.31286078691482544,0.2901756763458252,0.10215906798839569,0.7752659320831299,0.03891390562057495,0.5250456929206848,0.030901078134775162,0.06426811963319778,0.09686384350061417,0.01246743556112051,0.11155000329017639,0.10935954004526138,0.11694660037755966,0.2745104730129242,0.08076532930135727,0.24696609377861023,0.32646289467811584,0.17195312678813934,0.6284546256065369,0.09743096679449081,0.0875958800315857,0.09482522308826447,0.3469022810459137,0.0637500137090683,-0.20327071845531464,-0.22343125939369202,-0.18173560500144958,0.06342853605747223
Popescu,F23,11.428571428571429,macrophage,1670,0.2054983377456665,0.036731526255607605,0.12571460008621216,0.057555343955755234,0.12090958654880524,0.007858607918024063,0.3552091419696808,0.03322393447160721,0.0021230278071016073,0.05576019361615181,0.013891976326704025,0.005237824749201536,0.852982759475708,0.37155768275260925,0.16767005622386932,0.15276873111724854,0.15907585620880127,0.1661706566810608,0.7543886303901672,0.0331212654709816,0.24323171377182007,0.8744701743125916,1.4838119745254517,0.2244548797607422,0.022006601095199585,0.01779092848300934,0.07227589190006256,0.3943183124065399,0.2815592885017395,0.028151940554380417,0.0447830967605114,0.3809281289577484,0.05151815712451935,0.05039786174893379,0.12989597022533417,0.1419893503189087,0.04297337681055069,0.0390787199139595,0.018439406529068947,0.24823741614818573,0.08736856281757355,0.061581119894981384,0.07371198385953903,0.016932711005210876,0.27714627981185913,0.06107388064265251,0.07205447554588318,0.07397613674402237,0.14816230535507202,0.07220430672168732,0.03958360478281975,0.015324742533266544,0.0929597020149231,0.463908851146698,0.47991716861724854,0.10980025678873062,0.026372645050287247,0.020978709682822227,0.05777619779109955,0.03387422487139702,0.033685408532619476,0.8235440850257874,0.05126481503248215,0.0217449888586998,0.10279317945241928,0.01620621420443058,0.025801796466112137,0.2742089331150055,0.0651530772447586,0.07416500896215439,0.04162900149822235,0.031957462430000305,0.01641848124563694,0.0312948077917099,0.0658142939209938,0.23357421159744263,0.15219153463840485,0.1888275295495987,0.12001566588878632,0.0452406145632267,0.014181731268763542,0.15515628457069397,0.02893521636724472,0.01483910158276558,0.061538148671388626,0.002047749236226082,0.014169587753713131,0.011343687772750854,0.01764604076743126,0.005459372419863939,0.005243773106485605,0.012921001762151718,0.0051902057603001595,0.005736913997679949,0.0377812422811985,0.011794512160122395,0.041051533073186874,0.005432500038295984,0.13432487845420837,0.027470389381051064,0.007408094592392445,0.03228158503770828,0.08255715668201447,0.03323812410235405,0.36215296387672424,0.0894707664847374,0.2224969118833542,0.032452937215566635,0.3624674677848816,0.014335851185023785,0.2548030912876129,0.016731662675738335,0.029787404462695122,0.08037444949150085,0.00854039192199707,0.04271088168025017,0.017740091308951378,0.1222270056605339,0.11990844458341599,0.033345554023981094,0.09633155167102814,0.08010171353816986,0.11034773290157318,0.15551207959651947,0.06778080016374588,0.02275782637298107,0.02190510556101799,0.13751816749572754,0.014147685840725899,-0.47364896535873413,-0.47000864148139954,-0.47753745317459106,0.11860518157482147
Popescu,F23,11.428571428571429,neutrophil,29,0.33322712779045105,0.139337420463562,0.17586471140384674,0.0627773106098175,0.18495211005210876,0.04675641283392906,0.36735525727272034,0.08310237526893616,0.0,0.11046043783426285,0.012471950612962246,0.0,0.5597087740898132,0.15164533257484436,0.20080327987670898,0.31962496042251587,0.05763779953122139,0.16444973647594452,0.5749210119247437,0.01489788107573986,0.04801230877637863,0.6081445217132568,0.31447112560272217,0.02445969358086586,0.05257240682840347,0.02626388892531395,0.052571073174476624,0.34458044171333313,0.039278458803892136,0.0,0.06672722846269608,0.1626800298690796,0.05002019181847572,0.09227681905031204,0.28253015875816345,0.45497769117355347,0.11943807452917099,0.0,0.07131708413362503,0.36446380615234375,0.05767419561743736,0.2216946929693222,0.1848488301038742,0.07322870939970016,0.35867568850517273,0.18577349185943604,0.27840229868888855,0.23059429228305817,0.2432817965745926,0.20561522245407104,0.19609834253787994,0.0,0.13695016503334045,0.7573559284210205,1.0814414024353027,0.17156286537647247,0.0,0.04727312922477722,0.056192588061094284,0.0,0.05764543637633324,1.2831308841705322,0.01489788107573986,0.048679761588573456,0.17966288328170776,0.023397406563162804,0.10234134644269943,0.3580416738986969,0.3418089747428894,0.22737951576709747,0.09159053862094879,0.08958328515291214,0.01489788107573986,0.02759172022342682,0.1327054798603058,0.43063193559646606,0.21661458909511566,0.524135172367096,0.2763335704803467,0.09693143516778946,0.03639131039381027,0.2688070237636566,0.3203239142894745,0.16250528395175934,0.10451448708772659,0.06426846235990524,0.12540759146213531,0.13007128238677979,0.5101688504219055,0.08403187990188599,0.1195218488574028,0.1490950882434845,0.020515741780400276,0.025116879492998123,0.29782968759536743,0.09888389706611633,0.6070147156715393,0.04178507626056671,0.39817431569099426,0.3494008183479309,0.19302517175674438,0.5242723226547241,0.6362292170524597,0.3588392734527588,0.4160086512565613,0.5878522396087646,0.6386376023292542,0.16986502707004547,1.1679555177688599,0.044126756489276886,0.9751372337341309,0.09433328360319138,0.14151844382286072,0.15382851660251617,0.05458411946892738,0.18937860429286957,0.19689495861530304,0.15812312066555023,0.29138806462287903,0.1560167819261551,0.49099940061569214,0.3308297395706177,0.35084763169288635,1.1418505907058716,0.061753470450639725,0.49087902903556824,0.2878309190273285,0.32790839672088623,0.16297562420368195,-0.046061012893915176,0.1693575531244278,-0.2761671543121338,0.03494163975119591
Popescu,F23,11.428571428571429,stem_progenitor,144,0.2838425934314728,0.20674042403697968,0.18118229508399963,0.06849642843008041,0.24196666479110718,0.027808917686343193,0.5164130330085754,0.08442002534866333,0.009346764534711838,0.17138610780239105,0.011814561672508717,0.0,0.7631783485412598,0.31702369451522827,0.08319451659917831,0.267900675535202,0.032433994114398956,0.1672651767730713,0.569697380065918,0.02425377629697323,0.01204670313745737,0.6766237020492554,0.6666496992111206,0.059000831097364426,0.040592893958091736,0.03170575574040413,0.13642515242099762,0.4640069603919983,0.14734190702438354,0.017276594415307045,0.06971144676208496,0.12442699819803238,0.011002868413925171,0.026142772287130356,0.0582582950592041,0.4555586576461792,0.07453065365552902,0.004204678349196911,0.04212678223848343,0.38202083110809326,0.1780225932598114,0.3919408321380615,0.39593541622161865,0.10349741578102112,0.6088412404060364,0.3605863153934479,0.48607581853866577,0.4014413058757782,0.44533559679985046,0.4441666603088379,0.26366788148880005,0.17036601901054382,0.1325920671224594,0.9381028413772583,1.2156636714935303,0.2638276517391205,0.1458602398633957,0.0292536411434412,0.11078054457902908,0.006328570190817118,0.1372143030166626,1.6140204668045044,0.18589136004447937,0.08361097425222397,0.27211442589759827,0.05624163895845413,0.16292275488376617,0.31404033303260803,0.5637255311012268,0.29919636249542236,0.17881397902965546,0.19259561598300934,0.1524835079908371,0.2001468688249588,0.11389872431755066,0.6829141974449158,0.40601345896720886,0.42318329215049744,0.3958674669265747,0.2967017889022827,0.07262027263641357,0.5599815249443054,0.14897434413433075,0.05972464382648468,0.2311989963054657,0.021580759435892105,0.1714855581521988,0.13858000934123993,0.8536653518676758,0.10219824314117432,0.1979992389678955,0.13785524666309357,0.024657590314745903,0.060834433883428574,0.3214789032936096,0.08485902845859528,0.4895697832107544,0.053670354187488556,0.4878809154033661,0.38975656032562256,0.14702752232551575,0.4438520669937134,0.7935875654220581,0.2317948341369629,0.7100909948348999,0.4421696364879608,0.4459039866924286,0.23578685522079468,1.3087021112442017,0.1061989888548851,0.9983363747596741,0.05689718946814537,0.15692931413650513,0.12045320868492126,0.05957268178462982,0.38492274284362793,0.2378036230802536,0.2171371430158615,0.41908445954322815,0.16095316410064697,0.41731107234954834,0.27939778566360474,0.29722943902015686,1.242662787437439,0.08802801370620728,0.4533962607383728,0.31008636951446533,0.3762489855289459,0.14441688358783722,0.09891120344400406,0.21439379453659058,-0.024445176124572754,0.06691958010196686
Popescu,F29,17.0,erythroid,2358,0.4983333647251129,0.11562979966402054,0.3899945616722107,0.022110339254140854,0.24424980580806732,0.04075835272669792,0.3333788514137268,0.11320186406373978,0.0127567732706666,0.14693650603294373,0.0016144808614626527,0.0,0.09575161337852478,0.02382596582174301,0.05868783965706825,0.28930923342704773,0.028848251327872276,0.16764052212238312,0.47767630219459534,0.0062003182247281075,0.19462411105632782,0.4535025954246521,0.7963902354240417,0.028605476021766663,0.04020869359374046,0.03669328987598419,0.13484986126422882,0.6118490695953369,0.040813345462083817,0.0003253738977946341,0.0595361664891243,0.08916930854320526,0.010301562026143074,0.04105355963110924,0.002174920868128538,0.3857109248638153,0.22601479291915894,0.00017515290528535843,0.22044718265533447,0.7597379684448242,0.477216899394989,0.46946340799331665,0.7129506468772888,0.3476317524909973,0.693580150604248,0.6652659177780151,0.7155717015266418,0.7896447777748108,0.7068003416061401,1.2849369049072266,0.49325668811798096,0.2487596720457077,0.38043636083602905,1.0721644163131714,1.4691368341445923,0.25662359595298767,0.6209468245506287,0.14553768932819366,0.21833688020706177,0.07545744627714157,0.3180179297924042,2.375704050064087,0.6116461157798767,0.27835971117019653,0.6055034399032593,0.25110530853271484,0.2194206565618515,1.0548689365386963,0.5762518048286438,0.9316052198410034,0.23536667227745056,0.3017584979534149,0.15639498829841614,0.34119081497192383,0.17018890380859375,1.2715257406234741,0.35731151700019836,0.7913426756858826,0.8758813142776489,0.7577159404754639,0.18654921650886536,0.6936241984367371,0.5061303973197937,0.23982550203800201,0.4085308015346527,0.07174509763717651,0.23367027938365936,0.2856753468513489,0.302001416683197,0.10767222940921783,0.21858800947666168,0.22119663655757904,0.10792107880115509,0.16137580573558807,0.724383533000946,0.11761540919542313,0.5811795592308044,0.09895823150873184,0.8145321011543274,0.525071918964386,0.27459603548049927,0.3748815059661865,0.7134017944335938,0.5617070198059082,0.6762709021568298,0.4661344885826111,0.5395452976226807,0.4773940145969391,1.3953624963760376,0.15851736068725586,1.208314061164856,0.22325339913368225,0.19612376391887665,0.24514229595661163,0.061742883175611496,0.5308162569999695,0.23193910717964172,0.34096208214759827,0.366087406873703,0.31631559133529663,0.5633811354637146,0.7192190289497375,0.25181394815444946,0.8738231062889099,0.15809252858161926,0.2466515749692917,0.40982261300086975,0.7772459983825684,0.2093161791563034,0.5060998201370239,0.4856313169002533,0.5279639959335327,0.011795875616371632
Popescu,F29,17.0,innate_lymphoid,221,0.3392646610736847,0.17639440298080444,0.33942389488220215,0.0900367796421051,0.16444341838359833,0.03126129135489464,0.7714052796363831,0.19547447562217712,0.004472360480576754,0.06341031193733215,0.03743135556578636,0.44100916385650635,0.30151936411857605,0.35687947273254395,0.18541289865970612,0.19529081881046295,0.11669295281171799,0.15774838626384735,0.5047809481620789,0.010517778806388378,0.2527979910373688,0.40393123030662537,0.3569748103618622,0.04371503368020058,0.03899326175451279,0.004963325336575508,0.1480972021818161,0.36884793639183044,0.025509847328066826,0.020498327910900116,0.08892730623483658,0.3530696630477905,0.02088557928800583,0.06583994626998901,0.01295633427798748,0.29147759079933167,0.04211882874369621,0.007535758428275585,0.057642802596092224,0.5291897058486938,0.07573308795690536,0.16945481300354004,0.2142133265733719,0.08711688220500946,0.7881703972816467,0.09715048223733902,0.133149653673172,0.1214153915643692,0.21126244962215424,0.3275938034057617,0.2503657639026642,0.09571196138858795,0.1859605312347412,0.4961145222187042,0.7590015530586243,0.2035936862230301,0.1386432945728302,0.05883719027042389,0.13438861072063446,0.011821836233139038,0.16891825199127197,1.4376130104064941,0.13376377522945404,0.13941030204296112,0.19514790177345276,0.09787708520889282,0.09226960688829422,0.6387641429901123,0.25569477677345276,0.37720611691474915,0.13539154827594757,0.1638871729373932,0.05540131404995918,0.07563821971416473,0.11969771236181259,0.9114734530448914,0.19347815215587616,0.6317073106765747,0.3216972053050995,0.21063360571861267,0.03539193794131279,0.2506813108921051,0.3244302272796631,0.1303582638502121,0.3071177303791046,0.004446643404662609,0.07235988974571228,0.07442180812358856,0.31295710802078247,0.03939168155193329,0.043381620198488235,0.0791652500629425,0.05010365694761276,0.01572439633309841,0.1727239489555359,0.032405536621809006,0.2340601235628128,0.022999029606580734,0.24149587750434875,0.25216060876846313,0.08102955669164658,0.16172145307064056,0.36232879757881165,0.15691950917243958,0.42373284697532654,0.1747017651796341,0.21944603323936462,0.2270953357219696,0.6496582627296448,0.02687826193869114,0.5662014484405518,0.07700332254171371,0.07364547252655029,0.13918888568878174,0.019143100827932358,0.17624105513095856,0.08755908161401749,0.15637938678264618,0.24751444160938263,0.0958952084183693,0.2266055941581726,0.23987488448619843,0.2399212270975113,0.4352152347564697,0.10539532452821732,0.12619221210479736,0.22879773378372192,0.5683593153953552,0.12663456797599792,-0.14813882112503052,-0.1371838003396988,-0.1598406881093979,0.0920763611793518
Popescu,F29,17.0,macrophage,1080,0.3250854015350342,0.0667499527335167,0.12294797599315643,0.05084701254963875,0.11838079243898392,0.01676633208990097,0.5034454464912415,0.11538437753915787,0.0020749515388160944,0.08327043056488037,0.029749581590294838,0.002514289226382971,0.8312760591506958,0.5955559611320496,0.1521022468805313,0.17219169437885284,0.2724374830722809,0.14563576877117157,0.6487113833427429,0.017326736822724342,0.13552042841911316,0.7421525716781616,0.9087880253791809,0.06887192279100418,0.03421236574649811,0.02538520283997059,0.12428946048021317,0.374366819858551,0.3589031398296356,0.013193358667194843,0.05192496255040169,0.17243607342243195,0.028814690187573433,0.10398788750171661,0.14962346851825714,0.14466923475265503,0.040839504450559616,0.06848027557134628,0.009174027480185032,0.21943165361881256,0.041268911212682724,0.024536332115530968,0.036047257483005524,0.013589599169790745,0.2976997494697571,0.031081601977348328,0.028332725167274475,0.021503780037164688,0.08038473129272461,0.05660592392086983,0.04217385873198509,0.00772446533665061,0.1513405442237854,0.3924323320388794,0.36095553636550903,0.14750008285045624,0.015312285162508488,0.03633745759725571,0.10744891315698624,0.06273011118173599,0.014228511601686478,0.5914233326911926,0.033224303275346756,0.0167183056473732,0.19305874407291412,0.014774080365896225,0.008244268596172333,0.625469446182251,0.03678301349282265,0.05323653668165207,0.04358496144413948,0.012242070399224758,0.004247286356985569,0.01294128131121397,0.061280976980924606,0.23457056283950806,0.11935935169458389,0.28532132506370544,0.07124527543783188,0.02888549491763115,0.01542587112635374,0.05266774818301201,0.06302211433649063,0.019936224445700645,0.16944977641105652,0.0018439997220411897,0.007880013436079025,0.008812032639980316,0.0170199703425169,0.00417341198772192,0.007211032789200544,0.008511812426149845,0.004678200464695692,0.004481000360101461,0.03422439470887184,0.012097060680389404,0.02602713368833065,0.006831024773418903,0.13213856518268585,0.03025141730904579,0.0054770042188465595,0.027196193113923073,0.09204714000225067,0.03691663220524788,0.26156121492385864,0.07300688326358795,0.20176181197166443,0.05596676841378212,0.41233351826667786,0.008659128099679947,0.2656499743461609,0.05141397938132286,0.04527556523680687,0.1396147608757019,0.02526789717376232,0.06148923188447952,0.012241342104971409,0.11813138425350189,0.1041790321469307,0.052026666700839996,0.08396641910076141,0.027784721925854683,0.13113535940647125,0.046523772180080414,0.07116156816482544,0.015212833881378174,0.02603558450937271,0.24590042233467102,0.019696345552802086,-0.46540090441703796,-0.44988155364990234,-0.4819783568382263,0.11582554876804352
Popescu,F29,17.0,neutrophil,25,0.4929174482822418,0.10944730788469315,0.22120971977710724,0.09957447648048401,0.29083988070487976,0.03327694535255432,0.5641679167747498,0.14016640186309814,0.0,0.09420126676559448,0.0,0.0,0.5362793803215027,0.2705734372138977,0.14164167642593384,0.23854511976242065,0.18577221035957336,0.12320449948310852,0.5966987609863281,0.0,0.07716931402683258,0.6281417608261108,0.2622572183609009,0.10540056973695755,0.05715751647949219,0.0,0.13036848604679108,0.42507824301719666,0.08089801669120789,0.0,0.08077938109636307,0.22827476263046265,0.03316516429185867,0.014267683029174805,0.09606624394655228,0.23054401576519012,0.08358003944158554,0.0,0.22135142982006073,0.547951877117157,0.1361865997314453,0.16987788677215576,0.24784858524799347,0.07616347074508667,0.6035972237586975,0.13581621646881104,0.2487911731004715,0.17484210431575775,0.16168273985385895,0.4409130811691284,0.39287862181663513,0.058155059814453125,0.2699190080165863,0.7673723101615906,1.0950206518173218,0.21221312880516052,0.10101332515478134,0.0632786825299263,0.09889314323663712,0.0,0.19324608147144318,1.6439199447631836,0.18775761127471924,0.14726755023002625,0.3188939392566681,0.03181653097271919,0.16487517952919006,0.47578704357147217,0.27595072984695435,0.44440513849258423,0.20857781171798706,0.14005163311958313,0.07999614626169205,0.06438857316970825,0.08327112346887589,0.6368550658226013,0.21005555987358093,0.6670982837677002,0.41341400146484375,0.40856459736824036,0.03184065967798233,0.5497732162475586,0.4469261169433594,0.19294430315494537,0.3819849491119385,0.03316516429185867,0.12501056492328644,0.27374252676963806,0.5185867547988892,0.07656671106815338,0.14164374768733978,0.14721612632274628,0.06919577717781067,0.030262136831879616,0.3017631769180298,0.05718231573700905,0.3924441635608673,0.1006397232413292,0.5318529605865479,0.5510966777801514,0.14736582338809967,0.40860167145729065,0.6478045582771301,0.4426743686199188,0.41723713278770447,0.3903464078903198,0.46705687046051025,0.30658379197120667,1.2357174158096313,0.10815517604351044,0.9094787836074829,0.045485030859708786,0.24105705320835114,0.18604972958564758,0.04224514961242676,0.36660683155059814,0.25674599409103394,0.22481872141361237,0.23110654950141907,0.12070281058549881,0.2702329754829407,0.2351728230714798,0.17427600920200348,0.6485058665275574,0.1516253501176834,0.3633488416671753,0.32945120334625244,0.7227575182914734,0.2953543961048126,0.08016621321439743,0.22711724042892456,-0.07680419087409973,0.04824330285191536
Popescu,F29,17.0,stem_progenitor,291,0.4565114974975586,0.2189636528491974,0.16134001314640045,0.10545656830072403,0.2820194363594055,0.04596405848860741,0.6772861480712891,0.1612304002046585,0.003978063352406025,0.1479843258857727,0.00954399723559618,0.0,0.6283496022224426,0.39963123202323914,0.043745506554841995,0.2202628254890442,0.07218919694423676,0.1385517716407776,0.5175724029541016,0.0,0.020937277004122734,0.5454959273338318,0.6196510195732117,0.03431686758995056,0.03875064104795456,0.01603102497756481,0.14633525907993317,0.45594242215156555,0.18116497993469238,0.0033706778194755316,0.07496818155050278,0.14621831476688385,0.01198841817677021,0.0548347570002079,0.01662495918571949,0.367581844329834,0.060883887112140656,0.0,0.09207078814506531,0.3936256766319275,0.15535588562488556,0.2630928158760071,0.2711998522281647,0.13817241787910461,0.5406515002250671,0.21748487651348114,0.2831108868122101,0.21532049775123596,0.24655072391033173,0.5550867319107056,0.31498560309410095,0.13210131227970123,0.21364836394786835,0.6857860684394836,1.084412932395935,0.2427719235420227,0.17162854969501495,0.051792483776807785,0.14462536573410034,0.00733611173927784,0.15619724988937378,1.3432307243347168,0.1828649938106537,0.11652940511703491,0.2516673505306244,0.10057337582111359,0.09917399287223816,0.5210754871368408,0.40528741478919983,0.4039372503757477,0.15125548839569092,0.15462671220302582,0.0802188366651535,0.10963141918182373,0.10537628829479218,0.6096153855323792,0.310761421918869,0.584795355796814,0.4143591523170471,0.3132645785808563,0.057905569672584534,0.3840319812297821,0.3293684124946594,0.12874695658683777,0.34472185373306274,0.004805862903594971,0.10306809097528458,0.1269809454679489,0.8674126267433167,0.0636824369430542,0.12332617491483688,0.1295997053384781,0.03371025621891022,0.05478913336992264,0.3036865293979645,0.08540574461221695,0.38673335313796997,0.05836818367242813,0.4557552933692932,0.5259478092193604,0.12693731486797333,0.32357844710350037,0.6188403367996216,0.33930057287216187,0.5398067235946655,0.35484054684638977,0.34757739305496216,0.30625227093696594,1.3387889862060547,0.07118508219718933,0.7828441262245178,0.14002417027950287,0.10114455223083496,0.22134391963481903,0.06839834898710251,0.4769677221775055,0.14882484078407288,0.201698437333107,0.25988343358039856,0.15724830329418182,0.337063193321228,0.19032977521419525,0.2623817026615143,0.5661566853523254,0.10333994776010513,0.24091877043247223,0.3559330701828003,0.6132678985595703,0.10811668634414673,0.040157023817300797,0.1563730537891388,-0.08398282527923584,0.06779944151639938
Popescu,F30,14.428571428571429,erythroid,3757,0.45097315311431885,0.0837070420384407,0.34970995783805847,0.021681001409888268,0.23400850594043732,0.03317650780081749,0.3413080871105194,0.06272006779909134,0.009637211449444294,0.08802659064531326,0.0011145217576995492,0.0,0.06400709599256516,0.01757020317018032,0.06055305525660515,0.28981155157089233,0.026986166834831238,0.17156201601028442,0.45135176181793213,0.015330081805586815,0.18734222650527954,0.4300335943698883,0.7582653164863586,0.02240534871816635,0.027668070048093796,0.03945554047822952,0.1035880297422409,0.5300723314285278,0.043582484126091,0.000690982851665467,0.05774775519967079,0.0629410371184349,0.00952497124671936,0.03531919792294502,0.002904180670157075,0.33279475569725037,0.22005952894687653,7.541244121966884e-05,0.20261666178703308,0.7255102396011353,0.4349798560142517,0.43646085262298584,0.6933495402336121,0.3840365707874298,0.6588287949562073,0.5983197093009949,0.6552079319953918,0.8040963411331177,0.6606497168540955,1.2085869312286377,0.45810315012931824,0.1801145374774933,0.3774922490119934,1.1074572801589966,1.3700366020202637,0.3144260048866272,0.6073422431945801,0.14855323731899261,0.21855250000953674,0.07806681096553802,0.30062976479530334,2.3253114223480225,0.5801773071289062,0.253202348947525,0.5624350309371948,0.20374593138694763,0.2267371565103531,1.0093910694122314,0.599647045135498,1.0365415811538696,0.24125809967517853,0.23089160025119781,0.1691698580980301,0.24929103255271912,0.1664748638868332,1.2013148069381714,0.307908833026886,0.8063275218009949,0.881790816783905,0.7642359137535095,0.1669096201658249,0.7631862163543701,0.5603992938995361,0.19742102921009064,0.3297664523124695,0.06366758793592453,0.19327859580516815,0.24676349759101868,0.23745740950107574,0.07415801286697388,0.18443013727664948,0.1930379867553711,0.08622820675373077,0.16563615202903748,0.5865600109100342,0.08313313871622086,0.5291398167610168,0.05905298516154289,0.779482364654541,0.4697697162628174,0.2709815800189972,0.35510769486427307,0.6076536178588867,0.5117127895355225,0.6059004664421082,0.4237401485443115,0.5794535279273987,0.3980284333229065,1.3899675607681274,0.1859658807516098,1.0205254554748535,0.20209640264511108,0.1603061854839325,0.22034169733524323,0.06914886832237244,0.43932440876960754,0.19847483932971954,0.30660104751586914,0.3213016092777252,0.2939392626285553,0.5622053742408752,0.6843588352203369,0.21665063500404358,1.0446648597717285,0.14554153382778168,0.19222861528396606,0.29828551411628723,0.7124934792518616,0.19287744164466858,0.42726999521255493,0.3745858669281006,0.4835461676120758,-0.04107276350259781
Popescu,F30,14.428571428571429,innate_lymphoid,419,0.27481353282928467,0.12257784605026245,0.3655429780483246,0.07163937389850616,0.14933975040912628,0.03544354811310768,0.6544654965400696,0.19378043711185455,0.006123911589384079,0.04319656640291214,0.03965101018548012,0.2552949786186218,0.2683468163013458,0.25072187185287476,0.11288169026374817,0.12920276820659637,0.08269727230072021,0.1451529860496521,0.4657634198665619,0.005646762903779745,0.13700149953365326,0.3191671669483185,0.42938005924224854,0.04522435739636421,0.039799563586711884,0.0,0.0843750610947609,0.2937850058078766,0.05305936187505722,0.005042743403464556,0.05886426568031311,0.3163388669490814,0.017636649310588837,0.06773883104324341,0.0067611513659358025,0.13730761408805847,0.06653483211994171,0.0,0.05911162123084068,0.5958079099655151,0.15673910081386566,0.28498947620391846,0.23625075817108154,0.08498683571815491,0.6009892821311951,0.12021222710609436,0.16222134232521057,0.17589116096496582,0.2857460677623749,0.4576457440853119,0.3374420702457428,0.14127616584300995,0.13895267248153687,0.5851163864135742,0.8139415383338928,0.22594475746154785,0.2112797647714615,0.09250012785196304,0.14646930992603302,0.02841980941593647,0.22135086357593536,1.6715608835220337,0.21967072784900665,0.15875259041786194,0.1985640823841095,0.10081995278596878,0.14909443259239197,0.740313708782196,0.2588375210762024,0.6121111512184143,0.13149358332157135,0.18228985369205475,0.07386628538370132,0.08028331398963928,0.09001525491476059,0.8871515393257141,0.1932525336742401,0.5906240344047546,0.4177933931350708,0.2448628693819046,0.09426681697368622,0.3999520242214203,0.4086666405200958,0.07349079102277756,0.1731521338224411,0.002038512611761689,0.059440258890390396,0.04291428253054619,0.21761928498744965,0.02281089313328266,0.051297977566719055,0.0470273420214653,0.06959962844848633,0.030709153041243553,0.11623915284872055,0.015187135897576809,0.08583749830722809,0.020179059356451035,0.1838909387588501,0.28675296902656555,0.08159681409597397,0.05880053713917732,0.24959242343902588,0.09593389183282852,0.17784613370895386,0.16546666622161865,0.14869502186775208,0.13744507730007172,0.651441752910614,0.026712972670793533,0.4043247103691101,0.056030165404081345,0.042344752699136734,0.10993655025959015,0.018085191026329994,0.15638069808483124,0.07075732946395874,0.17186862230300903,0.2070542424917221,0.08039675652980804,0.208860844373703,0.2756398618221283,0.12824110686779022,0.4572511315345764,0.08301662653684616,0.05621408298611641,0.10092823207378387,0.4461400806903839,0.0775347426533699,-0.172623410820961,-0.25989076495170593,-0.07940609753131866,-0.04379969835281372
Popescu,F30,14.428571428571429,macrophage,3517,0.23973692953586578,0.06438487768173218,0.12272065877914429,0.03503739833831787,0.07764503359794617,0.005578330252319574,0.44235852360725403,0.0763871893286705,0.0013035116717219353,0.0384540893137455,0.025589872151613235,0.002387109911069274,0.5772198438644409,0.3463284969329834,0.09595661610364914,0.12880708277225494,0.3429047763347626,0.11969412118196487,0.5814773440361023,0.013415375724434853,0.23086237907409668,0.642009437084198,1.6480610370635986,0.1888786256313324,0.020308054983615875,0.023723363876342773,0.06136206537485123,0.25085774064064026,0.2860771119594574,0.00588938407599926,0.030997173860669136,0.2661825716495514,0.07963469624519348,0.05623789131641388,0.07122548669576645,0.07568570226430893,0.06662410497665405,0.02654380165040493,0.020303215831518173,0.3636365830898285,0.06109842285513878,0.03099086880683899,0.03282963111996651,0.016663167625665665,0.19230224192142487,0.029263172298669815,0.029378443956375122,0.01991877891123295,0.09967172890901566,0.0801590159535408,0.03394036367535591,0.009605330415070057,0.10355672985315323,0.33304738998413086,0.29214614629745483,0.13050886988639832,0.02260664664208889,0.02690786123275757,0.09067252278327942,0.03522477298974991,0.02651454135775566,0.9462018609046936,0.05046660453081131,0.024350613355636597,0.09530054032802582,0.010875709354877472,0.015063479542732239,0.41993439197540283,0.031152646988630295,0.07287918776273727,0.04436933994293213,0.022109782323241234,0.007312237750738859,0.01301502250134945,0.06193668767809868,0.2624104917049408,0.09021426737308502,0.29601994156837463,0.0846455916762352,0.03634210675954819,0.012482242658734322,0.060093510895967484,0.05967618525028229,0.020458148792386055,0.08702660351991653,0.002065409906208515,0.00390112423337996,0.005412934347987175,0.013145173899829388,0.002526616444811225,0.0021043040324002504,0.008599516935646534,0.005327277351170778,0.004177810624241829,0.018679920583963394,0.007940629497170448,0.01195921003818512,0.004337576683610678,0.08182277530431747,0.02332443743944168,0.0043431115336716175,0.012517111375927925,0.034696586430072784,0.021278509870171547,0.20045243203639984,0.05656351149082184,0.14850614964962006,0.03183490037918091,0.34643852710723877,0.010124081745743752,0.12406367063522339,0.03989238291978836,0.020959606394171715,0.12001010775566101,0.004697524942457676,0.03500546142458916,0.006609336473047733,0.07992130517959595,0.05453537032008171,0.038869597017765045,0.0869896411895752,0.03946295008063316,0.1020306646823883,0.05855545774102211,0.04670196771621704,0.011459496803581715,0.013356614857912064,0.1499672532081604,0.012299323454499245,-0.5013629794120789,-0.5081161260604858,-0.49414950609207153,0.044624991714954376
Popescu,F30,14.428571428571429,neutrophil,36,0.3721266984939575,0.16261810064315796,0.12683017551898956,0.0,0.25758597254753113,0.04331319034099579,0.511817991733551,0.04338876157999039,0.0,0.07804163545370102,0.04570022225379944,0.0,0.32781386375427246,0.09678566455841064,0.10245424509048462,0.18955712020397186,0.17428748309612274,0.1584262102842331,0.6636113524436951,0.02083587273955345,0.09535840153694153,0.40107589960098267,0.2675780653953552,0.029060032218694687,0.0627836138010025,0.04306049644947052,0.0924471765756607,0.37323981523513794,0.031217357143759727,0.044985998421907425,0.10542890429496765,0.07335468381643295,0.0,0.06193653121590614,0.10529111325740814,0.28747886419296265,0.09609675407409668,0.0,0.09234935790300369,0.5024774670600891,0.16265273094177246,0.23133856058120728,0.29203617572784424,0.16372010111808777,0.5353505611419678,0.2860942482948303,0.30401742458343506,0.29721808433532715,0.20059625804424286,0.7213732004165649,0.23320123553276062,0.015091310255229473,0.14629411697387695,0.9444414973258972,0.8806295394897461,0.26849138736724854,0.16072909533977509,0.09126939624547958,0.137736976146698,0.02083587273955345,0.1714986115694046,1.7331401109695435,0.2773282527923584,0.10174337029457092,0.35163500905036926,0.11864015460014343,0.21643441915512085,0.8461257815361023,0.355029433965683,0.6177512407302856,0.29204973578453064,0.07420477271080017,0.12246176600456238,0.17656810581684113,0.08832401782274246,0.6755270957946777,0.22354096174240112,0.6362790465354919,0.5775180459022522,0.3959953486919403,0.06116268411278725,0.4024316072463989,0.35108134150505066,0.11761535704135895,0.2123311161994934,0.012600328773260117,0.16553717851638794,0.0861910879611969,0.5972394347190857,0.08034887909889221,0.06887304782867432,0.11468895524740219,0.010730024427175522,0.02683330327272415,0.2047678530216217,0.11183452606201172,0.3405609428882599,0.11805310845375061,0.4322885274887085,0.5428703427314758,0.20409616827964783,0.31981298327445984,0.4422007203102112,0.2212381660938263,0.39591026306152344,0.4080806076526642,0.40602073073387146,0.17028218507766724,1.1778171062469482,0.05414976552128792,0.623561441898346,0.11346512287855148,0.13880901038646698,0.1805029958486557,0.1041344553232193,0.2802214026451111,0.14485031366348267,0.18457002937793732,0.27865564823150635,0.15433689951896667,0.47330209612846375,0.36654913425445557,0.1524326205253601,0.6284555196762085,0.07285065203905106,0.31632837653160095,0.1459478735923767,0.5369975566864014,0.15692751109600067,0.04094256833195686,0.0865335762500763,-0.007756928447633982,-0.024242540821433067
Popescu,F30,14.428571428571429,stem_progenitor,249,0.4064437747001648,0.20246261358261108,0.16467653214931488,0.054208435118198395,0.28410646319389343,0.0275890976190567,0.6911430954933167,0.1315355896949768,0.006001916714012623,0.10188347101211548,0.0044928500428795815,0.0,0.4820738136768341,0.3759692311286926,0.05923693999648094,0.21851706504821777,0.06538020074367523,0.1383020132780075,0.5256171226501465,0.002281981986016035,0.012105260044336319,0.5325447916984558,0.6739153861999512,0.0332973450422287,0.027726566419005394,0.020788641646504402,0.1444607526063919,0.43229907751083374,0.1826051026582718,0.016756828874349594,0.062010906636714935,0.11376947164535522,0.013886340893805027,0.06300564110279083,0.017187107354402542,0.30539149045944214,0.07215838134288788,0.0,0.06707482039928436,0.4166454076766968,0.11547714471817017,0.25550156831741333,0.26030102372169495,0.1636694371700287,0.48560023307800293,0.22995837032794952,0.2698991596698761,0.24069435894489288,0.25725507736206055,0.5520133376121521,0.2513931691646576,0.09103314578533173,0.24282227456569672,0.7722243070602417,0.9464858770370483,0.25145211815834045,0.18711790442466736,0.05127352848649025,0.1839572936296463,0.016527334228157997,0.1504625827074051,1.3202239274978638,0.2034187763929367,0.1129312813282013,0.23702338337898254,0.07956808060407639,0.12102127075195312,0.638710618019104,0.40773454308509827,0.42134830355644226,0.15428610146045685,0.14296238124370575,0.06824087351560593,0.11135909706354141,0.07520242035388947,0.6060125231742859,0.2560693919658661,0.6351883411407471,0.3842966556549072,0.3449552357196808,0.07224961370229721,0.4090685248374939,0.3177439272403717,0.1629423201084137,0.32512232661247253,0.01034335047006607,0.13757114112377167,0.1489255577325821,0.8765466213226318,0.050329070538282394,0.12144007533788681,0.16332967579364777,0.03680502250790596,0.03849884495139122,0.23515944182872772,0.05885231867432594,0.363257497549057,0.04527832567691803,0.38705554604530334,0.5157046914100647,0.1505156010389328,0.28798457980155945,0.563832700252533,0.301623672246933,0.5119828581809998,0.27215999364852905,0.34098657965660095,0.2999744415283203,1.3207160234451294,0.09589390456676483,0.618756115436554,0.1426626294851303,0.10141069442033768,0.16043688356876373,0.05333707481622696,0.41464170813560486,0.12298016995191574,0.14701324701309204,0.2825634181499481,0.13047188520431519,0.3529471457004547,0.17591868340969086,0.21488168835639954,0.7242988348007202,0.07305710762739182,0.22735638916492462,0.26137351989746094,0.5667423009872437,0.13949896395206451,0.015411407686769962,0.11099666357040405,-0.0866910070180893,0.025716621428728104
Popescu,F32,7.857142857142857,erythroid,2616,0.35138648748397827,0.1110907718539238,0.21600961685180664,0.02356666326522827,0.18176783621311188,0.037024494260549545,0.2684374749660492,0.020703043788671494,0.008671404793858528,0.10420352965593338,0.0009387764148414135,0.00024182687047868967,0.10584749281406403,0.02385632134974003,0.07074474543333054,0.22748073935508728,0.017771797254681587,0.2194928228855133,0.47788524627685547,0.02063565142452717,0.28061333298683167,0.30116966366767883,0.5655565857887268,0.03775622695684433,0.03320476785302162,0.052025213837623596,0.10171368718147278,0.4994491934776306,0.02697472833096981,0.0009910719236359,0.07910247147083282,0.07632675021886826,0.009861835278570652,0.017937496304512024,0.0034988229162991047,0.36686235666275024,0.20012269914150238,0.0009977848967537284,0.12019919604063034,0.7204660773277283,0.4415929913520813,0.49218618869781494,0.8537153601646423,0.23015490174293518,0.6305064558982849,0.5679213404655457,0.7240447402000427,0.9210768938064575,0.804043173789978,0.9660532474517822,0.4083987772464752,0.1600068360567093,0.24104654788970947,1.0661927461624146,1.1858537197113037,0.2694445252418518,0.47040218114852905,0.10757681727409363,0.22385263442993164,0.055889230221509933,0.24521000683307648,2.544050693511963,0.45618098974227905,0.1691058725118637,0.4772249758243561,0.1834852397441864,0.23538142442703247,0.6783948540687561,0.6498465538024902,0.7950901389122009,0.20244573056697845,0.21551735699176788,0.18972036242485046,0.33579644560813904,0.22571365535259247,1.1248443126678467,0.43740805983543396,0.7401675581932068,0.9838641285896301,0.5408688187599182,0.12259804457426071,0.7261267304420471,0.41910481452941895,0.15110115706920624,0.2475414276123047,0.0801224559545517,0.2332667112350464,0.2777881324291229,0.3095720708370209,0.11400101333856583,0.19356179237365723,0.245507150888443,0.07622754573822021,0.14423413574695587,0.6488248705863953,0.10900866240262985,0.6340336799621582,0.0875663161277771,0.7551066279411316,0.3926440179347992,0.2553263306617737,0.4780168831348419,0.6893376111984253,0.48534655570983887,0.8141196966171265,0.4596044421195984,0.3723982572555542,0.3248339891433716,1.0692802667617798,0.21738091111183167,1.1949396133422852,0.12435135245323181,0.16839157044887543,0.22344446182250977,0.04444006457924843,0.39019468426704407,0.23357461392879486,0.31957754492759705,0.37936273217201233,0.397988498210907,0.6123570203781128,1.0630637407302856,0.18999923765659332,1.2036590576171875,0.17368213832378387,0.34390658140182495,0.29492971301078796,0.608866810798645,0.23546242713928223,0.40469855070114136,0.41632622480392456,0.39227813482284546,-0.06584883481264114
Popescu,F32,7.857142857142857,innate_lymphoid,234,0.2727034091949463,0.09717455506324768,0.5060190558433533,0.08077870309352875,0.2165062129497528,0.02814362198114395,0.5496974587440491,0.1331242471933365,0.0,0.06361927092075348,0.0826837569475174,0.32560300827026367,0.29714128375053406,0.2427690625190735,0.18582792580127716,0.17739684879779816,0.08211597800254822,0.29932671785354614,0.7165656089782715,0.02873147651553154,0.2105555683374405,0.5695990920066833,0.4599284529685974,0.03663308545947075,0.06051130220293999,0.03932374715805054,0.10648580640554428,0.40721601247787476,0.0646081492304802,0.004974856972694397,0.0849672332406044,0.25398942828178406,0.016557255759835243,0.019652100279927254,0.01991419866681099,0.4863637387752533,0.07153528183698654,0.004410067107528448,0.05021506920456886,0.6533954739570618,0.1704324185848236,0.31095990538597107,0.3487170934677124,0.0789870172739029,0.6744470596313477,0.18196456134319305,0.2301158756017685,0.3191496729850769,0.3505513668060303,0.39117851853370667,0.400938481092453,0.09165216237306595,0.13139218091964722,0.6692386865615845,0.7182633876800537,0.25759997963905334,0.17988638579845428,0.055069297552108765,0.11972363293170929,0.01916893571615219,0.18724820017814636,1.6898406744003296,0.11598891019821167,0.11500097811222076,0.21455399692058563,0.08163619041442871,0.15333345532417297,0.4696095883846283,0.3650268614292145,0.42172929644584656,0.2053607553243637,0.1252354085445404,0.07461089640855789,0.15687792003154755,0.12557008862495422,0.605128824710846,0.2474602907896042,0.5845199227333069,0.542148768901825,0.2531117796897888,0.05005766451358795,0.39999285340309143,0.2819555699825287,0.10715726017951965,0.13587573170661926,0.010218728333711624,0.11055373400449753,0.0627150610089302,0.3091360628604889,0.03459422290325165,0.05710224807262421,0.09584446996450424,0.03164974972605705,0.021507689729332924,0.23762007057666779,0.046295251697301865,0.2679511308670044,0.04086039215326309,0.255073219537735,0.40139901638031006,0.07622156292200089,0.2853067219257355,0.39284148812294006,0.26522716879844666,0.5920138359069824,0.2277335822582245,0.27325302362442017,0.16659989953041077,0.7593377828598022,0.037962425500154495,0.6014708876609802,0.0895068570971489,0.09566711634397507,0.1405113786458969,0.04337124526500702,0.15748533606529236,0.15067614614963531,0.1518568992614746,0.30516353249549866,0.11940809339284897,0.3033517003059387,0.4569469392299652,0.12651553750038147,0.7975407242774963,0.10608837008476257,0.24381454288959503,0.18923518061637878,0.42294591665267944,0.13283757865428925,-0.07523473352193832,-0.07223537564277649,-0.07843860238790512,0.11335728317499161
Popescu,F32,7.857142857142857,macrophage,2156,0.28656673431396484,0.07581277936697006,0.14351695775985718,0.04695599153637886,0.12235667556524277,0.009511216543614864,0.32358285784721375,0.058419082313776016,0.00606031809002161,0.07846782356500626,0.016134856268763542,0.0010668368777260184,0.9682209491729736,0.24491146206855774,0.16003848612308502,0.1662631332874298,0.1429944932460785,0.16894356906414032,0.8933003544807434,0.04252331703901291,0.11756084859371185,0.8610042929649353,0.8983826637268066,0.05638403072953224,0.025487259030342102,0.04295836016535759,0.09617747366428375,0.36393389105796814,0.3019484579563141,0.013833556324243546,0.08239550143480301,0.2914542853832245,0.03613315895199776,0.09484449774026871,0.18841338157653809,0.20840533077716827,0.05036146193742752,0.0591430626809597,0.047542836517095566,0.23717918992042542,0.05598129704594612,0.08282478898763657,0.1064363420009613,0.03740740939974785,0.2816915214061737,0.07816717028617859,0.0807771161198616,0.09033176302909851,0.21869723498821259,0.1266186535358429,0.07362483441829681,0.020904604345560074,0.1533048152923584,0.38856613636016846,0.4723801910877228,0.15325921773910522,0.044657159596681595,0.03958777338266373,0.10547803342342377,0.08726034313440323,0.04615988954901695,0.7269502878189087,0.07180105149745941,0.03507391735911369,0.12007416039705276,0.025545349344611168,0.03599817305803299,0.4943230450153351,0.09036137908697128,0.1316125988960266,0.07669899612665176,0.03475052863359451,0.026323417201638222,0.05141688138246536,0.1063048243522644,0.22231625020503998,0.1945643424987793,0.3108229637145996,0.2800739109516144,0.07152273505926132,0.03136565536260605,0.16404907405376434,0.0553341768682003,0.03699507936835289,0.08111034333705902,0.009503573179244995,0.02378651686012745,0.02524789609014988,0.04162263870239258,0.01614500768482685,0.010698199272155762,0.030221002176404,0.015390006825327873,0.00849174801260233,0.06832988560199738,0.03765343874692917,0.05609246343374252,0.01214165985584259,0.2024681121110916,0.056230828166007996,0.020405709743499756,0.07431454956531525,0.12938247621059418,0.0784139558672905,0.3803353011608124,0.125163272023201,0.19781634211540222,0.05744586139917374,0.3633701503276825,0.018575629219412804,0.296771377325058,0.042685214430093765,0.031024646013975143,0.09125497937202454,0.013278188183903694,0.05565766617655754,0.02537800930440426,0.13983459770679474,0.14164622128009796,0.05821274593472481,0.12150032818317413,0.13596943020820618,0.08132560551166534,0.18480651080608368,0.0822431892156601,0.0759098082780838,0.046493832021951675,0.1670641303062439,0.034485187381505966,-0.406160831451416,-0.4094599485397339,-0.40263670682907104,0.09435034543275833
Popescu,F32,7.857142857142857,neutrophil,32,0.34605759382247925,0.12787781655788422,0.12177187949419022,0.013232450932264328,0.17955684661865234,0.023127909749746323,0.4228081703186035,0.02382640354335308,0.0,0.08902224898338318,0.0,0.0,0.554648756980896,0.14120711386203766,0.03183838725090027,0.12180451303720474,0.16337774693965912,0.12265567481517792,0.46362000703811646,0.02763402834534645,0.05864938721060753,0.6448713541030884,0.3050607740879059,0.030730750411748886,0.04848469793796539,0.10680092871189117,0.08825670182704926,0.3830070495605469,0.10284659266471863,0.0,0.11828292906284332,0.1679556965827942,0.020181460306048393,0.01962909661233425,0.08112429082393646,0.2751009166240692,0.044733062386512756,0.0,0.08921800553798676,0.6670904159545898,0.2631625831127167,0.2907745838165283,0.35971516370773315,0.09954194724559784,0.5399554967880249,0.20414549112319946,0.39363300800323486,0.40932464599609375,0.2910749316215515,0.4861401915550232,0.20038290321826935,0.060324374586343765,0.23365671932697296,0.8324377536773682,1.0816450119018555,0.17015382647514343,0.19393020868301392,0.06137495115399361,0.17584794759750366,0.0,0.1241597980260849,1.8357043266296387,0.19345137476921082,0.12517839670181274,0.23573939502239227,0.06110610440373421,0.10134750604629517,0.4896804988384247,0.4701564311981201,0.46704185009002686,0.19196397066116333,0.12050876766443253,0.0982499048113823,0.22933009266853333,0.11718431860208511,0.6724016666412354,0.44339731335639954,0.5976420044898987,0.7826152443885803,0.22228428721427917,0.04796389862895012,0.7431241273880005,0.30562707781791687,0.059232085943222046,0.1103501170873642,0.0,0.09329041838645935,0.09749629348516464,0.6022599935531616,0.08373512327671051,0.05649664252996445,0.10103312134742737,0.020389385521411896,0.03801700100302696,0.09786327183246613,0.12896151840686798,0.3092367351055145,0.03583400696516037,0.30666476488113403,0.39135289192199707,0.13258764147758484,0.32887139916419983,0.43790119886398315,0.4452156722545624,0.587293267250061,0.36806851625442505,0.30569902062416077,0.12833288311958313,0.9567556977272034,0.14775295555591583,0.730065643787384,0.08641650527715683,0.1672484576702118,0.06420933455228806,0.07555830478668213,0.23815622925758362,0.20012202858924866,0.1590951383113861,0.34723350405693054,0.22449979186058044,0.4125972390174866,0.40021800994873047,0.06618396937847137,0.9409387111663818,0.10674553364515305,0.5926738977432251,0.23631104826927185,0.324508935213089,0.15533530712127686,0.024309903383255005,0.05929141491651535,-0.013056675903499126,-0.05834429711103439
Popescu,F32,7.857142857142857,stem_progenitor,259,0.27705129981040955,0.24836218357086182,0.14628930389881134,0.11824753135442734,0.2861938178539276,0.023764360696077347,0.5173554420471191,0.0732957124710083,0.009899655357003212,0.12449557334184647,0.008700219914317131,0.0010822191834449768,0.6788786053657532,0.41646862030029297,0.05366486683487892,0.1753225177526474,0.03574031963944435,0.18579311668872833,0.6116670370101929,0.007470076438039541,0.030768781900405884,0.65678870677948,0.6958684325218201,0.03855451941490173,0.04948568344116211,0.02362508326768875,0.15942351520061493,0.48784804344177246,0.13269314169883728,0.02881491929292679,0.08215656876564026,0.19385655224323273,0.010635017417371273,0.0455622635781765,0.034594789147377014,0.45003971457481384,0.06513823568820953,0.006632587872445583,0.04859618470072746,0.37085938453674316,0.1296369731426239,0.2131122648715973,0.2397492378950119,0.08156685531139374,0.5783641934394836,0.22251971065998077,0.24030548334121704,0.23443609476089478,0.29758837819099426,0.3375850319862366,0.26037415862083435,0.07125008851289749,0.12627077102661133,0.688093364238739,0.8912074565887451,0.24605616927146912,0.11705394089221954,0.025419536978006363,0.1320374310016632,0.008545546792447567,0.10878194868564606,1.4516714811325073,0.10907749831676483,0.07161101698875427,0.19119113683700562,0.06027637794613838,0.10251089185476303,0.34522250294685364,0.48163044452667236,0.22184787690639496,0.10119251906871796,0.12243986129760742,0.09086323529481888,0.09598832577466965,0.11422138661146164,0.39746251702308655,0.32135117053985596,0.48909202218055725,0.3638097047805786,0.21892765164375305,0.059783462435007095,0.39870232343673706,0.18562357127666473,0.09816953539848328,0.1590040624141693,0.008238276466727257,0.11499661952257156,0.14072613418102264,0.8942419290542603,0.07829099893569946,0.12677982449531555,0.11464033275842667,0.01775190979242325,0.052820634096860886,0.25025537610054016,0.05923498794436455,0.3507464826107025,0.04525948315858841,0.41738590598106384,0.3627122938632965,0.12797977030277252,0.3986068367958069,0.644651472568512,0.2804473042488098,0.6529008746147156,0.32691460847854614,0.24754397571086884,0.24426965415477753,0.9762673377990723,0.06470892578363419,0.6600125432014465,0.08082373440265656,0.11761295050382614,0.1492915153503418,0.05813917517662048,0.346403568983078,0.13484764099121094,0.1885383576154709,0.3408234417438507,0.16399410367012024,0.34573107957839966,0.21432431042194366,0.19409874081611633,0.8645604252815247,0.12185745686292648,0.4084053635597229,0.395679771900177,0.36552542448043823,0.13499115407466888,-0.04073348641395569,0.08944250643253326,-0.17978507280349731,0.07397649437189102
Popescu,F33,9.714285714285714,erythroid,4365,0.3031572103500366,0.10370393097400665,0.19346000254154205,0.024591071531176567,0.21291469037532806,0.030749622732400894,0.23024830222129822,0.03827051445841789,0.006504260469228029,0.09933677315711975,0.0015665903920307755,0.00015915860421955585,0.08831293880939484,0.015651604160666466,0.08447965979576111,0.17705956101417542,0.013309088535606861,0.2034538984298706,0.5734731554985046,0.022908343002200127,0.18643203377723694,0.4385026693344116,0.761730432510376,0.030445629730820656,0.02963845245540142,0.04085627570748329,0.0921313464641571,0.48114803433418274,0.03617819398641586,0.001501623191870749,0.0750860869884491,0.0762907937169075,0.008101505227386951,0.020392876118421555,0.00456977728754282,0.29147374629974365,0.16867275536060333,0.0018255887553095818,0.09368175268173218,0.6360090970993042,0.3862019181251526,0.47756877541542053,0.7144840955734253,0.18887941539287567,0.6299014687538147,0.5331161618232727,0.6602976322174072,0.8710692524909973,0.6510962843894958,0.8715596199035645,0.3515872657299042,0.15828490257263184,0.1866363137960434,1.1113393306732178,1.465114712715149,0.19434182345867157,0.3360660672187805,0.07537791877985,0.1314907819032669,0.0465671680867672,0.21787883341312408,2.355208396911621,0.4366632103919983,0.13481464982032776,0.3932046890258789,0.15203329920768738,0.1495354324579239,0.5671392679214478,0.5090889930725098,0.7842640280723572,0.1820012927055359,0.19563661515712738,0.14596989750862122,0.35970768332481384,0.172942653298378,1.0731695890426636,0.3222004771232605,0.6011391878128052,0.634049117565155,0.4698503315448761,0.0913853794336319,0.8914560675621033,0.3507857918739319,0.10737412422895432,0.2265610247850418,0.079461969435215,0.20480890572071075,0.20762012898921967,0.2944537103176117,0.09031164646148682,0.16742224991321564,0.19164377450942993,0.06499090790748596,0.10804570466279984,0.6498931646347046,0.09594593942165375,0.6784983277320862,0.07708639651536942,0.7643219828605652,0.3489210605621338,0.19826340675354004,0.324485182762146,0.5126478672027588,0.3920319974422455,0.5871327519416809,0.3033832013607025,0.6828542351722717,0.2224743664264679,0.9888726472854614,0.13924603164196014,0.9837755560874939,0.06656652688980103,0.13995175063610077,0.15605570375919342,0.042495857924222946,0.3022749423980713,0.1921577751636505,0.26202741265296936,0.3306322991847992,0.24403278529644012,0.43952879309654236,0.8816434741020203,0.19987168908119202,1.111959457397461,0.11657194793224335,0.2357815057039261,0.2973984479904175,0.49081650376319885,0.17259164154529572,0.24996331334114075,0.24245356023311615,0.25798511505126953,-0.08038146048784256
Popescu,F33,9.714285714285714,innate_lymphoid,2316,0.22077396512031555,0.114602230489254,0.2989450991153717,0.08018763363361359,0.1774987280368805,0.01977318897843361,0.5140120983123779,0.15305350720882416,0.0031960320193320513,0.06161411479115486,0.03176933899521828,0.24126079678535461,0.30664265155792236,0.2486351877450943,0.16317571699619293,0.14002010226249695,0.05417534336447716,0.2408473938703537,0.6823128461837769,0.010688427835702896,0.1433408260345459,0.555125892162323,0.2324383407831192,0.06262147426605225,0.045525070279836655,0.017358064651489258,0.09296828508377075,0.38635170459747314,0.04756182059645653,0.0029245747718960047,0.11782389134168625,0.28205540776252747,0.025714127346873283,0.031988270580768585,0.038144830614328384,0.3327215611934662,0.0549851655960083,0.0030876589007675648,0.0413672998547554,0.6109227538108826,0.1485147923231125,0.3080942928791046,0.2902030646800995,0.06184957176446915,0.6793123483657837,0.18671640753746033,0.2032749503850937,0.24203048646450043,0.3067334294319153,0.309802383184433,0.33721745014190674,0.08927438408136368,0.11995849758386612,0.6368699073791504,0.7728912830352783,0.14295029640197754,0.12001992762088776,0.061566583812236786,0.08053909987211227,0.017142420634627342,0.1727236956357956,1.3829210996627808,0.1312650591135025,0.09634554386138916,0.16472554206848145,0.07754901051521301,0.1167794018983841,0.38947629928588867,0.3060554265975952,0.4362734854221344,0.1404435783624649,0.11293866485357285,0.08011413365602493,0.15596571564674377,0.1266029328107834,0.6310397386550903,0.24266545474529266,0.4946318566799164,0.36908480525016785,0.2257111370563507,0.04130895063281059,0.45415177941322327,0.21859575808048248,0.06392113864421844,0.1523013710975647,0.010378475300967693,0.10515449196100235,0.08053621649742126,0.23805291950702667,0.04964743182063103,0.07114647328853607,0.07456394284963608,0.029439188539981842,0.01979086734354496,0.3146616220474243,0.04045771062374115,0.27119511365890503,0.03532211855053902,0.25447291135787964,0.2878175377845764,0.07400636374950409,0.22903504967689514,0.37592780590057373,0.16847121715545654,0.47332921624183655,0.2036520093679428,0.3438922166824341,0.13133768737316132,0.7273774743080139,0.03720192238688469,0.6284242868423462,0.03710280731320381,0.10286832600831985,0.10214311629533768,0.020214702934026718,0.13373999297618866,0.14051973819732666,0.153728187084198,0.31633296608924866,0.07670469582080841,0.22472842037677765,0.37760254740715027,0.15955035388469696,0.6942681670188904,0.08549980819225311,0.1759968250989914,0.21642109751701355,0.35321444272994995,0.11787690967321396,-0.14266765117645264,-0.13457365334033966,-0.15131349861621857,0.02139531448483467
Popescu,F33,9.714285714285714,macrophage,7528,0.24585963785648346,0.056855615228414536,0.11214888840913773,0.03806605190038681,0.1381358951330185,0.01184919849038124,0.30634474754333496,0.06424754112958908,0.003279258729889989,0.07347682118415833,0.019617130979895592,0.004398531746119261,0.9369338750839233,0.3832657039165497,0.19070635735988617,0.16590124368667603,0.09331419318914413,0.1576671004295349,0.8478010892868042,0.02034679241478443,0.06426254659891129,0.8081193566322327,0.76650071144104,0.04277801513671875,0.029388660565018654,0.03020627237856388,0.10820121318101883,0.3567969799041748,0.36113476753234863,0.018749216571450233,0.07069602608680725,0.27081915736198425,0.020305698737502098,0.0774061307311058,0.17515338957309723,0.15308554470539093,0.039353013038635254,0.06168179586529732,0.030704529955983162,0.16567577421665192,0.0525895394384861,0.058188486844301224,0.08460737764835358,0.02297276444733143,0.25942543148994446,0.0707961693406105,0.07491419464349747,0.06623895466327667,0.18270352482795715,0.08605723083019257,0.0572732575237751,0.01656629517674446,0.13295510411262512,0.4601888060569763,0.4787890315055847,0.11386782675981522,0.026754576712846756,0.029590804129838943,0.06987139582633972,0.06659187376499176,0.0388156920671463,0.5525903701782227,0.06597830355167389,0.028455642983317375,0.12328428030014038,0.021392367780208588,0.025517825037240982,0.4864620268344879,0.06552811712026596,0.10180740803480148,0.06179484352469444,0.02512524276971817,0.018123529851436615,0.040595393627882004,0.08367066830396652,0.2063715010881424,0.13477016985416412,0.22962787747383118,0.15064899623394012,0.05549649894237518,0.021729817613959312,0.13183382153511047,0.05257894843816757,0.02020096406340599,0.09295654296875,0.012103760614991188,0.019515978172421455,0.022607121616601944,0.028611648827791214,0.010761374607682228,0.008800052106380463,0.022274978458881378,0.010857720859348774,0.00798760075122118,0.07496673613786697,0.025127403438091278,0.05196554213762283,0.010074863210320473,0.17460283637046814,0.04681159555912018,0.016367539763450623,0.04780478775501251,0.1096850335597992,0.05980139598250389,0.3709934651851654,0.08894060552120209,0.27268186211586,0.04469849541783333,0.3470430374145508,0.009017311967909336,0.2721041738986969,0.02875097654759884,0.056001368910074234,0.07440046966075897,0.018658621236681938,0.04706839472055435,0.025601079687476158,0.16371570527553558,0.11698221415281296,0.047495122998952866,0.09274543821811676,0.0928025022149086,0.09217097610235214,0.11964293569326401,0.06500160694122314,0.039710868149995804,0.04132933169603348,0.14184363186359406,0.022672919556498528,-0.4453080892562866,-0.43474504351615906,-0.4565913677215576,0.06195133551955223
Popescu,F33,9.714285714285714,neutrophil,91,0.26134756207466125,0.1522252857685089,0.1020849272608757,0.0219693835824728,0.16807322204113007,0.005443092435598373,0.2523365914821625,0.04300214722752571,0.003891219850629568,0.05587437376379967,0.01890493929386139,0.0,0.36996230483055115,0.16060899198055267,0.11334844678640366,0.1909618377685547,0.08037324249744415,0.09800410270690918,0.6848745942115784,0.014185909181833267,0.01162642054259777,0.5943472981452942,0.24506887793540955,0.02596832439303398,0.021546604111790657,0.029925869777798653,0.05276888608932495,0.25571209192276,0.037516720592975616,0.0,0.0469328798353672,0.1795451045036316,0.0032162221614271402,0.01732037030160427,0.08933631330728531,0.26591670513153076,0.11278767883777618,0.0027214104775339365,0.12336370348930359,0.4391731917858124,0.14516426622867584,0.2719217538833618,0.3793851137161255,0.09794379770755768,0.4469103217124939,0.2031124234199524,0.24712225794792175,0.35795366764068604,0.40138113498687744,0.28842392563819885,0.2556344270706177,0.03595623001456261,0.126084566116333,0.9223926067352295,0.9079499244689941,0.1245395764708519,0.09587295353412628,0.01877228543162346,0.06756799668073654,0.0027214104775339365,0.1367967426776886,1.82117760181427,0.20164689421653748,0.0816659927368164,0.2269609421491623,0.08634281158447266,0.07500961422920227,0.36327117681503296,0.31666895747184753,0.4237004518508911,0.18960534036159515,0.06640228629112244,0.04274721071124077,0.15412023663520813,0.12344148755073547,0.5239711999893188,0.24205657839775085,0.4740443825721741,0.4419766068458557,0.22608748078346252,0.06935413926839828,0.731071949005127,0.26533836126327515,0.10281196236610413,0.1149127259850502,0.04596010595560074,0.1382472664117813,0.19888626039028168,0.46440061926841736,0.10398641228675842,0.0651860386133194,0.17936813831329346,0.03898193687200546,0.061228569597005844,0.3885219693183899,0.11166291683912277,0.5286442637443542,0.05116721987724304,0.5069007873535156,0.3223457932472229,0.17879578471183777,0.32429322600364685,0.49801039695739746,0.3448091745376587,0.488688200712204,0.42338457703590393,0.5231980681419373,0.18691185116767883,0.9741169810295105,0.1200980544090271,0.8522912263870239,0.05623095855116844,0.09116032719612122,0.14873196184635162,0.0421718992292881,0.2014518529176712,0.1910109668970108,0.12264014780521393,0.26232168078422546,0.12917251884937286,0.3318990170955658,0.4532497227191925,0.22995290160179138,0.8745981454849243,0.06195346638560295,0.31710323691368103,0.26416996121406555,0.43260014057159424,0.10758095979690552,-0.02004173770546913,0.08982697874307632,-0.13740146160125732,-0.11649677902460098
Popescu,F33,9.714285714285714,stem_progenitor,292,0.2880348265171051,0.20329472422599792,0.14707621932029724,0.0886661484837532,0.23698969185352325,0.0358729362487793,0.42035916447639465,0.10175468772649765,0.010377098806202412,0.08829054236412048,0.010499007999897003,0.0,0.5747482180595398,0.21661967039108276,0.05843403562903404,0.17397452890872955,0.030252547934651375,0.1872035712003708,0.7347164154052734,0.008854498155415058,0.0363897942006588,0.6685386300086975,0.527757465839386,0.04520772770047188,0.0511479452252388,0.02987789176404476,0.13257627189159393,0.4812278747558594,0.11888826638460159,0.006698489189147949,0.08828891813755035,0.10239628702402115,0.009028371423482895,0.02104027383029461,0.02433553710579872,0.3237076997756958,0.04021158441901207,0.006660763639956713,0.047572311013936996,0.3693349063396454,0.16084761917591095,0.35406628251075745,0.3397960662841797,0.09573589265346527,0.5696044564247131,0.31314966082572937,0.41341128945350647,0.40817034244537354,0.34150683879852295,0.4094724655151367,0.24899804592132568,0.0862652063369751,0.13920021057128906,0.9201139807701111,1.0791528224945068,0.16801828145980835,0.12356197834014893,0.03207511082291603,0.0897337794303894,0.003695449559018016,0.14127862453460693,1.53818941116333,0.16768808662891388,0.08317204564809799,0.19784075021743774,0.05313009396195412,0.07726449519395828,0.30435675382614136,0.5110946893692017,0.29756301641464233,0.1405617892742157,0.11294077336788177,0.09292005747556686,0.1853952556848526,0.11677663773298264,0.5540564656257629,0.30213549733161926,0.4360933303833008,0.3212820589542389,0.2703096568584442,0.039991095662117004,0.6011648178100586,0.16836002469062805,0.07879238575696945,0.16759276390075684,0.028600167483091354,0.17679546773433685,0.15984919667243958,0.8302770256996155,0.10472899675369263,0.18477576971054077,0.15521802008152008,0.01279046293348074,0.045979734510183334,0.3960181176662445,0.07534864544868469,0.5078047513961792,0.05684642121195793,0.5806507468223572,0.3166787624359131,0.11717062443494797,0.32158687710762024,0.6235405206680298,0.23658710718154907,0.6196843981742859,0.29223743081092834,0.5441683530807495,0.1991758942604065,1.2396440505981445,0.08836385607719421,0.89751797914505,0.048304591327905655,0.11121626943349838,0.14886733889579773,0.04882447421550751,0.3076947331428528,0.2154567390680313,0.1937677264213562,0.38744214177131653,0.13952898979187012,0.30918362736701965,0.3137601613998413,0.24748767912387848,1.0620372295379639,0.09821250289678574,0.3622465133666992,0.38387277722358704,0.36301159858703613,0.10121917724609375,0.01935514621436596,0.14518605172634125,-0.11505509912967682,0.004917904268950224
Popescu,F34,8.142857142857142,erythroid,4184,0.336290568113327,0.11721745878458023,0.19371242821216583,0.02601173147559166,0.20353473722934723,0.039094772189855576,0.2472531795501709,0.03573310002684593,0.008515053428709507,0.13906458020210266,0.001916720299050212,0.00013094008318148553,0.09748989343643188,0.02351819910109043,0.0762900710105896,0.22873026132583618,0.015144053846597672,0.2186860889196396,0.5214748978614807,0.01886315643787384,0.18210133910179138,0.36078765988349915,0.7308986186981201,0.03380240872502327,0.03282759711146355,0.054144348949193954,0.08973518759012222,0.48278629779815674,0.03748839721083641,0.0011240605963394046,0.0756809189915657,0.1190081462264061,0.008551336824893951,0.024283166974782944,0.0036444212310016155,0.39181607961654663,0.18801279366016388,0.0012122316984459758,0.10459934920072556,0.6745128035545349,0.4775066673755646,0.5397335886955261,0.839620053768158,0.20079141855239868,0.6584459543228149,0.5854325294494629,0.6815722584724426,0.9523088335990906,0.678754985332489,0.8543921709060669,0.39418014883995056,0.1719970703125,0.21338944137096405,1.0339275598526,1.3086442947387695,0.23520104587078094,0.40103980898857117,0.0900304764509201,0.17355801165103912,0.036850959062576294,0.2532555162906647,2.2924327850341797,0.48377731442451477,0.16097158193588257,0.4430399239063263,0.1812593638896942,0.2025127410888672,0.6509552597999573,0.5656878352165222,0.708271861076355,0.20029284060001373,0.2451765239238739,0.1401452273130417,0.40152570605278015,0.23171763122081757,1.0927363634109497,0.4258705973625183,0.6294302344322205,0.8916355967521667,0.5227992534637451,0.12127581238746643,0.7758039236068726,0.3541305363178253,0.14618486166000366,0.21906542778015137,0.10093038529157639,0.23820441961288452,0.26503804326057434,0.3474079966545105,0.10275069624185562,0.2260812520980835,0.21252822875976562,0.08355438709259033,0.144212007522583,0.7053431272506714,0.11578505486249924,0.6746330857276917,0.11032537370920181,0.7898772954940796,0.381630003452301,0.23278722167015076,0.4293946325778961,0.6796694397926331,0.5003703832626343,0.7609114050865173,0.43275418877601624,0.5367622971534729,0.2877565324306488,1.128082275390625,0.1801854372024536,1.1645971536636353,0.0939168781042099,0.19836872816085815,0.1905483454465866,0.059545617550611496,0.3157121241092682,0.22957445681095123,0.26791396737098694,0.37527331709861755,0.34458059072494507,0.5516736507415771,0.948976457118988,0.21518975496292114,1.3828176259994507,0.13719984889030457,0.31386661529541016,0.30210989713668823,0.5249766707420349,0.21001414954662323,0.3698461949825287,0.39475175738334656,0.3432425260543823,-0.054255079478025436
Popescu,F34,8.142857142857142,innate_lymphoid,1362,0.2566675841808319,0.12609410285949707,0.3605903387069702,0.09443040192127228,0.1737266182899475,0.03633035346865654,0.4903479814529419,0.18070943653583527,0.002946576103568077,0.10244840383529663,0.01673365756869316,0.43116870522499084,0.393771231174469,0.21462465822696686,0.1528259664773941,0.18249061703681946,0.051908597350120544,0.23725739121437073,0.6856282949447632,0.03349437937140465,0.10481089353561401,0.46313539147377014,0.21505333483219147,0.05610750988125801,0.0475679412484169,0.025932535529136658,0.10824022442102432,0.45181676745414734,0.04738318547606468,0.005345014855265617,0.10521584004163742,0.3524152338504791,0.01971941627562046,0.03298574313521385,0.050336696207523346,0.38321447372436523,0.05193100497126579,0.008721210062503815,0.06011609360575676,0.6458300948143005,0.15622185170650482,0.3328914940357208,0.32393312454223633,0.08011147379875183,0.6305682063102722,0.16932041943073273,0.23638449609279633,0.2868489623069763,0.2930545508861542,0.32242655754089355,0.4185115694999695,0.08811145275831223,0.15769612789154053,0.6127825379371643,0.8625884652137756,0.18954551219940186,0.16338852047920227,0.06784656643867493,0.11698057502508163,0.017022021114826202,0.19021904468536377,1.530678153038025,0.14259567856788635,0.1220918670296669,0.19703145325183868,0.07868992537260056,0.135038360953331,0.4505346417427063,0.3197017312049866,0.38924264907836914,0.17414650321006775,0.1420724093914032,0.08405081927776337,0.18684439361095428,0.16958974301815033,0.5920439958572388,0.251412957906723,0.5251144170761108,0.5102002620697021,0.24389025568962097,0.055690083652734756,0.46293050050735474,0.20582067966461182,0.07810615748167038,0.16473637521266937,0.012081632390618324,0.09491712599992752,0.0830003172159195,0.3166813552379608,0.06133411452174187,0.06408119201660156,0.0842907577753067,0.040819115936756134,0.02411729469895363,0.2761668860912323,0.04459993168711662,0.27388912439346313,0.03533949702978134,0.3174653947353363,0.3020310699939728,0.08417348563671112,0.25172340869903564,0.4145110845565796,0.18679311871528625,0.5176865458488464,0.22739651799201965,0.3111318051815033,0.14642992615699768,0.7092380523681641,0.044071443378925323,0.6140469312667847,0.04686595872044563,0.10379224270582199,0.1172105148434639,0.03827346861362457,0.1416264772415161,0.10209740698337555,0.13294477760791779,0.31451067328453064,0.10939756035804749,0.25708237290382385,0.32764479517936707,0.16790159046649933,0.7787843942642212,0.09876003861427307,0.1948653608560562,0.18451529741287231,0.42036041617393494,0.12829650938510895,-0.09764114022254944,-0.10321563482284546,-0.09168659895658493,0.07895393669605255
Popescu,F34,8.142857142857142,macrophage,6090,0.26773548126220703,0.07069095969200134,0.16498963534832,0.05094631388783455,0.1364498883485794,0.014957249164581299,0.282087504863739,0.06473805010318756,0.0051360237412154675,0.09406902641057968,0.009214242920279503,0.0025217121001333,0.8527257442474365,0.2711820602416992,0.1549183875322342,0.16171307861804962,0.1203785389661789,0.17250098288059235,0.8187719583511353,0.03064190037548542,0.07013794034719467,0.7015244960784912,0.7193636894226074,0.03409596532583237,0.02489340677857399,0.047576501965522766,0.07647465914487839,0.32962146401405334,0.27433034777641296,0.013637721538543701,0.07182701677083969,0.23925955593585968,0.029744869098067284,0.12235133349895477,0.19793002307415009,0.20711860060691833,0.04632066562771797,0.061425428837537766,0.05229175463318825,0.19563040137290955,0.06862764805555344,0.09098275005817413,0.12780365347862244,0.03544596582651138,0.31612735986709595,0.09768520295619965,0.09711912274360657,0.10050850361585617,0.19457277655601501,0.11161573976278305,0.07153251022100449,0.019232716411352158,0.14704617857933044,0.3970726728439331,0.5611269474029541,0.11410893499851227,0.0461500808596611,0.03562266752123833,0.0940357893705368,0.07097219675779343,0.06270167231559753,0.6227587461471558,0.07991725951433182,0.051851242780685425,0.13966241478919983,0.03129871189594269,0.04094092920422554,0.463659405708313,0.09857235848903656,0.12482529133558273,0.08726965636014938,0.03644327074289322,0.023055212572216988,0.07093149423599243,0.11034656316041946,0.2515764534473419,0.1812499612569809,0.29481765627861023,0.28547853231430054,0.07387769222259521,0.03415745496749878,0.18857327103614807,0.05775582417845726,0.036597833037376404,0.08324220776557922,0.016267094761133194,0.018568044528365135,0.025187360122799873,0.04581383615732193,0.014389404095709324,0.02266886830329895,0.023206228390336037,0.014792373403906822,0.007148283999413252,0.07952723652124405,0.044755466282367706,0.06812740862369537,0.013815847225487232,0.21617218852043152,0.04940973222255707,0.020640453323721886,0.0621681734919548,0.13788224756717682,0.0750076100230217,0.3405321538448334,0.12083407491445541,0.262562096118927,0.05198012664914131,0.3704623579978943,0.013578851707279682,0.32773154973983765,0.03551867604255676,0.051827576011419296,0.08613832294940948,0.026751648634672165,0.050434257835149765,0.02596822939813137,0.14743296802043915,0.14439496397972107,0.06417979300022125,0.11479685455560684,0.10801488906145096,0.0952690839767456,0.1879449039697647,0.06938079744577408,0.04578103870153427,0.048948828130960464,0.1669887751340866,0.03209839388728142,-0.4024745225906372,-0.40526336431503296,-0.39949551224708557,0.04956166073679924
Popescu,F34,8.142857142857142,neutrophil,89,0.3096763491630554,0.14340238273143768,0.08102387189865112,0.060336701571941376,0.16554144024848938,0.022320112213492393,0.2766041159629822,0.040282245725393295,0.0,0.07855111360549927,0.0048333704471588135,0.0,0.4123999774456024,0.18710458278656006,0.0702764019370079,0.187289297580719,0.04656384140253067,0.13176847994327545,0.5570139288902283,0.016616499051451683,0.035241492092609406,0.487944096326828,0.19969168305397034,0.04081816226243973,0.0320502333343029,0.07663790881633759,0.05377007648348808,0.3290863037109375,0.03717809543013573,0.0,0.03577501326799393,0.172795370221138,0.009328438900411129,0.05186003819108009,0.11231011152267456,0.39461877942085266,0.06415949016809464,0.0,0.07300950586795807,0.4177349805831909,0.18788060545921326,0.35732001066207886,0.35326915979385376,0.0946316123008728,0.43816128373146057,0.21343232691287994,0.22496849298477173,0.33709606528282166,0.2863274812698364,0.37166449427604675,0.19059596955776215,0.052705321460962296,0.151517853140831,0.8279397487640381,1.0455020666122437,0.1694011092185974,0.12881198525428772,0.08020127564668655,0.08032187819480896,0.02214357629418373,0.11536767333745956,1.6220613718032837,0.1413249671459198,0.1398644596338272,0.18717482686042786,0.058516453951597214,0.06385176628828049,0.3378840982913971,0.3772082030773163,0.39430826902389526,0.21781094372272491,0.1513364315032959,0.05860493332147598,0.17964476346969604,0.16923606395721436,0.5018554329872131,0.3078576624393463,0.5333852171897888,0.49868616461753845,0.2366487681865692,0.06392286717891693,0.5395763516426086,0.23939764499664307,0.08188121020793915,0.1414967030286789,0.03774772211909294,0.11617506295442581,0.14138692617416382,0.45708221197128296,0.06367014348506927,0.10113026201725006,0.18144892156124115,0.020949440076947212,0.05480407178401947,0.2364332675933838,0.11754130572080612,0.4651001989841461,0.05735676363110542,0.41816821694374084,0.32095080614089966,0.08673985302448273,0.26877686381340027,0.5414913892745972,0.34246504306793213,0.4908405542373657,0.3821576237678528,0.3299366235733032,0.14428651332855225,0.8761488795280457,0.10152783244848251,0.786157488822937,0.0703476294875145,0.10574385523796082,0.09913013875484467,0.03218589350581169,0.2107437252998352,0.07131212204694748,0.1610763818025589,0.22058945894241333,0.21049362421035767,0.3303452134132385,0.4103552997112274,0.1562020629644394,0.9588559865951538,0.08153961598873138,0.375971257686615,0.2017441689968109,0.39061248302459717,0.1466497927904129,-0.04267685487866402,0.025451073423027992,-0.11544983834028244,-0.09150221198797226
Popescu,F34,8.142857142857142,stem_progenitor,353,0.310930460691452,0.21928894519805908,0.15148919820785522,0.07433506846427917,0.25417718291282654,0.03530307859182358,0.468303918838501,0.06542734056711197,0.00759222824126482,0.14236411452293396,0.00770582165569067,0.0,0.5535442233085632,0.22026944160461426,0.07830722630023956,0.17330844700336456,0.03464870527386665,0.18972773849964142,0.6279841661453247,0.004580083768814802,0.025053061544895172,0.5806992053985596,0.5263795852661133,0.04342808574438095,0.04026898741722107,0.024470893666148186,0.08170585334300995,0.42021268606185913,0.162278413772583,0.010347421281039715,0.0996343195438385,0.21585765480995178,0.014798194169998169,0.030643926933407784,0.04255465418100357,0.4439838230609894,0.05134589597582817,0.005344687961041927,0.06159954145550728,0.35040411353111267,0.1871306300163269,0.35530200600624084,0.32787346839904785,0.0869670882821083,0.5903933048248291,0.2449667602777481,0.2862315773963928,0.3294811546802521,0.2848118543624878,0.379041850566864,0.27684545516967773,0.09721653163433075,0.1495087891817093,0.8291355967521667,1.1609282493591309,0.18609994649887085,0.12077950686216354,0.04059495031833649,0.12584279477596283,0.01465810276567936,0.13772127032279968,1.4067447185516357,0.14810632169246674,0.10975929349660873,0.20588664710521698,0.0790468081831932,0.1046309769153595,0.30921322107315063,0.43779826164245605,0.3036961853504181,0.1709064096212387,0.14705902338027954,0.07151071727275848,0.19797922670841217,0.16192549467086792,0.5230506062507629,0.3155273497104645,0.4790900945663452,0.43918123841285706,0.2614330053329468,0.051588959991931915,0.5503109097480774,0.18372614681720734,0.11007846146821976,0.17270967364311218,0.01659742370247841,0.14193210005760193,0.14278429746627808,0.9170278906822205,0.09219087660312653,0.16042357683181763,0.14358361065387726,0.026571566238999367,0.047430455684661865,0.34131768345832825,0.0864243283867836,0.45585888624191284,0.04888235032558441,0.4772365689277649,0.3764456510543823,0.13173799216747284,0.35840004682540894,0.6838312149047852,0.2579592168331146,0.6435122489929199,0.3297376334667206,0.36206188797950745,0.2405753880739212,1.0923892259597778,0.10176920890808105,0.7734615206718445,0.07183956354856491,0.1366644948720932,0.14050701260566711,0.08127594739198685,0.26988211274147034,0.15404507517814636,0.18161335587501526,0.36548131704330444,0.14300420880317688,0.30758166313171387,0.24640540778636932,0.1779978722333908,1.1358052492141724,0.08514485508203506,0.4074952006340027,0.3394787907600403,0.4371187388896942,0.13446801900863647,0.021066855639219284,0.13899707794189453,-0.10490405559539795,0.017862658947706223
Popescu,F35,7.857142857142857,erythroid,1878,0.3070243000984192,0.11502053588628769,0.3869507908821106,0.027630740776658058,0.2768946588039398,0.043059639632701874,0.20524364709854126,0.03719635680317879,0.008306271396577358,0.15217158198356628,0.001299856579862535,0.0004025109810754657,0.11011645942926407,0.03070368804037571,0.034357886761426926,0.2593204975128174,0.02117263711988926,0.22175095975399017,0.6144348978996277,0.007280193269252777,0.1890406757593155,0.5325518250465393,0.5229471325874329,0.048050448298454285,0.06529514491558075,0.0346052423119545,0.15866819024085999,0.590852677822113,0.04972221702337265,0.001014289679005742,0.07922781258821487,0.09573506563901901,0.009406221099197865,0.019563186913728714,0.007882121950387955,0.33022210001945496,0.1623193323612213,0.002607346046715975,0.08222310245037079,0.6066730618476868,0.32603609561920166,0.5136224031448364,0.7684372067451477,0.21058091521263123,0.6997075080871582,0.6373059749603271,0.7406546473503113,0.9549169540405273,0.7311532497406006,0.5171542167663574,0.34897151589393616,0.07999618351459503,0.1626059114933014,1.1695038080215454,1.3019198179244995,0.13967889547348022,0.28875038027763367,0.05956248939037323,0.11757189780473709,0.030061189085245132,0.1719832569360733,2.381852149963379,0.32052165269851685,0.11564584076404572,0.3906899690628052,0.09805767238140106,0.19424672424793243,0.442172110080719,0.7505594491958618,0.37233346700668335,0.12942545115947723,0.15526950359344482,0.13240057229995728,0.2848765552043915,0.23217761516571045,0.866481602191925,0.33650073409080505,0.47868260741233826,0.49819573760032654,0.3796650171279907,0.09422094374895096,0.8023234605789185,0.17399810254573822,0.09676477313041687,0.17153628170490265,0.05615246668457985,0.2752980589866638,0.2956869304180145,0.33209922909736633,0.122760109603405,0.25566887855529785,0.1755571812391281,0.03697209432721138,0.12892979383468628,0.5767850279808044,0.10873382538557053,0.6830777525901794,0.09209897369146347,0.8424999713897705,0.31770727038383484,0.1939942091703415,0.4256877899169922,0.6648658514022827,0.4678557813167572,0.8112754225730896,0.45375803112983704,0.5133005380630493,0.3361307680606842,1.1758122444152832,0.17281630635261536,1.3086645603179932,0.07806414365768433,0.2515776455402374,0.16933472454547882,0.057127345353364944,0.3565457761287689,0.2583441734313965,0.22332657873630524,0.4484999179840088,0.3314632475376129,0.5443376302719116,0.8302316665649414,0.3203730881214142,0.9905511736869812,0.17319220304489136,0.26682889461517334,0.4676620662212372,0.4394869804382324,0.15832114219665527,0.2782808542251587,0.3618674576282501,0.18899518251419067,-0.019939083606004715
Popescu,F35,7.857142857142857,innate_lymphoid,1116,0.19080381095409393,0.11842148005962372,0.32322555780410767,0.05557212606072426,0.16206642985343933,0.02014470100402832,0.39365866780281067,0.10402598977088928,0.0006377240060828626,0.07114490121603012,0.026363272219896317,0.27740249037742615,0.2466893047094345,0.19711831212043762,0.09732265025377274,0.1434318721294403,0.060657352209091187,0.23053666949272156,0.7441624402999878,0.022244293242692947,0.0735362097620964,0.5226955413818359,0.3303777277469635,0.05839144065976143,0.09088490158319473,0.02003231830894947,0.12063546478748322,0.3926863670349121,0.06320285052061081,0.00592873664572835,0.07004658877849579,0.26990965008735657,0.02264663204550743,0.0202371496707201,0.03773048147559166,0.24534626305103302,0.039413534104824066,0.0047621531412005424,0.04310259968042374,0.7114261388778687,0.09446161985397339,0.3342623710632324,0.31136149168014526,0.05591656640172005,0.5809592008590698,0.1563233733177185,0.23072922229766846,0.24737480282783508,0.3569721579551697,0.2130192667245865,0.3931320905685425,0.060788676142692566,0.10671649873256683,0.6619971990585327,0.5613623261451721,0.11982065439224243,0.12105825543403625,0.04860258102416992,0.09490448236465454,0.01085918489843607,0.1467505693435669,1.7361048460006714,0.1242726668715477,0.10269971191883087,0.1544967144727707,0.04519405588507652,0.11482389271259308,0.38115444779396057,0.4166039824485779,0.26004675030708313,0.11399506777524948,0.11981566250324249,0.07276859879493713,0.12818141281604767,0.10526195168495178,0.5443065166473389,0.14685624837875366,0.3945509195327759,0.45228490233421326,0.183326855301857,0.04432784765958786,0.46764475107192993,0.17081625759601593,0.053864672780036926,0.10910627245903015,0.012436420656740665,0.08537493646144867,0.08257519453763962,0.2842389643192291,0.03372054919600487,0.07176593691110611,0.06340280920267105,0.021140336990356445,0.02554069645702839,0.14093166589736938,0.037834230810403824,0.21951551735401154,0.02095203287899494,0.2809063792228699,0.2812054753303528,0.06381082534790039,0.16019116342067719,0.24850893020629883,0.1579994261264801,0.42414242029190063,0.18661439418792725,0.24351654946804047,0.11227796971797943,0.6248330473899841,0.03907560557126999,0.5891362428665161,0.03935388848185539,0.07928980886936188,0.08315098285675049,0.015814071521162987,0.15749269723892212,0.09491775184869766,0.1423880010843277,0.24785096943378448,0.11854203045368195,0.2929783761501312,0.44717058539390564,0.3244836628437042,0.7634708285331726,0.0878223106265068,0.15663056075572968,0.16280341148376465,0.30133867263793945,0.10074757039546967,-0.17807438969612122,-0.17761248350143433,-0.1785677820444107,-0.014935744926333427
Popescu,F35,7.857142857142857,macrophage,3295,0.23776118457317352,0.0702471137046814,0.1379731148481369,0.0392494797706604,0.08570486307144165,0.010672535747289658,0.21629124879837036,0.039108503609895706,0.0024992062244564295,0.0521942637860775,0.013386285863816738,0.005704151000827551,0.684840738773346,0.1410396844148636,0.10206929594278336,0.1142420843243599,0.17597809433937073,0.140469491481781,0.8640540242195129,0.016885556280612946,0.0865241289138794,0.8215243816375732,0.6068702936172485,0.04619726538658142,0.04313051700592041,0.03532323241233826,0.07747536897659302,0.27866896986961365,0.24563899636268616,0.00871617067605257,0.049922868609428406,0.24108994007110596,0.031236406415700912,0.10266155004501343,0.14600573480129242,0.14933742582798004,0.033736251294612885,0.029131315648555756,0.050966132432222366,0.24848072230815887,0.051431845873594284,0.1070498377084732,0.12186434119939804,0.036697883158922195,0.2396702617406845,0.08031724393367767,0.09643363952636719,0.09700901061296463,0.22513878345489502,0.08985022455453873,0.07509667426347733,0.01166693028062582,0.12952890992164612,0.43925580382347107,0.5630253553390503,0.1014988124370575,0.03891877457499504,0.02997983619570732,0.06279055774211884,0.057816747575998306,0.05209556967020035,0.8429514169692993,0.06518661975860596,0.039142437279224396,0.09927374869585037,0.023525414988398552,0.036974262446165085,0.35886627435684204,0.11440955847501755,0.1116383969783783,0.06503016501665115,0.03430081158876419,0.020934345200657845,0.04589977115392685,0.11058256775140762,0.18771173059940338,0.1331031322479248,0.28724876046180725,0.23667725920677185,0.05868494510650635,0.021521609276533127,0.21708525717258453,0.04942544177174568,0.021384963765740395,0.056192342191934586,0.008302271366119385,0.01962856389582157,0.02572714351117611,0.054968707263469696,0.011760721914470196,0.014544022269546986,0.02513238973915577,0.011794918216764927,0.005881584715098143,0.045511092990636826,0.03710431978106499,0.05792815238237381,0.008994667790830135,0.15260954201221466,0.05627364665269852,0.016748527064919472,0.05434758961200714,0.10615736246109009,0.06815896928310394,0.28342705965042114,0.10131180286407471,0.21736310422420502,0.046576399356126785,0.32625681161880493,0.014060634188354015,0.30009129643440247,0.031930528581142426,0.040275949984788895,0.050966572016477585,0.020813701674342155,0.04580339416861534,0.025840500369668007,0.08937417715787888,0.11146336793899536,0.05331726372241974,0.09500321000814438,0.12760008871555328,0.1787368655204773,0.16409723460674286,0.0656014084815979,0.06179642677307129,0.044671379029750824,0.11486361920833588,0.032600853592157364,-0.4331068694591522,-0.4390088617801666,-0.4268024265766144,-0.0349452868103981
Popescu,F35,7.857142857142857,neutrophil,51,0.2636057734489441,0.19871215522289276,0.11000564694404602,0.011633630841970444,0.21088272333145142,0.05774242803454399,0.22875069081783295,0.03573087602853775,0.006510598585009575,0.06500907242298126,0.02022170089185238,0.0,0.43605074286460876,0.13554665446281433,0.054168254137039185,0.21531271934509277,0.05141076445579529,0.15685461461544037,0.6744381785392761,0.012759337201714516,0.028581170365214348,0.6418382525444031,0.20848162472248077,0.008283489383757114,0.08344690501689911,0.030204221606254578,0.09817864745855331,0.45397329330444336,0.04158027470111847,0.0,0.07189397513866425,0.022262101992964745,0.0,0.034749146550893784,0.0497838594019413,0.3794543743133545,0.01651318557560444,0.0,0.14394240081310272,0.36716097593307495,0.1400948017835617,0.3464972674846649,0.32824578881263733,0.10472326725721359,0.4973699152469635,0.2525719404220581,0.30765053629875183,0.32691502571105957,0.342395156621933,0.2556823790073395,0.18936534225940704,0.024875322356820107,0.18928886950016022,1.0602550506591797,0.7366714477539062,0.15740139782428741,0.11704514175653458,0.03566434606909752,0.09115490317344666,0.0,0.10522066056728363,1.7939327955245972,0.1213519275188446,0.09411357343196869,0.2513214647769928,0.04381098598241806,0.08411793410778046,0.3857918977737427,0.4668719470500946,0.17274701595306396,0.1567661613225937,0.15074145793914795,0.12063371390104294,0.13100388646125793,0.08207467198371887,0.4861985146999359,0.19427771866321564,0.4336822032928467,0.3921055197715759,0.2768929898738861,0.01838284358382225,0.8143830895423889,0.1119142398238182,0.06476233154535294,0.10039857774972916,0.00958048552274704,0.20480656623840332,0.10427941381931305,0.4467843472957611,0.019999125972390175,0.08813844621181488,0.07940694689750671,0.014421738684177399,0.024280400946736336,0.17917361855506897,0.08508282154798508,0.43955111503601074,0.03846205770969391,0.46814388036727905,0.21754352748394012,0.11174693703651428,0.17551082372665405,0.52311110496521,0.22650134563446045,0.44609570503234863,0.249020516872406,0.30882540345191956,0.16195636987686157,0.8873594403266907,0.08147478848695755,0.7893325090408325,0.05940397083759308,0.18039126694202423,0.09994111210107803,0.06222228333353996,0.15415482223033905,0.1651439219713211,0.12815311551094055,0.28147345781326294,0.17940981686115265,0.29389798641204834,0.25640782713890076,0.2892647981643677,0.6553886532783508,0.084584079682827,0.3999364376068115,0.11371668428182602,0.3246897757053375,0.07925001531839371,-0.09160206466913223,-0.049271102994680405,-0.13681919872760773,-0.0845121517777443
Popescu,F35,7.857142857142857,stem_progenitor,213,0.28527528047561646,0.17692124843597412,0.17309318482875824,0.07718407362699509,0.19753791391849518,0.03429712355136871,0.3649563491344452,0.04724821448326111,0.0022706110030412674,0.14467880129814148,0.001638702116906643,0.0,0.5216617584228516,0.23097923398017883,0.022300919517874718,0.18280372023582458,0.03404591605067253,0.1697150021791458,0.6801021099090576,0.004001771565526724,0.026253890246152878,0.6354056596755981,0.47729364037513733,0.04887549579143524,0.06866393983364105,0.007684233598411083,0.144321471452713,0.5015876889228821,0.10507679730653763,0.005810172762721777,0.0721777006983757,0.13030271232128143,0.01712195575237274,0.02188812755048275,0.014736027456820011,0.29067108035087585,0.03507603332400322,0.0,0.03509751334786415,0.3382713198661804,0.15130113065242767,0.3015435039997101,0.3475241959095001,0.07178784161806107,0.5506911277770996,0.24548952281475067,0.3434617221355438,0.2941845655441284,0.3779965043067932,0.1990051567554474,0.22519272565841675,0.06857174634933472,0.10187032073736191,0.7816855311393738,0.8402227163314819,0.12987719476222992,0.11039695143699646,0.0359191857278347,0.1233581006526947,0.00559833412989974,0.09803462028503418,1.5715035200119019,0.11654867231845856,0.0711059495806694,0.21337361633777618,0.02593238651752472,0.09972698241472244,0.25892144441604614,0.605008065700531,0.18038088083267212,0.09775206446647644,0.11813583970069885,0.057738348841667175,0.1544192135334015,0.13516469299793243,0.46089309453964233,0.27584490180015564,0.3526245653629303,0.2744726836681366,0.20937137305736542,0.06499572843313217,0.49688905477523804,0.13270597159862518,0.061040248721838,0.12317419052124023,0.016735034063458443,0.14929385483264923,0.12839661538600922,0.8569615483283997,0.05714748427271843,0.15464971959590912,0.10167251527309418,0.00671286741271615,0.05150682106614113,0.21463623642921448,0.05925276130437851,0.41257444024086,0.030256496742367744,0.5083173513412476,0.2471635490655899,0.08526940643787384,0.31755805015563965,0.533113420009613,0.22591446340084076,0.5756785869598389,0.270534485578537,0.28756406903266907,0.17766843736171722,0.9682259559631348,0.08500698953866959,0.8137078881263733,0.04249012470245361,0.19363410770893097,0.11044755578041077,0.03601877763867378,0.2968682050704956,0.16089089214801788,0.1522788405418396,0.33294877409935,0.16895560920238495,0.3639236092567444,0.30605649948120117,0.374910444021225,0.7110372185707092,0.11739367991685867,0.3786885440349579,0.3573794662952423,0.32420384883880615,0.10471737384796143,-0.06377097219228745,0.04959527403116226,-0.18486671149730682,-0.03037135675549507
Popescu,F38,12.0,erythroid,4157,0.3753688335418701,0.09695618599653244,0.22676093876361847,0.0191035196185112,0.20228201150894165,0.0341765433549881,0.23791395127773285,0.03434152901172638,0.002058751415461302,0.08746720850467682,0.0012885128380730748,0.00021553132683038712,0.06499925255775452,0.013683273456990719,0.030441632494330406,0.20969133079051971,0.017073750495910645,0.20708875358104706,0.47285106778144836,0.009808555245399475,0.14241303503513336,0.310001015663147,0.5119983553886414,0.023736663162708282,0.04660383611917496,0.031260740011930466,0.10472976416349411,0.43263164162635803,0.04213406890630722,0.00037195932236500084,0.06765645742416382,0.06742807477712631,0.008255371823906898,0.02484588697552681,0.0027128674555569887,0.25632601976394653,0.157528817653656,0.0007684248848818243,0.20637527108192444,0.6612840890884399,0.4510413706302643,0.3944101631641388,0.8881855010986328,0.23609387874603271,0.6113075613975525,0.600039541721344,0.5978469848632812,0.7918902039527893,0.8168224096298218,0.9415848851203918,0.40332987904548645,0.16047212481498718,0.2841430604457855,1.123827338218689,1.4714354276657104,0.1904992312192917,0.4780944585800171,0.13554377853870392,0.20306473970413208,0.07217578589916229,0.2566186189651489,2.477830648422241,0.48211583495140076,0.23622512817382812,0.43193596601486206,0.2067268192768097,0.1827588826417923,0.9499548077583313,0.6021780967712402,0.896905243396759,0.16236606240272522,0.21855857968330383,0.1321401447057724,0.32241490483283997,0.18504254519939423,1.0320391654968262,0.2897172272205353,0.7528676390647888,0.7681897282600403,0.6463942527770996,0.13978275656700134,0.8831424713134766,0.5192739963531494,0.16250108182430267,0.2692924439907074,0.06766494363546371,0.17275013029575348,0.29364386200904846,0.19582721590995789,0.09449709206819534,0.21596835553646088,0.1998295783996582,0.09956724941730499,0.16137588024139404,0.6425080895423889,0.0888265073299408,0.6669721603393555,0.07058793306350708,0.7877026796340942,0.41130390763282776,0.2517615556716919,0.3094933032989502,0.5316053032875061,0.4986865520477295,0.6144599318504333,0.34705784916877747,0.6851534247398376,0.32268038392066956,0.8872851133346558,0.14818528294563293,1.001598596572876,0.1536039561033249,0.13393911719322205,0.1716313511133194,0.0473371297121048,0.3578483462333679,0.20904016494750977,0.2232307642698288,0.3208349347114563,0.2972559630870819,0.5477807521820068,1.1675111055374146,0.1683948040008545,0.7401947975158691,0.11030925810337067,0.2649438679218292,0.29836374521255493,0.5959129333496094,0.20684725046157837,0.35609352588653564,0.32215747237205505,0.3923433721065521,-0.11844132840633392
Popescu,F38,12.0,innate_lymphoid,367,0.3437778055667877,0.15406814217567444,0.337542861700058,0.07348267734050751,0.1489534229040146,0.023574059829115868,0.6345175504684448,0.17137783765792847,0.0,0.04662695154547691,0.034421976655721664,0.23193062841892242,0.2873656451702118,0.1951686292886734,0.09505362808704376,0.11104234308004379,0.12560459971427917,0.21580368280410767,0.4842514395713806,0.028645329177379608,0.1706567108631134,0.3276999592781067,0.3352000415325165,0.08014912158250809,0.058155037462711334,0.01525917463004589,0.12114421278238297,0.25992000102996826,0.05905027315020561,0.0027285797987133265,0.10976050049066544,0.30326151847839355,0.03121713362634182,0.05325884371995926,0.004039344843477011,0.18784093856811523,0.041170477867126465,0.0011911222245544195,0.06804011762142181,0.48643696308135986,0.1285358965396881,0.20474964380264282,0.28970709443092346,0.10501480102539062,0.6344393491744995,0.15169289708137512,0.14981013536453247,0.1803392767906189,0.25739166140556335,0.3433505594730377,0.17779026925563812,0.08384115248918533,0.17049385607242584,0.5001730918884277,0.5848180651664734,0.153751939535141,0.18490496277809143,0.07667212933301926,0.14329008758068085,0.010338349267840385,0.14838451147079468,1.589881181716919,0.16005435585975647,0.13037244975566864,0.20966887474060059,0.07608101516962051,0.09499362111091614,0.6354132294654846,0.23241592943668365,0.41634902358055115,0.134477436542511,0.11737846583127975,0.06681697070598602,0.14221815764904022,0.0929943174123764,0.5847123265266418,0.17463931441307068,0.4891912043094635,0.36994805932044983,0.21681857109069824,0.07182573527097702,0.38397732377052307,0.23779433965682983,0.06934959441423416,0.15636573731899261,0.0,0.044813238084316254,0.055178847163915634,0.15529562532901764,0.017345542088150978,0.0419144481420517,0.04742297902703285,0.034634385257959366,0.03172501176595688,0.12107470631599426,0.013746551238000393,0.07323705404996872,0.011671549640595913,0.14696292579174042,0.18764089047908783,0.051322340965270996,0.07667171210050583,0.1557665765285492,0.07274271547794342,0.22041945159435272,0.09417639672756195,0.14485858380794525,0.1242077499628067,0.4371688663959503,0.017972717061638832,0.2983282804489136,0.056643713265657425,0.021726928651332855,0.0867498517036438,0.007978726178407669,0.1288435459136963,0.08938241004943848,0.11709284782409668,0.1933077722787857,0.05888795852661133,0.16987745463848114,0.288661926984787,0.11781514436006546,0.35760295391082764,0.06188865005970001,0.07525336742401123,0.1263771951198578,0.34699538350105286,0.06160455942153931,-0.25478219985961914,-0.33120158314704895,-0.17315244674682617,-0.02436172217130661
Popescu,F38,12.0,macrophage,3069,0.2912367284297943,0.06354331225156784,0.11215958744287491,0.04832577332854271,0.0986095666885376,0.010037434287369251,0.3681749701499939,0.06462091952562332,0.004365996923297644,0.049759168177843094,0.03836316615343094,0.0009224920650012791,0.7613644599914551,0.28030717372894287,0.10240563750267029,0.08538051694631577,0.36500370502471924,0.1501471996307373,0.6410383582115173,0.018044957891106606,0.1937970221042633,0.6301156878471375,1.2936022281646729,0.121729277074337,0.04497900232672691,0.03467569872736931,0.053060613572597504,0.23222576081752777,0.43669530749320984,0.009032553061842918,0.05978934466838837,0.2715887725353241,0.05620656907558441,0.0655449852347374,0.09859136492013931,0.08751433342695236,0.053325362503528595,0.03383168950676918,0.03649402782320976,0.26340851187705994,0.05581975355744362,0.0469149649143219,0.0700824037194252,0.023408466950058937,0.22276383638381958,0.05250761657953262,0.047376811504364014,0.040601346641778946,0.19812147319316864,0.07494141906499863,0.03452230617403984,0.015954038128256798,0.12654779851436615,0.3558698296546936,0.3593379259109497,0.12896791100502014,0.035298433154821396,0.037380151450634,0.11032859236001968,0.06416349858045578,0.028160497546195984,0.7319872379302979,0.055496204644441605,0.029444435611367226,0.07968660444021225,0.015903310850262642,0.017970701679587364,0.3544200658798218,0.04495864734053612,0.1014983132481575,0.04285440221428871,0.020087378099560738,0.01318897120654583,0.03308398276567459,0.08700109273195267,0.22636716067790985,0.09708938002586365,0.31197455525398254,0.15343458950519562,0.0488271601498127,0.02046172507107258,0.1295650154352188,0.06030650436878204,0.024893244728446007,0.08760309219360352,0.0010204551508650184,0.007431005593389273,0.010875074192881584,0.012497480027377605,0.004162744618952274,0.006161906756460667,0.00901593267917633,0.010459576733410358,0.00357424677349627,0.028185300529003143,0.007740488741546869,0.017902135848999023,0.008685563690960407,0.09006918966770172,0.021521026268601418,0.006031814031302929,0.01856263540685177,0.04144073650240898,0.02972969226539135,0.24613387882709503,0.047529153525829315,0.15819796919822693,0.033208176493644714,0.2559850811958313,0.007744047325104475,0.13268952071666718,0.05413484200835228,0.028979577124118805,0.121221624314785,0.009982220828533173,0.03169974684715271,0.011348196305334568,0.07337921112775803,0.06694422662258148,0.04557142034173012,0.08143050968647003,0.07020162791013718,0.06406477093696594,0.07854712009429932,0.04955929517745972,0.011662282980978489,0.022176925092935562,0.14872296154499054,0.014135331846773624,-0.4855033755302429,-0.5000798106193542,-0.4699331820011139,0.057236552238464355
Popescu,F38,12.0,neutrophil,45,0.41346749663352966,0.29676035046577454,0.22739917039871216,0.02298734523355961,0.1537558138370514,0.008936873637139797,0.4084579348564148,0.04313373565673828,0.0,0.0533972792327404,0.01745511405169964,0.0,0.44972336292266846,0.1374988704919815,0.010542791336774826,0.1862078756093979,0.17408981919288635,0.14076519012451172,0.5258118510246277,0.0,0.024867024272680283,0.6926537752151489,0.294590026140213,0.05065792053937912,0.08165004849433899,0.07511364668607712,0.1195095032453537,0.3885159492492676,0.0627627819776535,0.0,0.0738450288772583,0.12400898337364197,0.01913597248494625,0.023896969854831696,0.01638241857290268,0.20466703176498413,0.05570215731859207,0.0,0.204020157456398,0.4379996955394745,0.16013270616531372,0.2685460150241852,0.34905552864074707,0.09234904497861862,0.6230047345161438,0.28208234906196594,0.34464699029922485,0.32933947443962097,0.4126489460468292,0.47297799587249756,0.3106845021247864,0.11705559492111206,0.22750963270664215,0.9803788661956787,1.0382449626922607,0.15366841852664948,0.219890758395195,0.12036818265914917,0.14696890115737915,0.01638241857290268,0.13210631906986237,2.017932415008545,0.17991694808006287,0.13749410212039948,0.2284075915813446,0.12414176017045975,0.15172530710697174,0.822851836681366,0.5729719400405884,0.4813382029533386,0.2465902715921402,0.09128089249134064,0.033970557153224945,0.23344683647155762,0.07494936138391495,0.6476358771324158,0.19974032044410706,0.7689083814620972,0.6874924898147583,0.3654249906539917,0.124802365899086,0.6719115972518921,0.4211646318435669,0.0920569971203804,0.31840503215789795,0.034867096692323685,0.1741730272769928,0.23299820721149445,0.6321560144424438,0.09245719760656357,0.18943168222904205,0.19944894313812256,0.03834205120801926,0.12929777801036835,0.2576558589935303,0.08747425675392151,0.42748773097991943,0.07958389073610306,0.5947231650352478,0.510675311088562,0.15148478746414185,0.29586946964263916,0.43472960591316223,0.4431358277797699,0.5824956893920898,0.33466723561286926,0.4606247842311859,0.3385251760482788,1.0863358974456787,0.10861305892467499,0.9788150191307068,0.20777961611747742,0.16427989304065704,0.23170582950115204,0.00716784130781889,0.4981353282928467,0.2008022516965866,0.2342439889907837,0.2733696699142456,0.2503984272480011,0.4750376045703888,0.5075988173484802,0.27904051542282104,0.641539990901947,0.09997759014368057,0.40752169489860535,0.27500301599502563,0.7172253727912903,0.21685917675495148,0.15113061666488647,0.2582584023475647,0.03669864684343338,-0.046402882784605026
Popescu,F38,12.0,stem_progenitor,302,0.403464138507843,0.23544973134994507,0.1746332049369812,0.10543505847454071,0.26931190490722656,0.028885765001177788,0.5648835897445679,0.12273748219013214,0.0034929036628454924,0.11952103674411774,0.007330017164349556,0.0,0.5504247546195984,0.3655186891555786,0.04008759930729866,0.19866779446601868,0.08261450380086899,0.17791448533535004,0.5897632241249084,0.0040443334728479385,0.01858169212937355,0.5226594805717468,0.6392576694488525,0.04614253714680672,0.07599084824323654,0.012270167469978333,0.12629766762256622,0.4556792676448822,0.22394637763500214,0.0,0.08433070033788681,0.127500981092453,0.011331886984407902,0.03359561413526535,0.028352469205856323,0.281559556722641,0.07173997908830643,0.0,0.08000348508358002,0.34111663699150085,0.19165033102035522,0.2406863570213318,0.34538766741752625,0.14516735076904297,0.5832920074462891,0.27996382117271423,0.2873729169368744,0.277064710855484,0.3296053111553192,0.4465617537498474,0.26979514956474304,0.085675448179245,0.1939738392829895,0.8533316850662231,1.0847392082214355,0.16630429029464722,0.16049477458000183,0.0689225047826767,0.13483406603336334,0.016074173152446747,0.13978730142116547,1.5206162929534912,0.16576430201530457,0.12669111788272858,0.24613334238529205,0.0889938622713089,0.13287483155727386,0.6124401688575745,0.49331533908843994,0.3410285413265228,0.10842706263065338,0.129281684756279,0.0649765357375145,0.18007978796958923,0.10741487890481949,0.5304771661758423,0.24129173159599304,0.5507396459579468,0.40987128019332886,0.3018586039543152,0.08135666698217392,0.5596734285354614,0.3008565902709961,0.1276666522026062,0.25440534949302673,0.013623750768601894,0.11215505748987198,0.14933286607265472,0.8889914155006409,0.06899380683898926,0.16927966475486755,0.1543179303407669,0.01665334403514862,0.0657065361738205,0.2767818868160248,0.05378778651356697,0.4158990979194641,0.05031627416610718,0.43833866715431213,0.47533634305000305,0.1449572741985321,0.27331456542015076,0.562808632850647,0.284853994846344,0.5185160040855408,0.30108365416526794,0.4487873613834381,0.319861501455307,1.0333938598632812,0.06714945286512375,0.6746445298194885,0.11671356856822968,0.10964415222406387,0.15054801106452942,0.05044471099972725,0.5138448476791382,0.14710548520088196,0.1572406142950058,0.31938445568084717,0.168474018573761,0.35124489665031433,0.35923606157302856,0.20099562406539917,0.5786181092262268,0.0803351104259491,0.34348487854003906,0.3547057807445526,0.5081024169921875,0.13053593039512634,0.02962617762386799,0.12976190447807312,-0.07733698934316635,0.045333053916692734
Popescu,F41,16.0,erythroid,3085,0.4297809600830078,0.09109943360090256,0.23585698008537292,0.01846003346145153,0.17051242291927338,0.032490916550159454,0.24812017381191254,0.0618336983025074,0.002853248966857791,0.0870751291513443,0.0013017402961850166,0.00017149699851870537,0.055813267827034,0.013562343083322048,0.0371369905769825,0.24485203623771667,0.023376019671559334,0.16029967367649078,0.36968445777893066,0.007385858800262213,0.11975937336683273,0.29880329966545105,0.6760785579681396,0.01657894067466259,0.046433836221694946,0.0374898687005043,0.11105824261903763,0.4941617250442505,0.0358334518969059,0.0006882398738525808,0.04128877818584442,0.10999951511621475,0.008343185298144817,0.020348399877548218,0.0019221175462007523,0.2435952126979828,0.1605876088142395,0.00018706408445723355,0.2328091412782669,0.7129923701286316,0.48445504903793335,0.40316271781921387,0.7870618104934692,0.33332449197769165,0.5797379016876221,0.6101133823394775,0.6284433007240295,0.7222812175750732,0.7511113882064819,1.201932430267334,0.36414584517478943,0.18847690522670746,0.3286588191986084,0.9468473792076111,1.2179893255233765,0.2348824143409729,0.6803062558174133,0.18164172768592834,0.26290199160575867,0.08692006021738052,0.35185518860816956,2.4308454990386963,0.632042646408081,0.26818326115608215,0.5305238962173462,0.23761950433254242,0.2317577451467514,1.1079423427581787,0.5270429253578186,1.0374308824539185,0.18296749889850616,0.22207902371883392,0.1437314748764038,0.2953487038612366,0.20173533260822296,1.1129369735717773,0.33762258291244507,0.8218579292297363,1.0322706699371338,0.766899049282074,0.1801556646823883,0.6711061000823975,0.47496819496154785,0.17009344696998596,0.2691740095615387,0.07002076506614685,0.16921821236610413,0.30123841762542725,0.2077905833721161,0.07515004277229309,0.18012520670890808,0.19921578466892242,0.09738928079605103,0.17241650819778442,0.544052004814148,0.09025657176971436,0.5053927302360535,0.07383886724710464,0.7605617642402649,0.4431789517402649,0.24390341341495514,0.2977171540260315,0.5615176558494568,0.4745612144470215,0.6024997234344482,0.3834667205810547,0.510251522064209,0.3950386047363281,1.1161694526672363,0.13715383410453796,0.9777054190635681,0.2312794029712677,0.15304554998874664,0.23407749831676483,0.05154266580939293,0.4549563229084015,0.16672831773757935,0.2577377259731293,0.2854723632335663,0.34292110800743103,0.5868517160415649,0.8757275342941284,0.1691383719444275,0.8738352656364441,0.12580788135528564,0.21768304705619812,0.27014365792274475,0.5850167274475098,0.21501943469047546,0.3994135856628418,0.32172808051109314,0.48239579796791077,-0.11303509771823883
Popescu,F41,16.0,innate_lymphoid,590,0.3177804946899414,0.07288919389247894,0.2858556807041168,0.06275428831577301,0.11680006980895996,0.033949267119169235,0.6803987622261047,0.16484017670154572,0.0,0.04863740876317024,0.05383573845028877,0.24262726306915283,0.1532081514596939,0.23879829049110413,0.10949235409498215,0.06848831474781036,0.11813830584287643,0.13281363248825073,0.4588426351547241,0.04497314617037773,0.15626952052116394,0.2999977171421051,0.29584458470344543,0.027029380202293396,0.05962526425719261,0.003249572357162833,0.08577534556388855,0.3263685405254364,0.04955367371439934,0.01039854809641838,0.06606163084506989,0.304191917181015,0.038826409727334976,0.04251633211970329,0.009548581205308437,0.13702283799648285,0.060324497520923615,0.0012684506364166737,0.05553822964429855,0.5020546913146973,0.0826149582862854,0.12489927560091019,0.13350555300712585,0.04702416807413101,0.5156813859939575,0.07885123789310455,0.11015985906124115,0.10237296670675278,0.14914989471435547,0.24244177341461182,0.27258962392807007,0.03149198740720749,0.13461008667945862,0.35267800092697144,0.6162040829658508,0.2001883089542389,0.10106749832630157,0.06740064918994904,0.15128673613071442,0.008313583210110664,0.10334575921297073,1.6941410303115845,0.10011094808578491,0.08409956842660904,0.15391090512275696,0.04098829999566078,0.05623216927051544,0.6403278112411499,0.17501819133758545,0.290888249874115,0.10449949651956558,0.07367879897356033,0.028870055451989174,0.06053826957941055,0.14041191339492798,0.7112107872962952,0.1622457355260849,0.5230931043624878,0.27037107944488525,0.16888438165187836,0.04205518588423729,0.18608622252941132,0.2082998901605606,0.04655493423342705,0.19023527204990387,0.0019636459182947874,0.02268059365451336,0.030418291687965393,0.15830019116401672,0.02062547765672207,0.020669572055339813,0.0379469096660614,0.01515236683189869,0.010618968866765499,0.053421713411808014,0.008802879601716995,0.07432499527931213,0.013234245590865612,0.16620466113090515,0.15533863008022308,0.03885786980390549,0.06592948734760284,0.1913025975227356,0.07197113335132599,0.1717909723520279,0.10540689527988434,0.17325615882873535,0.13754184544086456,0.4732387661933899,0.011932716704905033,0.22959201037883759,0.07043914496898651,0.033010710030794144,0.06839991360902786,0.019838972017169,0.11592318117618561,0.04258352145552635,0.06248488277196884,0.17041292786598206,0.05503468960523605,0.15528763830661774,0.15303391218185425,0.07622452825307846,0.2584480345249176,0.06473260372877121,0.07691194117069244,0.09292273968458176,0.42546990513801575,0.06174426153302193,-0.3152550756931305,-0.3630463778972626,-0.2642052471637726,-0.0602334626019001
Popescu,F41,16.0,macrophage,1543,0.34055837988853455,0.05559670180082321,0.15084876120090485,0.035447344183921814,0.10181379318237305,0.005660309921950102,0.4598895311355591,0.08291282504796982,0.0009098225273191929,0.058598101139068604,0.020974067971110344,0.0028863134793937206,0.6464421153068542,0.30955830216407776,0.1311875283718109,0.1568012684583664,0.30317649245262146,0.12971216440200806,0.6327598094940186,0.02282964624464512,0.20045146346092224,0.6368817090988159,0.8238791823387146,0.06175810098648071,0.04115527123212814,0.035716671496629715,0.07812592387199402,0.28652650117874146,0.4451218843460083,0.01966198720037937,0.043460775166749954,0.22680604457855225,0.045192841440439224,0.09509799629449844,0.14529560506343842,0.11324465274810791,0.04727931693196297,0.06336455792188644,0.022625906392931938,0.22839897871017456,0.039573539048433304,0.030477548018097878,0.04770603030920029,0.01283654011785984,0.21814610064029694,0.02621876820921898,0.026092924177646637,0.021951915696263313,0.0601373165845871,0.08438863605260849,0.029108360409736633,0.010105034336447716,0.16252820193767548,0.2671716809272766,0.3347117006778717,0.15060925483703613,0.024177152663469315,0.035331934690475464,0.1302497684955597,0.09080161899328232,0.026664672419428825,0.7247443199157715,0.03557863086462021,0.02705487422645092,0.1353573054075241,0.014032185077667236,0.017498530447483063,0.6481053829193115,0.035780783742666245,0.07672030478715897,0.0374954491853714,0.01626867800951004,0.006210009567439556,0.015993284061551094,0.10170474648475647,0.24169005453586578,0.12791456282138824,0.3120935559272766,0.11949341744184494,0.03836477920413017,0.025135992094874382,0.0797521322965622,0.06317877769470215,0.02486560121178627,0.12947700917720795,0.004804382100701332,0.007822791114449501,0.005708896555006504,0.020851755514740944,0.002131007146090269,0.007952077314257622,0.012447817251086235,0.0064424206502735615,0.0063094221986830235,0.03126414865255356,0.013317203149199486,0.02239162288606167,0.006825906224548817,0.10373637080192566,0.0298585444688797,0.006282143760472536,0.024577541276812553,0.06611976772546768,0.03338988870382309,0.256138414144516,0.04960182309150696,0.18521349132061005,0.048405710607767105,0.3679974377155304,0.0054875705391168594,0.19552847743034363,0.05679946392774582,0.03187204897403717,0.09513059258460999,0.012590548023581505,0.04441334679722786,0.005522165913134813,0.08545773476362228,0.1055913120508194,0.04146010801196098,0.08950327336788177,0.05129445716738701,0.09356608241796494,0.05345401540398598,0.059042297303676605,0.018134990707039833,0.024311603978276253,0.18566249310970306,0.017079437151551247,-0.47425270080566406,-0.4785231351852417,-0.46969106793403625,0.04839160293340683
Popescu,F41,16.0,neutrophil,20,0.3650200366973877,0.19171269237995148,0.10617585480213165,0.0,0.18233083188533783,0.07757643610239029,0.49576282501220703,0.04941390082240105,0.0,0.15389063954353333,0.0,0.0,0.330168753862381,0.04032761976122856,0.11019782721996307,0.18883253633975983,0.08751025050878525,0.05855899304151535,0.24132847785949707,0.054007936269044876,0.03501618281006813,0.4523468017578125,0.21997928619384766,0.03812529891729355,0.06618253141641617,0.07439686357975006,0.16423742473125458,0.3873140811920166,0.019893920049071312,0.0,0.06736945360898972,0.24745623767375946,0.0,0.0,0.059665799140930176,0.16999773681163788,0.08155038207769394,0.0,0.020211778581142426,0.3869363069534302,0.08130478858947754,0.3044341206550598,0.4048880934715271,0.11627616733312607,0.5789928436279297,0.20618124306201935,0.1443626582622528,0.22315040230751038,0.2985152304172516,0.529382586479187,0.34238916635513306,0.028162527829408646,0.23142918944358826,0.907179057598114,1.1998708248138428,0.11257630586624146,0.28676265478134155,0.05703962966799736,0.2673037350177765,0.059665799140930176,0.18325668573379517,1.9930508136749268,0.28910738229751587,0.22965621948242188,0.1946209967136383,0.10000655800104141,0.2695743441581726,0.6512134075164795,0.34849533438682556,0.5837370157241821,0.05473344400525093,0.0394829623401165,0.09325291216373444,0.14844483137130737,0.06972362101078033,0.7115694284439087,0.3122801184654236,0.7681958079338074,0.7173312306404114,0.4636878967285156,0.02920212410390377,0.6075406670570374,0.11344258487224579,0.08809521049261093,0.2140786200761795,0.0,0.06647144258022308,0.08750220388174057,0.4204886853694916,0.10890767723321915,0.10862346738576889,0.05097530409693718,0.06126653030514717,0.0740790069103241,0.0652611255645752,0.05519901588559151,0.1814275085926056,0.0,0.48355573415756226,0.4939027428627014,0.07649560272693634,0.21596470475196838,0.3299032747745514,0.18669535219669342,0.20092280209064484,0.24503591656684875,0.3563385605812073,0.15090146660804749,1.015447735786438,0.13940857350826263,0.5125091671943665,0.13500960171222687,0.0,0.12424294650554657,0.07439686357975006,0.5571786165237427,0.020211778581142426,0.26476916670799255,0.25872156023979187,0.12024272978305817,0.2367703914642334,0.23272529244422913,0.1465684324502945,0.6971859931945801,0.09464909881353378,0.19045916199684143,0.2288336306810379,0.4692448675632477,0.1489955186843872,-0.03229515999555588,-0.05539938807487488,-0.007615569047629833,-0.077010378241539
Popescu,F41,16.0,stem_progenitor,191,0.41238147020339966,0.21026858687400818,0.15667571127414703,0.07278899103403091,0.19702355563640594,0.03307482600212097,0.5483119487762451,0.1355549395084381,0.0,0.0681324303150177,0.0,0.0,0.38285690546035767,0.2752167582511902,0.056219056248664856,0.24578997492790222,0.08005097508430481,0.16742530465126038,0.48022904992103577,0.01108683180063963,0.012872563675045967,0.5104200839996338,0.5265955328941345,0.01565312221646309,0.05806337296962738,0.018554555252194405,0.13286079466342926,0.43530237674713135,0.19634869694709778,0.003517535049468279,0.06497294455766678,0.19358274340629578,0.01755889132618904,0.024557672441005707,0.00638936460018158,0.3016413450241089,0.061821743845939636,0.0020796118769794703,0.05549529194831848,0.3891158103942871,0.11408316344022751,0.17052695155143738,0.22024159133434296,0.09827020764350891,0.41332417726516724,0.18812191486358643,0.20372049510478973,0.18223197758197784,0.24500146508216858,0.4079853594303131,0.2816913425922394,0.06909826397895813,0.19568011164665222,0.6430713534355164,0.9926618933677673,0.2553347051143646,0.1504095047712326,0.0631466880440712,0.1418205052614212,0.017557557672262192,0.0984034314751625,1.5013980865478516,0.14577624201774597,0.0998895987868309,0.25195950269699097,0.05297568812966347,0.10712257772684097,0.5625039935112,0.3440442979335785,0.309664249420166,0.1081385612487793,0.08004079014062881,0.04512380436062813,0.08246022462844849,0.14565597474575043,0.41861242055892944,0.20161238312721252,0.6337352991104126,0.39585304260253906,0.3063754737377167,0.05398567393422127,0.33624330163002014,0.26754745841026306,0.13130301237106323,0.33574724197387695,0.012887878343462944,0.08040360361337662,0.1587204784154892,0.8752457499504089,0.08242136985063553,0.11255475133657455,0.16035468876361847,0.027945425361394882,0.06826791167259216,0.22165438532829285,0.04210294783115387,0.3807894289493561,0.0463004969060421,0.4441399574279785,0.5000964999198914,0.14555557072162628,0.2737107276916504,0.538372814655304,0.24960075318813324,0.4545344114303589,0.27625200152397156,0.2949359714984894,0.2841404676437378,1.1240838766098022,0.10759400576353073,0.5488258600234985,0.1254340410232544,0.0993732362985611,0.1724979281425476,0.03861062973737717,0.46521738171577454,0.10753671824932098,0.17508669197559357,0.27325108647346497,0.1569921374320984,0.30604609847068787,0.16711662709712982,0.154744490981102,0.5760864615440369,0.06756488233804703,0.31277093291282654,0.31806471943855286,0.4600454270839691,0.14746692776679993,-0.036862507462501526,0.08366978913545609,-0.16561290621757507,-0.007636380847543478
Popescu,F45,13.857142857142858,erythroid,3109,0.3621262013912201,0.10376977920532227,0.34715673327445984,0.03337526693940163,0.18952475488185883,0.04096489027142525,0.258669376373291,0.06221259757876396,0.008519142866134644,0.157188281416893,0.0012921913294121623,0.0005450820317491889,0.09045729786157608,0.04978800565004349,0.033615462481975555,0.2729179561138153,0.021965352818369865,0.1638585776090622,0.457450270652771,0.004551337566226721,0.11384400725364685,0.39270803332328796,0.8049237132072449,0.03657468780875206,0.059104058891534805,0.018256939947605133,0.12765097618103027,0.5240805745124817,0.03973885253071785,0.0012345293071120977,0.06980621814727783,0.07563924044370651,0.009085562080144882,0.02494012750685215,0.0020861986558884382,0.3307547867298126,0.2047557383775711,0.0003621947835199535,0.16668765246868134,0.597055971622467,0.3761609196662903,0.4140617847442627,0.7289266586303711,0.28566938638687134,0.65473473072052,0.5948086380958557,0.6665390729904175,0.7273313403129578,0.7303826808929443,0.935352623462677,0.40924692153930664,0.17633451521396637,0.2778123915195465,0.9951460957527161,1.2922765016555786,0.15240749716758728,0.4547341763973236,0.10614659637212753,0.18097645044326782,0.05347554385662079,0.23255537450313568,2.2985527515411377,0.48222845792770386,0.1964198499917984,0.4805455505847931,0.16343270242214203,0.19742338359355927,0.7653053998947144,0.6355186700820923,0.6976687908172607,0.16205982863903046,0.2524093985557556,0.14072903990745544,0.31828755140304565,0.13247840106487274,1.093846082687378,0.2787933349609375,0.5494316816329956,0.7546510100364685,0.5300847887992859,0.1400022655725479,0.67555171251297,0.3087809979915619,0.15644998848438263,0.27785810828208923,0.0445469468832016,0.2200247347354889,0.2790016829967499,0.3445991277694702,0.10732000321149826,0.22484318912029266,0.17238762974739075,0.076200932264328,0.13585814833641052,0.5952321887016296,0.09278154373168945,0.5545430183410645,0.09319546073675156,0.7861064076423645,0.374260276556015,0.1908576935529709,0.2935104966163635,0.6321726441383362,0.4349125623703003,0.6770534515380859,0.4241175055503845,0.4099598526954651,0.3899606168270111,1.1421064138412476,0.10550593584775925,1.1691910028457642,0.1814720630645752,0.17352020740509033,0.1813637912273407,0.05382022261619568,0.4398750066757202,0.2204795628786087,0.27710622549057007,0.3961964547634125,0.29566407203674316,0.4786740839481354,0.6819639801979065,0.2882874310016632,0.5882205367088318,0.11119867116212845,0.16929301619529724,0.440346360206604,0.5935230851173401,0.17794302105903625,0.3141297996044159,0.31510603427886963,0.3130868971347809,-0.0476209856569767
Popescu,F45,13.857142857142858,innate_lymphoid,342,0.3716622591018677,0.15761560201644897,0.510330080986023,0.1504252552986145,0.21427476406097412,0.0269582848995924,0.6858970522880554,0.1980239301919937,0.006790639832615852,0.2324931025505066,0.031723544001579285,0.5762914419174194,0.4552108645439148,0.4189160466194153,0.0513240285217762,0.20249603688716888,0.08636429160833359,0.23216359317302704,0.7780022621154785,0.004962453152984381,0.094979427754879,0.48872143030166626,0.1942850798368454,0.08216763287782669,0.07456771284341812,0.004473930690437555,0.14112351834774017,0.4587024748325348,0.031185917556285858,0.0068943919613957405,0.1574590802192688,0.1772385537624359,0.010351989418268204,0.04198164492845535,0.02723095938563347,0.27116239070892334,0.03283991664648056,0.0,0.1419571042060852,0.8760986328125,0.2797989547252655,0.5921979546546936,0.6842824220657349,0.20263667404651642,0.8755071759223938,0.32993969321250916,0.43487808108329773,0.4186575412750244,0.6537488698959351,0.7188272476196289,0.5937752723693848,0.23080983757972717,0.2789950370788574,0.9575030207633972,0.6669885516166687,0.17036981880664825,0.38230305910110474,0.12392927706241608,0.18494553864002228,0.038149069994688034,0.39175403118133545,2.16353178024292,0.4196551442146301,0.24267636239528656,0.4454624056816101,0.18231333792209625,0.2643958330154419,0.7420144081115723,0.6074346899986267,0.8633588552474976,0.1527647078037262,0.3286866247653961,0.17320646345615387,0.31341519951820374,0.15988826751708984,1.1122982501983643,0.35021916031837463,0.7246853113174438,0.8765543699264526,0.5540739297866821,0.17577962577342987,0.7898539900779724,0.42491552233695984,0.16422079503536224,0.3697258234024048,0.006833897903561592,0.1537967324256897,0.20871074497699738,0.3178248703479767,0.03661254048347473,0.19879141449928284,0.10855048894882202,0.06772130727767944,0.05655258521437645,0.46132200956344604,0.04658494144678116,0.3626337945461273,0.08493563532829285,0.490274041891098,0.3894370496273041,0.13102023303508759,0.23184047639369965,0.527746856212616,0.2551770508289337,0.6426419019699097,0.3440382778644562,0.31089457869529724,0.28342774510383606,0.9724201560020447,0.046330347657203674,1.0234891176223755,0.14835534989833832,0.16186919808387756,0.2348843812942505,0.020548218861222267,0.3093611001968384,0.2088107317686081,0.31295961141586304,0.5143426656723022,0.17114081978797913,0.4535561800003052,0.6876393556594849,0.24445931613445282,0.5540875196456909,0.10636062920093536,0.1628776490688324,0.34063082933425903,0.7384335994720459,0.20716848969459534,0.24744786322116852,0.16974006593227386,0.3304537832736969,0.15942199528217316
Popescu,F45,13.857142857142858,macrophage,1591,0.2722232937812805,0.07618805766105652,0.10927809774875641,0.040795788168907166,0.11321653425693512,0.013894096948206425,0.3878028690814972,0.06973669677972794,0.0015038906130939722,0.10516063868999481,0.024606874212622643,0.003890226362273097,0.802453339099884,0.5357075333595276,0.07576841861009598,0.16222739219665527,0.16134995222091675,0.15207859873771667,0.7439305782318115,0.013343887403607368,0.06431429833173752,0.6504127979278564,0.8239344954490662,0.04319041967391968,0.03655613213777542,0.020398499444127083,0.07712582498788834,0.34650281071662903,0.25279730558395386,0.013269811868667603,0.06781089305877686,0.2064366340637207,0.020819148048758507,0.08451762050390244,0.18144068121910095,0.15138380229473114,0.0340234637260437,0.05263024941086769,0.06703673303127289,0.2565825581550598,0.09743871539831161,0.11633428931236267,0.1523815244436264,0.05021253973245621,0.3293730914592743,0.10527532547712326,0.13395562767982483,0.13048113882541656,0.22106753289699554,0.1867242306470871,0.09667704254388809,0.034493766725063324,0.15366517007350922,0.48868533968925476,0.474807471036911,0.11138419061899185,0.09419476985931396,0.04509197548031807,0.10933832824230194,0.05969712883234024,0.07101048529148102,0.9946361780166626,0.11928258836269379,0.06485968083143234,0.2112804502248764,0.04415459185838699,0.05054031312465668,0.6179090142250061,0.10059451311826706,0.21268385648727417,0.07487567514181137,0.07258838415145874,0.04011579602956772,0.07940029352903366,0.10560842603445053,0.31416061520576477,0.15637841820716858,0.3081304132938385,0.26252731680870056,0.12689657509326935,0.035666581243276596,0.28633901476860046,0.07644077390432358,0.044950082898139954,0.12055616080760956,0.009821715764701366,0.021056165918707848,0.028278600424528122,0.05525193735957146,0.011164792813360691,0.02177768386900425,0.01887548714876175,0.0275880079716444,0.010221791453659534,0.07463683933019638,0.028425363823771477,0.0765412449836731,0.012029585428535938,0.1586850881576538,0.06574016064405441,0.020336901769042015,0.042469002306461334,0.12836813926696777,0.069518081843853,0.3009372353553772,0.08474577963352203,0.22930949926376343,0.06266086548566818,0.3699474036693573,0.015361626632511616,0.3334757685661316,0.0495244637131691,0.052097540348768234,0.0920143723487854,0.01938445493578911,0.08629219979047775,0.03340841457247734,0.16616830229759216,0.1630786806344986,0.06246192380785942,0.13738033175468445,0.16935192048549652,0.1062767282128334,0.12172125279903412,0.07279767096042633,0.05442797765135765,0.033964209258556366,0.23597459495067596,0.03698042407631874,-0.3691185712814331,-0.397421270608902,-0.3388860523700714,0.03775547817349434
Popescu,F45,13.857142857142858,neutrophil,116,0.20985303819179535,0.17965322732925415,0.1284150928258896,0.029746588319540024,0.16656935214996338,0.017284464091062546,0.3000771403312683,0.024900317192077637,0.0,0.10431201756000519,0.024670638144016266,0.0028565791435539722,0.3986715078353882,0.1055048257112503,0.05767715349793434,0.2315971553325653,0.11478836089372635,0.13197502493858337,0.4401169717311859,0.0,0.008122274652123451,0.4334930181503296,0.20919960737228394,0.018301956355571747,0.042742036283016205,0.020835725590586662,0.0998753160238266,0.41196370124816895,0.014637146145105362,0.004064338281750679,0.06012802943587303,0.2603289783000946,0.010286254808306694,0.00873895175755024,0.07039052993059158,0.23878540098667145,0.06980059295892715,0.0,0.11228576302528381,0.4311598539352417,0.12708546221256256,0.22645215690135956,0.3049766421318054,0.10997936874628067,0.4398212730884552,0.16850700974464417,0.2583574652671814,0.16515092551708221,0.2821027636528015,0.33687683939933777,0.22414426505565643,0.03681757673621178,0.15288764238357544,0.7320886254310608,0.6331769824028015,0.179775208234787,0.10780563205480576,0.07012671232223511,0.12528295814990997,0.006156712770462036,0.08593615144491196,1.5704457759857178,0.13159388303756714,0.09919141978025436,0.21286392211914062,0.04702777788043022,0.07743558287620544,0.4853648245334625,0.44759273529052734,0.26068031787872314,0.1579594761133194,0.11301025003194809,0.0542457178235054,0.07769212871789932,0.10652708262205124,0.5118054747581482,0.17858825623989105,0.410139262676239,0.3598196506500244,0.1746145784854889,0.034479279071092606,0.4381413161754608,0.2667351961135864,0.09645350277423859,0.1922856718301773,0.0053364308550953865,0.06437524408102036,0.196632519364357,0.5198104977607727,0.07712747156620026,0.15357042849063873,0.1642789989709854,0.015599491074681282,0.03394731879234314,0.28193578124046326,0.06159451603889465,0.4118082523345947,0.07626049965620041,0.48663297295570374,0.34837761521339417,0.0987439975142479,0.2057880461215973,0.5136290788650513,0.32133713364601135,0.4729674160480499,0.3855281174182892,0.28990161418914795,0.23475977778434753,1.0246527194976807,0.06282211095094681,0.8183181881904602,0.10345307737588882,0.10540276765823364,0.16895055770874023,0.0346357598900795,0.3385954797267914,0.14671869575977325,0.2037172168493271,0.30143624544143677,0.1457996666431427,0.2970289885997772,0.2923213839530945,0.4007772207260132,0.5276504158973694,0.08452001214027405,0.2670690715312958,0.34820273518562317,0.4748905301094055,0.1362770050764084,-0.0605255626142025,0.0630829855799675,-0.19256190955638885,-0.11521164327859879
Popescu,F45,13.857142857142858,stem_progenitor,443,0.3759285509586334,0.20383433997631073,0.23280027508735657,0.12370870262384415,0.22587627172470093,0.034292109310626984,0.536560595035553,0.13934966921806335,0.0056016892194747925,0.2063637673854828,0.010087558068335056,0.0014083068817853928,0.5379842519760132,0.42472511529922485,0.03837094083428383,0.25202468037605286,0.06357581913471222,0.15381038188934326,0.5770309567451477,0.0027099153958261013,0.0152928801253438,0.587568461894989,0.6023182272911072,0.044563014060258865,0.0828121155500412,0.004154188092797995,0.17378906905651093,0.49886125326156616,0.1790904551744461,0.00537001620978117,0.07434827834367752,0.12991350889205933,0.01196642778813839,0.027585767209529877,0.024562647566199303,0.34487268328666687,0.053031813353300095,0.0018884027376770973,0.09057369083166122,0.39507415890693665,0.16164913773536682,0.24504737555980682,0.2994205951690674,0.11763392388820648,0.6129310727119446,0.27547237277030945,0.29925429821014404,0.22969043254852295,0.3268086910247803,0.3812032639980316,0.294204443693161,0.08766277879476547,0.21263359487056732,0.7153536677360535,0.8114514946937561,0.15695610642433167,0.15633869171142578,0.04118755832314491,0.15006856620311737,0.007685032673180103,0.11881086975336075,1.4419047832489014,0.16569577157497406,0.1185571551322937,0.2525462210178375,0.07192165404558182,0.12070205062627792,0.5517415404319763,0.4766755700111389,0.2830953896045685,0.11649766564369202,0.16137543320655823,0.0690004825592041,0.1483914703130722,0.07403988391160965,0.5364115834236145,0.32549741864204407,0.4618999660015106,0.37836217880249023,0.28096601366996765,0.07719303667545319,0.42738252878189087,0.22163312137126923,0.13618040084838867,0.2777857482433319,0.009430802427232265,0.1457597017288208,0.18186457455158234,0.8620087504386902,0.0877634733915329,0.17284677922725677,0.1217314824461937,0.02952280268073082,0.06193060427904129,0.2966897189617157,0.0639369934797287,0.4261467754840851,0.07418251782655716,0.5274418592453003,0.4133647382259369,0.1289328932762146,0.264335036277771,0.6505959033966064,0.2967970073223114,0.6249704957008362,0.38581952452659607,0.33481407165527344,0.3186451196670532,1.235904335975647,0.05616525933146477,0.9019758105278015,0.1301504224538803,0.12592177093029022,0.1703420728445053,0.05071334168314934,0.40389201045036316,0.1439346969127655,0.1972704976797104,0.381630539894104,0.18514813482761383,0.33195650577545166,0.24359381198883057,0.3986554741859436,0.4113355576992035,0.060068901628255844,0.18434500694274902,0.42123523354530334,0.5487275719642639,0.13178181648254395,0.02694336138665676,0.15852059423923492,-0.11360501497983932,0.06972376257181168
