dataset,replicate,age,broad_type,n_cells,ACIN1,CASP2,CASP3,CASP7,DFFA,DFFB,ROCK1,CASP8,DAB2IP,FADD,FAS,FASLG,TNFRSF1A,TNFSF10,TRADD,AIFM1,APAF1,BAD,BAX,BBC3,BCL2L11,BID,BNIP3L,CASP9,DIABLO,ENDOG,OMA1,DAP3,DAPK1,DAPK2,DAPK3,DDIT3,EIF2AK3,MAP3K5,PRKCD,TP53,TP53BP2,UNC5B,ANLN,ANP32E,AURKA,AURKB,BIRC5,BUB1,BUB3,CCNB1,CCNB2,CDC20,CDK1,CENPF,CENPK,CKAP2L,CKAP5,CKS1B,CKS2,CTCF,DLGAP5,ECT2,G2E3,GAS2L3,GTSE1,HMGB2,HMMR,KIF11,KIF20B,KIF23,KIF2C,LBR,MAD2L1,MKI67,NCAPD2,NDC80,NEK2,PLK1,RANGAP1,SMC4,TACC3,TMPO,TOP2A,TPX2,TTK,UBE2C,ATAD2,BLM,CASP8AP2,CCNE1,CDC45,CDC6,CDCA7,CHAF1B,DSCC1,DTL,E2F8,EXO1,FEN1,GINS1,GINS2,GINS3,GMNN,HELLS,MCM10,MCM2,MCM3,MCM4,MCM5,MCM6,MRPL36,MSH2,NASP,ORC1,PCNA,POLA1,POLA2,POLD3,POLR1B,PRIM1,RAD51,RAD51AP1,RFC2,RFC3,RRM1,RRM2,TIPIN,TYMS,UBR7,UHRF1,UNG,USP1,WDR76,proliferation,S_phase,G2M_phase,apoptosis
zebrafish,TDR18,14.0,erythroid,17,1.2620497941970825,0.1769700050354004,0.046734340488910675,0.0,0.06637364625930786,0.059361863881349564,0.2795398235321045,0.05618217960000038,0.06424035876989365,0.0,0.0,0.0,0.04553014039993286,0.014157358556985855,0.07978194206953049,0.27728909254074097,0.023670420050621033,0.08570320904254913,0.009549349546432495,0.009994401596486568,0.0,0.33780914545059204,0.042620424181222916,0.0,0.14732126891613007,0.1395801454782486,0.0072990539483726025,0.32600951194763184,0.08207093924283981,0.02340649999678135,0.01572866179049015,0.0,0.007645404431968927,0.04243526980280876,0.007747945375740528,0.6430693864822388,0.09036523848772049,0.05926356464624405,0.31599709391593933,1.4682015180587769,0.36670175194740295,0.5509675145149231,0.4803851544857025,0.0,0.8780139684677124,0.734039306640625,0.15701615810394287,0.695383608341217,0.6688255667686462,0.9326258301734924,0.22785627841949463,0.2877637445926666,0.26390087604522705,0.6732592582702637,0.2103932946920395,1.067560076713562,1.0135074853897095,0.12939171493053436,0.4249604642391205,0.029814695939421654,0.28393715620040894,3.4405665397644043,0.4340968430042267,0.6591492891311646,0.2613808512687683,0.3545513153076172,0.23322629928588867,0.9893156886100769,0.8506119847297668,1.7534352540969849,0.6887900829315186,0.2612985670566559,0.14918342232704163,0.6980409026145935,0.48164233565330505,0.5412932634353638,0.5357711315155029,0.43897825479507446,0.6338286399841309,0.9025217890739441,0.4678606390953064,0.826296329498291,0.3802688419818878,0.13144433498382568,0.4477175772190094,0.09493263810873032,0.16458724439144135,0.36717063188552856,0.6487983465194702,0.3784300982952118,0.020741896703839302,0.26496621966362,0.45730510354042053,0.10174251347780228,1.0154294967651367,0.20411673188209534,0.2877584397792816,0.33643966913223267,0.8057472109794617,1.08393394947052,0.23349273204803467,1.050335168838501,0.8202391862869263,0.6502516865730286,0.9768505096435547,1.1475305557250977,1.074696660041809,0.04814785718917847,1.273471713066101,0.30642563104629517,1.6452982425689697,0.3479955196380615,0.22803917527198792,0.33892908692359924,0.2776523232460022,0.23644234240055084,0.6981025338172913,0.14881302416324615,0.3189571499824524,0.4026620090007782,0.48309585452079773,0.12507326900959015,0.4417690336704254,0.2561497986316681,0.40869760513305664,0.7282736301422119,0.2745179533958435,0.6175614595413208,0.0712091252207756,0.9202247262001038,0.8079946041107178,1.0401068925857544,0.05422012507915497
zebrafish,TDR18,14.0,macrophage,6,1.5128145217895508,0.16525615751743317,0.09872009605169296,0.14671002328395844,0.09796414524316788,0.15452955663204193,0.30425286293029785,0.13541938364505768,0.1359691172838211,0.0,0.03634374216198921,0.0,0.08316653966903687,0.11757240444421768,0.2825606167316437,0.18605883419513702,0.03620582073926926,0.25031402707099915,0.04994360730051994,0.0,0.0,0.39150214195251465,0.036274779587984085,0.14478695392608643,0.14442025125026703,0.22830022871494293,0.08192095160484314,0.27658846974372864,0.10332915931940079,0.09796414524316788,0.0,0.1023695170879364,0.03620582073926926,0.10627307742834091,0.10560087114572525,0.5699235796928406,0.158244326710701,0.0,0.12494031339883804,2.056955575942993,0.11790578812360764,0.5344955921173096,1.205915927886963,0.02016262151300907,0.7669892907142639,0.2723207175731659,0.2947711646556854,0.19002027809619904,0.7971791625022888,0.48522064089775085,0.18429046869277954,0.3794534504413605,0.26423728466033936,0.5197547078132629,0.03620582073926926,0.6603362560272217,1.3467880487442017,0.08632632344961166,0.2475212812423706,0.07254955917596817,0.10875920206308365,3.333122968673706,0.12903596460819244,0.5567947030067444,0.18903879821300507,0.6733281016349792,0.35847046971321106,0.5106161236763,0.8408024907112122,2.016010046005249,0.9650728106498718,0.1737510710954666,0.09990551322698593,0.11790578812360764,0.539739727973938,0.35712704062461853,0.43128088116645813,0.698406457901001,0.6153380274772644,1.1255701780319214,0.5651564598083496,1.3943909406661987,0.2212660312652588,0.06175832822918892,0.5142579674720764,0.3283923864364624,0.0,0.10332915931940079,0.21206457912921906,0.15776537358760834,0.04682280123233795,0.11869350075721741,0.07503568381071091,0.0,0.29238370060920715,0.2863515615463257,0.1293639838695526,0.4441782534122467,0.5093042254447937,0.9774481654167175,0.08810222148895264,0.4706939160823822,0.5446100831031799,0.2831624448299408,0.35692092776298523,0.9135201573371887,1.322341799736023,0.5211694240570068,1.6292585134506226,0.2660813331604004,1.0326718091964722,0.42315974831581116,0.30281612277030945,0.5441250205039978,0.29514279961586,0.27047091722488403,1.06391441822052,0.17618678510189056,0.3820734918117523,0.5045214295387268,0.4862697422504425,0.02016262151300907,0.8668227195739746,0.18113069236278534,0.19496893882751465,0.1940319538116455,0.22273509204387665,0.3463970720767975,0.5807458758354187,0.8092116713523865,0.6451667547225952,0.9844411015510559,0.31954339146614075
zebrafish,TDR19,14.0,erythroid,5,1.5000921487808228,0.05716254562139511,0.09178180247545242,0.0,0.0716327652335167,0.02743079885840416,0.20566967129707336,0.09907430410385132,0.01371539942920208,0.0,0.04190101474523544,0.0,0.0,0.05921349674463272,0.0693318098783493,0.26202893257141113,0.02973174676299095,0.10395677387714386,0.02095050737261772,0.0,0.0765259712934494,0.21988089382648468,0.05155942961573601,0.04190101474523544,0.15780684351921082,0.276250958442688,0.02743079885840416,0.3999064564704895,0.11806539446115494,0.0,0.04190101474523544,0.0,0.0,0.02743079885840416,0.03466590493917465,0.6146377921104431,0.01371539942920208,0.04190101474523544,0.41074222326278687,1.7625248432159424,0.4994012713432312,0.4991745054721832,0.5085675716400146,0.06121784448623657,0.8745824098587036,0.598015308380127,0.0716327652335167,0.2835512161254883,0.523651123046875,1.0038853883743286,0.1668669581413269,0.2946716845035553,0.3311842978000641,0.5381308794021606,0.06351879239082336,1.0742723941802979,1.3094356060028076,0.05716254562139511,0.31690549850463867,0.0,0.1390308439731598,3.3812243938446045,0.1720270812511444,0.4990770220756531,0.17992131412029266,0.4408784508705139,0.20510616898536682,1.0693187713623047,0.7694411277770996,1.815690040588379,0.653652012348175,0.17629781365394592,0.0,0.6595345139503479,0.5586737394332886,0.781684398651123,0.6468100547790527,0.55875563621521,0.7725966572761536,0.812080979347229,0.35915470123291016,0.9995110630989075,0.4143046438694,0.15518014132976532,0.4643012583255768,0.18208031356334686,0.21442632377147675,0.1678239405155182,0.47145119309425354,0.4056900441646576,0.06121784448623657,0.2121003121137619,0.531352162361145,0.05716254562139511,0.8951610326766968,0.4144544005393982,0.1728868931531906,0.3065432906150818,0.5056198835372925,0.8963916897773743,0.09094959497451782,0.6862668991088867,0.8142924308776855,0.49708420038223267,0.7434767484664917,0.8940107226371765,1.1678931713104248,0.0765259712934494,1.1474679708480835,0.27465587854385376,1.3638163805007935,0.3802565634250641,0.07568806409835815,0.4041556715965271,0.22747302055358887,0.0934501364827156,0.7573603391647339,0.1561327874660492,0.4927043318748474,0.4092737138271332,0.6376376748085022,0.0934501364827156,0.30942776799201965,0.1933777779340744,0.39691048860549927,0.6465956568717957,0.3076234757900238,0.5107125043869019,0.06268266588449478,0.8070511817932129,0.6887871026992798,0.9333783984184265,0.09273750334978104
zebrafish,TDR19,14.0,macrophage,11,1.5801506042480469,0.26010462641716003,0.19303035736083984,0.15634523332118988,0.11017434298992157,0.13288971781730652,0.42345836758613586,0.05014857277274132,0.0,0.03757105767726898,0.02877078764140606,0.0,0.018889427185058594,0.13963258266448975,0.32405030727386475,0.2785953879356384,0.07849803566932678,0.22707439959049225,0.005310255102813244,0.028409533202648163,0.0,0.442236989736557,0.07603592425584793,0.18399880826473236,0.3363555669784546,0.29948127269744873,0.06903800368309021,0.4315336346626282,0.11601445078849792,0.02877078764140606,0.044148847460746765,0.17159909009933472,0.06789644807577133,0.03813403844833374,0.14869165420532227,0.6934504508972168,0.21803849935531616,0.043152786791324615,0.4721965789794922,1.9620964527130127,0.3782568871974945,0.7304876446723938,0.8634268045425415,0.04972080886363983,0.9263654351234436,0.8964974880218506,0.7338472008705139,0.5319550633430481,0.6957805752754211,1.0891743898391724,0.32126468420028687,0.6131235957145691,0.6410199403762817,0.5235190987586975,0.0,1.2396067380905151,1.5469861030578613,0.23771189153194427,0.48038342595100403,0.053341343998909,0.166981503367424,3.1616408824920654,0.36194637417793274,0.8472298979759216,0.36539050936698914,0.9404584765434265,0.4919288456439972,0.8724141716957092,1.0827009677886963,2.0083673000335693,1.1230390071868896,0.27756497263908386,0.3487558662891388,0.7168182730674744,0.6018998026847839,0.7259098291397095,0.6234260201454163,0.8525075912475586,0.9121280908584595,1.2299271821975708,0.5902437567710876,1.0445135831832886,0.3291323781013489,0.1890956461429596,0.6420837640762329,0.3886237144470215,0.0,0.10860919952392578,0.4617657959461212,0.35138699412345886,0.17964841425418854,0.30823051929473877,0.16127918660640717,0.14227785170078278,0.5318451523780823,0.3098031282424927,0.20228983461856842,0.368374228477478,0.5434774160385132,0.8749664425849915,0.24499405920505524,0.37057799100875854,0.38512563705444336,0.17786537110805511,0.18661442399024963,0.762336790561676,0.996830940246582,0.38064107298851013,1.6961867809295654,0.24908827245235443,1.4392987489700317,0.4507944881916046,0.35666942596435547,0.3765921890735626,0.40221062302589417,0.17893622815608978,1.0474613904953003,0.307574063539505,0.40545520186424255,0.471398264169693,0.625850260257721,0.0798502117395401,0.8218492269515991,0.2478046864271164,0.25862038135528564,0.485940158367157,0.1832156628370285,0.5157748460769653,0.4591164290904999,1.1531147956848145,0.7977256774902344,1.532734751701355,0.4123305380344391
zebrafish,TDR22,14.0,erythroid,9,1.2709755897521973,0.2347276210784912,0.05166822299361229,0.0,0.08631696552038193,0.03069423884153366,0.29886820912361145,0.044151704758405685,0.040664274245500565,0.0,0.02169104292988777,0.0,0.02839234471321106,0.0,0.0,0.2747235894203186,0.10823153704404831,0.10998925566673279,0.017234792932868004,0.0,0.016826385632157326,0.27344244718551636,0.06256818026304245,0.017643200233578682,0.16767674684524536,0.15898558497428894,0.02839234471321106,0.4698815941810608,0.07558011263608932,0.0,0.03069423884153366,0.03983133286237717,0.03253687173128128,0.03672260791063309,0.03659255802631378,0.4694371223449707,0.051235381513834,0.017643200233578682,0.1943553388118744,1.2523906230926514,0.2704675793647766,0.5849987268447876,0.2765094041824341,0.03983133286237717,0.7010226249694824,0.41338396072387695,0.08085457235574722,0.3739573061466217,0.38431045413017273,0.38039085268974304,0.25501784682273865,0.09019263833761215,0.2750333845615387,0.4292623996734619,0.04711021110415459,0.8482593894004822,0.8083013296127319,0.02839234471321106,0.14716684818267822,0.015759358182549477,0.05727211758494377,3.3338515758514404,0.10439500212669373,0.3170059323310852,0.20607465505599976,0.17510488629341125,0.11494237929582596,0.858379602432251,0.4795639216899872,1.4680641889572144,0.6109036803245544,0.2181280255317688,0.12210120260715485,0.475211501121521,0.6166967153549194,0.6037197113037109,0.227548286318779,0.5499123334884644,0.47777441143989563,0.5273867845535278,0.2467879205942154,0.45326095819473267,0.4341028034687042,0.12120035290718079,0.3639437258243561,0.2524036169052124,0.1262589544057846,0.4899660646915436,0.5106315016746521,0.45934709906578064,0.041264161467552185,0.14387492835521698,0.6104661226272583,0.12415267527103424,1.2250862121582031,0.441307008266449,0.31269824504852295,0.18871299922466278,0.7952088713645935,1.1403846740722656,0.4198577404022217,1.2061731815338135,0.9960320591926575,0.7304628491401672,1.037221074104309,1.155921220779419,1.0839297771453857,0.14423373341560364,1.4312528371810913,0.408368319272995,1.983375072479248,0.28904616832733154,0.19200940430164337,0.4462491273880005,0.21026048064231873,0.24786114692687988,0.6695533394813538,0.19232195615768433,0.5129415392875671,0.5872642993927002,0.7060113549232483,0.050228942185640335,0.4868294894695282,0.3894183933734894,0.610185444355011,0.624220073223114,0.32900312542915344,0.6597817540168762,0.16587267816066742,0.7817459106445312,0.9709094166755676,0.579684853553772,0.055817194283008575
zebrafish,TDR27,19.0,erythroid,7,1.138721227645874,0.2219167947769165,0.024476390331983566,0.04895278066396713,0.09060484915971756,0.026813695207238197,0.2657775580883026,0.04446689411997795,0.007785963825881481,0.03338085487484932,0.0,0.0,0.25627705454826355,0.019810190424323082,0.1426214873790741,0.4502101242542267,0.17845900356769562,0.10654259473085403,0.04495536535978317,0.0,0.0,0.17550094425678253,0.10055410861968994,0.0,0.047415878623723984,0.24786758422851562,0.047415878623723984,0.530768871307373,0.07349323481321335,0.0,0.049504250288009644,0.11466597020626068,0.0794026181101799,0.03877883404493332,0.03382612019777298,0.5752164125442505,0.0660758689045906,0.014838376082479954,0.22752021253108978,0.8642139434814453,0.4287862777709961,0.6278507113456726,0.33165159821510315,0.040564026683568954,0.7237820029258728,0.4631534218788147,0.05945499986410141,0.5491288304328918,0.6617074608802795,0.5646520256996155,0.11188740283250809,0.22054560482501984,0.3978123068809509,0.4949474632740021,0.13861846923828125,0.8902171850204468,0.7783055305480957,0.18822036683559418,0.34837034344673157,0.014838376082479954,0.2796538472175598,2.7487094402313232,0.24097254872322083,0.39931830763816833,0.20411565899848938,0.1882396787405014,0.2638954222202301,0.9006639122962952,0.7972589731216431,1.5898629426956177,0.5391455888748169,0.2389283925294876,0.0812077671289444,0.6411976218223572,0.5431933999061584,0.7414726614952087,0.34229373931884766,0.3809264004230499,0.7661780714988708,0.7267783880233765,0.2380298376083374,0.6408167481422424,0.4422082304954529,0.0458938293159008,0.1715865433216095,0.0429299958050251,0.173835888504982,0.08940477669239044,0.35314303636550903,0.32820698618888855,0.31935301423072815,0.15181191265583038,0.4371601939201355,0.08012896031141281,0.8994098901748657,0.32489219307899475,0.2986902594566345,0.19858156144618988,0.3136322498321533,0.5690374970436096,0.1874585896730423,0.9878868460655212,0.7332581877708435,0.6532508134841919,0.8296080827713013,0.8655365705490112,0.8875280022621155,0.1616172045469284,1.2255686521530151,0.28470903635025024,1.7409512996673584,0.4711303412914276,0.28657975792884827,0.45041337609291077,0.17229096591472626,0.1896062046289444,0.47490474581718445,0.20531129837036133,0.4519854187965393,0.47053489089012146,0.6704396605491638,0.3867996037006378,0.262637734413147,0.29315635561943054,0.3834163546562195,0.6882133483886719,0.44686922430992126,0.4588663578033447,0.7082943320274353,0.7415159344673157,0.7219982743263245,0.7623643279075623,0.1279197484254837
zebrafish,TDR27,19.0,macrophage,6,1.2167614698410034,0.1355917602777481,0.06318183988332748,0.07932152599096298,0.023496828973293304,0.18636803328990936,0.46695125102996826,0.023496828973293304,0.0,0.04267174005508423,0.028350302949547768,0.0,0.7387403845787048,0.0602816641330719,0.3704625368118286,0.26087212562561035,0.24299435317516327,0.1311686486005783,0.03347976133227348,0.023496828973293304,0.036409102380275726,0.23624229431152344,0.018184809014201164,0.07630947977304459,0.06879964470863342,0.21610695123672485,0.0,0.45795610547065735,0.04408666864037514,0.0,0.03636961802840233,0.15192298591136932,0.047234341502189636,0.06800869107246399,0.11449917405843735,0.8294771313667297,0.018204551190137863,0.023496828973293304,0.028350302949547768,0.6229296922683716,0.023496828973293304,0.14867985248565674,0.0,0.0,0.43294286727905273,0.09881936758756638,0.0,0.18266145884990692,0.08045628666877747,0.13313384354114532,0.0,0.0,0.03636961802840233,0.22244493663311005,0.0,0.37540295720100403,0.20074176788330078,0.04267174005508423,0.0,0.0,0.06010713055729866,1.6560324430465698,0.024287782609462738,0.06241026520729065,0.03007330745458603,0.0,0.0,0.3472513258457184,0.15966741740703583,0.38815322518348694,0.1861283779144287,0.0,0.0,0.07545193284749985,0.3912763297557831,0.2994630038738251,0.08158517628908157,0.13088420033454895,0.04408666864037514,0.20286227762699127,0.09604177623987198,0.13254410028457642,0.1377522498369217,0.019174909219145775,0.15621747076511383,0.1003565788269043,0.08994448184967041,0.11985539644956589,0.14473922550678253,0.07933556288480759,0.15696753561496735,0.06326157599687576,0.17012886703014374,0.03636961802840233,0.20030634105205536,0.019174909219145775,0.07624288648366928,0.05986644700169563,0.24831034243106842,0.13696129620075226,0.019174909219145775,0.41115954518318176,0.3361603319644928,0.2932213246822357,0.23495282232761383,0.41977381706237793,1.0215784311294556,0.09530982375144958,0.5784587264060974,0.10362335294485092,0.76674485206604,0.20402522385120392,0.1040429174900055,0.29299724102020264,0.17828381061553955,0.07624288648366928,0.10362335294485092,0.019174909219145775,0.24475692212581635,0.31775835156440735,0.3064414858818054,0.03636961802840233,0.2597518563270569,0.08970379829406738,0.2858140170574188,0.15547047555446625,0.09049475193023682,0.25923845171928406,0.22123436629772186,-0.07134613394737244,0.031143946573138237,-0.18082411587238312,0.2249150276184082
zebrafish,TDR28,19.0,erythroid,14,0.8175454139709473,0.10794828832149506,0.019324926659464836,0.019944731146097183,0.049547381699085236,0.025901885703206062,0.15271203219890594,0.11332648247480392,0.004605170805007219,0.0307331383228302,0.0,0.0,0.0964943915605545,0.005367194302380085,0.06284714490175247,0.37511616945266724,0.10071861743927002,0.12005476653575897,0.00528813386335969,0.11716660112142563,0.01003775093704462,0.1256762593984604,0.03531428426504135,0.0,0.12483160197734833,0.25993722677230835,0.0,0.3482763469219208,0.0,0.0,0.0,0.04957028850913048,0.019510379061102867,0.00866736937314272,0.019367320463061333,0.7798442244529724,0.06782372295856476,0.018967406824231148,0.26529350876808167,1.1899245977401733,0.37724214792251587,0.7463973760604858,0.3928530216217041,0.08318319171667099,0.7015179991722107,0.4841614365577698,0.06116228550672531,0.37046700716018677,0.5142508745193481,0.796781599521637,0.12254227697849274,0.2127147763967514,0.30571991205215454,0.4161539077758789,0.1961667686700821,0.6151577234268188,0.7923703193664551,0.12404379993677139,0.23262326419353485,0.019401758909225464,0.171932190656662,2.821889638900757,0.30282095074653625,0.4616365432739258,0.2116916924715042,0.2520679831504822,0.24605247378349304,0.7084071040153503,0.8683348894119263,1.8022178411483765,0.5060120224952698,0.2778055667877197,0.05058054253458977,0.6538017988204956,0.4871072769165039,0.5910335779190063,0.47463080286979675,0.2637184262275696,0.7751736044883728,0.7580286264419556,0.34959688782691956,0.4567653238773346,0.3596457839012146,0.15462253987789154,0.0494023859500885,0.049178559333086014,0.09488227218389511,0.10555066168308258,0.36760082840919495,0.33337217569351196,0.20767797529697418,0.10482651740312576,0.2926585078239441,0.02640613727271557,1.0401074886322021,0.29331454634666443,0.3351897597312927,0.19057400524616241,0.19527363777160645,0.3965297341346741,0.14352090656757355,0.7285372018814087,0.5114855170249939,0.5936523675918579,0.6450334191322327,0.7631404995918274,0.8995828628540039,0.11308116465806961,1.0833452939987183,0.17876045405864716,1.687527060508728,0.4152136743068695,0.25290268659591675,0.39885571599006653,0.17848984897136688,0.21376310288906097,0.5086436867713928,0.2196875810623169,0.41958266496658325,0.49713000655174255,0.7094828486442566,0.0,0.22711484134197235,0.4052858054637909,0.42422404885292053,0.6783291697502136,0.4290755093097687,0.3493739664554596,0.6206303238868713,0.641706109046936,0.5514997243881226,0.7380630373954773,0.011670714244246483
zebrafish,TDR28,19.0,macrophage,7,1.1123071908950806,0.22034688293933868,0.08362572640180588,0.06976772099733353,0.018883490934967995,0.09588877111673355,0.45381274819374084,0.044240470975637436,0.0,0.06312395632266998,0.05568540841341019,0.0,0.5820863842964172,0.07853706181049347,0.49268174171447754,0.19803011417388916,0.1353948563337326,0.13971979916095734,0.15978865325450897,0.0,0.0,0.2574912905693054,0.08435630053281784,0.024407636374235153,0.33952122926712036,0.14939188957214355,0.04790899530053139,0.5066881775856018,0.27582818269729614,0.0,0.026693599298596382,0.15174643695354462,0.10771573334932327,0.028991812840104103,0.10948623716831207,0.621036946773529,0.007624328602105379,0.01665411703288555,0.05631041154265404,0.6685312390327454,0.07176436483860016,0.2398676574230194,0.17671047151088715,0.045247338712215424,0.32574135065078735,0.1254774034023285,0.03156784549355507,0.1052948608994484,0.08929932117462158,0.09849794954061508,0.13723835349082947,0.05568540841341019,0.041942257434129715,0.2766033411026001,0.041061755269765854,0.43142685294151306,0.3141959607601166,0.0,0.024407636374235153,0.0,0.13258372247219086,1.9127750396728516,0.0,0.028991812840104103,0.007624328602105379,0.07233952730894089,0.01665411703288555,0.7267714142799377,0.2919146716594696,0.5719447731971741,0.21883222460746765,0.1291898638010025,0.12906982004642487,0.07944314926862717,0.4018830358982086,0.2509751617908478,0.031902775168418884,0.14379394054412842,0.2574525773525238,0.2140967845916748,0.13241828978061676,0.2486618459224701,0.26542529463768005,0.055719103664159775,0.14040055871009827,0.0941561684012413,0.10741988569498062,0.15972068905830383,0.28724735975265503,0.33987417817115784,0.22898872196674347,0.1007898673415184,0.4129888117313385,0.031902775168418884,0.36231961846351624,0.11139931529760361,0.2734876573085785,0.14151743054389954,0.18902945518493652,0.4154665768146515,0.3565427362918854,0.7230826616287231,0.6136442422866821,0.6101834177970886,0.5847185254096985,0.6934656500816345,0.8495548963546753,0.05824393406510353,0.7038334608078003,0.10532992333173752,1.0235636234283447,0.3115988075733185,0.12972350418567657,0.2764209508895874,0.14433662593364716,0.13315962255001068,0.13704529404640198,0.17918869853019714,0.31121161580085754,0.24219121038913727,0.49431905150413513,0.015248657204210758,0.1731075793504715,0.21260693669319153,0.5893291234970093,0.5003677606582642,0.24768726527690887,0.3829258382320404,0.35531336069107056,0.16825933754444122,0.34285345673561096,-0.018238965421915054,0.25780588388442993
zebrafish,TDR29,19.0,erythroid,15,0.9969903826713562,0.1184239313006401,0.04647819697856903,0.007225509267300367,0.07416137307882309,0.011665155179798603,0.27142271399497986,0.03843024745583534,0.0,0.018829191103577614,0.0,0.0,0.028072066605091095,0.007308268453925848,0.04996833577752113,0.3847084939479828,0.02596203424036503,0.047762833535671234,0.006074275355786085,0.0,0.01264902576804161,0.33799949288368225,0.06932945549488068,0.010433190502226353,0.1441066712141037,0.22066931426525116,0.033897411078214645,0.42507389187812805,0.007803342305123806,0.013442191295325756,0.03591786324977875,0.020896077156066895,0.02158992737531662,0.0,0.00970351230353117,0.44657525420188904,0.024777619168162346,0.011603682301938534,0.1232408955693245,1.2904345989227295,0.17502151429653168,0.5801772475242615,0.26214808225631714,0.027088666334748268,0.4946971535682678,0.3930954337120056,0.05963916704058647,0.3145235776901245,0.4422101080417633,0.33219870924949646,0.08771286904811859,0.054851483553647995,0.1837368607521057,0.45400160551071167,0.07997425645589828,0.6834499835968018,0.7294028997421265,0.06403601914644241,0.09776880592107773,0.011669863946735859,0.1427137404680252,2.8881351947784424,0.10696075856685638,0.27351507544517517,0.09815064072608948,0.06413538008928299,0.097037672996521,0.690690815448761,0.5671345591545105,1.3162709474563599,0.5008352398872375,0.10779418051242828,0.04867399111390114,0.2910221517086029,0.6362995505332947,0.5759676098823547,0.18149204552173615,0.20456834137439728,0.382755845785141,0.48045051097869873,0.23663713037967682,0.45394426584243774,0.5090427994728088,0.07049664109945297,0.1257890909910202,0.026765087619423866,0.09583796560764313,0.19910088181495667,0.715327799320221,0.37528857588768005,0.11891021579504013,0.14668123424053192,0.3609747886657715,0.08864708244800568,0.9472607970237732,0.37347424030303955,0.552832841873169,0.1788042187690735,0.5643997192382812,0.8984302878379822,0.2559908628463745,1.2528908252716064,0.8473828434944153,1.0294722318649292,1.128273606300354,1.237053394317627,0.9534277319908142,0.09587068855762482,1.3518245220184326,0.3177293539047241,2.2006890773773193,0.45275384187698364,0.2143813967704773,0.40766918659210205,0.20341433584690094,0.35745468735694885,0.4879698157310486,0.04081125557422638,0.6595118045806885,0.45410892367362976,0.6956213712692261,0.2668713331222534,0.33050215244293213,0.4781951308250427,0.3312682807445526,0.8203924894332886,0.5879520773887634,0.41373661160469055,0.4937353730201721,0.6256668567657471,0.8547176718711853,0.3809989094734192,-0.012448934838175774
zebrafish,TDR37,12.0,erythroid,5,1.364338994026184,0.12217457592487335,0.14679434895515442,0.17702510952949524,0.4517931044101715,0.18030521273612976,0.20960918068885803,0.0,0.029300441965460777,0.0,0.0,0.0,0.0449703149497509,0.15123990178108215,0.4834418296813965,0.24929673969745636,0.0449703149497509,0.272226482629776,0.02248515747487545,0.0,0.0,0.5023764371871948,0.0,0.0449703149497509,0.4528934955596924,0.5070713758468628,0.0767340213060379,0.6397031545639038,0.0767340213060379,0.0,0.1852780282497406,0.0767340213060379,0.0,0.0,0.06891907751560211,0.8852121233940125,0.12190891802310944,0.0449703149497509,0.344009131193161,2.586571455001831,0.27592217922210693,1.4638962745666504,1.2475502490997314,0.0,1.3420034646987915,1.0762733221054077,0.4232636094093323,0.7144737243652344,1.5102503299713135,0.9349921345710754,0.2743002772331238,0.6528046131134033,0.6564076542854309,0.3859221041202545,0.09286782890558243,0.8118351697921753,0.9773083925247192,0.2836235463619232,0.10386556386947632,0.0449703149497509,0.0,3.5284857749938965,0.16743925213813782,0.8463048934936523,0.313749760389328,0.9824861288070679,0.6114822626113892,0.4589688181877136,0.9615704417228699,1.9871797561645508,1.2229799032211304,0.34765952825546265,0.36454737186431885,0.624647319316864,0.8097351789474487,0.3370116353034973,0.9289408922195435,0.6965190172195435,1.1225841045379639,1.360788106918335,0.8309876322746277,1.8459489345550537,0.394639253616333,0.0,0.26729846000671387,0.1761670708656311,0.10357119888067245,0.07923725992441177,0.548012375831604,0.3944206237792969,0.4452621340751648,0.18030521273612976,0.31226879358291626,0.13205479085445404,0.7429021596908569,0.5614805817604065,0.41117388010025024,0.876491367816925,0.609844982624054,0.9010111093521118,0.0449703149497509,0.5423826575279236,0.6034088730812073,0.33004680275917053,0.08902225643396378,0.9128348231315613,1.0327677726745605,0.3299219012260437,2.514420747756958,0.504996657371521,2.3345155715942383,0.7216848731040955,0.35676664113998413,0.8944174647331238,0.28299450874328613,0.32795554399490356,1.159729242324829,0.31219208240509033,0.5217645168304443,1.1581361293792725,1.2532880306243896,0.08902225643396378,1.382063388824463,0.7463904023170471,0.5994039177894592,0.16714489459991455,0.6946523189544678,0.7590434551239014,0.058600883930921555,1.3952171802520752,1.190284252166748,1.614122986793518,0.4441641867160797
zebrafish,TDR39,16.0,erythroid,16,1.1286258697509766,0.08877109736204147,0.014916589483618736,0.0,0.032849159091711044,0.0,0.3787919580936432,0.041308991611003876,0.04183991998434067,0.009421955794095993,0.0,0.0,0.0595078319311142,0.0,0.09797437489032745,0.36489519476890564,0.05838625878095627,0.08096542954444885,0.0,0.011330055072903633,0.0,0.264320969581604,0.07592561841011047,0.012965932488441467,0.15388643741607666,0.15426424145698547,0.056409694254398346,0.4797735810279846,0.011732316575944424,0.014130759984254837,0.016618948429822922,0.010228684172034264,0.02835126593708992,0.012265589088201523,0.0,0.8426738977432251,0.03273274004459381,0.012265589088201523,0.3000669479370117,1.3569409847259521,0.33615642786026,0.623368501663208,0.3469685912132263,0.012051348574459553,0.83956378698349,0.5904207229614258,0.07759609073400497,0.4378671646118164,0.5843021273612976,0.7679963111877441,0.184575617313385,0.18615207076072693,0.2634817063808441,0.47322916984558105,0.16498610377311707,0.9908247590065002,0.8362900018692017,0.041568323969841,0.2241794466972351,0.04747297614812851,0.11481843888759613,3.2920963764190674,0.09469568729400635,0.39228469133377075,0.12847809493541718,0.28991854190826416,0.1356177031993866,0.7220897078514099,0.8499253988265991,1.6995277404785156,0.6511774659156799,0.23699328303337097,0.05657438188791275,0.7432380318641663,0.597712516784668,0.7451317310333252,0.47931379079818726,0.335664838552475,0.7604693174362183,0.9151400327682495,0.24988368153572083,0.7956478595733643,0.2906048595905304,0.15410280227661133,0.23244395852088928,0.04418666660785675,0.18881899118423462,0.15162412822246552,0.49067583680152893,0.32128727436065674,0.07792636752128601,0.11766216903924942,0.36696726083755493,0.09937742352485657,1.1842021942138672,0.44292986392974854,0.34144356846809387,0.2921784222126007,0.5852212905883789,0.8047828674316406,0.2942149043083191,1.0462526082992554,0.7545192241668701,0.6749753355979919,0.7246993780136108,0.9934022426605225,1.1202343702316284,0.11192399263381958,1.263635277748108,0.2302195429801941,1.8073686361312866,0.3324415683746338,0.24680563807487488,0.40971142053604126,0.22494125366210938,0.19648873805999756,0.746673583984375,0.10947640240192413,0.6092299222946167,0.45383328199386597,0.596686601638794,0.058949798345565796,0.3493267595767975,0.28384828567504883,0.5135223865509033,0.6163822412490845,0.3108225166797638,0.5591266751289368,0.266273558139801,0.7552928924560547,0.7395796179771423,0.7720775008201599,0.023228377103805542
zebrafish,TDR39,16.0,macrophage,8,1.2587239742279053,0.11865434050559998,0.014905993826687336,0.0,0.06100016087293625,0.07218623906373978,0.1960584819316864,0.042374253273010254,0.03411488980054855,0.0,0.0,0.0,0.2685781717300415,0.07456916570663452,0.404019296169281,0.49427860975265503,0.030600354075431824,0.1937488317489624,0.05168720707297325,0.0,0.0,0.042374253273010254,0.030500080436468124,0.03610774129629135,0.19813480973243713,0.24070948362350464,0.030600354075431824,0.3933298587799072,0.16507801413536072,0.042374253273010254,0.042374253273010254,0.0,0.08746616542339325,0.0,0.021187126636505127,0.3829272389411926,0.03188571706414223,0.07884536683559418,0.05765417963266373,0.8806203007698059,0.1286087930202484,0.4041551649570465,0.3671587109565735,0.0,0.610522449016571,0.2801160514354706,0.032122042030096054,0.3388437032699585,0.5215154886245728,0.3153131306171417,0.10509665310382843,0.13167783617973328,0.21243305504322052,0.2160325050354004,0.032122042030096054,0.5449619293212891,0.4765167236328125,0.11277765780687332,0.19269788265228271,0.0,0.1968463808298111,2.7346649169921875,0.11049476265907288,0.2027735561132431,0.03188571706414223,0.21713227033615112,0.0316493920981884,0.441873699426651,0.44717586040496826,0.98073810338974,0.4600943922996521,0.08930356800556183,0.07356242835521698,0.19253231585025787,0.5042639970779419,0.4136938750743866,0.12049174308776855,0.30863744020462036,0.4397326409816742,0.5534951686859131,0.2908080220222473,0.571197509765625,0.13084593415260315,0.0,0.2493571788072586,0.042374253273010254,0.0,0.0744962990283966,0.07218623906373978,0.12417851388454437,0.03273535519838333,0.0,0.06438474357128143,0.0,0.5462943315505981,0.293110191822052,0.03273535519838333,0.1674012541770935,0.164413183927536,0.08824993669986725,0.03273535519838333,0.4852953553199768,0.1843370795249939,0.15807059407234192,0.17861032485961914,0.3674911558628082,1.0949389934539795,0.03273535519838333,0.5526866316795349,0.18648463487625122,0.6926017999649048,0.06438474357128143,0.042374253273010254,0.20364245772361755,0.367146372795105,0.14073175191879272,0.280195415019989,0.0316493920981884,0.3368721604347229,0.3519367575645447,0.2998126149177551,0.0316493920981884,0.14370618760585785,0.0,0.2542763352394104,0.22524774074554443,0.11060302704572678,0.343517005443573,0.16708552837371826,0.15465553104877472,0.020746193826198578,0.2976950407028198,0.13244810700416565
zebrafish,TDR39,16.0,stem_progenitor,6,1.462959885597229,0.0,0.04571635648608208,0.0,0.0,0.048154860734939575,0.4711029529571533,0.0,0.11020231246948242,0.042026955634355545,0.0,0.0,0.3962540328502655,0.024578062817454338,0.263509601354599,0.21256323158740997,0.09046509116888046,0.2921319305896759,0.02163892239332199,0.0,0.0,0.13317139446735382,0.024077430367469788,0.04327784478664398,0.28102508187294006,0.1444595903158188,0.04327784478664398,0.49865663051605225,0.049156125634908676,0.0,0.0,0.047866594046354294,0.13345967233181,0.0,0.024077430367469788,0.5729966759681702,0.06964964419603348,0.19410817325115204,0.0,1.2881525754928589,0.048154860734939575,0.3323211967945099,0.36646851897239685,0.0,0.4774383306503296,0.2587955892086029,0.09659299999475479,0.18323369324207306,0.22114555537700653,0.1395825743675232,0.12703587114810944,0.0,0.1813262552022934,0.1390496790409088,0.04843813553452492,0.732994019985199,0.30567148327827454,0.0,0.042026955634355545,0.048154860734939575,0.0917159840464592,3.1108741760253906,0.048154860734939575,0.0859227105975151,0.02163892239332199,0.048154860734939575,0.04327784478664398,0.29912111163139343,0.18189780414104462,0.3497706353664398,0.2059077024459839,0.0859227105975151,0.0,0.16469664871692657,0.515294075012207,0.22051502764225006,0.0975942611694336,0.23691153526306152,0.28090324997901917,0.14087210595607758,0.04843813553452492,0.3030025064945221,0.0,0.0,0.20094887912273407,0.09731098264455795,0.0,0.0,0.18323369324207306,0.042026955634355545,0.04843813553452492,0.0,0.0,0.0,0.4896393120288849,0.0,0.0,0.0859227105975151,0.1395825743675232,0.0975942611694336,0.04843813553452492,0.6629306077957153,0.2589345872402191,0.26707956194877625,0.3800513744354248,0.29959478974342346,0.9276311993598938,0.0,0.7186603546142578,0.09143271297216415,0.41462334990501404,0.0,0.12471800297498703,0.09118308871984482,0.20160283148288727,0.09114444255828857,0.28765350580215454,0.0,0.22397112846374512,0.25716379284858704,0.3627261221408844,0.04327784478664398,0.17547400295734406,0.0,0.3937249183654785,0.048154860734939575,0.047866594046354294,0.43629392981529236,0.0854700431227684,-0.0019595324993133545,-0.0724152997136116,0.07330003380775452,0.18179716169834137
zebrafish,TDR40,16.0,erythroid,37,1.0842610597610474,0.0961286723613739,0.06514913588762283,0.024401841685175896,0.0539485439658165,0.02358124777674675,0.25902092456817627,0.11491235345602036,0.08919459581375122,0.004071039147675037,0.0,0.0,0.015584394335746765,0.02326478436589241,0.05122079327702522,0.2575204372406006,0.05311611667275429,0.12597344815731049,0.019284525886178017,0.052917834371328354,0.004942337982356548,0.2756744623184204,0.06108526140451431,0.014914918690919876,0.259613573551178,0.18768320977687836,0.01291673257946968,0.41927212476730347,0.06361659616231918,0.008179053664207458,0.009526279754936695,0.009434940293431282,0.011067583225667477,0.0072367070242762566,0.018621603026986122,1.3234813213348389,0.06283482164144516,0.011067583225667477,0.18708515167236328,1.3247617483139038,0.22732742130756378,0.5493631958961487,0.39492151141166687,0.051899272948503494,0.8233954310417175,0.46766233444213867,0.021971462294459343,0.3666653335094452,0.45106515288352966,0.5009965300559998,0.1086585596203804,0.24524684250354767,0.23717781901359558,0.4458432197570801,0.11632393300533295,1.0037747621536255,0.7967869639396667,0.10068456828594208,0.1625894010066986,0.016196921467781067,0.14216122031211853,3.1782586574554443,0.1982707381248474,0.34184178709983826,0.1393955647945404,0.1653786152601242,0.09967128187417984,0.6899317502975464,0.7762506604194641,1.618717074394226,0.522085428237915,0.21856547892093658,0.07016923278570175,0.5129866003990173,0.5548548102378845,0.6564260125160217,0.40510958433151245,0.2767559885978699,0.609925389289856,0.6894674301147461,0.3362690806388855,0.5336214900016785,0.49288085103034973,0.1220768615603447,0.34890016913414,0.025725843384861946,0.12222547829151154,0.23549580574035645,0.5641271471977234,0.32869580388069153,0.0753728374838829,0.09426549822092056,0.3002643585205078,0.030851541087031364,1.1540344953536987,0.3480450510978699,0.39366215467453003,0.344341516494751,0.5714031457901001,0.7233045101165771,0.2554839849472046,1.0040818452835083,0.8412876725196838,0.7223658561706543,0.7829030156135559,0.981840193271637,1.043565034866333,0.14383067190647125,1.4072206020355225,0.18182982504367828,1.9785077571868896,0.30229997634887695,0.22423264384269714,0.34724491834640503,0.24101701378822327,0.3529021739959717,0.6787145733833313,0.09825079143047333,0.5003721117973328,0.5440784096717834,0.5174981951713562,0.010312053374946117,0.4317895174026489,0.4087132513523102,0.4281167685985565,0.615039587020874,0.2592000365257263,0.5851592421531677,0.22647051513195038,0.6780417561531067,0.7290444374084473,0.6235616207122803,0.0974171906709671
zebrafish,TDR40,16.0,macrophage,8,1.0978028774261475,0.04297890141606331,0.047945164144039154,0.030678095296025276,0.10855300724506378,0.037275753915309906,0.15065935254096985,0.03783735632896423,0.033976923674345016,0.0,0.0,0.0,0.17818236351013184,0.0,0.08312429487705231,0.19532480835914612,0.03783735632896423,0.0774211436510086,0.08409490436315536,0.0,0.0,0.2514965534210205,0.12177697569131851,0.0,0.1873668134212494,0.10316764563322067,0.040145393460989,0.4302941560745239,0.037275753915309906,0.0,0.0,0.0,0.030678095296025276,0.0,0.0360124297440052,1.0122840404510498,0.07173999398946762,0.04297890141606331,0.10271388292312622,1.3223154544830322,0.17387308180332184,0.33002179861068726,0.11828315258026123,0.0,0.789798378944397,0.3273182511329651,0.07701139152050018,0.21677950024604797,0.16008976101875305,0.28231167793273926,0.16954612731933594,0.07530425488948822,0.13003693521022797,0.4250897169113159,0.0,0.6585034132003784,0.45612385869026184,0.030678095296025276,0.07530425488948822,0.0,0.14787083864212036,2.83013916015625,0.03783735632896423,0.20140670239925385,0.040145393460989,0.08503542840480804,0.0,1.0001949071884155,0.5305220484733582,1.1793310642242432,0.554780900478363,0.09487807005643845,0.10040584206581116,0.3241751790046692,0.5628100633621216,0.29201552271842957,0.14532090723514557,0.22499793767929077,0.4526115655899048,0.2628612518310547,0.1373269408941269,0.0798448994755745,0.30820807814598083,0.26407042145729065,0.08357806503772736,0.14787083864212036,0.036865998059511185,0.12059041857719421,0.10481984913349152,0.41678687930107117,0.15285736322402954,0.07470335066318512,0.3182872533798218,0.036865998059511185,0.8613231182098389,0.2391723394393921,0.20502571761608124,0.2042984664440155,0.18885420262813568,0.41225266456604004,0.030678095296025276,0.5499119758605957,0.38952508568763733,0.41878265142440796,0.19835150241851807,0.43268540501594543,1.2354118824005127,0.07701139152050018,1.131921648979187,0.14541900157928467,1.4157850742340088,0.2966494858264923,0.15298926830291748,0.4249798059463501,0.11100482940673828,0.20706027746200562,0.5289157629013062,0.1915316879749298,0.26290714740753174,0.3324066996574402,0.6280757188796997,0.0,0.13381469249725342,0.306525319814682,0.5139431953430176,0.37580418586730957,0.260952889919281,0.6325574517250061,0.10370917618274689,0.32623302936553955,0.39136919379234314,0.256655752658844,0.04884359985589981
zebrafish,TDR40,16.0,stem_progenitor,10,1.354393482208252,0.06185106188058853,0.03326765075325966,0.0,0.031995054334402084,0.09465719759464264,0.34644606709480286,0.20132263004779816,0.10369088500738144,0.0,0.0,0.0,0.1286810338497162,0.015520848333835602,0.16151663661003113,0.48031872510910034,0.09465719759464264,0.11568130552768707,0.017293047159910202,0.04611360281705856,0.0,0.34124448895454407,0.05633177608251572,0.0,0.21132755279541016,0.15223750472068787,0.10350577533245087,0.3916988968849182,0.09719081223011017,0.034586094319820404,0.127800852060318,0.0,0.0,0.03477438911795616,0.017293047159910202,1.3129909038543701,0.04565972089767456,0.03615939989686012,0.034784164279699326,1.0887508392333984,0.060231901705265045,0.15273089706897736,0.17948977649211884,0.0,0.6097955107688904,0.20214347541332245,0.034586094319820404,0.15487751364707947,0.12328331172466278,0.11214077472686768,0.08585604280233383,0.031041696667671204,0.2419312447309494,0.35447290539741516,0.0,1.0712428092956543,0.28180116415023804,0.0,0.0,0.058440376073122025,0.05673335865139961,2.9957621097564697,0.06122947856783867,0.031995054334402084,0.06330667436122894,0.1136639267206192,0.034784164279699326,0.6454762816429138,0.2638927102088928,1.1012425422668457,0.42391809821128845,0.10780563205480576,0.0,0.10734309256076813,0.451808363199234,0.4926895201206207,0.06046605110168457,0.2770991921424866,0.1620340794324875,0.17251810431480408,0.10350577533245087,0.27804863452911377,0.472461998462677,0.13680186867713928,0.4849909245967865,0.17335791885852814,0.0,0.49068108201026917,0.6807093620300293,0.32524481415748596,0.034586094319820404,0.1777118742465973,0.4714762270450592,0.11941583454608917,0.8361831903457642,0.20869767665863037,0.2726724147796631,0.4213946461677551,0.7307602763175964,0.8403342366218567,0.2954629063606262,1.049323320388794,0.8495818972587585,0.5336563587188721,0.8769710659980774,0.8857302665710449,1.1348882913589478,0.18524169921875,1.3596101999282837,0.2675856649875641,1.6625709533691406,0.33851951360702515,0.11776475608348846,0.2617647051811218,0.38885965943336487,0.3989071846008301,0.5908428430557251,0.1932498961687088,0.4286366403102875,0.5304613709449768,0.5482169389724731,0.0,0.222068190574646,0.3063558042049408,0.4242645800113678,0.6920138001441956,0.2496214359998703,0.7546102404594421,0.24786286056041718,0.4738008379936218,0.8045135736465454,0.12053968757390976,0.2186165302991867
zebrafish,TDR41,16.0,erythroid,42,0.9657230377197266,0.06847468763589859,0.04923807829618454,0.006334416102617979,0.061596281826496124,0.05526164546608925,0.20720703899860382,0.02948927879333496,0.05844598263502121,0.005780006758868694,0.006914472207427025,0.0,0.05441911891102791,0.007174361497163773,0.07325660437345505,0.34890541434288025,0.014858711510896683,0.14240312576293945,0.006293593440204859,0.0,0.0,0.3667562007904053,0.06407471746206284,0.0,0.15146660804748535,0.1468568742275238,0.019737927243113518,0.32155248522758484,0.017595302313566208,0.0,0.013279926031827927,0.0,0.0,0.0,0.002765682293102145,0.6292715072631836,0.040250878781080246,0.01817474141716957,0.22797363996505737,1.303559422492981,0.3668973445892334,0.6948243975639343,0.3689110577106476,0.02586032636463642,0.9215248823165894,0.650604248046875,0.12743332982063293,0.6556622385978699,0.7469736337661743,0.6983561515808105,0.1438964158296585,0.24504955112934113,0.28539472818374634,0.443755567073822,0.18343400955200195,0.8024546504020691,0.8289252519607544,0.14173997938632965,0.24689796566963196,0.0064735496416687965,0.2078212946653366,3.290864944458008,0.22903689742088318,0.44209083914756775,0.18407496809959412,0.23993119597434998,0.18643930554389954,0.6179668307304382,0.9817312955856323,1.5145554542541504,0.559624195098877,0.2631405293941498,0.07151565700769424,0.6480504274368286,0.6080313920974731,0.592557430267334,0.5125508308410645,0.360879510641098,0.8255659937858582,0.8957527875900269,0.38368457555770874,0.7892700433731079,0.2618767321109772,0.10561271011829376,0.13151147961616516,0.041830383241176605,0.09423315525054932,0.15454982221126556,0.5764020085334778,0.30646443367004395,0.1842413693666458,0.07613895833492279,0.29496997594833374,0.01680510677397251,1.2275419235229492,0.2690628468990326,0.35446470975875854,0.2601620852947235,0.514319896697998,0.6653878092765808,0.12844042479991913,0.8754201531410217,0.6943999528884888,0.6296744346618652,0.8938164710998535,0.852396547794342,1.096697211265564,0.10071376711130142,1.2175202369689941,0.1111166924238205,1.8425095081329346,0.3317206799983978,0.25295281410217285,0.4263303875923157,0.22419960796833038,0.2298143208026886,0.7586416602134705,0.1517159640789032,0.5787346959114075,0.5389941930770874,0.6753354072570801,0.004668744746595621,0.2839575707912445,0.39067912101745605,0.43085208535194397,0.5754733681678772,0.3136817216873169,0.42419102787971497,0.2618836760520935,0.7336646318435669,0.6337774991989136,0.8403621912002563,-0.015268528833985329
zebrafish,TDR41,16.0,macrophage,14,1.124870777130127,0.12457342445850372,0.032124217599630356,0.0,0.03927450627088547,0.013142147101461887,0.22007498145103455,0.04761704429984093,0.07172831147909164,0.0,0.0,0.0,0.24126707017421722,0.04737895727157593,0.3677956759929657,0.31105566024780273,0.08574239164590836,0.08467064052820206,0.04976549744606018,0.0,0.0,0.1721310168504715,0.09154736995697021,0.023571060970425606,0.34439200162887573,0.1017741933465004,0.0499495193362236,0.41665711998939514,0.017770560458302498,0.0,0.0,0.023287270218133926,0.04780897870659828,0.07098688930273056,0.012855800800025463,0.4828408658504486,0.036984723061323166,0.0,0.05977437645196915,1.0025795698165894,0.11479965597391129,0.19053398072719574,0.1336412876844406,0.023287270218133926,0.4957835376262665,0.29035013914108276,0.02404598332941532,0.2683555781841278,0.1545812040567398,0.28099140524864197,0.0899224653840065,0.07800833880901337,0.14788341522216797,0.18969592452049255,0.0,0.6075568199157715,0.24625156819820404,0.0,0.017770560458302498,0.0,0.11934995651245117,2.5801289081573486,0.0,0.05576044321060181,0.020528914406895638,0.041057828813791275,0.06788773834705353,0.4458045959472656,0.36690807342529297,0.8358188271522522,0.20480112731456757,0.0826367512345314,0.03091270662844181,0.22078736126422882,0.4928787648677826,0.20848731696605682,0.15924136340618134,0.2544994056224823,0.24876168370246887,0.19401542842388153,0.14500737190246582,0.14172978699207306,0.09467283636331558,0.0578855462372303,0.20158447325229645,0.1349637806415558,0.06461524963378906,0.0929199606180191,0.26652792096138,0.158793643116951,0.1259152889251709,0.09296852350234985,0.14153379201889038,0.02404598332941532,0.41652724146842957,0.0826367512345314,0.14883537590503693,0.1728552132844925,0.24890848994255066,0.22478948533535004,0.04554992914199829,0.4863390028476715,0.5628402829170227,0.3680250942707062,0.42469191551208496,0.39313119649887085,1.1322509050369263,0.06984733045101166,0.7215695381164551,0.07420461624860764,0.8692828416824341,0.11791365593671799,0.06879396736621857,0.28969815373420715,0.26111117005348206,0.12329210340976715,0.1755290925502777,0.05527636781334877,0.23597657680511475,0.21662065386772156,0.3852626383304596,0.0,0.10424135625362396,0.12686797976493835,0.24235394597053528,0.1583518534898758,0.17364393174648285,0.3436940610408783,0.12034793943166733,0.0841967985033989,0.11700987815856934,0.04914645105600357,0.061510294675827026
zebrafish,TDR41,16.0,stem_progenitor,10,1.2209206819534302,0.11544893682003021,0.07318257540464401,0.0,0.03520353138446808,0.03601721301674843,0.20793788135051727,0.11580812931060791,0.03737880662083626,0.0,0.0,0.0,0.2361067831516266,0.023075755685567856,0.11314060539007187,0.35775333642959595,0.10863248258829117,0.18399761617183685,0.03737880662083626,0.0,0.0,0.18216268718242645,0.05725596100091934,0.039395593106746674,0.3105706572532654,0.15557929873466492,0.035362016409635544,0.288974404335022,0.0,0.0,0.0,0.03530147299170494,0.0,0.0,0.0,0.5776461362838745,0.03737880662083626,0.0,0.019142942503094673,1.1697840690612793,0.2204188108444214,0.3163232207298279,0.10734327137470245,0.0,0.6115219593048096,0.3700823187828064,0.035362016409635544,0.31054848432540894,0.3452353775501251,0.21525971591472626,0.21878306567668915,0.11154405772686005,0.14544133841991425,0.34821000695228577,0.030929431319236755,0.7080714106559753,0.48789507150650024,0.12008577585220337,0.21740765869617462,0.035362016409635544,0.16688737273216248,3.03580904006958,0.10853807628154755,0.29208874702453613,0.015464715659618378,0.15525087714195251,0.15130767226219177,0.3739815056324005,0.43056297302246094,0.7911179065704346,0.295288622379303,0.1539827585220337,0.019142942503094673,0.30766111612319946,0.3706623613834381,0.4643979072570801,0.22947397828102112,0.3497576415538788,0.4807642102241516,0.23579344153404236,0.18347565829753876,0.4137011468410492,0.21170639991760254,0.0,0.2627357840538025,0.07939518988132477,0.08297350257635117,0.19546374678611755,0.5541902780532837,0.2640407681465149,0.11606856435537338,0.019142942503094673,0.17878465354442596,0.030929431319236755,0.7702226638793945,0.19107931852340698,0.26628807187080383,0.15760438144207,0.4027695655822754,0.6525857448577881,0.0,0.933688759803772,0.6426469087600708,0.44132691621780396,0.744370698928833,0.6047170162200928,1.0356886386871338,0.10568704456090927,1.1820703744888306,0.1900719702243805,1.1662354469299316,0.2443980872631073,0.16818004846572876,0.14531618356704712,0.13474681973457336,0.09853813052177429,0.3578435480594635,0.11829124391078949,0.26357054710388184,0.278059720993042,0.37797632813453674,0.0,0.2620328962802887,0.15936270356178284,0.4014461934566498,0.2815499007701874,0.2139909714460373,0.3807465136051178,0.12611903250217438,0.3054351210594177,0.31766343116760254,0.29237300157546997,0.0444282665848732
zebrafish,TDR42,16.0,erythroid,10,0.9814616441726685,0.13222920894622803,0.0,0.0,0.04064341261982918,0.033552635461091995,0.2502114474773407,0.042354766279459,0.03756650164723396,0.0,0.0,0.0,0.06371182203292847,0.0,0.13800260424613953,0.3566540777683258,0.0,0.055123914033174515,0.0,0.023403225466609,0.0,0.1871027797460556,0.06480574607849121,0.0,0.20166540145874023,0.3125959038734436,0.04169323295354843,0.35011357069015503,0.04311002045869827,0.0,0.031054329127073288,0.022913064807653427,0.0,0.04064341261982918,0.02032170630991459,0.5579060316085815,0.007896718569099903,0.023403225466609,0.18928053975105286,1.1830097436904907,0.4126441478729248,0.616097629070282,0.29633188247680664,0.0,0.7565057873725891,0.7570855021476746,0.029429415240883827,0.35155409574508667,0.5731509327888489,0.4496101438999176,0.23168131709098816,0.09745003283023834,0.1837044507265091,0.4679536819458008,0.14512118697166443,0.827673614025116,0.5678614377975464,0.05960414558649063,0.14602439105510712,0.029429415240883827,0.038706500083208084,3.1004586219787598,0.2158818244934082,0.33322447538375854,0.1381465643644333,0.23642365634441376,0.12833988666534424,0.7055660486221313,0.8096576929092407,1.5128580331802368,0.5591776371002197,0.13691848516464233,0.029429415240883827,0.5913647413253784,0.6190540194511414,0.6694574952125549,0.3507242798805237,0.25922030210494995,0.5017035603523254,0.8706661462783813,0.15767110884189606,0.7814871072769165,0.2867622375488281,0.13466444611549377,0.10804760456085205,0.0383521169424057,0.055123914033174515,0.1529674232006073,0.5073537230491638,0.3526037335395813,0.21417813003063202,0.190667062997818,0.3266151547431946,0.0839405432343483,1.2778713703155518,0.3379831314086914,0.4572502076625824,0.23098519444465637,0.4557083249092102,0.8123100399971008,0.3139226734638214,0.9211502075195312,0.6195706129074097,0.7655417919158936,0.81559818983078,1.0443212985992432,1.1893030405044556,0.07832324504852295,1.2518218755722046,0.15699896216392517,2.1281285285949707,0.4033045172691345,0.11893413215875626,0.3124825358390808,0.22654160857200623,0.23423027992248535,0.6599634885787964,0.13149568438529968,0.5467326045036316,0.4561544954776764,0.682040810585022,0.1651902049779892,0.2733868658542633,0.5224357843399048,0.48096317052841187,0.7288161516189575,0.22373104095458984,0.6462210416793823,0.23241639137268066,0.6701238751411438,0.7331539988517761,0.602796196937561,-0.006078081671148539
zebrafish,TDR43,24.0,erythroid,211,0.5090076327323914,0.10663257539272308,0.09409619867801666,0.006014955695718527,0.04801459610462189,0.04430904611945152,0.18804150819778442,0.0529695563018322,0.010442735627293587,0.07076071202754974,0.0015960575547069311,0.0,0.0029409178532660007,0.005462344735860825,0.05661061033606529,0.19618777930736542,0.03851766884326935,0.09592555463314056,0.011713895946741104,0.0012654687743633986,0.0011905927676707506,0.2213718295097351,0.06807559728622437,0.016312776133418083,0.16093111038208008,0.18761366605758667,0.01787932775914669,0.3025405704975128,0.0013451067497953773,0.0,0.009101991541683674,0.009388575330376625,0.010077955201268196,0.016596302390098572,0.003659687237814069,0.48254987597465515,0.0034010987728834152,0.0035938199143856764,0.29166215658187866,0.7406503558158875,0.3023059368133545,0.6052635312080383,0.4249947667121887,0.03730979934334755,0.4223349988460541,0.5681769847869873,0.062332846224308014,0.45817095041275024,0.558022141456604,0.7309092879295349,0.17299669981002808,0.227640300989151,0.30616146326065063,0.4852997362613678,0.2311619371175766,0.6096029877662659,0.8460838198661804,0.13850851356983185,0.23410409688949585,0.0035722204484045506,0.13180023431777954,2.220386266708374,0.2972498834133148,0.42966407537460327,0.11058036237955093,0.17804525792598724,0.1707758903503418,1.0085318088531494,0.5947701334953308,1.434917688369751,0.4727732539176941,0.17939013242721558,0.07380543649196625,0.4384435713291168,0.5555815696716309,0.6450358629226685,0.44886258244514465,0.1060585305094719,0.511763334274292,0.7050858736038208,0.33057960867881775,0.7250227332115173,0.6376830339431763,0.09803253412246704,0.1925632357597351,0.0309537872672081,0.22442840039730072,0.20460428297519684,0.5779902935028076,0.2632386088371277,0.12235993891954422,0.09472265839576721,0.17548775672912598,0.03780524432659149,0.7462798953056335,0.3818207085132599,0.4151461720466614,0.1647586226463318,0.3967694938182831,0.3566191494464874,0.20610755681991577,0.8082010746002197,0.5863497853279114,0.6269135475158691,0.7069857120513916,0.6893041729927063,0.8007559180259705,0.06562937051057816,0.9279413223266602,0.13836391270160675,1.701287031173706,0.24430306255817413,0.24280956387519836,0.35526421666145325,0.07664845883846283,0.3386409878730774,0.38475310802459717,0.10279546678066254,0.4688354730606079,0.4230775237083435,0.5632672309875488,0.005786965135484934,0.2509986460208893,0.527910053730011,0.4247903823852539,0.5401463508605957,0.2016281634569168,0.4151838421821594,0.07857921719551086,0.5486935377120972,0.49256542325019836,0.6086485981941223,-0.0848604366183281
zebrafish,TDR43,24.0,macrophage,40,0.7895251512527466,0.2412421703338623,0.09801065176725388,0.01182543020695448,0.11090335994958878,0.07207949459552765,0.25750723481178284,0.10024378448724747,0.005609861109405756,0.03377687931060791,0.01231443788856268,0.0,0.6055506467819214,0.013443919830024242,0.2551684081554413,0.19716839492321014,0.11237025260925293,0.18347710371017456,0.06274557113647461,0.010295490734279156,0.003549739019945264,0.23203599452972412,0.054691337049007416,0.05085301399230957,0.191160649061203,0.21646305918693542,0.048363566398620605,0.3812113404273987,0.15718111395835876,0.0,0.013986239209771156,0.15718229115009308,0.05194271728396416,0.021616429090499878,0.1694280058145523,0.48168182373046875,0.003635196480900049,0.009191019460558891,0.23744364082813263,0.5450950860977173,0.28883975744247437,0.5176287889480591,0.5151064991950989,0.019924378022551537,0.45086032152175903,0.504111111164093,0.05176856368780136,0.48245567083358765,0.571188747882843,0.6886945962905884,0.15052852034568787,0.22451062500476837,0.31619274616241455,0.624893307685852,0.20781569182872772,0.7184978723526001,0.6925781965255737,0.12036476284265518,0.23356130719184875,0.007267770357429981,0.2732832431793213,2.2941527366638184,0.22363464534282684,0.4438506066799164,0.1600596010684967,0.2117471694946289,0.22027292847633362,1.0332379341125488,0.6188586354255676,1.1937196254730225,0.5161334276199341,0.17498135566711426,0.07847471535205841,0.41939210891723633,0.4714891016483307,0.6112502217292786,0.4156786799430847,0.15284797549247742,0.5906556248664856,0.5842643976211548,0.3958132863044739,0.7195528745651245,0.45569926500320435,0.07673285901546478,0.25767379999160767,0.0667615532875061,0.1371641606092453,0.18403425812721252,0.2719874978065491,0.22927293181419373,0.14205370843410492,0.10880023241043091,0.45228713750839233,0.06905291974544525,0.7215626835823059,0.28660517930984497,0.30325841903686523,0.1323516070842743,0.2616671621799469,0.26297369599342346,0.1558903008699417,0.6483057737350464,0.504348874092102,0.5829018354415894,0.6244276762008667,0.5869872570037842,0.8828161358833313,0.13536915183067322,0.8457028269767761,0.09607207775115967,1.6384128332138062,0.2586720287799835,0.19698436558246613,0.3559689223766327,0.07264389097690582,0.24424991011619568,0.2932564318180084,0.12150239944458008,0.3290110230445862,0.4411517083644867,0.7016385793685913,0.0052419258281588554,0.3052017092704773,0.38801249861717224,0.4134994447231293,0.4914405345916748,0.20280294120311737,0.42329683899879456,0.12517528235912323,0.5091411471366882,0.41178256273269653,0.6131378412246704,0.13032294809818268
zebrafish,TDR43,24.0,neutrophil,12,1.0174129009246826,0.15905965864658356,0.15410356223583221,0.0,0.15200401842594147,0.13029856979846954,0.2637993395328522,0.09431103616952896,0.008780707605183125,0.02885551191866398,0.04144497960805893,0.0,0.658871591091156,0.006686423439532518,0.348536878824234,0.10903501510620117,0.1293104737997055,0.18693757057189941,0.050276827067136765,0.037356387823820114,0.0,0.6359343528747559,0.04132877290248871,0.10508539527654648,0.26803115010261536,0.24319212138652802,0.04727965220808983,0.4934954345226288,0.06325096637010574,0.0,0.04811616241931915,0.062480587512254715,0.15481680631637573,0.040822166949510574,0.5106115937232971,0.323650598526001,0.006753107067197561,0.015670526772737503,0.20206093788146973,0.676860511302948,0.12256002426147461,0.4091418981552124,0.2521815299987793,0.0,0.37562695145606995,0.39457204937934875,0.04514813423156738,0.31784743070602417,0.39349129796028137,0.3211524188518524,0.12204212695360184,0.08292397856712341,0.2266746312379837,0.6243073344230652,0.054020434617996216,0.8489692807197571,0.5434501767158508,0.08142471313476562,0.08325359970331192,0.0,0.18068580329418182,2.39412260055542,0.07964129000902176,0.3725006580352783,0.035417668521404266,0.08652032166719437,0.19401316344738007,1.1102148294448853,0.5216214656829834,0.7410240769386292,0.35502180457115173,0.15840379893779755,0.011916187591850758,0.18711547553539276,0.4180320203304291,0.4257853329181671,0.252106636762619,0.18525075912475586,0.22347836196422577,0.3437180519104004,0.1963992565870285,0.40837475657463074,0.32019293308258057,0.013506214134395123,0.3706904649734497,0.1975993663072586,0.09387191385030746,0.15623678267002106,0.34460949897766113,0.22406210005283356,0.25839924812316895,0.05292177572846413,0.3845980167388916,0.11377573013305664,0.8818127512931824,0.19349634647369385,0.18670129776000977,0.14888007938861847,0.15579669177532196,0.5206275582313538,0.15129302442073822,0.5586430430412292,0.7367348670959473,0.6339123845100403,0.8043036460876465,0.6141180396080017,0.8126789927482605,0.11098726838827133,0.9760883450508118,0.10316318273544312,1.5935853719711304,0.23644287884235382,0.18387210369110107,0.20653800666332245,0.015312445349991322,0.27560481429100037,0.19978217780590057,0.057103175669908524,0.24339038133621216,0.44814884662628174,0.726518452167511,0.0,0.37825819849967957,0.23398905992507935,0.5514886379241943,0.48087096214294434,0.19405032694339752,0.5003063082695007,0.1971796751022339,0.3477160632610321,0.40900036692619324,0.2822532653808594,0.25629401206970215
zebrafish,TDR44,24.0,erythroid,300,0.5517046451568604,0.10688736289739609,0.0457025021314621,0.007939080707728863,0.059130363166332245,0.041791267693042755,0.19745096564292908,0.05659085139632225,0.012483022175729275,0.06191026046872139,0.0,0.0,0.014412769116461277,0.007062782533466816,0.04381000995635986,0.17134767770767212,0.024400055408477783,0.08815738558769226,0.01386209949851036,0.005162135697901249,0.0,0.2156303972005844,0.06535890698432922,0.012716379947960377,0.19971340894699097,0.12691281735897064,0.023505738005042076,0.3624779284000397,0.007877313531935215,0.005383129697293043,0.012270930223166943,0.016376450657844543,0.00830341037362814,0.021323079243302345,0.003951671067625284,0.4154302477836609,0.008279369212687016,0.009451672434806824,0.24030433595180511,0.7700681686401367,0.241529181599617,0.4047294557094574,0.26652830839157104,0.03081539459526539,0.34777653217315674,0.4542035460472107,0.05288953334093094,0.35048574209213257,0.43449950218200684,0.6414023637771606,0.20189155638217926,0.19737845659255981,0.3366532325744629,0.40925127267837524,0.14476454257965088,0.6380593180656433,0.7691617012023926,0.0847001001238823,0.1821894496679306,0.008923133835196495,0.1079430803656578,2.202848196029663,0.21945129334926605,0.33962738513946533,0.12711960077285767,0.15569211542606354,0.17772027850151062,1.0067546367645264,0.500654935836792,1.446378231048584,0.4457431137561798,0.14575807750225067,0.0699218288064003,0.3266666531562805,0.4865141808986664,0.7333876490592957,0.351455420255661,0.11059863120317459,0.4506304860115051,0.6101546287536621,0.3311244249343872,0.6241876482963562,0.6399324536323547,0.09624946117401123,0.20297330617904663,0.02614462934434414,0.19513057172298431,0.18458543717861176,0.6181869506835938,0.28667011857032776,0.1279488056898117,0.08468122035264969,0.1367821991443634,0.043886516243219376,0.7281714677810669,0.4028331935405731,0.4069129526615143,0.15578711032867432,0.4605981409549713,0.4871131479740143,0.2718045115470886,0.9139484763145447,0.5660333633422852,0.6553245782852173,0.7027218341827393,0.7075244188308716,0.8413784503936768,0.0963602289557457,0.9995800852775574,0.1650645136833191,1.7417826652526855,0.26947394013404846,0.27535367012023926,0.3219616115093231,0.11191022396087646,0.36366206407546997,0.36754658818244934,0.07937826961278915,0.40488678216934204,0.37776535749435425,0.4597715139389038,0.0035533085465431213,0.2623942196369171,0.44340458512306213,0.43677011132240295,0.5797929763793945,0.23572082817554474,0.5017449855804443,0.09294013679027557,0.4967447817325592,0.5186213254928589,0.47337663173675537,-0.09146315604448318
zebrafish,TDR44,24.0,macrophage,59,0.7845183610916138,0.18775826692581177,0.058988600969314575,0.006772274617105722,0.10118348151445389,0.06428913027048111,0.2528080642223358,0.050351232290267944,0.0020650995429605246,0.06574728339910507,0.043039750307798386,0.0,0.7471514940261841,0.04185891151428223,0.29228028655052185,0.13556735217571259,0.12198784202337265,0.1540851891040802,0.0768590047955513,0.03636343032121658,0.0,0.14563651382923126,0.0440816693007946,0.08384651690721512,0.16606876254081726,0.07110553234815598,0.019176537171006203,0.2564871609210968,0.20921070873737335,0.010344462469220161,0.01566140726208687,0.1308249980211258,0.06740263849496841,0.018272023648023605,0.15166440606117249,0.5210267305374146,0.029117705300450325,0.011695616878569126,0.1563514769077301,0.4642068147659302,0.22780846059322357,0.3483854830265045,0.2867552936077118,0.005956737790256739,0.36497068405151367,0.2813933491706848,0.06253844499588013,0.33882391452789307,0.4318191409111023,0.45716148614883423,0.16111256182193756,0.15953698754310608,0.25770053267478943,0.45132285356521606,0.10876749455928802,0.4742218852043152,0.5205201506614685,0.05969648063182831,0.17564146220684052,0.0,0.1890176683664322,2.0286293029785156,0.13748180866241455,0.25989124178886414,0.12692371010780334,0.1605375111103058,0.16906319558620453,0.7925522327423096,0.39879369735717773,1.0666388273239136,0.349665105342865,0.14697755873203278,0.04585682600736618,0.29568395018577576,0.30468112230300903,0.5605605244636536,0.224059596657753,0.15527746081352234,0.46947768330574036,0.4771972894668579,0.26287567615509033,0.38820570707321167,0.3456496298313141,0.05955380201339722,0.30962082743644714,0.06960298120975494,0.10391048341989517,0.106268510222435,0.28321319818496704,0.18418218195438385,0.1895444691181183,0.050803858786821365,0.3497278690338135,0.0468028262257576,0.5734749436378479,0.2813223898410797,0.24825268983840942,0.08060821145772934,0.17065995931625366,0.2607826590538025,0.12873533368110657,0.5356314778327942,0.3501105308532715,0.455447256565094,0.48802807927131653,0.5106090903282166,0.7359140515327454,0.12983784079551697,0.9905344843864441,0.08673804998397827,1.468644142150879,0.33976998925209045,0.2886728048324585,0.19936028122901917,0.06166968122124672,0.2112748920917511,0.23429882526397705,0.10605109483003616,0.2680094242095947,0.3349684476852417,0.5346288681030273,0.0,0.2525463104248047,0.29129934310913086,0.38693511486053467,0.32119500637054443,0.18944019079208374,0.49579134583473206,0.1009635254740715,0.28780508041381836,0.2766917645931244,0.2996760904788971,0.10743242502212524
zebrafish,TDR44,24.0,neutrophil,10,0.7844584584236145,0.2832822799682617,0.10570774227380753,0.0,0.1920536607503891,0.05919073894619942,0.35369956493377686,0.2637518048286438,0.025133376941084862,0.08695477247238159,0.0,0.0,0.5219911336898804,0.0,0.27045753598213196,0.14532440900802612,0.27556201815605164,0.1606391966342926,0.0894714891910553,0.0,0.0,0.5654498338699341,0.06552328914403915,0.11081513017416,0.166502445936203,0.0866287350654602,0.02644742652773857,0.24665740132331848,0.0,0.02644742652773857,0.0,0.0315030999481678,0.10714305937290192,0.05941902473568916,0.38096684217453003,0.20694760978221893,0.0157515499740839,0.0,0.11148416996002197,0.7778505086898804,0.10843169689178467,0.40868496894836426,0.24455025792121887,0.0,0.4035995602607727,0.48200130462646484,0.04543890431523323,0.521501362323761,0.38017144799232483,0.5991742610931396,0.24038457870483398,0.10380898416042328,0.29302337765693665,0.5374852418899536,0.08231186121702194,0.9039047360420227,0.6716955304145813,0.0736980065703392,0.20208410918712616,0.0,0.026150401681661606,2.6296253204345703,0.22306835651397705,0.5156930088996887,0.0880395770072937,0.0962221771478653,0.22030290961265564,1.0635164976119995,0.47102755308151245,0.7649844884872437,0.42363062500953674,0.17165160179138184,0.066149041056633,0.1803807020187378,0.27340665459632874,0.47819289565086365,0.2941104769706726,0.2072860449552536,0.4355190396308899,0.4535391926765442,0.2221107929944992,0.7164708375930786,0.12383902072906494,0.0,0.24983373284339905,0.08030293136835098,0.07222380489110947,0.030072679743170738,0.5801078081130981,0.09744489192962646,0.029346341267228127,0.0,0.04543890431523323,0.0,0.6433485746383667,0.13427302241325378,0.1479894369840622,0.0,0.10549813508987427,0.44710689783096313,0.0,0.6733964681625366,0.5288514494895935,0.3919687867164612,0.43864211440086365,0.3727520704269409,0.6167956590652466,0.045735929161310196,0.7377305030822754,0.1129724532365799,0.9695865511894226,0.07870753109455109,0.15079674124717712,0.09492845833301544,0.08695477247238159,0.029346341267228127,0.052597831934690475,0.0682755783200264,0.2859824299812317,0.11773113906383514,0.38802188634872437,0.0,0.09641779959201813,0.019288500770926476,0.209738090634346,0.17222018539905548,0.0,0.5659486055374146,0.026150401681661606,0.1872972548007965,-0.006471715867519379,0.39427775144577026,0.17731869220733643
zebrafish,TDR44,24.0,stem_progenitor,13,0.5737109780311584,0.17825037240982056,0.022770574316382408,0.04208039864897728,0.019744453951716423,0.08091931790113449,0.23958145081996918,0.03621051087975502,0.05710379034280777,0.12325484305620193,0.0,0.0,0.0880432203412056,0.024832595139741898,0.02525220438838005,0.16327330470085144,0.0,0.1263955980539322,0.013079416006803513,0.07667350023984909,0.0,0.40016406774520874,0.097743920981884,0.02525220438838005,0.10113728791475296,0.08978386968374252,0.054965972900390625,0.48720189929008484,0.0,0.0,0.044996656477451324,0.0,0.02032417058944702,0.0,0.0,0.7756194472312927,0.01767667755484581,0.0,0.13565810024738312,0.6181352138519287,0.1101265400648117,0.3012317419052124,0.17206278443336487,0.014893789775669575,0.24643895030021667,0.272201806306839,0.029581449925899506,0.23093733191490173,0.16343556344509125,0.27043455839157104,0.1675923764705658,0.10235747694969177,0.14597201347351074,0.3987537622451782,0.04236285388469696,0.5692477822303772,0.4406711459159851,0.0712466761469841,0.10615631192922592,0.0,0.09764427691698074,1.9864500761032104,0.06407523900270462,0.16770966351032257,0.12214099615812302,0.017813611775636673,0.11532345414161682,0.597163200378418,0.44595009088516235,1.197442889213562,0.23661889135837555,0.05585522949695587,0.0,0.15988311171531677,0.4353214502334595,0.5169468522071838,0.15708456933498383,0.07923037558794022,0.37225019931793213,0.441396564245224,0.14096298813819885,0.33823326230049133,0.34342578053474426,0.03270740061998367,0.12049898505210876,0.039029981940984726,0.16145770251750946,0.24441449344158173,0.3313642740249634,0.1265629678964615,0.07102347910404205,0.058851804584264755,0.15680964291095734,0.0,0.7015267610549927,0.3117724657058716,0.3508966863155365,0.1624218374490738,0.4013059735298157,0.4395844042301178,0.21699967980384827,0.8545551300048828,0.5580381751060486,0.4959495961666107,0.6012442111968994,0.7685344219207764,0.8914653062820435,0.07326962053775787,1.0904828310012817,0.21432510018348694,1.3056640625,0.15785278379917145,0.11379540711641312,0.1914074420928955,0.12626780569553375,0.17256547510623932,0.295684814453125,0.02032417058944702,0.2633211314678192,0.39805933833122253,0.29540273547172546,0.0,0.2292153686285019,0.22674697637557983,0.3788408637046814,0.746745765209198,0.2435046285390854,0.5871763825416565,0.05576622858643532,0.23057350516319275,0.33352988958358765,0.12059737741947174,0.003487922251224518
zebrafish,TDR45,24.0,erythroid,92,0.6204333305358887,0.1019112765789032,0.05446551740169525,0.0014611199731007218,0.035211432725191116,0.03530405834317207,0.23321670293807983,0.02730577066540718,0.0466337725520134,0.061768561601638794,0.0,0.0,0.010071484372019768,0.015284551307559013,0.052289243787527084,0.2184136062860489,0.033931441605091095,0.08581168204545975,0.006076053250581026,0.0038277641870081425,0.0,0.21115253865718842,0.08228142559528351,0.015828881412744522,0.11419346183538437,0.12709447741508484,0.026041850447654724,0.29336878657341003,0.018658390268683434,0.011466337367892265,0.006360338535159826,0.00868893601000309,0.015578028745949268,0.0035025905817747116,0.008152324706315994,0.4002140760421753,0.013256133534014225,0.020964330062270164,0.2542603015899658,0.9689033627510071,0.2846023440361023,0.42074471712112427,0.28756362199783325,0.025478674098849297,0.37091898918151855,0.4964073896408081,0.03877177834510803,0.4555257260799408,0.5156553387641907,0.7926766872406006,0.2629324793815613,0.2229176014661789,0.35011914372444153,0.4177531898021698,0.1025463417172432,0.7388532161712646,0.8315273523330688,0.10813476890325546,0.2421463280916214,0.02436007559299469,0.11461202055215836,2.353590488433838,0.28555411100387573,0.49408775568008423,0.1713249236345291,0.19536808133125305,0.16808103024959564,1.0436527729034424,0.5648251175880432,1.6070853471755981,0.44518399238586426,0.16723057627677917,0.05195837467908859,0.4214531481266022,0.4600939154624939,0.695120096206665,0.4221844971179962,0.18207599222660065,0.5524466633796692,0.6730576157569885,0.3191114366054535,0.7079302072525024,0.7456328272819519,0.11319513618946075,0.31127792596817017,0.017486291006207466,0.1790604591369629,0.21083565056324005,0.7261161208152771,0.33151042461395264,0.19479140639305115,0.14438699185848236,0.21511463820934296,0.05962511897087097,0.7862388491630554,0.2911301255226135,0.3465198278427124,0.23669131100177765,0.4353771209716797,0.5790704488754272,0.23288880288600922,1.0894547700881958,0.6930432319641113,0.7829094529151917,0.8508166670799255,0.9095249772071838,0.8289949297904968,0.08920568972826004,1.1296712160110474,0.20847183465957642,2.0022013187408447,0.39961960911750793,0.27744823694229126,0.341179221868515,0.12091527134180069,0.319756418466568,0.2745242714881897,0.07961220294237137,0.5157883763313293,0.4425179362297058,0.607012927532196,0.05872045457363129,0.2625921964645386,0.5409658551216125,0.44599002599716187,0.609138548374176,0.18565860390663147,0.5189918279647827,0.09339354187250137,0.6149159073829651,0.6377065777778625,0.5905712842941284,-0.08495140075683594
zebrafish,TDR45,24.0,neutrophil,5,1.0143224000930786,0.29827529191970825,0.029141351580619812,0.0,0.11302293837070465,0.0,0.24765531718730927,0.1300644427537918,0.0,0.0,0.0,0.0,0.5627674460411072,0.0,0.1559549868106842,0.19514913856983185,0.2798956334590912,0.2731166481971741,0.0,0.0,0.0,0.6921222805976868,0.03392843157052994,0.0,0.21512360870838165,0.18834714591503143,0.0,0.3341646194458008,0.0,0.058282703161239624,0.0,0.0,0.45506542921066284,0.0821261927485466,0.673547625541687,0.20146377384662628,0.0410630963742733,0.0,0.3187209665775299,0.5909646153450012,0.0,0.7285674214363098,0.22530727088451385,0.18548405170440674,0.724837601184845,0.6732679605484009,0.0,0.6063796281814575,0.39221563935279846,0.48582038283348083,0.41600117087364197,0.058282703161239624,0.6428030729293823,0.6815532445907593,0.0,1.0120527744293213,0.8505685925483704,0.0,0.2529709041118622,0.0,0.2562040090560913,2.3573203086853027,0.21550139784812927,0.4288536012172699,0.10775069892406464,0.14011923968791962,0.18465283513069153,1.3294588327407837,0.691918671131134,0.9835408329963684,0.36190274357795715,0.19776944816112518,0.058282703161239624,0.35539039969444275,0.4914352297782898,0.7404332160949707,0.2120387852191925,0.28200003504753113,0.3131603002548218,0.34396612644195557,0.4531199336051941,0.6060210466384888,0.2658832371234894,0.0,0.09767226874828339,0.05474023148417473,0.09767226874828339,0.09767226874828339,0.3267531394958496,0.18087980151176453,0.0,0.0,0.3041587471961975,0.0,0.6471754908561707,0.23901817202568054,0.09767226874828339,0.058282703161239624,0.0,0.5931404232978821,0.2731166481971741,0.3644736409187317,0.5458909273147583,0.32950958609580994,0.37953633069992065,0.3635554909706116,0.9024726748466492,0.0,0.6419492959976196,0.05474023148417473,1.239166259765625,0.10335785150527954,0.058282703161239624,0.10335785150527954,0.0,0.1984599083662033,0.058282703161239624,0.058282703161239624,0.236355260014534,0.30127912759780884,0.5958511233329773,0.058282703161239624,0.1336069107055664,0.22224542498588562,0.3933418095111847,0.27340632677078247,0.058282703161239624,0.6839146614074707,0.11302293837070465,0.3491516709327698,0.09756515920162201,0.6178917288780212,0.20577912032604218
zebrafish,TDR46,24.0,erythroid,204,0.5471287965774536,0.12032520025968552,0.045000992715358734,0.002011975273489952,0.04178230091929436,0.05077093839645386,0.1941535770893097,0.06930913776159286,0.036549001932144165,0.05397994443774223,0.0018115330021828413,0.0,0.03875961899757385,0.00766865536570549,0.05381907522678375,0.20863090455532074,0.05236281454563141,0.09822878986597061,0.01269200537353754,0.001772911287844181,0.0014310595579445362,0.179274320602417,0.06261813640594482,0.01786956563591957,0.12441657483577728,0.1443103402853012,0.01393108256161213,0.2769549787044525,0.015310476534068584,0.00575591716915369,0.01674525998532772,0.01486685685813427,0.021721994504332542,0.01675296761095524,0.0075248004868626595,0.2664874792098999,0.011169085279107094,0.008131462149322033,0.24789774417877197,0.8761141896247864,0.3105609118938446,0.4331419765949249,0.22757835686206818,0.04006503149867058,0.41093072295188904,0.45885276794433594,0.07470995932817459,0.3859981596469879,0.5954557061195374,0.7802925705909729,0.20991283655166626,0.304715633392334,0.28711947798728943,0.44762712717056274,0.22510461509227753,0.6179671883583069,0.7876639366149902,0.13139374554157257,0.25174811482429504,0.0029211051296442747,0.15029281377792358,2.1492745876312256,0.24916104972362518,0.497020423412323,0.12323584407567978,0.19749341905117035,0.17343251407146454,1.0168745517730713,0.49977943301200867,1.401475191116333,0.5287490487098694,0.1644173264503479,0.05186960846185684,0.40819430351257324,0.4600975811481476,0.6525589227676392,0.32723429799079895,0.16590982675552368,0.5581867694854736,0.6628145575523376,0.3388656675815582,0.6351245641708374,0.6208505034446716,0.08190242201089859,0.2250572293996811,0.037060584872961044,0.1765143871307373,0.21208834648132324,0.5438219904899597,0.3260537087917328,0.13133370876312256,0.10118406265974045,0.21681971848011017,0.05250084027647972,0.79078209400177,0.3660510182380676,0.32941508293151855,0.15330404043197632,0.38531187176704407,0.5621329545974731,0.22864820063114166,0.8870911002159119,0.5980192422866821,0.672241747379303,0.7037168145179749,0.7194849848747253,0.8278679847717285,0.09440741688013077,1.0368517637252808,0.14419466257095337,2.135399580001831,0.2993149757385254,0.261483371257782,0.36406588554382324,0.06517293304204941,0.3211310803890228,0.30860254168510437,0.07673901319503784,0.4300483167171478,0.38313400745391846,0.5565579533576965,0.0514456145465374,0.24358098208904266,0.5070280432701111,0.4843776226043701,0.5814211368560791,0.23383846879005432,0.4824100136756897,0.09673812985420227,0.5501798987388611,0.5318511724472046,0.5697582364082336,-0.0953388586640358
zebrafish,TDR46,24.0,macrophage,70,0.793846070766449,0.21893556416034698,0.09504391252994537,0.0375109426677227,0.11125242710113525,0.06985074281692505,0.23012997210025787,0.0909821167588234,0.02766246907413006,0.0667429268360138,0.03133334591984749,0.0,0.7995086908340454,0.032659150660037994,0.42597833275794983,0.09693467617034912,0.15630605816841125,0.22687427699565887,0.09193061292171478,0.03335050493478775,0.0,0.2168850153684616,0.02555135451257229,0.05861853063106537,0.16099002957344055,0.07354003190994263,0.01424814760684967,0.20337599515914917,0.2086992859840393,0.009290308691561222,0.013017041608691216,0.28692618012428284,0.05212588608264923,0.007889901287853718,0.15067385137081146,0.42630159854888916,0.02144215814769268,0.006089957430958748,0.16563142836093903,0.4107958674430847,0.25395017862319946,0.431871235370636,0.27537837624549866,0.026379404589533806,0.3122168779373169,0.3434363901615143,0.07652215659618378,0.41574588418006897,0.5927197337150574,0.6054604649543762,0.148153156042099,0.18512475490570068,0.24814629554748535,0.5937929153442383,0.15051314234733582,0.477272093296051,0.6352860927581787,0.08562736213207245,0.24722886085510254,0.004764672368764877,0.2605706751346588,2.1863441467285156,0.180996835231781,0.33502647280693054,0.11345656216144562,0.2259199470281601,0.22345852851867676,0.6945249438285828,0.494150310754776,0.9549627304077148,0.34780704975128174,0.15104497969150543,0.05542842298746109,0.3912002742290497,0.339020699262619,0.48597097396850586,0.3166634738445282,0.1709255427122116,0.6291362643241882,0.5326424837112427,0.31292223930358887,0.5883336663246155,0.23332862555980682,0.02880079112946987,0.2619110941886902,0.0654490515589714,0.053304050117731094,0.13630270957946777,0.2354755401611328,0.1894487589597702,0.11440230906009674,0.02250019460916519,0.2899695634841919,0.026616770774126053,0.43161648511886597,0.2817193269729614,0.1660744994878769,0.10178281366825104,0.13026829063892365,0.22779396176338196,0.10647526383399963,0.4697217643260956,0.30217647552490234,0.4658381938934326,0.4074620306491852,0.4554954171180725,0.777768611907959,0.02768559381365776,0.8216157555580139,0.06560065597295761,1.4120140075683594,0.27595067024230957,0.14303390681743622,0.2087395042181015,0.027637483552098274,0.08329436928033829,0.20887303352355957,0.07419933378696442,0.23916034400463104,0.41004377603530884,0.6052692532539368,0.05117722228169441,0.12825295329093933,0.1812095195055008,0.3757583200931549,0.35406845808029175,0.16312268376350403,0.4337649345397949,0.07715363055467606,0.281686931848526,0.1486825942993164,0.4237598180770874,0.14527815580368042
zebrafish,TDR46,24.0,neutrophil,15,0.7805948257446289,0.33710578083992004,0.11155878007411957,0.0,0.05139559134840965,0.16000553965568542,0.33242157101631165,0.15548036992549896,0.03363631293177605,0.023588163778185844,0.029047323390841484,0.0,0.4905005693435669,0.01144355721771717,0.26744917035102844,0.16853570938110352,0.16846054792404175,0.20543958246707916,0.08783018589019775,0.0,0.0,0.5294404029846191,0.07738561183214188,0.04990069940686226,0.2487664818763733,0.11758049577474594,0.05319596081972122,0.23061919212341309,0.025810610502958298,0.04174281284213066,0.041309356689453125,0.02288711443543434,0.11841971427202225,0.040608301758766174,0.622631311416626,0.40819618105888367,0.008714509196579456,0.0,0.2263166308403015,0.6250558495521545,0.23679618537425995,0.38414090871810913,0.32753902673721313,0.029047323390841484,0.43471553921699524,0.3784500062465668,0.06472525745630264,0.4335319697856903,0.5673553943634033,0.70175701379776,0.12026794999837875,0.17218326032161713,0.3191901743412018,0.7583165764808655,0.1088792160153389,0.7133471369743347,0.7349759936332703,0.03479047492146492,0.30509093403816223,0.017429018393158913,0.26094886660575867,2.3603157997131348,0.15947559475898743,0.4521806836128235,0.09509482979774475,0.24619191884994507,0.2264844924211502,0.8734639883041382,0.5808221697807312,0.9895108342170715,0.45359495282173157,0.23982006311416626,0.03123290464282036,0.37771815061569214,0.37634438276290894,0.3998638987541199,0.3030889630317688,0.14017155766487122,0.5743488669395447,0.5190140008926392,0.4354540705680847,0.6980695724487305,0.1788811832666397,0.029047323390841484,0.13078275322914124,0.14188449084758759,0.10485336929559708,0.12452381104230881,0.2265787124633789,0.064979188144207,0.0,0.017361460253596306,0.30187422037124634,0.042178742587566376,0.3920356333255768,0.02288711443543434,0.17198821902275085,0.07714764773845673,0.1597980111837387,0.22589191794395447,0.16204358637332916,0.288760781288147,0.2024245262145996,0.2910594046115875,0.4287247061729431,0.3188561797142029,0.7003591060638428,0.02280489169061184,0.6237083673477173,0.025810610502958298,1.2589184045791626,0.07910577952861786,0.0,0.10555247962474823,0.04317207261919975,0.06460479646921158,0.12760502099990845,0.08470164239406586,0.09201659262180328,0.20955295860767365,0.5934441089630127,0.0,0.29217639565467834,0.1373921036720276,0.3531571328639984,0.2017332911491394,0.15818478167057037,0.44060584902763367,0.15961937606334686,0.25620999932289124,0.013583716005086899,0.5153788924217224,0.21029850840568542
zebrafish,TDR46,24.0,stem_progenitor,9,0.8172615766525269,0.0971054658293724,0.10224969685077667,0.07741643488407135,0.0,0.0,0.16260848939418793,0.10641980171203613,0.17428432404994965,0.0,0.0,0.0,0.39961519837379456,0.0,0.2722785174846649,0.1427350789308548,0.031607624143362045,0.10862953215837479,0.07336244732141495,0.09519633650779724,0.0,0.3521246314048767,0.0982683002948761,0.09811782836914062,0.32315734028816223,0.07342661172151566,0.0,0.19943834841251373,0.0375068336725235,0.0,0.0,0.0,0.04505538195371628,0.0481373593211174,0.06418551504611969,0.596360981464386,0.021335724741220474,0.0,0.1232055053114891,0.8643714785575867,0.11673019826412201,0.12357717007398605,0.07815012335777283,0.0,0.29793569445610046,0.2111770361661911,0.049387529492378235,0.16611772775650024,0.2620711326599121,0.27542242407798767,0.15935580432415009,0.045808807015419006,0.13586419820785522,0.22025053203105927,0.07741643488407135,0.5752909183502197,0.3793557584285736,0.031607624143362045,0.10199537873268127,0.0,0.1055741012096405,2.5636215209960938,0.15255674719810486,0.166248619556427,0.044240131974220276,0.15481312572956085,0.07815012335777283,0.6756923198699951,0.24926580488681793,0.7424338459968567,0.16696792840957642,0.0,0.02900337241590023,0.2592940330505371,0.2654648721218109,0.27810338139533997,0.0,0.21393881738185883,0.28959766030311584,0.13477684557437897,0.25446388125419617,0.3978573679924011,0.32902076840400696,0.02900337241590023,0.2795426845550537,0.0377008430659771,0.09885802119970322,0.21485252678394318,0.4189886450767517,0.19331416487693787,0.031607624143362045,0.02900337241590023,0.15111328661441803,0.031607624143362045,0.7796498537063599,0.2992861866950989,0.18426181375980377,0.20620642602443695,0.3957326114177704,0.5766467452049255,0.1310272514820099,0.8217012882232666,0.31508350372314453,0.36609458923339844,0.5967379212379456,0.5685080289840698,0.8634734153747559,0.15370488166809082,1.095553994178772,0.0752076730132103,1.7127336263656616,0.22753874957561493,0.24207483232021332,0.0752076730132103,0.11464755982160568,0.2583920359611511,0.2488778680562973,0.12555378675460815,0.4294717013835907,0.35540419816970825,0.5768551826477051,0.045808807015419006,0.0481373593211174,0.16779467463493347,0.4035555422306061,0.4195120632648468,0.2940443158149719,0.4396144151687622,0.09885802119970322,0.19770260155200958,0.32320284843444824,0.06364548951387405,0.0717848688364029
zebrafish,TDR47,48.0,erythroid,82,0.42372921109199524,0.26522111892700195,0.09826015681028366,0.03679564595222473,0.022821318358182907,0.024262795224785805,0.15433000028133392,0.05967920646071434,0.06165415421128273,0.02665676735341549,0.0,0.0,0.09013410657644272,0.013617346994578838,0.05358467623591423,0.08248895406723022,0.12262655794620514,0.11105066537857056,0.026498643681406975,0.0,0.0,0.09917205572128296,0.12951527535915375,0.0298940259963274,0.15485158562660217,0.007592775393277407,0.013464744202792645,0.07194557040929794,0.07213184237480164,0.018730852752923965,0.0,0.06564025580883026,0.034695759415626526,0.07517293095588684,0.03179756551980972,0.13726264238357544,0.022075027227401733,0.025192085653543472,0.13700062036514282,0.7780839204788208,0.0845116525888443,0.18492965400218964,0.17981255054473877,0.012689882889389992,0.2567934989929199,0.25550922751426697,0.0240487027913332,0.3090996742248535,0.3781934976577759,0.647639274597168,0.04596685990691185,0.08605790138244629,0.3567662239074707,0.2600598633289337,0.08470960706472397,0.41041815280914307,0.4320237636566162,0.13179567456245422,0.23726719617843628,0.0,0.05870877206325531,1.9216617345809937,0.15794093906879425,0.47655078768730164,0.1245838850736618,0.20580150187015533,0.11761665344238281,0.6012137532234192,0.18567757308483124,0.736609160900116,0.25838932394981384,0.043017905205488205,0.03979935124516487,0.40737077593803406,0.17734630405902863,0.30458560585975647,0.33296892046928406,0.1552257090806961,0.5265302658081055,0.4054372310638428,0.23207055032253265,0.5513963103294373,0.21039795875549316,0.0,0.02442963793873787,0.0,0.02575034834444523,0.05468033626675606,0.09754931926727295,0.10314818471670151,0.0,0.0,0.10416721552610397,0.020736893638968468,0.13327983021736145,0.031822942197322845,0.032025888562202454,0.06148461624979973,0.019161075353622437,0.062310051172971725,0.019724829122424126,0.16372717916965485,0.16227784752845764,0.23056668043136597,0.268025279045105,0.15726065635681152,0.1583378165960312,0.03548980504274368,0.29443541169166565,0.0,0.9215853810310364,0.14771972596645355,0.03229425475001335,0.06801977008581161,0.007182033266872168,0.057300835847854614,0.07443273067474365,0.03218840807676315,0.06806672364473343,0.05512472987174988,0.21024654805660248,0.1875743567943573,0.04365915432572365,0.21696607768535614,0.11254217475652695,0.16332094371318817,0.033126313239336014,0.13967032730579376,0.01820468157529831,-0.05704924091696739,-0.26710274815559387,0.16732606291770935,-0.1174503043293953
zebrafish,TDR47,48.0,macrophage,69,0.7107979655265808,0.2220812886953354,0.07507603615522385,0.062470559030771255,0.10166648775339127,0.09585493803024292,0.21271656453609467,0.026292160153388977,0.0029466317500919104,0.09828972816467285,0.055899955332279205,0.0,0.4871477782726288,0.06122777238488197,0.24216966331005096,0.2046101689338684,0.1848185509443283,0.16662396490573883,0.08028098195791245,0.03860253095626831,0.0,0.10225760191679001,0.039906010031700134,0.08959674835205078,0.17818738520145416,0.07048606872558594,0.019811837002635002,0.19687046110630035,0.34372052550315857,0.0059069013223052025,0.010112006217241287,0.22135449945926666,0.11365057528018951,0.04891727492213249,0.17571797966957092,0.4566096365451813,0.02757703699171543,0.0,0.23966814577579498,0.5711480379104614,0.2865576148033142,0.37595152854919434,0.31235650181770325,0.013764133676886559,0.33625367283821106,0.4279186427593231,0.02644890733063221,0.5446450114250183,0.547335147857666,0.7238332033157349,0.07371824979782104,0.15426896512508392,0.38911354541778564,0.43281564116477966,0.07353002578020096,0.4361959993839264,0.6580005288124084,0.1338696926832199,0.2604368329048157,0.0,0.21432295441627502,2.3936328887939453,0.2912996709346771,0.4251064956188202,0.18105828762054443,0.2574525773525238,0.2507408857345581,0.768940806388855,0.4846823215484619,0.9227893352508545,0.4616313874721527,0.10214326530694962,0.06334138661623001,0.5120934844017029,0.22673943638801575,0.44224652647972107,0.3607458770275116,0.16308611631393433,0.8461726903915405,0.5508769154548645,0.36292698979377747,0.6161991953849792,0.23744134604930878,0.04736611619591713,0.1045473963022232,0.015453027561306953,0.07890442758798599,0.115822434425354,0.10682883113622665,0.1232745572924614,0.08437719941139221,0.017361192032694817,0.32796502113342285,0.04039467126131058,0.2748851180076599,0.06834026426076889,0.08888832479715347,0.07249477505683899,0.06776704639196396,0.18092165887355804,0.06573052704334259,0.463529109954834,0.3401356637477875,0.2857911288738251,0.40482965111732483,0.38782674074172974,0.4536226689815521,0.08391905575990677,0.6481913924217224,0.0458807609975338,1.4966615438461304,0.20275625586509705,0.09371388703584671,0.14220330119132996,0.02411738969385624,0.0841103196144104,0.19340641796588898,0.054005566984415054,0.20512226223945618,0.1935170292854309,0.6362502574920654,0.3526078164577484,0.19359944760799408,0.2694573998451233,0.3006521463394165,0.361367404460907,0.2152133584022522,0.2189481556415558,0.0653996542096138,0.2385093867778778,0.03901127725839615,0.45160961151123047,0.12038938701152802
zebrafish,TDR47,48.0,neutrophil,21,0.6848419904708862,0.06260067969560623,0.09496920555830002,0.0,0.05856536701321602,0.11491414159536362,0.3565485179424286,0.11820981651544571,0.0,0.115501269698143,0.055119991302490234,0.0,0.21956631541252136,0.014339523389935493,0.029041500762104988,0.19815556704998016,0.21244920790195465,0.13019707798957825,0.014520750381052494,0.062187206000089645,0.0,0.3394233286380768,0.015231769531965256,0.20354869961738586,0.15782126784324646,0.0,0.0,0.03765292465686798,0.1017543226480484,0.0,0.032073359936475754,0.0,0.05147372931241989,0.1298583596944809,0.9061853289604187,0.07975023239850998,0.0,0.0,0.05281531810760498,0.8604769706726074,0.021874163299798965,0.16975463926792145,0.1037486270070076,0.04210899397730827,0.242163747549057,0.16465060412883759,0.0,0.1589188128709793,0.3760302662849426,0.2574039101600647,0.026078494265675545,0.13037827610969543,0.1755482405424118,0.2800160050392151,0.0,0.3249911963939667,0.5157635807991028,0.0,0.1412229686975479,0.0,0.0,1.9341062307357788,0.0,0.31315261125564575,0.07006432861089706,0.021874163299798965,0.07891538739204407,0.827045738697052,0.11098875105381012,0.5852866172790527,0.21677367389202118,0.06887975335121155,0.07823333889245987,0.12600085139274597,0.06962510198354721,0.22502340376377106,0.18789134919643402,0.10676173120737076,0.5303125977516174,0.21489064395427704,0.26785996556282043,0.189475417137146,0.19070816040039062,0.0,0.08366603404283524,0.06279394775629044,0.0770077332854271,0.055119991302490234,0.028679046779870987,0.08688636869192123,0.0,0.0,0.08777499198913574,0.11740092188119888,0.10490294545888901,0.0,0.026078494265675545,0.04210899397730827,0.026078494265675545,0.12227244675159454,0.06818749010562897,0.2990252375602722,0.16443440318107605,0.23021309077739716,0.26622238755226135,0.1167469248175621,0.25880736112594604,0.0,0.3459032475948334,0.026078494265675545,0.7367812395095825,0.25678569078445435,0.0918533205986023,0.029041500762104988,0.0,0.04547886550426483,0.07891538739204407,0.0,0.0875878632068634,0.12242075055837631,0.27819401025772095,0.14188015460968018,0.1400877833366394,0.18653185665607452,0.1014227494597435,0.2432563602924347,0.0,0.19222168624401093,0.04283314198255539,-0.12141162157058716,-0.2119632065296173,-0.024686142802238464,0.0659933015704155
zebrafish,TDR48,48.0,erythroid,88,0.4803468883037567,0.07726231217384338,0.08652618527412415,0.005137847736477852,0.012765269726514816,0.03025801107287407,0.1828760951757431,0.041248105466365814,0.02450854703783989,0.03184472396969795,0.0,0.0,0.06350414454936981,0.038385841995477676,0.02030780352652073,0.08506028354167938,0.06784666329622269,0.0353332981467247,0.018465477973222733,0.007959384471178055,0.021774830296635628,0.18568545579910278,0.32962697744369507,0.0434887669980526,0.21605564653873444,0.015155077911913395,0.010660617612302303,0.0643283873796463,0.06847908347845078,0.017906226217746735,0.03936196491122246,0.04506123811006546,0.08507504314184189,0.09126972407102585,0.009026697836816311,0.24296045303344727,0.026479195803403854,0.017725277692079544,0.10805439949035645,0.41571053862571716,0.08744771033525467,0.13242749869823456,0.1607062816619873,0.04242807254195213,0.1299949288368225,0.22716845571994781,0.005137847736477852,0.2200746089220047,0.29146838188171387,0.33820125460624695,0.021531235426664352,0.06782309710979462,0.23319920897483826,0.10208506882190704,0.03174295276403427,0.1647903025150299,0.21529902517795563,0.04945879802107811,0.06961986422538757,0.0184069462120533,0.06447888165712357,1.4912739992141724,0.08638456463813782,0.2606128454208374,0.07827158272266388,0.08073237538337708,0.09631972014904022,0.555140495300293,0.11908888816833496,0.5232897400856018,0.15296699106693268,0.10162366181612015,0.01772947423160076,0.2753376066684723,0.13429322838783264,0.27057620882987976,0.31535840034484863,0.1345949023962021,0.3408941626548767,0.23661483824253082,0.10368284583091736,0.26122811436653137,0.06936762481927872,0.0,0.07580732554197311,0.01727391965687275,0.0,0.06038801744580269,0.08267611265182495,0.017235953360795975,0.017331240698695183,0.010398777201771736,0.0796879380941391,0.019283074885606766,0.0737009048461914,0.005137847736477852,0.013971692882478237,0.0,0.07774343341588974,0.11129932105541229,0.05119793117046356,0.25757476687431335,0.15019626915454865,0.07738234102725983,0.07056429982185364,0.21633759140968323,0.1529003530740738,0.03277257829904556,0.2407161146402359,0.013155139051377773,0.5421620607376099,0.02813873440027237,0.04669453948736191,0.07071592658758163,0.010398777201771736,0.0,0.08979213982820511,0.02463533915579319,0.04782453924417496,0.08109986782073975,0.26640281081199646,0.07267313450574875,0.0643981322646141,0.08095085620880127,0.10607562214136124,0.07210478186607361,0.0342603400349617,0.07544577866792679,0.02848462574183941,-0.20070084929466248,-0.33118125796318054,-0.06132408604025841,-0.11167719215154648
zebrafish,TDR48,48.0,macrophage,42,0.6833140254020691,0.2725714147090912,0.07540047913789749,0.0,0.11196158826351166,0.1316208839416504,0.47620341181755066,0.09497389942407608,0.02350590005517006,0.06188013404607773,0.026879778131842613,0.0,0.61457359790802,0.09303147345781326,0.36452993750572205,0.16043078899383545,0.22789087891578674,0.08777022361755371,0.05785154178738594,0.026067813858389854,0.0,0.1669646054506302,0.10888262838125229,0.09776576608419418,0.17678353190422058,0.0435839481651783,0.07444358617067337,0.1332055777311325,0.41932305693626404,0.0,0.0488741509616375,0.6425820589065552,0.11817832291126251,0.05890101566910744,0.1976686269044876,0.44180828332901,0.038267429918050766,0.0,0.21168847382068634,0.5122542381286621,0.14555837213993073,0.32746976613998413,0.19217821955680847,0.08619874715805054,0.21248681843280792,0.36339107155799866,0.032440751791000366,0.32897114753723145,0.2452286332845688,0.7190859317779541,0.11648004502058029,0.03863441199064255,0.46199098229408264,0.28513777256011963,0.0587398000061512,0.31109198927879333,0.5288457870483398,0.08084844052791595,0.1761317253112793,0.0,0.1335272192955017,2.1176350116729736,0.13987453281879425,0.5230724811553955,0.1102975457906723,0.1304030418395996,0.08858716487884521,0.6117379069328308,0.37464261054992676,0.8631695508956909,0.43103739619255066,0.14488554000854492,0.04105047881603241,0.33954960107803345,0.25077134370803833,0.3532911241054535,0.20907601714134216,0.12380038946866989,0.5995060801506042,0.3641795516014099,0.30576977133750916,0.4869399666786194,0.18262986838817596,0.0,0.18643701076507568,0.04004723206162453,0.03172781318426132,0.04695562645792961,0.039508212357759476,0.10196035355329514,0.021802883595228195,0.018961522728204727,0.14212951064109802,0.02299991063773632,0.10102111101150513,0.09577315300703049,0.06401301920413971,0.011784431524574757,0.07818106561899185,0.09085912257432938,0.021031681448221207,0.17589226365089417,0.13431717455387115,0.19348374009132385,0.21652668714523315,0.16922633349895477,0.40469419956207275,0.09733898192644119,0.4841875731945038,0.0245517585426569,1.0249103307724,0.18216338753700256,0.07505637407302856,0.10511954873800278,0.021562224254012108,0.14655853807926178,0.1104632019996643,0.10405410081148148,0.10335174947977066,0.10047587752342224,0.35762569308280945,0.13871392607688904,0.052406203001737595,0.10071524977684021,0.2412986308336258,0.38750407099723816,0.1158531978726387,0.24272741377353668,0.0,0.039581626653671265,-0.15084968507289886,0.24299687147140503,0.2117900848388672
zebrafish,TDR48,48.0,neutrophil,17,0.6229203343391418,0.06493501365184784,0.1407381296157837,0.0,0.0675235390663147,0.05913398414850235,0.22588132321834564,0.17532934248447418,0.036282848566770554,0.0430879183113575,0.0430879183113575,0.0,0.31632381677627563,0.0,0.2401823103427887,0.19586004316806793,0.27075788378715515,0.10311832278966904,0.05636271461844444,0.0,0.0,0.33965229988098145,0.08362450450658798,0.0,0.113187775015831,0.0,0.028724275529384613,0.08719452470541,0.04735719785094261,0.0,0.0,0.0,0.05913398414850235,0.2477494478225708,0.8077176213264465,0.10136353969573975,0.0,0.0,0.04424474760890007,0.603531002998352,0.032079536467790604,0.2308383285999298,0.18036285042762756,0.0,0.3958461880683899,0.28816816210746765,0.02832094393670559,0.12029652297496796,0.2481752634048462,0.29891350865364075,0.05913398414850235,0.032079536467790604,0.19022811949253082,0.3880220353603363,0.02832094393670559,0.4289867877960205,0.2766727805137634,0.032079536467790604,0.10818680375814438,0.0,0.06021545082330704,1.5846339464187622,0.04424474760890007,0.2789127230644226,0.05870959907770157,0.06222883239388466,0.07439404726028442,0.8868565559387207,0.11861433833837509,0.6847284436225891,0.36890360713005066,0.05894896015524864,0.0,0.0,0.09710853546857834,0.2972142696380615,0.0,0.1274319738149643,0.3536742627620697,0.19934475421905518,0.17116495966911316,0.25655853748321533,0.28155672550201416,0.03081304207444191,0.1835474967956543,0.09016327559947968,0.06096234172582626,0.03081304207444191,0.11070005595684052,0.21573969721794128,0.08134995400905609,0.0,0.3423723578453064,0.089283287525177,0.16927652060985565,0.1844996213912964,0.07579962909221649,0.1211777999997139,0.07781106233596802,0.07905645668506622,0.11038538813591003,0.5520550608634949,0.3170928955078125,0.2597196400165558,0.4100392460823059,0.29871276021003723,0.2047196924686432,0.12815514206886292,0.5955928564071655,0.17684245109558105,1.1657987833023071,0.13897405564785004,0.08726990222930908,0.10756305605173111,0.0430879183113575,0.1691233515739441,0.25949761271476746,0.08300967514514923,0.1649021953344345,0.4141099452972412,0.47486597299575806,0.18794205784797668,0.032079536467790604,0.20183324813842773,0.3851371705532074,0.40959101915359497,0.08726030588150024,0.09304188191890717,0.07830584794282913,0.012510530650615692,0.04890283942222595,-0.026363061740994453,0.06556819379329681
zebrafish,TDR48,48.0,stem_progenitor,8,0.897513747215271,0.3083525598049164,0.1354237198829651,0.0,0.0,0.0,0.451020210981369,0.0,0.0,0.08375916630029678,0.14416056871414185,0.0,0.2776067852973938,0.026526469737291336,0.18249306082725525,0.18414686620235443,0.08375916630029678,0.0,0.09168387949466705,0.08375916630029678,0.0,0.15445169806480408,0.037697408348321915,0.0706925243139267,0.06040140613913536,0.0706925243139267,0.0,0.06040140613913536,0.13298246264457703,0.0,0.0,0.23762530088424683,0.08375916630029678,0.12209165096282959,0.04187958315014839,0.7666206955909729,0.0,0.0,0.17866545915603638,0.66966712474823,0.08375916630029678,0.0706925243139267,0.0,0.0,0.3047313392162323,0.12374546378850937,0.0706925243139267,0.0706925243139267,0.0,0.35599392652511597,0.0,0.0,0.05305293947458267,0.0,0.0706925243139267,0.6721615791320801,0.4060984253883362,0.0,0.0,0.0,0.0,2.1645960807800293,0.0,0.18414686620235443,0.0,0.0,0.05305293947458267,0.43801701068878174,0.18414686620235443,0.42617231607437134,0.36732450127601624,0.05305293947458267,0.0,0.08375916630029678,0.3174144923686981,0.37153980135917664,0.0,0.19118107855319977,0.13109393417835236,0.47602972388267517,0.25954169034957886,0.11557188630104065,0.21535640954971313,0.0,0.24606263637542725,0.0,0.0,0.11345434188842773,0.5701292753219604,0.3377743363380432,0.12374546378850937,0.06040140613913536,0.0,0.08375916630029678,0.4190526008605957,0.1009514108300209,0.24903780221939087,0.20415844023227692,0.13109393417835236,1.1781411170959473,0.06040140613913536,0.9406677484512329,0.5645832419395447,0.6059024930000305,0.7837273478507996,0.88800448179245,0.44978904724121094,0.0,0.9329399466514587,0.13681210577487946,1.3746116161346436,0.14390699565410614,0.0,0.2298465073108673,0.0,0.0,0.17537009716033936,0.0,0.14466387033462524,0.13298246264457703,0.3656078577041626,0.0,0.18179240822792053,0.6791727542877197,0.4982837736606598,0.5635660290718079,0.0,0.49280697107315063,0.09161093831062317,0.06363194435834885,0.20587125420570374,-0.08830554783344269,0.056417953222990036
zebrafish,TDR49,48.0,macrophage,9,0.7059023976325989,0.2734864354133606,0.13971346616744995,0.0,0.0,0.19422148168087006,0.1655535101890564,0.04976988583803177,0.0,0.05031077563762665,0.04907269775867462,0.0,0.862969160079956,0.06132373586297035,0.25721460580825806,0.17219556868076324,0.17039482295513153,0.14998750388622284,0.05680902302265167,0.121884785592556,0.060231104493141174,0.19411832094192505,0.11180952191352844,0.08481451123952866,0.0,0.0,0.0,0.0,0.28228357434272766,0.0,0.11137601733207703,1.081565022468567,0.23709964752197266,0.04976988583803177,0.27374017238616943,0.38611504435539246,0.07541947811841965,0.0,0.0,0.47782495617866516,0.09060785919427872,0.1398441195487976,0.17384342849254608,0.0,0.24984510242938995,0.0,0.24792824685573578,0.16294455528259277,0.24792824685573578,0.18961399793624878,0.14091864228248596,0.0,0.29534250497817993,0.3809337019920349,0.09060785919427872,0.34384387731552124,0.13968056440353394,0.09060785919427872,0.0,0.04976988583803177,0.0,1.5437439680099487,0.09060785919427872,0.19984027743339539,0.0,0.09060785919427872,0.0,0.25038599967956543,0.17384342849254608,0.18968047201633453,0.0,0.1508389562368393,0.05031077563762665,0.1398441195487976,0.3574678599834442,0.2989128828048706,0.17384342849254608,0.024884942919015884,0.22361332178115845,0.1398441195487976,0.22415420413017273,0.33116379380226135,0.04976988583803177,0.0,0.12050975859165192,0.04976988583803177,0.060231104493141174,0.0,0.060231104493141174,0.18309320509433746,0.0,0.0,0.21755148470401764,0.0,0.4108520448207855,0.13458439707756042,0.05031077563762665,0.0,0.0,0.08402059227228165,0.0,0.4310349225997925,0.04976988583803177,0.18566659092903137,0.5298939943313599,0.4180842936038971,0.41148439049720764,0.11000099033117294,0.49027934670448303,0.1277969926595688,0.7598267197608948,0.11000099033117294,0.060231104493141174,0.14884249866008759,0.0,0.13097096979618073,0.18388712406158447,0.0,0.21755148470401764,0.15732038021087646,0.4453097879886627,0.2676411271095276,0.17542237043380737,0.04976988583803177,0.36655670404434204,0.271109938621521,0.0,0.1807408630847931,0.0,-0.08232349902391434,-0.10879084467887878,-0.05405164882540703,0.2382766157388687
zebrafish,TDR50,48.0,erythroid,17,0.5367414951324463,0.08633061498403549,0.04349077492952347,0.04578476771712303,0.06129372864961624,0.0,0.1499871015548706,0.0,0.0,0.050430990755558014,0.05912398546934128,0.0,0.0,0.0,0.050430990755558014,0.25721484422683716,0.17720486223697662,0.04578476771712303,0.013928782194852829,0.0,0.0,0.23861777782440186,0.3540659248828888,0.027857564389705658,0.2918483018875122,0.0,0.0,0.1596209704875946,0.0,0.0,0.0,0.0,0.0,0.11262616515159607,0.0,0.30812638998031616,0.0,0.0,0.08730646967887878,0.7956529855728149,0.3212929666042328,0.2207171767950058,0.3199457824230194,0.0,0.409096896648407,0.25245481729507446,0.0,0.3485230803489685,0.45308107137680054,0.6384791135787964,0.13791099190711975,0.1196032166481018,0.36185774207115173,0.18229544162750244,0.10931079834699631,0.11816678196191788,0.21039648354053497,0.0,0.14852580428123474,0.0,0.08633061498403549,1.7154661417007446,0.19946926832199097,0.5932750105857849,0.1819913536310196,0.13882748782634735,0.25466015934944153,0.675448477268219,0.3541845977306366,0.9120059013366699,0.2696344256401062,0.04578476771712303,0.09621576219797134,0.4124162197113037,0.12780214846134186,0.38614165782928467,0.42795485258102417,0.24309790134429932,0.40184569358825684,0.531273365020752,0.14950165152549744,0.16790010035037994,0.2272457778453827,0.0,0.0,0.0,0.027857564389705658,0.0,0.24982702732086182,0.0,0.0,0.0,0.16828730702400208,0.0,0.40360066294670105,0.06176571175456047,0.027857564389705658,0.0,0.059448909014463425,0.16331541538238525,0.0,0.23204301297664642,0.04668547958135605,0.1890009194612503,0.2769388258457184,0.17253783345222473,0.26853644847869873,0.059448909014463425,0.39802807569503784,0.0,0.6242794990539551,0.0,0.027857564389705658,0.13618576526641846,0.0,0.027857564389705658,0.06176571175456047,0.0,0.10931079834699631,0.07240471988916397,0.42627400159835815,0.0,0.08840543031692505,0.027857564389705658,0.14643046259880066,0.09247024357318878,0.06129372864961624,0.13791099190711975,0.0,-0.04232017695903778,-0.2761287987232208,0.20742982625961304,-0.09600609540939331
zebrafish,TDR50,48.0,macrophage,17,0.850884735584259,0.2989112436771393,0.0491492822766304,0.03352019935846329,0.054026730358600616,0.027710508555173874,0.18393835425376892,0.057653915137052536,0.0,0.12122754752635956,0.03240934759378433,0.0,0.7219806909561157,0.01253326516598463,0.31907328963279724,0.3040454387664795,0.03773633763194084,0.08089567720890045,0.04223835468292236,0.0,0.0,0.13478362560272217,0.0,0.11809825897216797,0.2829381227493286,0.07082521170377731,0.03205624222755432,0.2912709414958954,0.24937006831169128,0.045113272964954376,0.03773633763194084,0.7238726615905762,0.02993917092680931,0.03240934759378433,0.2323182374238968,0.6635028123855591,0.019785111770033836,0.0,0.22108212113380432,0.5410258173942566,0.13157065212726593,0.45276564359664917,0.15610456466674805,0.03773633763194084,0.27656376361846924,0.4177963435649872,0.03205624222755432,0.3308033347129822,0.19148167967796326,0.5794618725776672,0.20872917771339417,0.08843856304883957,0.2968798279762268,0.416889488697052,0.09448858350515366,0.3955235779285431,0.367725670337677,0.09315743297338486,0.19737066328525543,0.0,0.20790262520313263,2.294131278991699,0.23372453451156616,0.3989889919757843,0.2524447739124298,0.15478885173797607,0.11798036843538284,0.8424525260925293,0.24893581867218018,0.7903793454170227,0.3762649893760681,0.17767216265201569,0.0,0.4000954329967499,0.19228246808052063,0.517951250076294,0.21820895373821259,0.22661374509334564,0.5686643123626709,0.4263387620449066,0.26391932368278503,0.5745258331298828,0.23092620074748993,0.0,0.26288676261901855,0.025711940601468086,0.22561325132846832,0.22371062636375427,0.20464716851711273,0.1815912127494812,0.045113272964954376,0.045113272964954376,0.6033416390419006,0.0,0.28570449352264404,0.3061712682247162,0.08714967966079712,0.05432477593421936,0.07825182378292084,0.18403317034244537,0.24246692657470703,0.7789251804351807,0.3894248902797699,0.6781772375106812,0.5037274956703186,0.5250408053398132,0.5757865309715271,0.18096427619457245,0.7754197120666504,0.10700268298387527,1.2682616710662842,0.3258779048919678,0.1987748146057129,0.12521368265151978,0.07730656862258911,0.1815912127494812,0.2728366553783417,0.0617300346493721,0.06446558982133865,0.20898306369781494,0.4737755358219147,0.0,0.2090013474225998,0.3559623658657074,0.5039063692092896,0.5053479671478271,0.28775566816329956,0.4326539635658264,0.05712277069687843,0.2620789706707001,0.21868357062339783,0.30843305587768555,0.15127356350421906
zebrafish,TDR51,120.0,erythroid,88,0.37436234951019287,0.06032843515276909,0.05516909435391426,0.028935767710208893,0.04290316626429558,0.02943417616188526,0.24585576355457306,0.054366253316402435,0.06040492281317711,0.021802742034196854,0.012350961565971375,0.0,0.036465469747781754,0.030629223212599754,0.059362515807151794,0.20345839858055115,0.07545898109674454,0.03964600712060928,0.015600192360579967,0.0219456497579813,0.0,0.21905894577503204,0.07913600653409958,0.04788847267627716,0.1246238425374031,0.027784675359725952,0.030417393893003464,0.1886608749628067,0.02661849744617939,0.0,0.011169515550136566,0.19290663301944733,0.06626594811677933,0.037215374410152435,0.032432492822408676,0.2890969216823578,0.024666674435138702,0.023440085351467133,0.047493383288383484,0.5278789401054382,0.06427919119596481,0.26261764764785767,0.0850185677409172,0.011753813363611698,0.31534260511398315,0.20701037347316742,0.060331761837005615,0.1176886111497879,0.3638244867324829,0.5853605270385742,0.09933798015117645,0.10323552787303925,0.2697208821773529,0.18412183225154877,0.07663392275571823,0.4760936498641968,0.2003733515739441,0.07837540656328201,0.12915170192718506,0.0,0.06584806740283966,1.6821556091308594,0.12027452141046524,0.21049898862838745,0.051065705716609955,0.09810957312583923,0.09774795174598694,0.689301073551178,0.1719752997159958,0.9676179885864258,0.218967005610466,0.13772645592689514,0.05660026893019676,0.2205972671508789,0.2852429151535034,0.38495108485221863,0.29427674412727356,0.12938493490219116,0.35641324520111084,0.24404998123645782,0.1734849065542221,0.30215945839881897,0.6551145315170288,0.06684701144695282,0.06206183135509491,0.06457974016666412,0.09288699924945831,0.13218002021312714,0.2941358685493469,0.16270409524440765,0.18102367222309113,0.10417158156633377,0.16281336545944214,0.03769248351454735,0.5371094346046448,0.19352158904075623,0.09861099720001221,0.042426612228155136,0.1987493634223938,0.26408660411834717,0.11100470274686813,0.5191985964775085,0.3723994195461273,0.5686770081520081,0.5458082556724548,0.4249017536640167,0.5309569835662842,0.10426738858222961,0.5384591817855835,0.04106780141592026,1.2907187938690186,0.2938365042209625,0.13085605204105377,0.10777530074119568,0.027806954458355904,0.22282952070236206,0.18445847928524017,0.06440437585115433,0.1594603955745697,0.3478127717971802,0.7113489508628845,0.0,0.08924132585525513,0.3246740996837616,0.21173033118247986,0.3930670917034149,0.07007937878370285,0.23943351209163666,0.5276857614517212,0.09733922779560089,0.13158489763736725,0.06075861304998398,-0.10828376561403275
zebrafish,TDR51,120.0,innate_lymphoid,12,0.48124775290489197,0.06327387690544128,0.0856488049030304,0.053727347403764725,0.1041661724448204,0.0,0.23255348205566406,0.06258632987737656,0.0,0.0,0.04633749648928642,0.4322824478149414,0.1862473487854004,0.0,0.15962965786457062,0.13145561516284943,0.1423298865556717,0.09447284787893295,0.02521941065788269,0.04074549302458763,0.0,0.31338760256767273,0.1212959960103035,0.03628024831414223,0.06729520112276077,0.06327387690544128,0.0,0.18610160052776337,0.14836180210113525,0.0,0.0,0.17899155616760254,0.08208221942186356,0.03628024831414223,0.22513580322265625,0.3025377094745636,0.018140124157071114,0.0,0.06147211417555809,0.6058125495910645,0.03628024831414223,0.14801956713199615,0.09646167606115341,0.0,0.3105979859828949,0.0807899609208107,0.0,0.09646167606115341,0.2617422640323639,0.26569488644599915,0.03628024831414223,0.11698345094919205,0.13720716536045074,0.16332094371318817,0.0,0.27772676944732666,0.0807899609208107,0.04074549302458763,0.0807899609208107,0.0,0.03628024831414223,1.3492531776428223,0.09646167606115341,0.16216827929019928,0.0,0.13630129396915436,0.03628024831414223,0.5165694355964661,0.3284694254398346,0.5284798741340637,0.18300913274288177,0.14801956713199615,0.0,0.06147211417555809,0.15983088314533234,0.2811754047870636,0.1096474900841713,0.1578456461429596,0.3664442002773285,0.209565207362175,0.09646167606115341,0.15540768206119537,0.20447100698947906,0.0,0.16227245330810547,0.04580196738243103,0.04074549302458763,0.0,0.12506678700447083,0.11406183242797852,0.09625682979822159,0.0,0.24935303628444672,0.05551133677363396,0.35222503542900085,0.22634081542491913,0.0,0.12758907675743103,0.16930435597896576,0.18696695566177368,0.05551133677363396,0.24601896107196808,0.17281091213226318,0.44478169083595276,0.27931109070777893,0.4233245849609375,0.5883824229240417,0.16486303508281708,0.5127961039543152,0.09624078869819641,1.045789361000061,0.2742847204208374,0.13761748373508453,0.17935562133789062,0.0,0.18310041725635529,0.04580196738243103,0.07518946379423141,0.11593496054410934,0.1636790931224823,0.3799797296524048,0.0,0.07518946379423141,0.2508085072040558,0.45069578289985657,0.31046241521835327,0.2358468770980835,0.3885558843612671,0.636531412601471,-0.03542796149849892,0.031467173248529434,-0.10688424110412598,0.01797466166317463
zebrafish,TDR51,120.0,macrophage,152,0.5506662130355835,0.14109154045581818,0.042281512171030045,0.03419177234172821,0.036712244153022766,0.024278312921524048,0.2514306604862213,0.07253815978765488,0.017726687714457512,0.02801058441400528,0.023803213611245155,0.009849832393229008,0.404979407787323,0.0816485583782196,0.34923359751701355,0.10085195302963257,0.07437968254089355,0.043620675802230835,0.058736588805913925,0.07229719310998917,0.019037878140807152,0.18747884035110474,0.05780238285660744,0.040172211825847626,0.04805542901158333,0.017383204773068428,0.016637040302157402,0.11486589163541794,0.2848576605319977,0.00513833062723279,0.02692270651459694,0.6296286582946777,0.08509743958711624,0.0402350127696991,0.13309574127197266,0.26636403799057007,0.025893375277519226,0.0,0.052324678748846054,0.39431899785995483,0.013318573124706745,0.14967672526836395,0.08462470769882202,0.0,0.20514553785324097,0.041378967463970184,0.013598485849797726,0.038846347481012344,0.11910225450992584,0.12387697398662567,0.06636475026607513,0.043969687074422836,0.1595683991909027,0.1452694684267044,0.04511335864663124,0.3302238881587982,0.14985960721969604,0.024302884936332703,0.06657762080430984,0.003898150520399213,0.04607800394296646,1.0653493404388428,0.0643029659986496,0.0431259460747242,0.048753272742033005,0.08536428213119507,0.043948303908109665,0.4184204638004303,0.10740892589092255,0.4508923888206482,0.13305220007896423,0.045523397624492645,0.01511629018932581,0.10444662719964981,0.10489830374717712,0.25301042199134827,0.061942584812641144,0.07774853706359863,0.26548823714256287,0.124323770403862,0.0812782272696495,0.09109053760766983,0.222575843334198,0.020772794261574745,0.23779530823230743,0.02550962008535862,0.036161333322525024,0.07419252395629883,0.08298715204000473,0.0974719375371933,0.09664859622716904,0.010454732924699783,0.13592427968978882,0.01109313778579235,0.16722576320171356,0.09484171867370605,0.07922016829252243,0.04582415893673897,0.03204301744699478,0.22408658266067505,0.03476354479789734,0.26209235191345215,0.1864098310470581,0.33284828066825867,0.19412077963352203,0.3308463990688324,0.44065871834754944,0.057892847806215286,0.3666823208332062,0.049467168748378754,0.7053291201591492,0.20642556250095367,0.05580314248800278,0.08911619335412979,0.038019537925720215,0.09314964711666107,0.11111032217741013,0.028958072885870934,0.06814546138048172,0.13097086548805237,0.28581172227859497,0.0036804848350584507,0.04448096826672554,0.1154409870505333,0.23228123784065247,0.26666972041130066,0.06272439658641815,0.1855490654706955,0.5820777416229248,-0.17039287090301514,-0.13580608367919922,-0.20733797550201416,0.021441666409373283
zebrafish,TDR51,120.0,neutrophil,107,0.4853529930114746,0.12457742542028427,0.11602742224931717,0.03746667876839638,0.056962285190820694,0.09687860310077667,0.17870087921619415,0.06738774478435516,0.03430952876806259,0.08003157377243042,0.025357358157634735,0.0,0.27861347794532776,0.013236304745078087,0.35422539710998535,0.1446327120065689,0.08858118206262589,0.06974004209041595,0.04067401960492134,0.03087087906897068,0.0,0.4841691255569458,0.0349554643034935,0.04396136477589607,0.18045996129512787,0.008107765577733517,0.008548911660909653,0.1130986139178276,0.09513972699642181,0.008473367430269718,0.026557138189673424,0.15925352275371552,0.031528156250715256,0.15213708579540253,0.9308340549468994,0.18044383823871613,0.002782531315460801,0.009532220661640167,0.043085936456918716,0.4286993443965912,0.0,0.026856249198317528,0.02060648240149021,0.0,0.07035921514034271,0.010452955029904842,0.0057076322846114635,0.016074853017926216,0.016500255092978477,0.058606307953596115,0.013763119466602802,0.01958923228085041,0.1418222337961197,0.06224430724978447,0.01298244297504425,0.34610745310783386,0.07364161312580109,0.0,0.006641050800681114,0.014515244401991367,0.01437821239233017,0.9842286109924316,0.011421781964600086,0.014202377758920193,0.015644477680325508,0.016542425379157066,0.02706245332956314,0.6211626529693604,0.035050638020038605,0.13817466795444489,0.03982578590512276,0.01298244297504425,0.0,0.0490998849272728,0.07184449583292007,0.031965725123882294,0.014548433013260365,0.04675969481468201,0.03993704169988632,0.03864876925945282,0.03127902373671532,0.053281981498003006,0.07296175509691238,0.0,0.17458313703536987,0.01067506242543459,0.039721399545669556,0.04105084389448166,0.010753760114312172,0.04895356297492981,0.013208839111030102,0.0,0.024913569912314415,0.011691864579916,0.11224585026502609,0.023253802210092545,0.038608647882938385,0.02198936603963375,0.01784008927643299,0.17955423891544342,0.012671327218413353,0.18514971435070038,0.13828174769878387,0.2678586542606354,0.1631172001361847,0.17283858358860016,0.25731000304222107,0.04331827536225319,0.19125130772590637,0.03673974424600601,0.6600100994110107,0.06223655119538307,0.02942013368010521,0.0829520970582962,0.019778309389948845,0.02848895639181137,0.034664057195186615,0.05247686430811882,0.07719288766384125,0.115357905626297,0.07626684755086899,0.0,0.03395774960517883,0.03255566954612732,0.1572403460741043,0.11721891164779663,0.03245249763131142,0.10660692304372787,0.36719319224357605,-0.32277384400367737,-0.29655665159225464,-0.3507786691188812,0.06021514907479286
zebrafish,TDR51,120.0,stem_progenitor,101,0.551784098148346,0.15098392963409424,0.04229551553726196,0.034358859062194824,0.01865535043179989,0.06613682210445404,0.1804095208644867,0.05223042890429497,0.05743750184774399,0.05676360800862312,0.06233833730220795,0.0400642491877079,0.1585608571767807,0.014424541965126991,0.14918851852416992,0.14151175320148468,0.03610705956816673,0.03609069436788559,0.03225485235452652,0.012055078521370888,0.016440557315945625,0.22468166053295135,0.038371581584215164,0.03693665936589241,0.10058781504631042,0.025219853967428207,0.018843483179807663,0.19272147119045258,0.015957102179527283,0.004577843938022852,0.02647816389799118,0.18023866415023804,0.034960657358169556,0.10519123822450638,0.09165605902671814,0.35520878434181213,0.02221306785941124,0.0,0.008255588822066784,0.6374302506446838,0.0048950170166790485,0.011395731009542942,0.03669610992074013,0.006544759497046471,0.12903954088687897,0.039123665541410446,0.0,0.05196480080485344,0.0179074015468359,0.15671110153198242,0.04603516682982445,0.012236436828970909,0.07592327892780304,0.04819440469145775,0.014781363308429718,0.2907913029193878,0.05472949892282486,0.010536957532167435,0.005727893207222223,0.0,0.009357419796288013,1.360438585281372,0.03511514887213707,0.02591385319828987,0.00936292763799429,0.010182300582528114,0.01700284145772457,0.31952792406082153,0.028978588059544563,0.3242410719394684,0.056125275790691376,0.009925540536642075,0.0,0.03726987913250923,0.15107393264770508,0.12872594594955444,0.012171661481261253,0.09535292536020279,0.06030130013823509,0.03999623283743858,0.0193739403039217,0.01704210601747036,0.15468008816242218,0.009165319614112377,0.1862947791814804,0.04992919787764549,0.034725166857242584,0.058821287006139755,0.29345977306365967,0.07438004016876221,0.08666282892227173,0.04638447239995003,0.04125189408659935,0.01357115339487791,0.29857370257377625,0.11178306490182877,0.13795220851898193,0.08904336392879486,0.09728492051362991,0.4350576400756836,0.056042082607746124,0.672045111656189,0.3388279378414154,0.4914257824420929,0.47306129336357117,0.5905780792236328,0.5334519147872925,0.09048338234424591,0.5303649306297302,0.09419535845518112,0.771735668182373,0.19707688689231873,0.04658879339694977,0.12318825721740723,0.04371925815939903,0.08323412388563156,0.07751281559467316,0.01940326951444149,0.13443374633789062,0.16480214893817902,0.22480963170528412,0.0,0.07306134700775146,0.1095045804977417,0.3106343448162079,0.3184642493724823,0.089129738509655,0.2252660095691681,0.4821784198284149,-0.16937093436717987,-0.02512562833726406,-0.3234512507915497,-0.05478563532233238
zebrafish,TDR52,120.0,erythroid,141,0.5008907914161682,0.09566524624824524,0.03762020170688629,0.013918247073888779,0.02488079108297825,0.02979862317442894,0.181441530585289,0.04945402219891548,0.01536324992775917,0.06028581038117409,0.006384020205587149,0.0,0.04867023974657059,0.027201108634471893,0.08527926355600357,0.21662402153015137,0.05484355241060257,0.022680804133415222,0.03244988992810249,0.028538376092910767,0.0,0.2206619679927826,0.10124322772026062,0.013876608572900295,0.20362558960914612,0.06357917934656143,0.006067067384719849,0.24296407401561737,0.026451008394360542,0.0,0.01799110881984234,0.09876907616853714,0.05892426148056984,0.03978284075856209,0.02177460677921772,0.4486144483089447,0.004124355502426624,0.012125629000365734,0.16903483867645264,0.6528844833374023,0.13865353167057037,0.3511674702167511,0.20825521647930145,0.03685872256755829,0.34795770049095154,0.3727796971797943,0.034532081335783005,0.344214528799057,0.526627779006958,0.6907777190208435,0.18419663608074188,0.1761264055967331,0.2810247838497162,0.22832483053207397,0.17425204813480377,0.41846123337745667,0.48489585518836975,0.08924300223588943,0.13816064596176147,0.0062356796115636826,0.06525029987096786,2.141935110092163,0.23018081486225128,0.32475027441978455,0.11423017829656601,0.1583428829908371,0.1263820230960846,0.7767861485481262,0.3915283977985382,1.2131620645523071,0.42981454730033875,0.19274206459522247,0.06282719224691391,0.3685280382633209,0.2904747426509857,0.5711730718612671,0.3233429789543152,0.1519549936056137,0.4870489537715912,0.49378278851509094,0.26121753454208374,0.4902268648147583,0.6726590394973755,0.06528443843126297,0.11482848972082138,0.019695430994033813,0.1415131688117981,0.1707315891981125,0.30629536509513855,0.23577256500720978,0.22812038660049438,0.10209329426288605,0.19315463304519653,0.06743378192186356,0.6223428249359131,0.18902508914470673,0.22311049699783325,0.09783767908811569,0.2361435890197754,0.2906184494495392,0.10590213537216187,0.7088606953620911,0.44573548436164856,0.6850457191467285,0.6855464577674866,0.5416617393493652,0.4641244113445282,0.15593361854553223,0.8085448741912842,0.11311733722686768,1.3097586631774902,0.27281734347343445,0.18030087649822235,0.15914475917816162,0.05628267303109169,0.3434164226055145,0.18136104941368103,0.08886165171861649,0.24281419813632965,0.3443194031715393,0.6503856182098389,0.038934703916311264,0.1720873862504959,0.6775888204574585,0.3069947361946106,0.4837374985218048,0.15006737411022186,0.19280913472175598,0.42014211416244507,0.30168870091438293,0.2883225083351135,0.3159661889076233,-0.09943880140781403
zebrafish,TDR52,120.0,macrophage,93,0.6677149534225464,0.17833192646503448,0.07711265981197357,0.04335122928023338,0.0316096693277359,0.04083230346441269,0.1606222540140152,0.03804552182555199,0.012648292817175388,0.05765094608068466,0.07675211131572723,0.0,0.29880884289741516,0.12929251790046692,0.29912707209587097,0.10599427670240402,0.05259302258491516,0.053902268409729004,0.0656980350613594,0.021137457340955734,0.020038429647684097,0.21691672503948212,0.0619538351893425,0.040896400809288025,0.11759321391582489,0.04648507013916969,0.03293556720018387,0.12328129261732101,0.24532368779182434,0.00841819029301405,0.011470175348222256,1.1484172344207764,0.06731729954481125,0.07982120662927628,0.23780980706214905,0.2868292033672333,0.02616988681256771,0.0,0.021759796887636185,0.4450374245643616,0.008180336095392704,0.12632134556770325,0.018842117860913277,0.0,0.18185929954051971,0.007000325247645378,0.016329854726791382,0.03060407005250454,0.07859521359205246,0.10934865474700928,0.04396282881498337,0.0,0.1517302244901657,0.06525804847478867,0.02279488556087017,0.25786715745925903,0.07965414226055145,0.010747655294835567,0.02557547390460968,0.0,0.03413953632116318,1.0509172677993774,0.026072148233652115,0.019058916717767715,0.044319164007902145,0.0324498675763607,0.03776789829134941,0.4532560408115387,0.06451809406280518,0.40052956342697144,0.12244769930839539,0.034832146018743515,0.022906310856342316,0.07534816861152649,0.08756081759929657,0.10606587678194046,0.056588321924209595,0.06884735077619553,0.13369964063167572,0.08179295808076859,0.04779808968305588,0.05659971013665199,0.18741783499717712,0.01972082257270813,0.3043283522129059,0.025310548022389412,0.06419626623392105,0.06340815126895905,0.07370633631944656,0.08565830439329147,0.07173481583595276,0.0,0.12365370988845825,0.013460813090205193,0.15550699830055237,0.05935562402009964,0.04726945236325264,0.03949803113937378,0.08741861581802368,0.14016193151474,0.04839019477367401,0.30953383445739746,0.14216820895671844,0.3188990652561188,0.19823509454727173,0.3309576213359833,0.35303929448127747,0.09095519781112671,0.4426473379135132,0.025399962440133095,0.6141813397407532,0.09983788430690765,0.05401770770549774,0.08992526680231094,0.08913557231426239,0.08905234187841415,0.10853816568851471,0.02513454295694828,0.04157833382487297,0.11297359317541122,0.2010178565979004,0.02672082558274269,0.10728283226490021,0.08267039805650711,0.1553567498922348,0.28474095463752747,0.10595199465751648,0.18557091057300568,0.4968862533569336,-0.2170434594154358,-0.15183457732200623,-0.28669852018356323,0.07475878298282623
zebrafish,TDR52,120.0,neutrophil,32,0.5923807621002197,0.14829011261463165,0.05028321221470833,0.05226419121026993,0.0,0.029844356700778008,0.28530368208885193,0.0,0.03888138383626938,0.016040345653891563,0.017848359420895576,0.0,0.24684984982013702,0.016016827896237373,0.19232264161109924,0.15950819849967957,0.10730520635843277,0.08247940242290497,0.011339325457811356,0.03450474888086319,0.027838988229632378,0.712977409362793,0.1272377073764801,0.05123066157102585,0.15012289583683014,0.02542431838810444,0.0,0.018464403226971626,0.08007636666297913,0.0,0.027838988229632378,0.5918482542037964,0.07244041562080383,0.033343009650707245,0.814420759677887,0.3294147551059723,0.023191936314105988,0.0,0.17905819416046143,0.5031734704971313,0.0241316556930542,0.08152753859758377,0.07604857534170151,0.0,0.20689654350280762,0.13092193007469177,0.0,0.053624801337718964,0.06998996436595917,0.28871992230415344,0.05677372217178345,0.0469583123922348,0.17653873562812805,0.1069161668419838,0.04330892860889435,0.21062499284744263,0.09902791678905487,0.025908010080456734,0.0,0.0,0.04085252434015274,1.1543805599212646,0.026588063687086105,0.12780211865901947,0.0,0.0,0.06098603084683418,0.4987976849079132,0.06417252123355865,0.4267009496688843,0.10332627594470978,0.053624801337718964,0.0241316556930542,0.07019992917776108,0.146482452750206,0.1578037142753601,0.04959756135940552,0.06006390601396561,0.1390821635723114,0.10938253253698349,0.05859089642763138,0.12991055846214294,0.08523928374052048,0.0,0.18019460141658783,0.016040345653891563,0.11730223149061203,0.03456922620534897,0.054427050054073334,0.05710355192422867,0.0530206635594368,0.03456922620534897,0.08860785514116287,0.08132074028253555,0.20144954323768616,0.016720866784453392,0.08344509452581406,0.055980242788791656,0.0880298912525177,0.19478166103363037,0.02542431838810444,0.10734377056360245,0.10170207917690277,0.30278903245925903,0.13531114161014557,0.2120872139930725,0.17948919534683228,0.016720866784453392,0.19583052396774292,0.07691563665866852,0.8074225783348083,0.08686777949333191,0.043595101684331894,0.07051526755094528,0.05872058868408203,0.05297907441854477,0.04540311545133591,0.029444489628076553,0.026686932891607285,0.0810234546661377,0.14334061741828918,0.0,0.016720866784453392,0.05669219791889191,0.12047630548477173,0.11544008553028107,0.05333234742283821,0.17068098485469818,0.5205509662628174,-0.22970683872699738,-0.23203697800636292,-0.2272179126739502,0.05438293516635895
zebrafish,TDR52,120.0,stem_progenitor,19,0.7300339937210083,0.17133833467960358,0.057237397879362106,0.1108490526676178,0.056285858154296875,0.0,0.2803365886211395,0.15458238124847412,0.0,0.06567317247390747,0.06135964393615723,0.0,0.0,0.03763756528496742,0.26261723041534424,0.15114736557006836,0.0622321180999279,0.05959506332874298,0.09069628268480301,0.03544206917285919,0.0,0.36906155943870544,0.01387027557939291,0.1350567787885666,0.06509194523096085,0.0,0.0,0.16671502590179443,0.06366151571273804,0.0,0.0,0.30964770913124084,0.08402641117572784,0.08924493938684464,0.08519282191991806,0.4768373966217041,0.025899337604641914,0.0,0.05663498491048813,0.41025272011756897,0.0,0.03557392209768295,0.0,0.06770678609609604,0.1482606679201126,0.0,0.0,0.06629740446805954,0.03557392209768295,0.22660912573337555,0.06667942553758621,0.06770678609609604,0.05193992704153061,0.02415299415588379,0.0,0.2251042276620865,0.22476904094219208,0.0,0.0,0.0,0.0,1.0838245153427124,0.0,0.03213286027312279,0.017786961048841476,0.0,0.02326584793627262,0.25850191712379456,0.0,0.20990107953548431,0.1085481122136116,0.0,0.0,0.05173800140619278,0.07581083476543427,0.4012995660305023,0.03213286027312279,0.019672004505991936,0.08771369606256485,0.10445110499858856,0.05835333466529846,0.09854098409414291,0.08731192350387573,0.0,0.14138716459274292,0.031105509027838707,0.0,0.09915684163570404,0.16032199561595917,0.0,0.154886856675148,0.0,0.03557392209768295,0.0,0.20780257880687714,0.07955171167850494,0.0,0.02326584793627262,0.06629740446805954,0.33096110820770264,0.0,0.5118212699890137,0.4130675792694092,0.2320694923400879,0.3696564733982086,0.5020281672477722,0.4383822977542877,0.03557392209768295,0.5617085695266724,0.03557392209768295,0.5351396203041077,0.11984656006097794,0.08813201636075974,0.1108490526676178,0.05612128600478172,0.05173800140619278,0.05193992704153061,0.0,0.02326584793627262,0.1476885825395584,0.15122385323047638,0.0,0.10905806720256805,0.08994527906179428,0.22267909348011017,0.13128970563411713,0.03557392209768295,0.1772845983505249,0.37854665517807007,-0.23818863928318024,-0.1697390228509903,-0.3113054037094116,0.013887452892959118
zebrafish,TDR53,120.0,erythroid,37,0.5048647522926331,0.17551317811012268,0.028831424191594124,0.030374066904187202,0.039887357503175735,0.06915532052516937,0.29023733735084534,0.1379864662885666,0.04077455773949623,0.0,0.015241499058902264,0.0,0.011190884746611118,0.09705538302659988,0.19251570105552673,0.13183808326721191,0.06023150682449341,0.04152059555053711,0.02541162818670273,0.04214538633823395,0.0,0.20761242508888245,0.015290938317775726,0.0,0.09117225557565689,0.0,0.057013191282749176,0.10395921021699905,0.059163615107536316,0.0,0.0,0.20494718849658966,0.05013728141784668,0.030999628826975822,0.0662420392036438,0.38161808252334595,0.02216007187962532,0.04950428009033203,0.1942872256040573,0.5037757754325867,0.09713316708803177,0.3399485647678375,0.1537456214427948,0.0,0.31679174304008484,0.27579402923583984,0.015241499058902264,0.17415127158164978,0.4724566340446472,0.4922662079334259,0.07734092324972153,0.1947288066148758,0.24689741432666779,0.11219024658203125,0.15095752477645874,0.45106762647628784,0.4060446619987488,0.18161199986934662,0.20191673934459686,0.0,0.032435256987810135,1.7478400468826294,0.2650080919265747,0.25003859400749207,0.06615579128265381,0.14713943004608154,0.07982390373945236,0.7650293111801147,0.24589873850345612,1.0676418542861938,0.28708794713020325,0.031186677515506744,0.08735489100217819,0.19951333105564117,0.1541183888912201,0.2983887195587158,0.39210209250450134,0.1956949383020401,0.3927762806415558,0.39298513531684875,0.2221207171678543,0.2668984532356262,0.5771616697311401,0.05206454545259476,0.13756835460662842,0.043506037443876266,0.19057364761829376,0.07633060961961746,0.13947433233261108,0.09132252633571625,0.15316951274871826,0.0,0.23078706860542297,0.07750141620635986,0.440135657787323,0.12378527969121933,0.056461721658706665,0.0,0.22235499322414398,0.2658173441886902,0.0694534182548523,0.5983431339263916,0.3881121575832367,0.3902130126953125,0.3945111930370331,0.7209615707397461,0.6360542178153992,0.108048215508461,0.41665834188461304,0.027951858937740326,1.038946509361267,0.24730932712554932,0.15933364629745483,0.2339193969964981,0.011969377286732197,0.15019987523555756,0.12181815505027771,0.062141548842191696,0.11186862736940384,0.19366997480392456,0.5271936058998108,0.030999628826975822,0.11254093796014786,0.13617616891860962,0.1952381581068039,0.37689775228500366,0.14658541977405548,0.17325502634048462,0.6616896986961365,0.10990951955318451,0.07298575341701508,0.14935080707073212,-0.07218039780855179
zebrafish,TDR53,120.0,innate_lymphoid,15,0.5034949779510498,0.28865310549736023,0.044198233634233475,0.0438128337264061,0.18078504502773285,0.0,0.3238082528114319,0.0,0.04127700999379158,0.04285319522023201,0.0,0.31043195724487305,0.05665978044271469,0.0,0.1104700118303299,0.05680588632822037,0.0771319568157196,0.06314156949520111,0.07989631593227386,0.0,0.0,0.13379447162151337,0.04660383239388466,0.0,0.0,0.06920601427555084,0.0,0.08998162299394608,0.25512412190437317,0.0,0.0,0.11956048011779785,0.1344602108001709,0.0,0.10308149456977844,0.3822430670261383,0.0,0.0,0.0,0.5937999486923218,0.0,0.0,0.08105990290641785,0.0521584115922451,0.266921728849411,0.0521584115922451,0.0,0.10881819576025009,0.13793526589870453,0.15796051919460297,0.07446285337209702,0.0,0.062309738248586655,0.034278754144907,0.0521584115922451,0.20587722957134247,0.1624670773744583,0.0,0.0,0.0,0.0,1.353826880455017,0.0,0.0,0.06929779052734375,0.10251288115978241,0.034278754144907,0.2640277147293091,0.034278754144907,0.33797961473464966,0.21333186328411102,0.047128427773714066,0.0,0.1636139303445816,0.13198547065258026,0.09501160681247711,0.08105990290641785,0.1772831529378891,0.17104151844978333,0.0521584115922451,0.16370287537574768,0.0,0.13126873970031738,0.047128427773714066,0.18813027441501617,0.0,0.10378821194171906,0.0,0.25549134612083435,0.20875436067581177,0.08140718191862106,0.0,0.0,0.034278754144907,0.677689254283905,0.0438128337264061,0.08683930337429047,0.0521584115922451,0.06261638551950455,0.16474637389183044,0.15594662725925446,0.5750772356987,0.5046846270561218,0.632334291934967,0.3055688738822937,0.47224414348602295,0.5065388679504395,0.034278754144907,0.4263360798358917,0.11287850886583328,0.9526442289352417,0.1311226338148117,0.0,0.06261638551950455,0.0,0.06261638551950455,0.1751251369714737,0.0,0.13233503699302673,0.131822407245636,0.23062992095947266,0.0,0.0283376332372427,0.26098695397377014,0.1542828381061554,0.2918224334716797,0.08140718191862106,0.46582236886024475,0.37526756525039673,-0.13719381392002106,-0.043255750089883804,-0.23753683269023895,-0.04685201868414879
zebrafish,TDR53,120.0,macrophage,161,0.6070913672447205,0.11203237622976303,0.059034254401922226,0.05839628726243973,0.05067729204893112,0.02417173609137535,0.27632999420166016,0.0756881907582283,0.020653851330280304,0.049965959042310715,0.051121681928634644,0.0,0.4733903706073761,0.1475277543067932,0.23097731173038483,0.06414096802473068,0.0822417363524437,0.06884732097387314,0.05343136191368103,0.018008919432759285,0.017843283712863922,0.22433355450630188,0.05814504250884056,0.028348898515105247,0.11558633297681808,0.016046758741140366,0.015362310223281384,0.1916792094707489,0.2549642324447632,0.005033385474234819,0.01652410812675953,0.8920018076896667,0.06989974528551102,0.04986653849482536,0.18335530161857605,0.28783538937568665,0.016678037121891975,0.011217385530471802,0.02602015621960163,0.32195839285850525,0.01762443408370018,0.1097349226474762,0.045874614268541336,0.009656875394284725,0.17899487912654877,0.04025844484567642,0.009099602699279785,0.031208986416459084,0.11171627789735794,0.10452676564455032,0.07342776656150818,0.04343525320291519,0.09772609919309616,0.11122023314237595,0.038211267441511154,0.2659459412097931,0.10669079422950745,0.02852192334830761,0.015088498592376709,0.004577003885060549,0.012818638235330582,1.0265775918960571,0.036174483597278595,0.04419007897377014,0.04712473973631859,0.057053886353969574,0.038623154163360596,0.5230841040611267,0.0725894570350647,0.5007237195968628,0.128664031624794,0.042334768921136856,0.012975539080798626,0.08146729320287704,0.12357421219348907,0.18666642904281616,0.03889647126197815,0.10514983534812927,0.2636965811252594,0.12397000938653946,0.06906496733427048,0.10208483785390854,0.1826731264591217,0.021892348304390907,0.1916428953409195,0.047492220997810364,0.01984436810016632,0.12128245085477829,0.07385022938251495,0.06813238561153412,0.06079057604074478,0.02496975287795067,0.08926054835319519,0.013321020640432835,0.18844914436340332,0.06782090663909912,0.052223704755306244,0.05408767983317375,0.12218611687421799,0.2212793081998825,0.07399607449769974,0.3391972780227661,0.19033263623714447,0.32256126403808594,0.22721751034259796,0.3275481164455414,0.42882612347602844,0.07827974110841751,0.35894760489463806,0.045904844999313354,0.7414098978042603,0.1522594392299652,0.06518330425024033,0.08824466913938522,0.05358685180544853,0.06451217085123062,0.08249816298484802,0.03395518660545349,0.050118595361709595,0.175638347864151,0.2601009011268616,0.023143844678997993,0.042558878660202026,0.08756773173809052,0.19068917632102966,0.30857113003730774,0.09701438248157501,0.2373816967010498,0.4473726153373718,-0.19012100994586945,-0.13805943727493286,-0.2457323521375656,0.05491361394524574
zebrafish,TDR53,120.0,neutrophil,69,0.4641108214855194,0.19398514926433563,0.04982658103108406,0.03806420415639877,0.053447891026735306,0.08903364092111588,0.379518985748291,0.12478706985712051,0.019504260271787643,0.09245186299085617,0.01900985650718212,0.0,0.2846936583518982,0.01830374076962471,0.238599494099617,0.08211769908666611,0.14306014776229858,0.12316999584436417,0.020713983103632927,0.07709813863039017,0.0,0.4640089273452759,0.06871061027050018,0.07800718396902084,0.11794479936361313,0.005971316248178482,0.0,0.13800255954265594,0.06927889585494995,0.0,0.0342363603413105,0.05582357943058014,0.07708931714296341,0.1207059919834137,0.8748418092727661,0.2117089331150055,0.0,0.03306063264608383,0.042565688490867615,0.3795260787010193,0.023114193230867386,0.12023206055164337,0.07463435083627701,0.025752151384949684,0.12734174728393555,0.06473412364721298,0.00731658935546875,0.09081614017486572,0.12512467801570892,0.2182280570268631,0.033825237303972244,0.05823333561420441,0.20768773555755615,0.12640272080898285,0.03706870228052139,0.23133067786693573,0.14829936623573303,0.00731658935546875,0.08332973718643188,0.008418362587690353,0.049343839287757874,1.2747313976287842,0.05712055042386055,0.06781668215990067,0.055613379925489426,0.062083784490823746,0.08256783336400986,0.6906836628913879,0.08566902577877045,0.4570713937282562,0.05059319734573364,0.043802447617053986,0.0,0.10367275029420853,0.0910298153758049,0.15023817121982574,0.08741860091686249,0.08010821044445038,0.2401035726070404,0.13799408078193665,0.07836707681417465,0.128663569688797,0.1987011879682541,0.057293593883514404,0.14503709971904755,0.015014385804533958,0.049613311886787415,0.06575161218643188,0.0979052260518074,0.04400674253702164,0.0623418428003788,0.02876058965921402,0.10496905446052551,0.04857100546360016,0.24545429646968842,0.08673758804798126,0.10640092939138412,0.023650502786040306,0.05125916376709938,0.17060406506061554,0.014190942980349064,0.3281818926334381,0.15149785578250885,0.5055913925170898,0.22408530116081238,0.2950219213962555,0.1751566231250763,0.029987642541527748,0.299643337726593,0.0687541514635086,0.9632246494293213,0.17128822207450867,0.043680526316165924,0.09368312358856201,0.0254766047000885,0.08958455920219421,0.0606975220143795,0.03490312024950981,0.10502692312002182,0.10343485325574875,0.28487297892570496,0.01733378693461418,0.05101945996284485,0.14323176443576813,0.25032323598861694,0.24484188854694366,0.045112304389476776,0.25727149844169617,0.41493579745292664,-0.17720307409763336,-0.15340304374694824,-0.20262596011161804,0.057581543922424316
zebrafish,TDR53,120.0,stem_progenitor,54,0.6455615758895874,0.15436281263828278,0.09985609352588654,0.0,0.04784712940454483,0.011264161206781864,0.19259841740131378,0.05350588262081146,0.04652395099401474,0.04527902230620384,0.0476827435195446,0.051218073815107346,0.05630533769726753,0.0,0.16445989906787872,0.1854162961244583,0.0758243128657341,0.01675892248749733,0.02973845973610878,0.010024596005678177,0.009940802119672298,0.2828112542629242,0.06764701753854752,0.03706111013889313,0.0780688226222992,0.04157125577330589,0.010024596005678177,0.2759624719619751,0.06815112382173538,0.0,0.026122476905584335,0.18976059556007385,0.07440618425607681,0.09214792400598526,0.12148142606019974,0.5116620659828186,0.011498766951262951,0.019896505400538445,0.05061652883887291,0.5783125758171082,0.012544052675366402,0.1535630077123642,0.06056590378284454,0.0,0.2723274528980255,0.04460611566901207,0.03254372254014015,0.03018697164952755,0.03367898613214493,0.09923762083053589,0.052190039306879044,0.03033074177801609,0.1495799869298935,0.15143480896949768,0.03032362461090088,0.387022465467453,0.17765074968338013,0.009231898002326488,0.04331612586975098,0.0,0.025573117658495903,1.8329347372055054,0.019936902448534966,0.026536600664258003,0.04981481283903122,0.0,0.07531685382127762,0.5403643250465393,0.10756782442331314,0.4500959515571594,0.14686670899391174,0.009535408578813076,0.010895484127104282,0.035735614597797394,0.21885979175567627,0.3419261574745178,0.01675892248749733,0.23873817920684814,0.22482824325561523,0.1528709977865219,0.0843849629163742,0.10095172375440598,0.422912061214447,0.0924772322177887,0.21280911564826965,0.06188581511378288,0.06030904874205589,0.21055059134960175,0.5323017239570618,0.12638799846172333,0.16416461765766144,0.0672781839966774,0.12569133937358856,0.038950834423303604,0.7057917714118958,0.19663266837596893,0.17750579118728638,0.1328529268503189,0.18297885358333588,0.703250527381897,0.08898857980966568,1.1503674983978271,0.6659114360809326,0.7032322287559509,0.8100056052207947,0.797356367111206,0.4931306540966034,0.14456875622272491,0.9652144908905029,0.15297429263591766,1.4632898569107056,0.4117200970649719,0.088800348341465,0.2070738524198532,0.07131166756153107,0.17209023237228394,0.17720632255077362,0.02638663537800312,0.15050706267356873,0.3966427445411682,0.41614726185798645,0.020702984184026718,0.1337035596370697,0.29063719511032104,0.5130739212036133,0.5842878222465515,0.23093350231647491,0.45388153195381165,0.5966536998748779,0.0965929850935936,0.34808069467544556,-0.17204158008098602,-0.03175625205039978
zebrafish,TDR54,120.0,erythroid,64,0.4892868995666504,0.1374569684267044,0.018669767305254936,0.026195134967565536,0.0,0.0,0.222624272108078,0.04777861014008522,0.09174275398254395,0.06854116171598434,0.0,0.0,0.07128956913948059,0.06932906806468964,0.059766460210084915,0.10548694431781769,0.04931241646409035,0.0,0.0285247340798378,0.11108248680830002,0.0,0.24652248620986938,0.07664143294095993,0.0,0.07439398765563965,0.0,0.029172789305448532,0.29024386405944824,0.0,0.014319387264549732,0.015310823917388916,0.038222283124923706,0.04292622581124306,0.05541262775659561,0.054099731147289276,0.22607514262199402,0.02768414281308651,0.03246708959341049,0.18434929847717285,0.4167686104774475,0.08313778042793274,0.37859663367271423,0.07050532102584839,0.010437232442200184,0.26884567737579346,0.14048677682876587,0.04065810889005661,0.11917170137166977,0.19976404309272766,0.472114235162735,0.13706034421920776,0.10384534299373627,0.2774890065193176,0.1419880986213684,0.08161261677742004,0.2987801730632782,0.3628922700881958,0.09343772381544113,0.06511040031909943,0.020643077790737152,0.10734723508358002,1.467236042022705,0.1288972944021225,0.19843025505542755,0.13941417634487152,0.14340710639953613,0.08566775918006897,0.46543118357658386,0.15542322397232056,1.062659740447998,0.39336949586868286,0.06954087316989899,0.026332970708608627,0.16427060961723328,0.22345677018165588,0.3847869038581848,0.24211835861206055,0.0855691134929657,0.3552834093570709,0.2953450083732605,0.25641730427742004,0.2878684997558594,0.4145474433898926,0.05849766731262207,0.09630391001701355,0.03088158741593361,0.13192228972911835,0.09712228178977966,0.10700291395187378,0.10844910889863968,0.16604876518249512,0.016903618350625038,0.1449272632598877,0.07781714200973511,0.3141745328903198,0.051635608077049255,0.06720792502164841,0.10379327088594437,0.1447332799434662,0.3643453121185303,0.09916502237319946,0.4624308943748474,0.22822490334510803,0.27909135818481445,0.342132568359375,0.36058366298675537,0.2978924512863159,0.12410629540681839,0.36384159326553345,0.06515001505613327,1.0623879432678223,0.28622278571128845,0.2329365313053131,0.11272776126861572,0.07130658626556396,0.22112590074539185,0.09090018272399902,0.1293943226337433,0.1808072328567505,0.2226608842611313,0.36793631315231323,0.0,0.06261155009269714,0.30622732639312744,0.21130067110061646,0.3031080365180969,0.09709497541189194,0.24288472533226013,0.8525758981704712,0.047218192368745804,0.040979571640491486,0.05388214439153671,-0.10461834073066711
zebrafish,TDR54,120.0,innate_lymphoid,12,0.6165037751197815,0.15346013009548187,0.03014451451599598,0.04727111756801605,0.0,0.0,0.24616678059101105,0.15329581499099731,0.0,0.04727111756801605,0.0,0.2682119607925415,0.277289479970932,0.0,0.04834205284714699,0.07621285319328308,0.3863662779331207,0.05208492651581764,0.0,0.10121088474988937,0.0,0.28784412145614624,0.1389036327600479,0.0,0.20670302212238312,0.0,0.0,0.060952529311180115,0.10863108187913895,0.0,0.0,0.05208492651581764,0.24979977309703827,0.11032860726118088,0.27721917629241943,0.3421466648578644,0.0,0.0,0.0,0.5784356594085693,0.0,0.0,0.0,0.0,0.07621285319328308,0.0,0.0,0.1052984669804573,0.0,0.1052984669804573,0.060952529311180115,0.04727111756801605,0.0,0.04727111756801605,0.0,0.060952529311180115,0.1754598468542099,0.0,0.0,0.0,0.0,1.1282538175582886,0.0,0.0,0.030993275344371796,0.04834205284714699,0.07621285319328308,0.16394461691379547,0.0,0.22460126876831055,0.0,0.0,0.0,0.0,0.19338788092136383,0.0772472694516182,0.07621285319328308,0.049678023904561996,0.0,0.12348397821187973,0.0,0.0,0.36148568987846375,0.0,0.24134695529937744,0.0,0.0,0.2586168348789215,0.12348397821187973,0.04727111756801605,0.12348397821187973,0.0,0.222903773188591,0.0,0.16150029003620148,0.04727111756801605,0.1153436079621315,0.07621285319328308,0.21459059417247772,0.0772472694516182,0.07621285319328308,0.33633676171302795,0.21544666588306427,0.26119935512542725,0.34712472558021545,0.1754598468542099,0.42432114481925964,0.12348397821187973,0.3783123195171356,0.0,0.5288528800010681,0.21459059417247772,0.04727111756801605,0.12348397821187973,0.0,0.15346013009548187,0.07621285319328308,0.0,0.0,0.16590851545333862,0.21374915540218353,0.0,0.05393976345658302,0.04727111756801605,0.2433193475008011,0.22850185632705688,0.2073998898267746,0.1392338126897812,0.32450398802757263,-0.24050255119800568,-0.12761642038822174,-0.3610856533050537,0.018668295815587044
zebrafish,TDR54,120.0,macrophage,94,0.6429291367530823,0.15260761976242065,0.09059847146272659,0.07741085439920425,0.07488025724887848,0.03718310594558716,0.25710007548332214,0.11807738989591599,0.04183727130293846,0.08889498561620712,0.043674614280462265,0.0,0.4109288454055786,0.15951883792877197,0.42643386125564575,0.11181508749723434,0.09623745828866959,0.08479645103216171,0.06468258798122406,0.06131245568394661,0.031581390649080276,0.2090095579624176,0.09188683331012726,0.05981986224651337,0.12045537680387497,0.014521545730531216,0.026698336005210876,0.17038938403129578,0.23751412332057953,0.016202492639422417,0.014751004055142403,0.8133421540260315,0.1597694754600525,0.052574142813682556,0.20381508767604828,0.21710823476314545,0.010348484851419926,0.0,0.06977391242980957,0.438799113035202,0.0350986011326313,0.08684032410383224,0.05671651288866997,0.005306941922754049,0.1818869560956955,0.01978849060833454,0.010053551755845547,0.05299677699804306,0.1374802440404892,0.16849058866500854,0.05221538990736008,0.03828733414411545,0.15172918140888214,0.13923950493335724,0.04907533898949623,0.3144027888774872,0.13965892791748047,0.026229888200759888,0.0409579835832119,0.0,0.06370972841978073,1.1702971458435059,0.06194973364472389,0.06511382013559341,0.05267099291086197,0.026608731597661972,0.05385809764266014,0.5768032670021057,0.09221377223730087,0.36468079686164856,0.13531023263931274,0.05080099403858185,0.011939936317503452,0.051544614136219025,0.1642904430627823,0.22478608787059784,0.04876578599214554,0.07356083393096924,0.19434936344623566,0.11934719979763031,0.06916725635528564,0.08878695964813232,0.17064620554447174,0.041539259254932404,0.2533404231071472,0.040575023740530014,0.06611386686563492,0.10365917533636093,0.11841216683387756,0.10885530710220337,0.08714145421981812,0.02178345061838627,0.14892201125621796,0.06749795377254486,0.20461715757846832,0.10516280680894852,0.06740124523639679,0.029645167291164398,0.10538827627897263,0.1693081557750702,0.04986118897795677,0.3658238649368286,0.1887938678264618,0.3449581265449524,0.23098722100257874,0.38513612747192383,0.43753835558891296,0.03097807615995407,0.40848225355148315,0.07077766954898834,0.6478303670883179,0.15545623004436493,0.07507869601249695,0.10663116723299026,0.016928186640143394,0.10667473077774048,0.09274626523256302,0.030601447448134422,0.060950689017772675,0.10941215604543686,0.28181278705596924,0.0,0.05530891194939613,0.09417564421892166,0.19155165553092957,0.2573181092739105,0.09895405918359756,0.23063373565673828,0.35523301362991333,-0.1656823605298996,-0.12043173611164093,-0.21401835978031158,0.13383211195468903
zebrafish,TDR54,120.0,neutrophil,36,0.5239939093589783,0.23387840390205383,0.06900714337825775,0.13420355319976807,0.06075873598456383,0.048475008457899094,0.4404314458370209,0.12026078253984451,0.0,0.042199041694402695,0.023578831925988197,0.0,0.3011585772037506,0.0,0.4482977092266083,0.15972279012203217,0.29102563858032227,0.24248430132865906,0.06694415211677551,0.049400847405195236,0.0,0.6763878464698792,0.06477866321802139,0.13279679417610168,0.16236938536167145,0.0,0.0,0.17024339735507965,0.12455309927463531,0.0,0.01580585166811943,0.48993074893951416,0.152487114071846,0.16039718687534332,0.8541893362998962,0.2255510538816452,0.0,0.0,0.12775643169879913,0.5157453417778015,0.0,0.12686365842819214,0.07900786399841309,0.0,0.07876192033290863,0.04504092410206795,0.011618387885391712,0.05547606945037842,0.057686761021614075,0.24186284840106964,0.036480940878391266,0.031323205679655075,0.15879413485527039,0.1133066788315773,0.03945070505142212,0.2786288857460022,0.20831958949565887,0.011618387885391712,0.022975150495767593,0.0,0.024943334981799126,1.4009838104248047,0.0,0.11448901146650314,0.021763717755675316,0.130667045712471,0.011618387885391712,0.7286800146102905,0.04276105761528015,0.24151083827018738,0.16590338945388794,0.036742568016052246,0.0,0.05276690423488617,0.10903818160295486,0.16623438894748688,0.05347960814833641,0.12099072337150574,0.14690715074539185,0.09067457169294357,0.08084677159786224,0.03555519878864288,0.17732664942741394,0.0,0.14719772338867188,0.0,0.038347769528627396,0.022670524194836617,0.0,0.04487006366252899,0.011537604033946991,0.0,0.07175061106681824,0.011537604033946991,0.352563738822937,0.0552123598754406,0.0,0.022670524194836617,0.03325168043375015,0.1365233063697815,0.02512417919933796,0.12233705073595047,0.05836254358291626,0.29888230562210083,0.11826303601264954,0.17835576832294464,0.22514186799526215,0.024414334446191788,0.18077276647090912,0.01580585166811943,0.46832138299942017,0.07157818228006363,0.039841242134571075,0.0900026485323906,0.0,0.026810167357325554,0.08458547294139862,0.022670524194836617,0.12010429799556732,0.10486479103565216,0.15600693225860596,0.0,0.04846327751874924,0.0342889130115509,0.24024775624275208,0.16047734022140503,0.03325168043375015,0.2170630246400833,0.20956116914749146,-0.25847509503364563,-0.2870734632015228,-0.22792693972587585,0.20236633718013763
zebrafish,TDR54,120.0,stem_progenitor,16,0.5451171398162842,0.07383617758750916,0.11141160130500793,0.04909250885248184,0.09316960722208023,0.03506932035088539,0.33260953426361084,0.04998592659831047,0.022722583264112473,0.07670480012893677,0.05784047394990921,0.0,0.08500891923904419,0.07993970066308975,0.24122047424316406,0.19310100376605988,0.0,0.0,0.06572926044464111,0.0,0.046395979821681976,0.0499396026134491,0.0635538101196289,0.08768182247877121,0.14748264849185944,0.02635503187775612,0.09460438787937164,0.20730046927928925,0.0,0.0,0.0,0.0,0.029247358441352844,0.07528167963027954,0.06860382109880447,0.4549441933631897,0.0,0.0,0.0499396026134491,0.49234938621520996,0.0,0.14408034086227417,0.0,0.0,0.10240854322910309,0.0,0.0,0.0,0.046395979821681976,0.04998592659831047,0.05560239031910896,0.0,0.04909250885248184,0.0,0.0,0.26927512884140015,0.02635503187775612,0.0,0.0,0.0,0.0,1.6190052032470703,0.0,0.0,0.0,0.0,0.0,0.4032610058784485,0.02635503187775612,0.3951874375343323,0.02635503187775612,0.0,0.0,0.029247358441352844,0.23977279663085938,0.1743238866329193,0.0,0.10388829559087753,0.0,0.0,0.05784047394990921,0.0,0.2587149143218994,0.05312023311853409,0.21089491248130798,0.038548726588487625,0.05560239031910896,0.19023987650871277,0.38799864053726196,0.04483579471707344,0.2518986761569977,0.06490375846624374,0.08664615452289581,0.02635503187775612,0.46106237173080444,0.18554618954658508,0.17186248302459717,0.06779608130455017,0.11263187974691391,0.41498658061027527,0.05560239031910896,0.7721647024154663,0.5255440473556519,0.7279268503189087,0.7029625773429871,0.8268111944198608,0.4022033214569092,0.11578096449375153,0.7081438302993774,0.15942612290382385,1.0956518650054932,0.21439549326896667,0.11781710386276245,0.08236759155988693,0.1447567641735077,0.16165107488632202,0.0,0.08236759155988693,0.1398918330669403,0.2573791444301605,0.42453092336654663,0.0,0.10995900630950928,0.1783411055803299,0.8071920871734619,0.4169144034385681,0.02635503187775612,0.2686675786972046,0.5886102914810181,-0.07412907481193542,0.17061683535575867,-0.33556222915649414,-0.032633762806653976
zebrafish,TDR67,72.0,erythroid,79,0.34210869669914246,0.1039680764079094,0.07858037203550339,0.016373353078961372,0.032288648188114166,0.015188679099082947,0.1287614107131958,0.0717020183801651,0.01326102577149868,0.04825783520936966,0.0,0.0,0.0,0.0,0.07829701900482178,0.06345546990633011,0.03977137431502342,0.023522133007645607,0.03077058494091034,0.1383131742477417,0.02483632229268551,0.6371141672134399,0.4103529155254364,0.13874703645706177,0.20263075828552246,0.007868966087698936,0.009143320843577385,0.07752218097448349,0.0,0.10779629647731781,0.014150699600577354,0.24287667870521545,0.022442782297730446,0.02247622422873974,0.006466147489845753,0.06792087107896805,0.005963871721178293,0.018040111288428307,0.02459733933210373,0.46713683009147644,0.0,0.014291211031377316,0.025348065420985222,0.0,0.07954384386539459,0.006949427537620068,0.0,0.03161507099866867,0.02948068641126156,0.01141017209738493,0.0,0.008235336281359196,0.14525941014289856,0.024883417412638664,0.0,0.21143586933612823,0.04890405759215355,0.007341782562434673,0.008235336281359196,0.00818296242505312,0.007453412748873234,0.6143651604652405,0.0,0.025192616507411003,0.0,0.0,0.0,0.3419182300567627,0.0,0.08373546600341797,0.03458224982023239,0.018040111288428307,0.0,0.016472525894641876,0.06658803671598434,0.044685494154691696,0.12655788660049438,0.0496000200510025,0.07093188166618347,0.0249895378947258,0.024995047599077225,0.018040111288428307,0.07494723796844482,0.0,0.07527000457048416,0.0,0.0,0.009348719380795956,0.0,0.006949427537620068,0.0,0.0,0.0,0.009014883078634739,0.023123396560549736,0.01717526465654373,0.0,0.007868966087698936,0.025117695331573486,0.009782785549759865,0.007341782562434673,0.04202502593398094,0.026401173323392868,0.02078663930296898,0.0,0.005250562913715839,0.31537947058677673,0.0070924353785812855,0.03424731269478798,0.0,0.1429758369922638,0.012113182805478573,0.00930629950016737,0.008277736604213715,0.0,0.02405347116291523,0.03739532455801964,0.022559434175491333,0.0099312923848629,0.06707616150379181,0.04109703376889229,0.007453412748873234,0.022413812577724457,0.0,0.08685274422168732,0.0,0.0,0.023801812902092934,0.04509779065847397,-0.4217495918273926,-0.45033374428749084,-0.391216903924942,-0.05298969894647598
zebrafish,TDR67,72.0,macrophage,20,0.5976470708847046,0.2417507916688919,0.08346352726221085,0.024390123784542084,0.07198168337345123,0.02283550798892975,0.36205682158470154,0.08375181257724762,0.0,0.2531455159187317,0.024822544306516647,0.0,0.7407053709030151,0.1664116084575653,0.4452364444732666,0.08586851507425308,0.07066579163074493,0.14273974299430847,0.05818643048405647,0.16321265697479248,0.0,0.13242432475090027,0.1014806479215622,0.1322653740644455,0.0,0.025665899738669395,0.0,0.19686855375766754,0.47410646080970764,0.0,0.0,0.8585928678512573,0.05399385839700699,0.042425937950611115,0.14499732851982117,0.20228369534015656,0.06780338287353516,0.0,0.0,0.41192251443862915,0.05033606290817261,0.09356043487787247,0.05993019416928291,0.0255840215831995,0.15587261319160461,0.06797641515731812,0.026887472718954086,0.0384531244635582,0.05993019416928291,0.12176690995693207,0.02283550798892975,0.0,0.1615503877401352,0.12579813599586487,0.11040236055850983,0.28840312361717224,0.09130676090717316,0.02283550798892975,0.0484195277094841,0.0,0.025429779663681984,1.0454494953155518,0.02283550798892975,0.10057409852743149,0.03562752157449722,0.0484195277094841,0.05033606290817261,0.3807216286659241,0.10657420009374619,0.259885311126709,0.15145590901374817,0.0255840215831995,0.0,0.08099018037319183,0.10734069347381592,0.16697141528129578,0.05993019416928291,0.051643967628479004,0.21536245942115784,0.12341612577438354,0.0,0.0998544842004776,0.11163894832134247,0.0,0.15047809481620789,0.049974143505096436,0.02283550798892975,0.024390123784542084,0.05127759650349617,0.05500182509422302,0.0255840215831995,0.0,0.222126767039299,0.0255840215831995,0.0793919488787651,0.0255840215831995,0.051252614706754684,0.042425937950611115,0.0255840215831995,0.09969712793827057,0.06504182517528534,0.1062794178724289,0.12952551245689392,0.1644141972064972,0.1967497169971466,0.1994745433330536,0.36978548765182495,0.09370353817939758,0.192082479596138,0.0255840215831995,0.4195326864719391,0.1884404718875885,0.06809453666210175,0.09335637092590332,0.08197708427906036,0.024032697081565857,0.1471461057662964,0.02283550798892975,0.06809453666210175,0.13490040600299835,0.18476465344429016,0.051252614706754684,0.050406564027071,0.1601446568965912,0.1538795530796051,0.23159337043762207,0.0255840215831995,0.14318111538887024,0.07783733308315277,-0.2434435784816742,-0.23330625891685486,-0.2542722821235657,0.19779521226882935
zebrafish,TDR67,72.0,stem_progenitor,30,0.7677071690559387,0.14887560904026031,0.16313780844211578,0.025277340784668922,0.08385224640369415,0.03896529600024223,0.22789116203784943,0.05058634281158447,0.03778015077114105,0.022226039320230484,0.02086360566318035,0.1427958458662033,0.02193630300462246,0.02307090349495411,0.21160846948623657,0.1525542140007019,0.09718144685029984,0.11523382365703583,0.025603076443076134,0.052034713327884674,0.014231458306312561,0.12163642793893814,0.13221390545368195,0.12530381977558136,0.0944727435708046,0.03616775944828987,0.0,0.1426900178194046,0.1056598350405693,0.0,0.023310117423534393,0.1685938984155655,0.06931696832180023,0.1607261598110199,0.14416934549808502,0.5431700348854065,0.0,0.0,0.0,0.48699936270713806,0.0,0.0,0.0,0.0,0.06174358353018761,0.02750249020755291,0.0,0.02321545220911503,0.0,0.0,0.013866744004189968,0.0,0.05447622016072273,0.019376125186681747,0.04081040248274803,0.26942893862724304,0.0,0.0,0.0,0.0,0.0,1.134969711303711,0.03948662802577019,0.0,0.0,0.0,0.0,0.26949089765548706,0.0,0.09791361540555954,0.014845775440335274,0.0,0.0,0.0,0.10247471183538437,0.10633022338151932,0.03130589425563812,0.12105274200439453,0.02086360566318035,0.0,0.0,0.025277340784668922,0.013866744004189968,0.0,0.11817563325166702,0.0,0.013866744004189968,0.0495639406144619,0.049466006457805634,0.03130589425563812,0.02363038808107376,0.0,0.0,0.0,0.0683385506272316,0.0,0.04118993133306503,0.0,0.013866744004189968,0.33361008763313293,0.013866744004189968,0.13750550150871277,0.09706582874059677,0.1482052356004715,0.1532917618751526,0.12973827123641968,0.4338550865650177,0.031426288187503815,0.0873495414853096,0.0,0.1380816549062729,0.02234199270606041,0.013866744004189968,0.025277340784668922,0.11243195831775665,0.04597238078713417,0.05569467321038246,0.020543627440929413,0.10437461733818054,0.07759527117013931,0.055988114327192307,0.03130589425563812,0.09308560937643051,0.0,0.11354752629995346,0.08737596124410629,0.0602455772459507,0.09836103767156601,0.0,-0.3648702800273895,-0.34131813049316406,-0.3900284767150879,0.04256243631243706
zebrafish,TDR68,72.0,erythroid,68,0.29029443860054016,0.09546500444412231,0.15703263878822327,0.0,0.016126124188303947,0.008739640936255455,0.14905989170074463,0.0767759382724762,0.0,0.015110129490494728,0.0,0.0,0.013604117557406425,0.013783924281597137,0.04664882272481918,0.07162734866142273,0.025053780525922775,0.016556015238165855,0.015748998150229454,0.13164487481117249,0.0,0.5749075412750244,0.5701510310173035,0.0830097422003746,0.23071511089801788,0.0,0.0,0.013938240706920624,0.0,0.06969530135393143,0.0,0.07813175767660141,0.0,0.07878716289997101,0.006802058778703213,0.11151878535747528,0.0,0.0,0.0,0.5854005813598633,0.0,0.0158283319324255,0.0,0.0,0.0911603644490242,0.009308701381087303,0.0,0.017001166939735413,0.008404653519392014,0.0,0.0,0.0,0.12047386169433594,0.009035780094563961,0.0,0.10409453511238098,0.0,0.0,0.0,0.0,0.008441340178251266,0.48670274019241333,0.008813554421067238,0.0,0.003427310148254037,0.0,0.018447665497660637,0.26307225227355957,0.018307669088244438,0.033712878823280334,0.029930654913187027,0.0,0.009873248636722565,0.01847425103187561,0.03974998742341995,0.02873106487095356,0.20654073357582092,0.051088061183691025,0.0,0.0071785664185881615,0.0,0.0,0.06419558823108673,0.0,0.054548922926187515,0.0,0.0,0.0,0.006794328335672617,0.0,0.0,0.0,0.0,0.0,0.0,0.0083405040204525,0.0,0.007018923759460449,0.0,0.009392938576638699,0.014591475948691368,0.028888575732707977,0.03277324140071869,0.03155890852212906,0.0,0.0,0.3887002170085907,0.0,0.051653776317834854,0.0,0.14214424788951874,0.009251800365746021,0.007731021381914616,0.006868965458124876,0.0,0.0,0.023386681452393532,0.0,0.008562110364437103,0.00943847093731165,0.0,0.0,0.03248050808906555,0.0,0.06351537257432938,0.0,0.011327586136758327,0.017797593027353287,0.008483386598527431,-0.4421406090259552,-0.46820738911628723,-0.41429680585861206,-0.08203954994678497
zebrafish,TDR68,72.0,macrophage,11,0.6460948586463928,0.3145332634449005,0.07317285984754562,0.07186789065599442,0.2157248854637146,0.16799549758434296,0.3933207392692566,0.04064306989312172,0.0,0.1539681851863861,0.04064306989312172,0.0,0.6864166855812073,0.18077559769153595,0.21055172383785248,0.08888119459152222,0.15855325758457184,0.11587917059659958,0.04175065457820892,0.043653037399053574,0.0,0.35607174038887024,0.213099867105484,0.18174323439598083,0.18166761100292206,0.08808639645576477,0.0,0.21547316014766693,0.4858817756175995,0.0,0.05153246223926544,0.8060289025306702,0.12600597739219666,0.09351084381341934,0.20340962707996368,0.23685933649539948,0.0266033336520195,0.0,0.0,0.32028838992118835,0.0,0.05153246223926544,0.0,0.0,0.04030417650938034,0.04204876348376274,0.0,0.0,0.0,0.0,0.0,0.0,0.08553233742713928,0.07529276609420776,0.0,0.2622338533401489,0.0,0.0,0.0,0.0,0.05153246223926544,0.8582236766815186,0.0,0.0,0.0,0.0,0.0,0.4056359529495239,0.04204876348376274,0.0,0.0,0.05153246223926544,0.04064306989312172,0.0,0.1616697609424591,0.07186789065599442,0.0,0.09760446101427078,0.0,0.0,0.0,0.0,0.05153246223926544,0.0,0.16214968264102936,0.05153246223926544,0.05153246223926544,0.05153246223926544,0.09183663874864578,0.0,0.05153246223926544,0.0,0.09217552840709686,0.0,0.04285823553800583,0.05153246223926544,0.09676062315702438,0.05153246223926544,0.09439069777727127,0.0,0.05153246223926544,0.08421944826841354,0.05153246223926544,0.25765612721443176,0.10821150988340378,0.09439069777727127,0.5163251757621765,0.08421944826841354,0.12707768380641937,0.05153246223926544,0.12717567384243011,0.08421944826841354,0.0,0.0,0.12486252188682556,0.0,0.18858633935451508,0.0,0.04285823553800583,0.04030417650938034,0.05153246223926544,0.0,0.0865112692117691,0.0,0.04285823553800583,0.30257031321525574,0.10473912209272385,0.33096250891685486,0.0,-0.33056381344795227,-0.27863067388534546,-0.3860380947589874,0.28327786922454834
zebrafish,TDR69,72.0,erythroid,65,0.38546037673950195,0.08335236459970474,0.11657914519309998,0.02938208356499672,0.042893748730421066,0.02272189036011696,0.16772156953811646,0.04759252071380615,0.0,0.0291325394064188,0.0,0.0,0.05605650693178177,0.0195354912430048,0.08313042670488358,0.04258008301258087,0.05749863386154175,0.04241665452718735,0.013750765472650528,0.15223775804042816,0.01274129468947649,0.6612786650657654,0.5091176629066467,0.1366599202156067,0.17541983723640442,0.013186040334403515,0.0,0.04412136599421501,0.010805741883814335,0.15418893098831177,0.02187487855553627,0.25092023611068726,0.0,0.07241889834403992,0.004672218579798937,0.047772735357284546,0.024183174595236778,0.0,0.020368430763483047,0.6029332280158997,0.0,0.043621230870485306,0.015478418208658695,0.0,0.11910170316696167,0.0,0.0,0.01194027904421091,0.024458302184939384,0.010273810476064682,0.009201585315167904,0.0,0.09928066283464432,0.0,0.013018962927162647,0.16942131519317627,0.009922868572175503,0.0,0.015197884291410446,0.0,0.0,0.8063710331916809,0.0,0.0,0.015203023329377174,0.03221588954329491,0.009201585315167904,0.3610903322696686,0.009311201982200146,0.05631214752793312,0.0,0.0,0.0,0.024509085342288017,0.08781279623508453,0.06226196140050888,0.14607736468315125,0.03422316163778305,0.033165380358695984,0.01072649098932743,0.0,0.01072649098932743,0.10474032163619995,0.0,0.060334332287311554,0.006332695949822664,0.009201585315167904,0.019078629091382027,0.06737713515758514,0.02000732719898224,0.03513675555586815,0.009201585315167904,0.02234930917620659,0.009201585315167904,0.07302022725343704,0.02525971084833145,0.033716049045324326,0.018061799928545952,0.05433116480708122,0.05243556946516037,0.019078629091382027,0.10632021725177765,0.052300240844488144,0.05737388879060745,0.10874539613723755,0.06140894442796707,0.3358164429664612,0.04524020105600357,0.04880908131599426,0.0,0.17444613575935364,0.023213522508740425,0.02234930917620659,0.04258652776479721,0.00997348502278328,0.03355878219008446,0.07414835691452026,0.0,0.026528403162956238,0.06498120725154877,0.08349360525608063,0.0,0.04766291007399559,0.009201585315167904,0.08516030758619308,0.06138282269239426,0.019078629091382027,0.09212037175893784,0.02642771601676941,-0.3895355463027954,-0.3894021213054657,-0.38967829942703247,-0.035798437893390656
zebrafish,TDR69,72.0,macrophage,25,0.7250995635986328,0.15754488110542297,0.07267805933952332,0.03915755823254585,0.07979796081781387,0.0182633139193058,0.21513457596302032,0.07595694810152054,0.0,0.17139224708080292,0.03847328573465347,0.0,0.6919941902160645,0.02757209725677967,0.3476724922657013,0.12424114346504211,0.18253998458385468,0.14006000757217407,0.10230188071727753,0.04434853419661522,0.0,0.07563170790672302,0.10164270550012589,0.04082509130239487,0.19686469435691833,0.019076626747846603,0.0,0.08667881041765213,0.46188071370124817,0.0,0.0182633139193058,0.9583702087402344,0.06480497866868973,0.13466700911521912,0.23209580779075623,0.24147920310497284,0.00833094585686922,0.060826536267995834,0.05088068172335625,0.2117071896791458,0.03671896085143089,0.07834163308143616,0.07961729168891907,0.0,0.14716790616512299,0.0,0.0,0.01670141890645027,0.08162332326173782,0.12539143860340118,0.018392352387309074,0.022432737052440643,0.08139699697494507,0.10389941185712814,0.0,0.3335238993167877,0.0789627656340599,0.0930524617433548,0.06863280385732651,0.0,0.12538458406925201,0.9976003766059875,0.09580087661743164,0.07584812492132187,0.03506090119481087,0.06733709573745728,0.06392530351877213,0.3553859293460846,0.0979996994137764,0.3629131615161896,0.10237621515989304,0.047223880887031555,0.0,0.07834163308143616,0.18752582371234894,0.1914920061826706,0.05088068172335625,0.10700586438179016,0.19794145226478577,0.09993089735507965,0.06733709573745728,0.07009729743003845,0.16165877878665924,0.0,0.3096133768558502,0.06656984984874725,0.053420379757881165,0.09326481074094772,0.12525244057178497,0.10668830573558807,0.022432737052440643,0.01670141890645027,0.11674389988183975,0.022432737052440643,0.132406085729599,0.0843641385436058,0.05504237115383148,0.046200066804885864,0.0,0.0,0.0,0.15848010778427124,0.1466904878616333,0.19431495666503906,0.09038635343313217,0.21292994916439056,0.43887871503829956,0.03671896085143089,0.2327178567647934,0.0,0.5372778177261353,0.09212823957204819,0.047223880887031555,0.11607559025287628,0.03833894431591034,0.06301270425319672,0.042088624089956284,0.0,0.1265694499015808,0.07741773128509521,0.15102094411849976,0.053420379757881165,0.0934038758277893,0.09750813245773315,0.18870067596435547,0.2340654730796814,0.018392352387309074,0.1177014708518982,0.06241435557603836,-0.23885318636894226,-0.23342907428741455,-0.2446472942829132,0.15293914079666138
zebrafish,TDR69,72.0,stem_progenitor,15,0.7431570887565613,0.14268244802951813,0.14728385210037231,0.0,0.07412409782409668,0.08155878633260727,0.07572849839925766,0.11146258562803268,0.041604042053222656,0.09828149527311325,0.05152476206421852,0.0,0.21477584540843964,0.0,0.04145386442542076,0.21501699090003967,0.18203645944595337,0.12125441431999207,0.0,0.0,0.045016057789325714,0.25237780809402466,0.05837177485227585,0.06364502757787704,0.21213912963867188,0.09782946854829788,0.0,0.13074488937854767,0.0704037994146347,0.045016057789325714,0.04917959123849869,0.37655720114707947,0.12569956481456757,0.09695056080818176,0.09475050866603851,0.4828002154827118,0.013551154173910618,0.0,0.0,0.4886225759983063,0.0,0.0,0.0,0.0,0.09785225987434387,0.0,0.0,0.0,0.0,0.0,0.0,0.0,0.15528720617294312,0.0,0.07164435088634491,0.19725017249584198,0.0,0.0,0.0,0.0391857773065567,0.0,1.3210192918777466,0.0,0.0,0.0,0.0,0.0,0.13309797644615173,0.0,0.23073552548885345,0.0,0.0,0.0,0.0,0.11162009090185165,0.3041609227657318,0.0,0.08462922275066376,0.0,0.0391857773065567,0.0,0.0,0.05941147357225418,0.0,0.10360381007194519,0.0,0.028972944244742393,0.0704268142580986,0.23285719752311707,0.03215072676539421,0.0,0.0,0.0,0.0,0.14066798985004425,0.0,0.12824256718158722,0.0,0.028972944244742393,0.33612000942230225,0.0,0.21281147003173828,0.24868719279766083,0.36348000168800354,0.251192569732666,0.4549630284309387,0.2767704725265503,0.0,0.2887108027935028,0.07552707195281982,0.27153337001800537,0.06454180926084518,0.041754212230443954,0.14041218161582947,0.03858158737421036,0.08158502727746964,0.028972944244742393,0.0,0.10698362439870834,0.15136680006980896,0.1162555068731308,0.0,0.07572849839925766,0.0,0.308614045381546,0.13781872391700745,0.0,0.23004399240016937,0.03990304097533226,-0.313524454832077,-0.2541954815387726,-0.37689873576164246,0.06789881736040115
zebrafish,TDR70,72.0,erythroid,56,0.4215906262397766,0.07979428768157959,0.06367924064397812,0.019771913066506386,0.036010242998600006,0.05272703617811203,0.05440289154648781,0.06553954631090164,0.050235193222761154,0.021934140473604202,0.008954144082963467,0.017105014994740486,0.012231236323714256,0.07390154153108597,0.07279212027788162,0.15180456638336182,0.07045090943574905,0.048322297632694244,0.017048439010977745,0.009086313657462597,0.0,0.2271355539560318,0.26299813389778137,0.04931386932730675,0.10109516233205795,0.01808677613735199,0.008954144082963467,0.1971883475780487,0.03272092342376709,0.023922106251120567,0.0,0.07539684325456619,0.008954144082963467,0.03754059225320816,0.020011911168694496,0.31978508830070496,0.02014821209013462,0.0,0.05332871153950691,0.7471073865890503,0.08295117318630219,0.22598698735237122,0.27165910601615906,0.014257647097110748,0.3327306807041168,0.30629438161849976,0.0430273674428463,0.2527402341365814,0.33063074946403503,0.2918985188007355,0.10849253088235855,0.1243312731385231,0.18307815492153168,0.215382918715477,0.17817500233650208,0.3076137602329254,0.349856436252594,0.07461618632078171,0.0739799216389656,0.0,0.05656331777572632,2.0762133598327637,0.025538098067045212,0.16312704980373383,0.02436712384223938,0.053203463554382324,0.057466257363557816,0.5529645681381226,0.36330753564834595,0.5470367670059204,0.1720244139432907,0.08007925003767014,0.025332117453217506,0.2112681120634079,0.13147087395191193,0.2363465130329132,0.11306436359882355,0.15733322501182556,0.23566117882728577,0.18118906021118164,0.12258933484554291,0.4803887903690338,0.1578541100025177,0.05601678416132927,0.0798565149307251,0.04343092814087868,0.015428958460688591,0.13588693737983704,0.21802784502506256,0.10439254343509674,0.09770231693983078,0.017604587599635124,0.021885454654693604,0.017604587599635124,0.2043486386537552,0.04916363209486008,0.0993056520819664,0.11983262002468109,0.13035991787910461,0.31795087456703186,0.017917035147547722,0.349679559469223,0.1752941608428955,0.22943179309368134,0.26494070887565613,0.2047983855009079,0.286346435546875,0.04387927055358887,0.4720907509326935,0.029772622510790825,0.9170095324516296,0.1746416985988617,0.07908185571432114,0.029870769008994102,0.013603116385638714,0.05198150873184204,0.14768293499946594,0.03705922141671181,0.10438770800828934,0.27024877071380615,0.41217830777168274,0.014010216109454632,0.05401026830077171,0.08501926809549332,0.13407866656780243,0.13318069279193878,0.07432770729064941,0.12651300430297852,0.01589740626513958,-0.06710978597402573,-0.15534591674804688,0.027142377570271492,-0.1017032042145729
zebrafish,TDR70,72.0,macrophage,37,0.7094148993492126,0.21368493139743805,0.07738728076219559,0.0112589867785573,0.029854098334908485,0.037887584418058395,0.24137969315052032,0.08323623985052109,0.008649066090583801,0.1009363904595375,0.05966576933860779,0.0,1.069284200668335,0.15505830943584442,0.32127290964126587,0.05024009197950363,0.07750032097101212,0.0482996329665184,0.06562341004610062,0.07450135797262192,0.017298132181167603,0.08096858859062195,0.09671661257743835,0.05637484788894653,0.07784760743379593,0.0895487517118454,0.030581634491682053,0.16527105867862701,0.320350706577301,0.015000137500464916,0.0,0.8243650197982788,0.08017368614673615,0.05559481680393219,0.2396746128797531,0.2145627737045288,0.009677925147116184,0.0,0.03665269911289215,0.24552226066589355,0.04347066953778267,0.05740116164088249,0.014662212692201138,0.0,0.11887287348508835,0.01421448215842247,0.0,0.019565027207136154,0.0792471170425415,0.045184262096881866,0.014662212692201138,0.0,0.06968696415424347,0.0,0.0,0.18036167323589325,0.014662212692201138,0.0,0.0,0.0,0.05663735046982765,0.8973073959350586,0.04438437521457672,0.07882142066955566,0.01314839068800211,0.014662212692201138,0.0,0.32613813877105713,0.0241148192435503,0.05915331095457077,0.06294948607683182,0.035366594791412354,0.054049067199230194,0.014662212692201138,0.11967498064041138,0.03665269911289215,0.014662212692201138,0.043200280517339706,0.051659032702445984,0.1014120802283287,0.011411421932280064,0.11586561799049377,0.04499881714582443,0.0,0.22795185446739197,0.017298132181167603,0.02629678137600422,0.017464717850089073,0.0337655171751976,0.02629678137600422,0.0,0.0,0.01764778234064579,0.02753409743309021,0.020704379305243492,0.0516376756131649,0.0,0.01480712741613388,0.0,0.06150383502244949,0.0,0.0936424732208252,0.07331583648920059,0.13995423913002014,0.06897122412919998,0.04453190788626671,0.31461021304130554,0.0,0.15388914942741394,0.01182146929204464,0.22340410947799683,0.011411421932280064,0.017464717850089073,0.041579537093639374,0.023445721715688705,0.014662212692201138,0.0,0.0,0.052516162395477295,0.038857899606227875,0.07567645609378815,0.02629678137600422,0.11349546909332275,0.0241148192435503,0.1309461146593094,0.08542151749134064,0.02026955410838127,0.17894382774829865,0.0,-0.3688581585884094,-0.3766286373138428,-0.36055803298950195,0.14522579312324524
zebrafish,TDR70,72.0,stem_progenitor,22,0.7581968307495117,0.17632919549942017,0.08917877823114395,0.0,0.1036834716796875,0.09503908455371857,0.2225819230079651,0.19621214270591736,0.0,0.048207830637693405,0.09129355102777481,0.08817830681800842,0.1529301553964615,0.0,0.23751167953014374,0.07489565014839172,0.06887971609830856,0.13305191695690155,0.023917490616440773,0.0,0.0,0.15094870328903198,0.034060049802064896,0.02199232019484043,0.19581009447574615,0.04897022619843483,0.0,0.09741538017988205,0.024929501116275787,0.0,0.03277597576379776,0.2437773197889328,0.0,0.09486895054578781,0.1224372610449791,0.8313732743263245,0.0,0.0,0.0,0.531066358089447,0.0,0.0,0.0,0.0,0.10280250757932663,0.04004575312137604,0.0,0.0,0.019749920815229416,0.0,0.0,0.0,0.04004575312137604,0.030316626653075218,0.0,0.5227031707763672,0.1680913120508194,0.0,0.0,0.0,0.0,1.8446117639541626,0.0,0.0,0.0,0.028233181685209274,0.027574030682444572,0.2914609909057617,0.0,0.38297736644744873,0.0186301339417696,0.0,0.0,0.0,0.1373748928308487,0.2149525135755539,0.0,0.19958196580410004,0.056468214839696884,0.0,0.0,0.0,0.023537684231996536,0.0,0.11041946709156036,0.0,0.023537684231996536,0.0,0.22387833893299103,0.03675033152103424,0.0,0.0,0.0,0.0,0.25425484776496887,0.027574030682444572,0.09638580679893494,0.04812442138791084,0.0,0.4071539044380188,0.0,0.5251635313034058,0.3250919580459595,0.4569967985153198,0.4440377354621887,0.48064956068992615,0.3378819227218628,0.050466254353523254,0.5905187726020813,0.024586735293269157,0.5020808577537537,0.15240125358104706,0.06863801926374435,0.06859885901212692,0.07531290501356125,0.1336662769317627,0.09558233618736267,0.0,0.11236012727022171,0.08187242597341537,0.20526649057865143,0.0,0.04137404263019562,0.05744612216949463,0.2945685088634491,0.16859787702560425,0.028233181685209274,0.39475223422050476,0.0,-0.2527501881122589,-0.18106117844581604,-0.32932713627815247,0.017224447801709175
zebrafish,TDR71,240.0,erythroid,146,0.3020636737346649,0.09228170663118362,0.04883452132344246,0.012970894575119019,0.07393096387386322,0.0094450106844306,0.09372957795858383,0.07026316970586777,0.012544218450784683,0.05542835593223572,0.0037749712355434895,0.0,0.011149369180202484,0.0014834899920970201,0.015777209773659706,0.10075756162405014,0.013532085344195366,0.0061859264969825745,0.01358914002776146,0.029378924518823624,0.0,0.4560365676879883,0.608691394329071,0.05596155673265457,0.08611305058002472,0.0,0.023304332047700882,0.05670030787587166,0.0,0.004005344584584236,0.01621861942112446,0.07585301995277405,0.015513166785240173,0.0676603838801384,0.0034156690817326307,0.14254719018936157,0.0033852658234536648,0.008153285831212997,0.0028494512662291527,0.4331609904766083,0.0,0.0,0.002972604241222143,0.0,0.04360325634479523,0.004288983531296253,0.0,0.00946343969553709,0.024469153955578804,0.007546499837189913,0.005611533764749765,0.0,0.049408264458179474,0.01519051007926464,0.0063430932350456715,0.12434758245944977,0.026391219347715378,0.0,0.0,0.0,0.0,0.38237464427948,0.0,0.013423849828541279,0.0031715466175228357,0.0,0.0,0.3521307110786438,0.0063430932350456715,0.028379447758197784,0.026438560336828232,0.0,0.0028810715302824974,0.015732774510979652,0.04741271957755089,0.07225567102432251,0.20818015933036804,0.028494127094745636,0.0063430932350456715,0.01176773477345705,0.0,0.009578975848853588,0.03258654847741127,0.0,0.0633111447095871,0.005611533764749765,0.0,0.030148381367325783,0.02847718819975853,0.014701691456139088,0.0037749712355434895,0.006299275439232588,0.0063430932350456715,0.0,0.016463790088891983,0.025736331939697266,0.01515551470220089,0.005611533764749765,0.027865635231137276,0.030437352135777473,0.01221352070569992,0.09378605335950851,0.035421572625637054,0.05720711499452591,0.051928404718637466,0.05361863598227501,0.32293999195098877,0.0,0.041979286819696426,0.00604764511808753,0.1852567344903946,0.025108490139245987,0.02299576811492443,0.0458550788462162,0.006311728619039059,0.018239825963974,0.054069988429546356,0.0,0.009865287691354752,0.06961991637945175,0.026751920580863953,0.0,0.01911577768623829,0.013057186268270016,0.06484705954790115,0.012882840819656849,0.017984559759497643,0.09527987986803055,0.36102601885795593,-0.42064139246940613,-0.4144842028617859,-0.42721861600875854,-0.13480353355407715
zebrafish,TDR71,240.0,innate_lymphoid,25,0.4335647225379944,0.20057711005210876,0.0675162822008133,0.05776749923825264,0.024099374189972878,0.03181930258870125,0.15291646122932434,0.0,0.0,0.036387618631124496,0.05259241163730621,0.46509820222854614,0.19840949773788452,0.012049687094986439,0.07094340026378632,0.06284034997224808,0.07051364332437515,0.04815051704645157,0.00847058929502964,0.0,0.0,0.1986100822687149,0.15354903042316437,0.02622874453663826,0.08724087476730347,0.10688833892345428,0.0,0.11097972840070724,0.1211712583899498,0.0,0.0,0.3465862274169922,0.07595141232013702,0.0,0.19040262699127197,0.30295050144195557,0.016682183369994164,0.0,0.0,0.3656657338142395,0.0,0.0,0.023632997646927834,0.0,0.08494517207145691,0.0,0.0,0.0,0.0,0.0,0.024099374189972878,0.0,0.037544168531894684,0.0,0.01694117859005928,0.40235355496406555,0.01715957559645176,0.0,0.0,0.0,0.0,0.865875780582428,0.0,0.0,0.0,0.0,0.0,0.20486843585968018,0.0,0.028542159125208855,0.0,0.0,0.0,0.0,0.11940297484397888,0.0,0.0,0.02870567888021469,0.0,0.0,0.0,0.0,0.044392190873622894,0.0,0.16299109160900116,0.0432681068778038,0.0,0.019228043034672737,0.08377675712108612,0.0,0.0,0.019228043034672737,0.024099374189972878,0.0,0.2269836813211441,0.0,0.019228043034672737,0.023009316995739937,0.07645576447248459,0.11555534601211548,0.01785859651863575,0.19786643981933594,0.0967404767870903,0.19217340648174286,0.1469808965921402,0.11112375557422638,0.33807167410850525,0.0,0.2160656750202179,0.0,0.472464382648468,0.06654895097017288,0.019228043034672737,0.01694117859005928,0.0718102678656578,0.019228043034672737,0.0,0.0,0.06444637477397919,0.04144848883152008,0.05630303919315338,0.0,0.0686580091714859,0.019228043034672737,0.1767578125,0.10786230117082596,0.0,0.3080241084098816,0.2794758677482605,-0.3722812235355377,-0.32341647148132324,-0.42447787523269653,-0.040034737437963486
zebrafish,TDR71,240.0,macrophage,40,0.7096789479255676,0.1518397480249405,0.026773154735565186,0.09147524833679199,0.049448542296886444,0.05738217756152153,0.2797769606113434,0.09823115170001984,0.0,0.1146172285079956,0.07410848140716553,0.0,0.44588279724121094,0.17470495402812958,0.13008758425712585,0.02612713910639286,0.01154709979891777,0.06419725716114044,0.048589613288640976,0.09573803842067719,0.0,0.23367612063884735,0.052288882434368134,0.011663926765322685,0.09806623309850693,0.011663926765322685,0.0,0.1473933905363083,0.13264629244804382,0.03810020163655281,0.03261427953839302,0.49757862091064453,0.02598666027188301,0.061908114701509476,0.2833007872104645,0.23977354168891907,0.017011601477861404,0.0,0.017292508855462074,0.35881298780441284,0.0,0.1158217191696167,0.09002663940191269,0.0,0.22444896399974823,0.028839608654379845,0.0,0.04898713529109955,0.06854479014873505,0.14715750515460968,0.03460308164358139,0.031872548162937164,0.14947965741157532,0.10752679407596588,0.05354420468211174,0.3614791929721832,0.18038363754749298,0.0,0.02778557501733303,0.0,0.03109924867749214,0.9840450286865234,0.0,0.04683269187808037,0.04106492921710014,0.030412081629037857,0.023728929460048676,0.3915070593357086,0.1235901340842247,0.27227383852005005,0.16092810034751892,0.02741706743836403,0.014927743002772331,0.017292508855462074,0.1274099349975586,0.13205549120903015,0.01154709979891777,0.0582781545817852,0.1942647248506546,0.07059012353420258,0.031872548162937164,0.11612441390752792,0.09600897878408432,0.017292508855462074,0.2818444073200226,0.041434429585933685,0.011207923293113708,0.024803729727864265,0.09729647636413574,0.048278383910655975,0.03169462829828262,0.0,0.09598298370838165,0.051145993173122406,0.09729710966348648,0.014580038376152515,0.049999162554740906,0.04629700258374214,0.02613566443324089,0.10582175105810165,0.04688519984483719,0.13259220123291016,0.06143850088119507,0.19270679354667664,0.11989976465702057,0.09758909046649933,0.2918812930583954,0.1111716479063034,0.19179965555667877,0.09079800546169281,0.3801061809062958,0.21063633263111115,0.043429095298051834,0.03131907433271408,0.0,0.04265426844358444,0.0993606448173523,0.017292508855462074,0.052378855645656586,0.1273675262928009,0.19941215217113495,0.02741706743836403,0.03653731197118759,0.07367696613073349,0.16683551669120789,0.12663142383098602,0.028500432148575783,0.2829716205596924,0.4301323890686035,-0.2600114941596985,-0.24728508293628693,-0.2736058235168457,0.02552330493927002
zebrafish,TDR71,240.0,neutrophil,57,0.7501729726791382,0.1310737580060959,0.04928496107459068,0.0922863781452179,0.05404931679368019,0.025060337036848068,0.29127004742622375,0.0883999839425087,0.0067881192080676556,0.09360957890748978,0.014007512480020523,0.0,0.5669228434562683,0.0,0.27131810784339905,0.0941961333155632,0.08521413803100586,0.13026702404022217,0.04328068345785141,0.05105387419462204,0.0171874538064003,0.32898080348968506,0.0816049575805664,0.09802351146936417,0.11851294338703156,0.011532049626111984,0.0,0.22104454040527344,0.07760954648256302,0.0,0.053940337151288986,0.42067664861679077,0.0,0.10553522408008575,0.8745883703231812,0.21336735785007477,0.0,0.0,0.0450427420437336,0.33525294065475464,0.0,0.0,0.012659908272325993,0.0,0.07557909190654755,0.0,0.0,0.0,0.0,0.0,0.0,0.03197258338332176,0.08381232619285583,0.03170117363333702,0.0,0.3397619128227234,0.0,0.0,0.0,0.0,0.03453168645501137,0.8953002691268921,0.0,0.01746378093957901,0.006115094292908907,0.0,0.0,0.5746262073516846,0.0,0.0,0.0,0.0,0.0,0.0,0.05385979264974594,0.017447907477617264,0.0,0.06728975474834442,0.0,0.0,0.0,0.0,0.08093056082725525,0.0,0.18749524652957916,0.00821996945887804,0.012479481287300587,0.0,0.01379518024623394,0.0,0.0,0.0,0.0,0.06902168691158295,0.013743998482823372,0.0,0.014774564653635025,0.00821996945887804,0.0,0.011532049626111984,0.0,0.037151992321014404,0.03098263405263424,0.18811629712581635,0.0212281234562397,0.04111691564321518,0.3171452283859253,0.0,0.12043088674545288,0.00821996945887804,0.5153467059135437,0.05118166655302048,0.011554094031453133,0.04071008041501045,0.04691380634903908,0.009227937087416649,0.0,0.0,0.03733138367533684,0.12415465712547302,0.055469438433647156,0.0,0.0378841757774353,0.01379518024623394,0.12287842482328415,0.05804403871297836,0.009222973138093948,0.13869525492191315,0.12850549817085266,-0.3961437940597534,-0.389456182718277,-0.4032875597476959,0.09539318084716797
zebrafish,TDR71,240.0,stem_progenitor,108,0.7898087501525879,0.15443184971809387,0.07587293535470963,0.054851654917001724,0.044442638754844666,0.07190067321062088,0.19825056195259094,0.027476690709590912,0.003434870857745409,0.034890491515398026,0.10125508159399033,0.46924012899398804,0.11494145542383194,0.0,0.11005676537752151,0.09455355256795883,0.10658976435661316,0.015810994431376457,0.014282379299402237,0.030184028670191765,0.009967141784727573,0.1717597395181656,0.04092288762331009,0.06152364984154701,0.052494797855615616,0.03107365034520626,0.0055482471361756325,0.1746484488248825,0.0770903155207634,0.0,0.033759165555238724,0.17042773962020874,0.020388200879096985,0.05834322050213814,0.08191727101802826,0.4158782958984375,0.011775042861700058,0.0,0.0,0.4630744457244873,0.0,0.0,0.0,0.006480223964899778,0.1055285856127739,0.0057767718099057674,0.0,0.0,0.0,0.033937450498342514,0.004255497828125954,0.02006649225950241,0.06143072620034218,0.0,0.015415743924677372,0.3235819339752197,0.025871755555272102,0.009062506258487701,0.005327175837010145,0.0,0.0,0.9761849641799927,0.019330274313688278,0.0,0.0037782578729093075,0.0,0.0,0.32930105924606323,0.0,0.04364468902349472,0.0,0.0,0.0,0.009062506258487701,0.09408588707447052,0.086099773645401,0.005870253778994083,0.09270495176315308,0.009409457445144653,0.017717907205224037,0.0,0.01231853011995554,0.06251715868711472,0.008496515452861786,0.20819883048534393,0.0,0.008698595687747002,0.024044219404459,0.1355549693107605,0.04285505414009094,0.011401014402508736,0.028886016458272934,0.0037561594508588314,0.0,0.16705037653446198,0.04347467049956322,0.04969675838947296,0.027568498626351357,0.05425820127129555,0.256577730178833,0.009541734121739864,0.2662293612957001,0.15567392110824585,0.24795669317245483,0.23589740693569183,0.30715450644493103,0.35231325030326843,0.08817306160926819,0.21134120225906372,0.04007492959499359,0.43895065784454346,0.10311165452003479,0.04595739766955376,0.07466917484998703,0.06443199515342712,0.019916674122214317,0.03073170967400074,0.013558394275605679,0.07802382856607437,0.057566192001104355,0.06327537447214127,0.0,0.039325326681137085,0.059402670711278915,0.314544677734375,0.14799942076206207,0.0270526260137558,0.21811838448047638,0.38984712958335876,-0.3207765817642212,-0.24936382472515106,-0.3970586359500885,-0.014391005970537663
zebrafish,TDR72,240.0,erythroid,92,0.3750994801521301,0.08152193576097488,0.041039060801267624,0.020216790959239006,0.03146226331591606,0.0,0.1335120052099228,0.03572216257452965,0.027100881561636925,0.08041777461767197,0.0,0.00849220622330904,0.03346448391675949,0.0,0.024494921788573265,0.08894422650337219,0.008224623277783394,0.055830057710409164,0.018454786390066147,0.02735046111047268,0.007008850574493408,0.35546836256980896,0.4829237163066864,0.06939522176980972,0.12840187549591064,0.03425883874297142,0.01707325503230095,0.10178536176681519,0.005668201018124819,0.0323202982544899,0.004999793600291014,0.1634560525417328,0.0,0.08219147473573685,0.0276903435587883,0.07138319313526154,0.017755188047885895,0.01690462790429592,0.02322450466454029,0.38883286714553833,0.0,0.011451436206698418,0.00962818879634142,0.0,0.08797875791788101,0.0,0.0349421501159668,0.017718831077218056,0.011451436206698418,0.0,0.022396767511963844,0.0,0.07073412090539932,0.01847763918340206,0.011451436206698418,0.15518656373023987,0.011451436206698418,0.009403640404343605,0.01690318062901497,0.0,0.011451436206698418,0.4484166204929352,0.0,0.009115957655012608,0.0,0.0,0.011451436206698418,0.30515092611312866,0.02056739293038845,0.037668902426958084,0.03829827532172203,0.0,0.0,0.05663221701979637,0.04207484796643257,0.032863467931747437,0.1496831178665161,0.042661041021347046,0.044509951025247574,0.026019137352705002,0.005648617632687092,0.02380475215613842,0.0,0.0,0.05747101083397865,0.0,0.0,0.0,0.00505518214777112,0.005486876238137484,0.005486876238137484,0.0,0.0,0.0,0.01798233948647976,0.0,0.018038971349596977,0.0,0.028212588280439377,0.01340260449796915,0.0,0.05695998668670654,0.00849220622330904,0.03966030851006508,0.03618345782160759,0.04690999165177345,0.3189878761768341,0.0,0.056216951459646225,0.02103276178240776,0.23179282248020172,0.028142768889665604,0.0,0.026565246284008026,0.02119111269712448,0.03278465196490288,0.02489827759563923,0.0,0.03396753594279289,0.03653137758374214,0.025551319122314453,0.0,0.011473961174488068,0.007345241494476795,0.06687008589506149,0.005486876238137484,0.0,0.055720873177051544,0.37227749824523926,-0.42377758026123047,-0.4360925555229187,-0.4106232225894928,-0.11908288300037384
zebrafish,TDR72,240.0,innate_lymphoid,9,1.0098052024841309,0.1463117003440857,0.08843496441841125,0.048929937183856964,0.0,0.0,0.22372420132160187,0.04652489349246025,0.0,0.0493808351457119,0.16741350293159485,0.45327228307724,0.32330429553985596,0.0,0.0620880052447319,0.11249396204948425,0.1487003117799759,0.09724579006433487,0.0,0.0,0.0,0.15607625246047974,0.03388174995779991,0.0,0.15951237082481384,0.1946701556444168,0.04701840132474899,0.14765174686908722,0.09724579006433487,0.0,0.048929937183856964,0.12985150516033173,0.20826373994350433,0.11249396204948425,0.1705157458782196,0.34805238246917725,0.0,0.0,0.0,0.19597196578979492,0.0,0.048929937183856964,0.0,0.0,0.1650092899799347,0.0,0.0,0.0,0.0,0.0,0.0,0.0,0.0,0.0,0.09594833850860596,0.3466005027294159,0.0,0.0,0.0,0.0,0.0,0.8771669268608093,0.0,0.0,0.0,0.0,0.0,0.1487167477607727,0.0,0.0,0.0,0.0,0.0,0.0,0.25213566422462463,0.09742436558008194,0.0,0.048622895032167435,0.0493808351457119,0.0,0.0,0.0,0.0,0.0,0.3151172399520874,0.0,0.0,0.0,0.0,0.0,0.0,0.0,0.0493808351457119,0.0,0.13203181326389313,0.0,0.0,0.0,0.04701840132474899,0.04701840132474899,0.0,0.0,0.04652489349246025,0.1463543027639389,0.0,0.18877393007278442,0.5986023545265198,0.0,0.155714750289917,0.0,0.263041615486145,0.04701840132474899,0.0,0.0,0.048929937183856964,0.0,0.0,0.0,0.0,0.0,0.048929937183856964,0.0,0.09594833850860596,0.0,0.25873497128486633,0.048929937183856964,0.048929937183856964,0.20741717517375946,0.24808423221111298,-0.3867616653442383,-0.3670901954174042,-0.40777450799942017,0.0914471223950386
zebrafish,TDR72,240.0,macrophage,8,0.8830675482749939,0.05737943947315216,0.06176185980439186,0.1249169260263443,0.06627350300550461,0.0,0.18005850911140442,0.2349194586277008,0.0,0.0,0.06353483349084854,0.0,0.8901325464248657,0.17733502388000488,0.0,0.054030898958444595,0.0,0.0,0.13715557754039764,0.0,0.0,0.3884863555431366,0.17015181481838226,0.0,0.11756573617458344,0.07088603079319,0.0,0.3044891953468323,0.40001827478408813,0.0,0.0,0.6322827339172363,0.0,0.16673506796360016,0.44438648223876953,0.23340779542922974,0.0,0.0,0.0,0.42441192269325256,0.0,0.06614428013563156,0.0,0.0,0.0,0.0,0.0,0.0,0.0,0.0,0.1411219984292984,0.0,0.10917248576879501,0.0,0.0,0.381182461977005,0.0,0.0,0.0,0.06614428013563156,0.051209453493356705,0.7358084917068481,0.0,0.06614428013563156,0.0,0.0,0.06614428013563156,0.42155152559280396,0.0,0.20572064816951752,0.06614428013563156,0.06614428013563156,0.0,0.0,0.08327595889568329,0.22149713337421417,0.06614428013563156,0.11949041485786438,0.10917248576879501,0.0,0.0,0.0,0.16655191779136658,0.06614428013563156,0.17901694774627686,0.0,0.0,0.0,0.054030898958444595,0.06614428013563156,0.0,0.0,0.11735373735427856,0.0,0.1411219984292984,0.0,0.0,0.0,0.0,0.05737943947315216,0.0,0.05737943947315216,0.05737943947315216,0.1448114812374115,0.12826547026634216,0.09655795991420746,0.575184166431427,0.0,0.1411219984292984,0.06614428013563156,0.8536820411682129,0.1411219984292984,0.13241778314113617,0.06614428013563156,0.0,0.0,0.06614428013563156,0.0,0.0,0.10917248576879501,0.05737943947315216,0.0,0.06614428013563156,0.06614428013563156,0.11735373735427856,0.16654522716999054,0.06614428013563156,0.383126825094223,0.09655795991420746,-0.31124797463417053,-0.29182907938957214,-0.3319910764694214,0.14309579133987427
zebrafish,TDR72,240.0,neutrophil,7,0.9596635103225708,0.11079267412424088,0.055586691945791245,0.17292840778827667,0.0,0.11079267412424088,0.23836341500282288,0.18183264136314392,0.0,0.11117338389158249,0.0,0.0,0.8961133360862732,0.0,0.06446854025125504,0.09589151293039322,0.0,0.0859411284327507,0.0,0.0,0.0,0.3527444303035736,0.10334209352731705,0.2008538544178009,0.06446854025125504,0.0859411284327507,0.0,0.0,0.2064548283815384,0.0,0.0,0.0,0.18183264136314392,0.11117338389158249,0.9425176978111267,0.091542087495327,0.0,0.0,0.0,0.47115468978881836,0.0,0.0,0.0,0.0,0.0,0.0,0.0,0.0,0.0,0.0,0.0,0.0,0.47357943654060364,0.0,0.0,0.11079267412424088,0.0,0.0,0.0,0.0,0.0,1.0437601804733276,0.0,0.0,0.055586691945791245,0.0,0.0,0.3845481276512146,0.0,0.0,0.0,0.0,0.0,0.0,0.055586691945791245,0.0,0.0,0.06446854025125504,0.0,0.0,0.0,0.0,0.0,0.0,0.0,0.06446854025125504,0.0,0.0,0.0,0.0,0.0,0.0,0.0,0.0,0.0,0.0,0.0,0.0,0.0,0.0,0.0,0.0,0.0859411284327507,0.06446854025125504,0.0,0.0,0.29784488677978516,0.0,0.091542087495327,0.0,0.5404583811759949,0.0,0.0,0.0859411284327507,0.11117338389158249,0.0,0.0,0.0,0.0,0.0,0.0,0.0,0.0859411284327507,0.0,0.0,0.1149127259850502,0.0,0.17292840778827667,0.091542087495327,-0.41411924362182617,-0.4254550337791443,-0.4020107388496399,0.1082751527428627
zebrafish,TDR72,240.0,stem_progenitor,19,1.0824898481369019,0.10137709230184555,0.09762924909591675,0.0,0.0807456225156784,0.0,0.3092826306819916,0.0,0.0,0.10909593850374222,0.0489099957048893,0.4120398759841919,0.06526414304971695,0.0,0.2855747640132904,0.03443429246544838,0.02722965180873871,0.05914609134197235,0.061148036271333694,0.05499850958585739,0.026595458388328552,0.16808198392391205,0.026919038966298103,0.02722965180873871,0.08551805466413498,0.0,0.0,0.05490261688828468,0.045085497200489044,0.0,0.0,0.09495851397514343,0.05499850958585739,0.0964522436261177,0.02507142536342144,0.4275801181793213,0.0,0.0,0.0,0.351223349571228,0.0,0.0,0.0,0.0,0.16372747719287872,0.0,0.0,0.0,0.0,0.0,0.0,0.0,0.06891882419586182,0.0,0.0,0.4597817361354828,0.0,0.0,0.0,0.0,0.0,1.0156676769256592,0.0,0.0,0.0,0.0,0.0,0.18677006661891937,0.0,0.14020757377147675,0.0,0.0,0.0,0.0,0.09911828488111496,0.024711795151233673,0.0,0.06318598985671997,0.0,0.045085497200489044,0.0,0.0,0.05194144323468208,0.0407651849091053,0.1548752337694168,0.0,0.0,0.0,0.07233362644910812,0.0,0.0,0.0,0.0,0.0,0.0,0.0,0.0,0.0,0.0,0.2016894668340683,0.0,0.20677827298641205,0.24840357899665833,0.1126486286520958,0.16322481632232666,0.31667423248291016,0.3680584728717804,0.0,0.10410910099744797,0.10566797852516174,0.248014897108078,0.055687058717012405,0.054998140782117844,0.08291671425104141,0.0850340723991394,0.04583306983113289,0.0,0.0,0.02722965180873871,0.08465495705604553,0.057337310165166855,0.0,0.12305500358343124,0.0,0.1505214422941208,0.055687058717012405,0.0,0.36477193236351013,0.3260223865509033,-0.36093100905418396,-0.31387653946876526,-0.41119393706321716,-0.02772967517375946
zebrafish,TDR73,240.0,erythroid,32,0.3895849883556366,0.03415411710739136,0.06474572420120239,0.030458539724349976,0.14916524291038513,0.016688860952854156,0.13489070534706116,0.0,0.0416029691696167,0.0,0.05012562498450279,0.0,0.06075898930430412,0.02616794966161251,0.0,0.33180636167526245,0.07034821808338165,0.0,0.018733441829681396,0.04401882365345955,0.0,0.6321268081665039,0.2241915762424469,0.09502746164798737,0.04203442484140396,0.014317438006401062,0.01880195364356041,0.14677637815475464,0.0,0.0,0.0,0.22308014333248138,0.048675063997507095,0.06902919709682465,0.07208643108606339,0.22849851846694946,0.010456805117428303,0.03298763930797577,0.06191644072532654,0.3975650668144226,0.05085230618715286,0.08523980528116226,0.20244406163692474,0.02201036922633648,0.16473008692264557,0.12094251811504364,0.0,0.23737336695194244,0.08242404460906982,0.2556825876235962,0.0986226350069046,0.05085230618715286,0.2508680820465088,0.16469168663024902,0.06928195804357529,0.37424609065055847,0.1692848652601242,0.02201036922633648,0.1055646687746048,0.0,0.03479679673910141,0.9101244807243347,0.03479679673910141,0.07258213311433792,0.06788736581802368,0.03479679673910141,0.0634637326002121,0.5637046098709106,0.09571315348148346,0.3228052854537964,0.0849224179983139,0.0,0.03479679673910141,0.12218406796455383,0.2004086971282959,0.13871851563453674,0.14157629013061523,0.12336713075637817,0.09864946454763412,0.11259781569242477,0.028666937723755836,0.14695137739181519,0.04730507731437683,0.0,0.03060733899474144,0.014317438006401062,0.0,0.014317438006401062,0.03430665284395218,0.014317438006401062,0.0,0.0,0.0,0.0,0.06330923736095428,0.0,0.01488697249442339,0.047566939145326614,0.0,0.17627045512199402,0.0,0.28248852491378784,0.12135928869247437,0.1865260899066925,0.08121833205223083,0.2071608603000641,0.4776988625526428,0.014317438006401062,0.25328147411346436,0.0,0.6004977226257324,0.0,0.04586314037442207,0.03100629895925522,0.028666937723755836,0.022365158423781395,0.04645821824669838,0.05012562498450279,0.07720799744129181,0.07665559649467468,0.16595973074436188,0.0,0.0,0.05012562498450279,0.06742604076862335,0.07843305170536041,0.014317438006401062,0.22795385122299194,0.6621677875518799,-0.2524372637271881,-0.3207691013813019,-0.17944657802581787,-0.07720507681369781
zebrafish,TDR73,240.0,innate_lymphoid,10,0.48999229073524475,0.25170832872390747,0.02302923984825611,0.0803707018494606,0.0,0.0,0.11015542596578598,0.0,0.0401853509247303,0.04605847969651222,0.0,1.0954780578613281,0.2572229206562042,0.0,0.0,0.06324122846126556,0.0,0.0,0.02302923984825611,0.0,0.0,0.0803707018494606,0.0,0.0,0.0,0.0,0.0,0.13165321946144104,0.06324122846126556,0.06413049250841141,0.0,0.24183842539787292,0.06755251437425613,0.0,0.05507959797978401,0.17428967356681824,0.0,0.0,0.0,0.16889145970344543,0.0,0.0,0.0,0.0,0.17685222625732422,0.0,0.0,0.0,0.0,0.0,0.0,0.0,0.0,0.0,0.0,0.0803707018494606,0.0,0.0,0.0,0.0,0.0,0.6479186415672302,0.0,0.0,0.0,0.0,0.0,0.14999182522296906,0.0,0.0,0.0,0.0,0.0,0.0,0.1295124739408493,0.06413049250841141,0.0,0.08717267215251923,0.0,0.0,0.0,0.0,0.0,0.0,0.0,0.08852076530456543,0.0,0.0,0.0,0.0,0.0,0.0,0.0,0.0,0.22539599239826202,0.0,0.0,0.0,0.0,0.0,0.0,0.15607328712940216,0.04605847969651222,0.04605847969651222,0.04605847969651222,0.07747276872396469,0.17685222625732422,0.0,0.2043498456478119,0.04605847969651222,0.11567959934473038,0.0,0.0,0.0,0.0,0.0,0.0,0.0,0.08852076530456543,0.0,0.0,0.0,0.0803707018494606,0.0,0.3321293890476227,0.04605847969651222,0.0,0.2362576425075531,0.41724663972854614,-0.420625776052475,-0.39438873529434204,-0.4486519396305084,-0.07856520265340805
zebrafish,TDR73,240.0,macrophage,28,0.6009030938148499,0.07079943269491196,0.10163242369890213,0.1714029610157013,0.07694470882415771,0.019480127841234207,0.11352471262216568,0.1608508974313736,0.03371189907193184,0.04487956315279007,0.11878973245620728,0.0,0.45852822065353394,0.08778425306081772,0.30426129698753357,0.13226155936717987,0.0,0.11264460533857346,0.10828913003206253,0.09851933270692825,0.014833437278866768,0.13381735980510712,0.07594035565853119,0.0676102265715599,0.05557448789477348,0.03123427741229534,0.0,0.16820864379405975,0.06985053420066833,0.0,0.0,0.7934712171554565,0.08452711999416351,0.01761525496840477,0.262363076210022,0.2845919728279114,0.06569569557905197,0.0,0.0,0.17891237139701843,0.0,0.0,0.014955065213143826,0.0,0.10548567771911621,0.0,0.0,0.0,0.0,0.0,0.014955065213143826,0.0,0.0,0.04017827659845352,0.0,0.12273166328668594,0.0,0.0,0.0,0.0,0.0,0.8064574599266052,0.0,0.0,0.0,0.0,0.0,0.18478557467460632,0.03772636130452156,0.05304550379514694,0.0,0.0,0.0,0.0,0.03811432793736458,0.054644469171762466,0.0,0.031669434159994125,0.0,0.0703219324350357,0.014955065213143826,0.0,0.03700396046042442,0.014955065213143826,0.16759419441223145,0.022048896178603172,0.025464167818427086,0.0,0.014955065213143826,0.080108642578125,0.06015145033597946,0.022048896178603172,0.0,0.0,0.06430413573980331,0.10579298436641693,0.014955065213143826,0.023684190586209297,0.0,0.04017827659845352,0.04751306772232056,0.11047352850437164,0.08554824441671371,0.2044645994901657,0.09148310124874115,0.1140780970454216,0.25736677646636963,0.022048896178603172,0.09691445529460907,0.04573308676481247,0.3805698752403259,0.014955065213143826,0.04017827659845352,0.04751306772232056,0.020376602187752724,0.025464167818427086,0.05673617497086525,0.014955065213143826,0.032595571130514145,0.04964234307408333,0.08523942530155182,0.0,0.06252007186412811,0.09946044534444809,0.11870704591274261,0.07421935349702835,0.08635302633047104,0.12196464836597443,0.12332190573215485,-0.3889559209346771,-0.335005521774292,-0.44658488035202026,0.11073000729084015
zebrafish,TDR73,240.0,neutrophil,48,0.6259540915489197,0.19748978316783905,0.029961006715893745,0.05160039663314819,0.07262498885393143,0.04606645181775093,0.2677816152572632,0.09423957020044327,0.006473425775766373,0.06829717010259628,0.029383966699242592,0.0,0.42799416184425354,0.0,0.2504136264324188,0.09226015955209732,0.045496970415115356,0.19303609430789948,0.035786617547273636,0.06229470297694206,0.0,0.3889122009277344,0.021182164549827576,0.0957837775349617,0.10363050550222397,0.0,0.0,0.09089209884405136,0.015538997948169708,0.0,0.0,0.3078095614910126,0.07809974998235703,0.17919595539569855,0.6955101490020752,0.1313474029302597,0.0,0.0,0.14622515439987183,0.42158445715904236,0.11680817604064941,0.07610420137643814,0.0719999372959137,0.0,0.12675093114376068,0.07083152234554291,0.0,0.07783778756856918,0.146025612950325,0.1891910284757614,0.02931673265993595,0.014849129132926464,0.11937441676855087,0.14151735603809357,0.12346529960632324,0.28293660283088684,0.09270278364419937,0.0,0.0,0.0,0.05619777366518974,1.1724958419799805,0.04438614472746849,0.15499550104141235,0.015481524169445038,0.0979398712515831,0.0881926640868187,0.47383666038513184,0.13189351558685303,0.19759231805801392,0.046144310384988785,0.0,0.02812347374856472,0.1053362488746643,0.1182839572429657,0.04297260567545891,0.0,0.12088199704885483,0.1406988650560379,0.1332339346408844,0.04565093293786049,0.16477157175540924,0.03501133620738983,0.0,0.16736489534378052,0.017977319657802582,0.0,0.010870429687201977,0.030484816059470177,0.010870429687201977,0.0,0.0,0.0,0.06564561277627945,0.03568972274661064,0.0,0.0,0.0,0.0,0.010870429687201977,0.010870429687201977,0.03187820315361023,0.02748151682317257,0.15661577880382538,0.0387435108423233,0.04807600378990173,0.3382668197154999,0.0,0.14371228218078613,0.010870429687201977,0.3024314343929291,0.02604360319674015,0.009143673814833164,0.0,0.02312089502811432,0.023266760632395744,0.0,0.0,0.06004917249083519,0.069988913834095,0.06346119940280914,0.0,0.026296203956007957,0.0,0.17709743976593018,0.06129381060600281,0.010870429687201977,0.08585762977600098,0.12269047647714615,-0.32114091515541077,-0.4036351144313812,-0.2330222874879837,0.03559840843081474
zebrafish,TDR73,240.0,stem_progenitor,45,0.6147184371948242,0.1599830538034439,0.09298056364059448,0.09115742892026901,0.011155501939356327,0.01300685666501522,0.23913834989070892,0.10621897131204605,0.0,0.06695783138275146,0.029625479131937027,0.2577477693557739,0.046664439141750336,0.0,0.07773927599191666,0.10280431807041168,0.01660996489226818,0.03051755391061306,0.00826037023216486,0.025961801409721375,0.0,0.2301514893770218,0.03608965128660202,0.09052257239818573,0.11305602639913559,0.01300685666501522,0.0,0.18035413324832916,0.0,0.014422604814171791,0.01890023797750473,0.21901065111160278,0.04708192124962807,0.08099694550037384,0.08489999175071716,0.30801644921302795,0.007009848020970821,0.0,0.0,0.3532658815383911,0.020379366353154182,0.026837680488824844,0.0,0.0,0.08360084146261215,0.0,0.0,0.0,0.020379366353154182,0.0,0.0,0.0,0.04463214427232742,0.010201741941273212,0.0,0.3104480504989624,0.0,0.0,0.0,0.0,0.0,0.7880717515945435,0.0,0.0,0.0,0.0,0.0,0.2876521348953247,0.0,0.06882140785455704,0.0,0.0,0.0,0.0,0.08078918606042862,0.14875760674476624,0.0,0.029604841023683548,0.0,0.0,0.026837680488824844,0.0,0.0,0.0,0.10149330645799637,0.027667755261063576,0.01087197195738554,0.05766591057181358,0.03082822635769844,0.0,0.026837680488824844,0.0,0.0,0.0,0.012325024232268333,0.0,0.0,0.0,0.0,0.11342507600784302,0.00938111636787653,0.07479537278413773,0.020379366353154182,0.04795769229531288,0.09703794866800308,0.10287553817033768,0.2437349259853363,0.0,0.09876246750354767,0.042449403554201126,0.2160840779542923,0.0,0.0,0.02726857364177704,0.02565661072731018,0.0,0.07418664544820786,0.0,0.025428634136915207,0.09116986393928528,0.049398232251405716,0.0,0.0,0.026837680488824844,0.16325055062770844,0.019560404121875763,0.04721704497933388,0.1110931932926178,0.36979031562805176,-0.40879136323928833,-0.39648696780204773,-0.4219348132610321,-0.06386546045541763
zebrafish,TDR74,240.0,erythroid,315,0.33423614501953125,0.0823080912232399,0.02221420593559742,0.023855555802583694,0.060747768729925156,0.007380284834653139,0.11100970208644867,0.058952998369932175,0.04068954661488533,0.03452722355723381,0.0,0.006097340025007725,0.023247940465807915,0.012691421434283257,0.025389932096004486,0.05329655855894089,0.0245562382042408,0.01509864442050457,0.029266515746712685,0.02014116942882538,0.0,0.4781035780906677,0.4222063720226288,0.056029122322797775,0.14378608763217926,0.008418673649430275,0.005038405302911997,0.053340401500463486,0.011295042000710964,0.01114330068230629,0.017671307548880577,0.08289111405611038,0.017018435522913933,0.057820480316877365,0.01369453128427267,0.22225065529346466,0.011503352783620358,0.005528997629880905,0.02031800150871277,0.3400888741016388,0.007052077911794186,0.005548364948481321,0.023493215441703796,0.0025569801218807697,0.05898059532046318,0.03535182774066925,0.0028900380712002516,0.06367193162441254,0.016255058348178864,0.05178508907556534,0.002674687188118696,0.011853210628032684,0.08516490459442139,0.02131546661257744,0.01802562177181244,0.129667729139328,0.04555926099419594,0.0068280999548733234,0.019061444327235222,0.005047481972724199,0.001339987269602716,0.43518656492233276,0.013545879162847996,0.032075781375169754,0.007573696319013834,0.011234921403229237,0.013504303991794586,0.3524276316165924,0.006449096370488405,0.07177803665399551,0.016085561364889145,0.00838465616106987,0.006904712412506342,0.026740089058876038,0.03543240576982498,0.09603837877511978,0.14635755121707916,0.03615432605147362,0.02370285987854004,0.01796446368098259,0.017083076760172844,0.03672290965914726,0.06852421909570694,0.0034417270217090845,0.0334513783454895,0.0,0.0042446027509868145,0.003950165119022131,0.03311285004019737,0.011091001331806183,0.0015858395490795374,0.0,0.005691434256732464,0.0,0.024297846481204033,0.007233958691358566,0.0022882544435560703,0.0012978618033230305,0.027991948649287224,0.04075692221522331,0.0,0.06434231996536255,0.025836562737822533,0.03873954713344574,0.04195360839366913,0.030950164422392845,0.30770862102508545,0.00888265110552311,0.05247272178530693,0.0029252199456095695,0.16652005910873413,0.017770132049918175,0.005590442102402449,0.011398771777749062,0.0034228619188070297,0.012475100345909595,0.01621994748711586,0.004377390258014202,0.04761460795998573,0.03628402575850487,0.040718451142311096,0.002783703850582242,0.023388205096125603,0.022324377670884132,0.04999286308884621,0.021320531144738197,0.004748079925775528,0.06740693747997284,0.21944081783294678,-0.4206234812736511,-0.43938279151916504,-0.400585412979126,-0.13311147689819336
zebrafish,TDR74,240.0,innate_lymphoid,25,0.5018147230148315,0.2188045084476471,0.04318036139011383,0.03470444306731224,0.12611782550811768,0.025106139481067657,0.10986599326133728,0.0275530144572258,0.0,0.06580301374197006,0.09444472938776016,0.6174228191375732,0.23872345685958862,0.021395400166511536,0.0,0.023968426510691643,0.05312725901603699,0.0,0.03234175220131874,0.0,0.0,0.08166711032390594,0.08179132640361786,0.0,0.0,0.0,0.03284818306565285,0.15361766517162323,0.14752745628356934,0.0,0.0,0.20147062838077545,0.13326019048690796,0.09197749197483063,0.26526176929473877,0.4130459725856781,0.0,0.0,0.0,0.4044479727745056,0.0,0.0,0.0,0.0,0.05917512997984886,0.0,0.0,0.08920308947563171,0.0,0.04300186038017273,0.0,0.0,0.01882237195968628,0.0,0.0,0.2793513536453247,0.05438973754644394,0.0,0.0,0.0,0.0,1.0109328031539917,0.0,0.027021005749702454,0.0,0.0,0.0,0.29372838139533997,0.0,0.10126475244760513,0.0,0.0,0.0,0.0,0.10765460133552551,0.051452770829200745,0.0,0.00941118597984314,0.0,0.027021005749702454,0.027021005749702454,0.0,0.0,0.0,0.2542572617530823,0.0,0.0,0.0,0.10844822973012924,0.03337911516427994,0.0,0.0,0.030510002747178078,0.0,0.16808979213237762,0.0,0.0,0.0,0.0,0.07686176896095276,0.0,0.11209061741828918,0.151633158326149,0.11209061741828918,0.13408426940441132,0.14589475095272064,0.27001240849494934,0.0,0.32528138160705566,0.03337911516427994,0.3970590829849243,0.0,0.025796012952923775,0.04961942508816719,0.0,0.0,0.020942766219377518,0.0338098406791687,0.0,0.06499388813972473,0.057528797537088394,0.0,0.0,0.03461814299225807,0.058059729635715485,0.06163914501667023,0.03157062083482742,0.2912651002407074,0.3286181390285492,-0.3855251371860504,-0.3569410741329193,-0.41605836153030396,-0.020142462104558945
zebrafish,TDR74,240.0,macrophage,79,0.7444155216217041,0.19356998801231384,0.05333620309829712,0.11630091816186905,0.10324147343635559,0.05368748679757118,0.1730949729681015,0.0698341503739357,0.01968535967171192,0.09496785700321198,0.07032043486833572,0.09892873466014862,0.49080052971839905,0.09676830470561981,0.1757821887731552,0.09449140727519989,0.0,0.04063894972205162,0.04341968521475792,0.007333909627050161,0.0,0.14581115543842316,0.07137800753116608,0.05130281299352646,0.08448832482099533,0.06924816966056824,0.024620868265628815,0.21166448295116425,0.16076414287090302,0.0,0.030267992988228798,0.3806488811969757,0.06723602861166,0.02428438514471054,0.22127677500247955,0.3649498224258423,0.007365981116890907,0.0,0.04535667970776558,0.5612635612487793,0.023895444348454475,0.17507150769233704,0.1639922857284546,0.0,0.20283536612987518,0.037510938942432404,0.011709477752447128,0.031893275678157806,0.17968688905239105,0.19895727932453156,0.14040051400661469,0.05084622651338577,0.22963835299015045,0.23769576847553253,0.05435881391167641,0.3703285753726959,0.18885311484336853,0.02206387184560299,0.05736960470676422,0.0,0.07642903923988342,1.602825403213501,0.06855779886245728,0.08830250054597855,0.048974379897117615,0.057783741503953934,0.1115516945719719,0.5060937404632568,0.16141363978385925,0.5219502449035645,0.25408077239990234,0.10709799081087112,0.005171159747987986,0.11576466262340546,0.13901996612548828,0.2893156409263611,0.05340634286403656,0.15251260995864868,0.3697488307952881,0.12600205838680267,0.055912163108587265,0.16736410558223724,0.29550379514694214,0.02409830130636692,0.30589351058006287,0.06530319899320602,0.077840656042099,0.0725313350558281,0.1516767144203186,0.19614769518375397,0.10475809127092361,0.05804210528731346,0.21600160002708435,0.04016728699207306,0.36051487922668457,0.1002645343542099,0.07520744949579239,0.1560034155845642,0.08180683106184006,0.2779528796672821,0.06602591276168823,0.2924096882343292,0.25837963819503784,0.28110015392303467,0.33747413754463196,0.3115719258785248,0.50457763671875,0.14137078821659088,0.6537984609603882,0.10245757550001144,1.112586498260498,0.38137221336364746,0.1852143257856369,0.15124808251857758,0.04140487685799599,0.18097515404224396,0.2691279351711273,0.08687414973974228,0.18487249314785004,0.17115426063537598,0.4116411805152893,0.0,0.21008305251598358,0.3150802254676819,0.29225945472717285,0.2955724596977234,0.08573022484779358,0.2622334063053131,0.46565595269203186,-0.014139486476778984,0.0713736042380333,-0.10548315197229385,0.04933251813054085
zebrafish,TDR74,240.0,neutrophil,60,0.7365459203720093,0.11959171295166016,0.11551286280155182,0.10260584205389023,0.02234417386353016,0.06039603427052498,0.168766051530838,0.1610705554485321,0.0,0.04096716269850731,0.013904277235269547,0.0,0.5596138834953308,0.0,0.12518969178199768,0.10506464540958405,0.05168604105710983,0.06164151057600975,0.03239068016409874,0.0,0.0,0.37175607681274414,0.09048891067504883,0.0438934825360775,0.1006801575422287,0.012492687441408634,0.0,0.08150283247232437,0.03228322044014931,0.0,0.0272747240960598,0.1435566544532776,0.049341294914484024,0.08000458776950836,0.8552628755569458,0.28917554020881653,0.006517655216157436,0.0,0.02785937860608101,0.4690052568912506,0.0,0.0,0.0,0.0,0.052747298032045364,0.0,0.0,0.0,0.013851648196578026,0.0,0.0,0.0,0.11590050160884857,0.0,0.0,0.3590102791786194,0.0,0.0,0.0,0.01198537740856409,0.024599969387054443,0.9609082937240601,0.0,0.0,0.013860334642231464,0.0,0.0,0.5034571290016174,0.0,0.03315061703324318,0.0,0.0,0.0,0.0,0.05469660088419914,0.0,0.0,0.0743061825633049,0.0,0.0,0.0,0.0,0.0,0.0,0.0992385670542717,0.0,0.0,0.0,0.0,0.0,0.0,0.0,0.0,0.05073560029268265,0.01260908879339695,0.007469565607607365,0.0,0.0,0.01893746852874756,0.013067571446299553,0.0,0.05214087665081024,0.037814911454916,0.24415569007396698,0.007469565607607365,0.0976426899433136,0.22029152512550354,0.0,0.10856957733631134,0.0,0.3239321708679199,0.06447833776473999,0.0,0.023889215663075447,0.011928975582122803,0.007469565607607365,0.007469565607607365,0.0,0.022754710167646408,0.01773158833384514,0.07613757997751236,0.0,0.058771148324012756,0.007469565607607365,0.09049797058105469,0.08675912022590637,0.012477990239858627,0.23376663029193878,0.20912501215934753,-0.40705081820487976,-0.41106852889060974,-0.4027594029903412,0.027585182338953018
zebrafish,TDR74,240.0,stem_progenitor,142,0.807278037071228,0.22326694428920746,0.07577943056821823,0.04842416197061539,0.07913147658109665,0.03251885622739792,0.24679559469223022,0.04408007487654686,0.0064204963855445385,0.026265783235430717,0.04622872918844223,0.39310422539711,0.07049277424812317,0.004974002484232187,0.11988335102796555,0.062429990619421005,0.04107923060655594,0.018161209300160408,0.042698465287685394,0.02043806202709675,0.00945148803293705,0.12790335714817047,0.031129656359553337,0.014285018667578697,0.07542382180690765,0.06587494909763336,0.03184423968195915,0.1521393209695816,0.06057364493608475,0.006998768076300621,0.032138992100954056,0.08225026726722717,0.017953818663954735,0.052603721618652344,0.12918125092983246,0.4748944044113159,0.009515260346233845,0.0,0.009919986128807068,0.47836652398109436,0.0,0.007445655297487974,0.012036214582622051,0.0,0.13544294238090515,0.0,0.0,0.0,0.0,0.025319721549749374,0.008523302152752876,0.0,0.07560885697603226,0.03877386450767517,0.007605911232531071,0.5099162459373474,0.03182796388864517,0.0,0.0,0.0,0.00328296166844666,1.2498314380645752,0.0,0.0,0.002247676718980074,0.0,0.0033567664213478565,0.27809250354766846,0.0,0.0631435438990593,0.020667552947998047,0.00529607106000185,0.0,0.0,0.1188763901591301,0.07998131960630417,0.0,0.10844282060861588,0.00893387757241726,0.002964379731565714,0.009153940714895725,0.017339840531349182,0.08144734054803848,0.003543186467140913,0.21378687024116516,0.027910705655813217,0.02229425683617592,0.042206771671772,0.25470325350761414,0.06730160117149353,0.02914833277463913,0.013757193461060524,0.020619384944438934,0.0029016765765845776,0.14894749224185944,0.06531203538179398,0.06536751240491867,0.038142360746860504,0.06463757902383804,0.4493483901023865,0.02148560807108879,0.43053704500198364,0.31180647015571594,0.34107711911201477,0.3820304870605469,0.45759594440460205,0.5161141157150269,0.07192278653383255,0.45207664370536804,0.06697899848222733,0.5486729741096497,0.1585463285446167,0.042659223079681396,0.08970572054386139,0.05049540102481842,0.052556589245796204,0.042386241257190704,0.015939796343445778,0.12579575181007385,0.09091916680335999,0.18215550482273102,0.0,0.1025482565164566,0.06294272094964981,0.3094470798969269,0.23479120433330536,0.037365835160017014,0.3235163688659668,0.48976242542266846,-0.25119131803512573,-0.13336770236492157,-0.3770484924316406,-0.026645589619874954
